Elliptic Curve: brainpoolP256r1
Field Prime: 76884956397045344220809746629001649093037950200943055203735601445031516197751
Base Point: (63243729749562333355292243550312970334778175571054726587095381623627144114786, 38218615093753523893122277964030810387585405539772602581557831887485717997975)
Polynomial Degree: 6
Polynomial Coefficients: [61, 58, 45, 39, 51, 51, 18]
Public Key: (10738898496362179708312082792314861620018086238179994837828182577321987165751, 56329389572224238476234621993134264411166799220203172530055890913700064549049)
20587757551231487809786957474288114278027168647360553990381523378943619182167, 5606982565366104865339149612471930074793877484611176477666815122189678022185
76717662809002234342858363428579511000554652752946063926987825755573839983491, 66296441375295729549654525787313164630637900198462673951448267235089626083099
70139363477287909787857097771474505300423163470552254028017442174629981654514, 50765605323625076223495509157516630286380061756458771037848194111486541100016
6772162700794255808678279615375151505188984898519860907969711086998007471862, 5564567668926499166162586800327272317138095696166010365152195608070424381648
74512342325531979195003986286639624217907717925878083452524826989841320948553, 25842062460118209639523715839022956919248713718979499327187114327436419274456
41918019662041655482293448412781349643986213309601213118360749695564061618717, 64688237849763447148514864725261024940486577665640904399840837647715961852301
1706186589645980764957160443940501507529906744778289402163234453550463194916, 3157757190563221851292699341874450020090204121417413786028300844201192759718
10942885603063721694949828852178234016199265673735447842559691092187998003518, 71421766330815313743386491840591180326020843689518520827756124242061780954335
62876261087681237496700378000968823130874867366929942572981716623121757288896, 17566486850870196176262098166327031687650676039407814545530232611030133266014
27404952223728410142315519885337496828179318150637166482170717229245113117665, 8541566039162565672651626059332002726829020942138179062428659912911671185438
33933096850098291969294380176301102584689367187905627080169385881446577689196, 68385705497611279297132654504293134580731863039365148426994858887122676498682
6272831933472767533359786763899816104004403167371753634358835268281278969074, 35707266480069259097611370675810685951815289092496156462500056998182665530437
25457844130305782316468032727087039510780449105735113056075404420988879521332, 7778677964012881567402289452337945458817339324669815587983052311163272544897
1965678708948181099897950190773074897230893460540141494634525052697659005275, 64464778918896107235959543938357117542770879223134689115337009457374877611979
68332010632120579016272951895443179163329898224548346775814346659242788619634, 70309597469301645465722009073186816458207565693901005097934913976110767181894
72933104029854087694177759565301419750943749884851497603308891110588048036479, 70225148153858635107083820289642818173553239815483016878954403190505603349267
38026088207597778036093230671045433382806554270574394317000324384874151431340, 54726090943744201445832019456570777576970390168273364449466360214630245935222
1733037467602388124397429297507152161370603738001726583051330989631712941561, 32012346118997981094612989617979456384199220270307999363204187141578786309516
25155180510164939464467516435542197764264467810131698227384132376351663176850, 1218374629576276929534249188923511866621400971727817288793802781733245431383
36921130769307313471182725972607712553819290284494965167588551993243255091071, 67091274798026622564052657950199389834754720161118377134679604946974442453173
46601322052356729905141105218662540121919712735867216471519381128926784994403, 574395511537638225826600330292570164867740796023560229822393150654286465567
61847176771589031040319046633831746779071235136381521786340788967790679873332, 24300911120726316609337141643574634857480127136129228214465500047689808621722
20193425385001004867002427887928800601981347399796705910806224760406051971320, 71534388658339113370097130543694722283431661407446910699513033292808643256023
10604273891638984550551643877434888308285739761453024567405485299898950872536, 50723571309160333013867769299514675571314672834533066739021426215532882400428
62445267355586746094325699887173856333677297595262027850279267694564727864447, 41807197129427402925447446585617443283788842206076257895969017443149009627389
47259014029266888732131273902914181500064111660265737737914414216293411211114, 20993518120337887357099988454497680745301679990110953541130285687864820549165
74042727452275923113887598228842789724496731111076094185225577522188980975394, 35504692777298826154500515664807430960689386916278710226652308430377482634491
63749897072428571428956955156628670428287747529142297626156958404430551629956, 70633799206403276492870574729593431836034378077295477295399586043513250968513
6476624766549967336937797086810435091058981001126201395675350949364904878560, 5291413946112800134712798426045260676986277951101145643171374931902145914296
7003861369997687973457677496030723943901730219133503878914376748972258058689, 68738680305499665798599808075132600522573079768894008322034342995416776156221
54732051299127494618159669009769834250664375234075564855430529274447236547784, 40846999132672578042817820964205794044090653593098034449433122692976944211381
27190438657350931090040366363543913892063171021170072549410064331995420466103, 30177038002494683548114270989793779722550252274996946935039708621678500650577
57470414485610379089036297560076143465409261339585542255593066187775463095912, 24778510419911276919893034515106552720165037821991124439303461136086740116163
48785232397109498576267206255017519660635497034176052351992894399332819673765, 13223415808200374300145566241988834845534560491236905815989087886533393177932
61600835895656536972763854815257118169900265937488749854649939059265881355069, 19010799711897920458521187518549158474239683287052405159320211982062560645081
60077541155735719093265751079491827374490033346811102236597165866460627347969, 56497016587877486235822757515043405094775594592258415961078313116237076465607
12402375611414998273945204438212367261587181407907647893282087242971401906761, 65836997243412176097281545578103256549502969754007203137103434840624256187503
46269122812384247922716787049243823642759658723044963241755878530554173769990, 303672670925685559834133606361030018384818910689101301646448064631830710445
40156007167648855188634393805768727413314810711521399326979219138374311749210, 41869510131330464710541887606214092114315668247254052291475715403321594465139
27264107854465566105377367853755615364646605775104495985515592881278475854677, 15852067640595847368573526504793703601174273750246687302580612592328609288981
75202197159415868470835100097414481857265349048924964181822134048987619021198, 10132898459508464125486830408061720630857923874158513238506247954534655638456
59840779428363320638073755872901176570049794452500253790113920935199417850127, 18012062496366202023356174115676438519323441000191720938295535230693717574469
8397928629053951314140461820242143292565643655025669915696052984663362270500, 54646222091046979597130499451451867830198356193436813518775060645732512770917
12776366103505694576999699686398491957110140328469011259492641110269518191588, 59337337729614930277823661627020561222051773343371856437079036772942246999022
55624322204932662904672540230607441963478243484363452392209223625287336183333, 62278913687146232979863670748946246605964280366036125103718984257088025371586
59199700692303656499313210539149811817209371497690773671798130957497872726801, 7255735319413759841213340278938731267045703000401655152656912899802446822715
74880454656420710437917238757941339366796620870624941525361531048772725204391, 40989869906072607633185341257354028907978662809750133831895889852669667389301
40641121013223839130144930271913460297958995659112801023869403086837259187681, 26916959890293287777852147044996362062802140453277732009599890461712891739281
48955676226061800894872374491255414570318779942721327588675882631183700369233, 33036972224310787752116094992062608236710657426048022570206253852955341363306
70243212715546047192897466487216661584126917100549482808578064599346276317772, 22729615415796510857387070564465775958057458111585490223517140541252438644084
72539610453767806462595781540111661598117007400081359145720801477300064922569, 66114834859771563677088211659758675466279837773679581781619574941608925035081
41480857967942239485050980374064699827938100053927877063519169550401728291440, 67034821233874063375087776031687606165171571518471045668740099349889531530102
48187158842893491738316088928091918329283115717308539362880819760757454477010, 10717693028217410512265066639171331311165727293555567228332362008006374051186
66129581245535721193177561096972879653063428096077128762315850544952212669233, 55566240599512912478725769439248275074600879931007303885207436355070113299414
1588859825428850869355610782323521422443728469106480706017718715447886764052, 49212632425761847233517667962004337875444768462721784157746562743482856192538
56489604253038731920367324961521995282411951046810333743348836119658493581713, 21403417850271956286913237602903148989932907858178626928321617666284882827384
67356355374521531057432131756367726483767873314480363303156784594132744778526, 60811407308911184919358096577284291329222136814176969785320949407408329011255
16315175032331175154246025539243798824694263869114870540402471122910534545427, 17943393474527974266656682451201806022830094543982987155466910185966089967861
69921350194230359878356444364269433606970238283209350914859957396416042710540, 14583567169132402782306631774876456806399236238983491423371944540968436868407
69378195298538196222438062711180521106885903330924225046462698725187882506777, 60493263948394132711993473239777765346936355100664653008426665234545148431719
14545942365742458435829405726034228146437394886892549840790444154011338546557, 22593828508056923840493663302573396098471610793529806397771331936690875136626
30818457067030423787255237462623341936095672936668688244722955231317977188343, 75602273351363869823531430033742707777747053789785038474155863968127086612516
60322067001655401018695315818012467566973360319005571196901626793853647804961, 38205207424873385355475703714613050248989150566059254113198433612971816435317
55914911452098835810348834830475145561736157917731728548318042492811920322428, 19848547555353980219011061308704529671308811219191450847987514890639531225533
67107180107815092323671646350891144642729096224100511749013639373307849063765, 15290222079737131606886528644798357736172183871298762802920693206520986458450
21045223413018189874485475157711913878277194668198682929167932147006099507421, 68887275314519092430624087267269112550263603961837871583132187092709787732554
54807917212683351419005124377585592765142983800380344692746177851252643214917, 73991742366174859476249672031872979939632875248266958893117463857356006496904
34865685534547484849068356791520068444762718626509139060079939384061523493154, 36509884034850188580054273875050958448619303460276278736253459735021676594390
22793628163394879665836151385400402156267843223581718925276531428483630322914, 29917300194864618510582190107224584089186469754779430501244047534672222318483
72805698599178608213566496738377184257107660616326843643366921992421445581992, 16948778475837431239141795804633052161475959385813888460909223307213746508211
53810297380700602497174202526682905987474261881841979911827474104288654825809, 47405746726636079473632951427806516251575662844897687721979915656343610571749
15520675573266150097856158901244191901771924474079200488160764967257896315906, 29684435581096853772743555280190681244264807667576617261516546119989351447040
6497315434803623146480067735766957885798712402805784976479466450809325587716, 31377304136037427403127102260858656690477053343949995795175213842145884753819
18800149869917661199761618212247038665194616939869418609733873903763675281027, 3609832013120739967674483762730102163336487192260812060305649631451903820803
22736170230230839223395137086421641682105835139456497466532873563801500683641, 12467487959080627994766991050395662016038513829170109083475496136044147484067
47050322360390141231978655347915642734836941598506540385898852007113722955771, 14251728968767913530438035556715069487805237583611654415577108758398082324644
23558189628756925091927204783508772926731749706767850425027726887150597338868, 24865644614026918250490207173988125081490984472264178859700719624087087602377
37028452444337761956000347666941669554418178395641290953007398607126625828594, 30531093279311975265970632347451301405934154987091024279592733824813375862485
21950877685327479234061949653605076266597976672653639515072744840146629755909, 26232809754499119935587768186793631564917415872532001075654121296547687135105
40073647146623558381299406827661079316843018868910344559193066193610172850062, 7461532003662583163942225707488370313949292219025644476025984340055716461636
47357239287081543116432742993671739884452047269118656233819038841219663065279, 50656817824845337166568807338848585409214462659293683566812095007980755924698
5046120045084930717905240307383438773155973028723200518929694769595012336458, 74077686899118687780715645087002441136133793022322023636225762618012332730229
74338041725342923715645072523945857041380282966638420666309306381022330628336, 40784839171656418899379977135722399512643621543134290277304580636471847903328
29823729266945977720654054071671663256812658409121074077036317462541725079027, 60204298343217439854999923271377731009282550723153092198117199663653628551179
64576983558841517376774070383626408122090422820275479668809692239414149000335, 38111814387295128382218241014001159562611109792358795636528440542502837346289
43209883275941532896894648525156086067601567200810816312543182695348108370997, 75748319225575555018356812435077762679869524001009457101674662946411969197067
35447623552867858720128194383135622946656386748307067255754691005463247853186, 72968713178543351835410886138079463384107202447573028726426439791733282127463
44597863557071301454779929369835027332468411721836444960244236232146991358254, 38998751512270285391698245362981580621374123732106281832620646794236917852557
39101663940012409674301984518687863012893170543441299393448712043236752265441, 75631777039600453325607427276098152252445080680783668802162080043023830325022
8159055843538222721328575159726250566949255872155110946160348007966177500281, 74147181696434967065857711847681364087195851945365960785158876810162932391240
33306730701519300538278645221798141165195306291794603692929616161542825547517, 5500071999377120419278197208863279629856696899218999937684767025073093340087
36425472052805263776861170458512848056141325301604614770434218224555972406363, 31906267613401242320024682390472321088972576387703323086158107604414900738707
9572950885749623965281783177930003904921071214685047910444420328251100600330, 64891780683146798888399170581823873813185206710140419860106917166476599077099
22574226872736010051008727197203014482270965883354184747829155716903793840117, 52613530824468565922646302853403127305389760818147632771578627020679422758171
30710253646066117028611549884365301318125484436755095582494570730759369788178, 50688668777145536093474357965724932618535545136822803147992202703874124574994
35038873681851987332110631501879947092092850926638501775919865720338799062894, 34643388486217723252397756397293498144948695735545587989916173119945497185600
24280175696745608263658729704335667224291725834822186083496260740463387581839, 72234167428267596462414795421735723268458086727002177643598732756662259191894
48216554593456694619272823181981433934564576666026139489516923965492222240135, 36453102958909189976842974364206525962294565075575920447500829222373199593597
60818255527068211790698618649488436187177814544302372714258819193327845882682, 34187817293327810562919878316160945925846440889164519667603076198939707762171
74384377470644635317386558394016173299536623277557347187913029877058174897998, 71910314443848135523650121501245713999875952234394917332569585397319392055554
54610308518060636859943824593967525883132494113307396624745991923226293241196, 68082349297841059416418627530964536539491017002629884733901692252526105513314
39298045174701356469153296790349347699905615859533404659143907234302823805803, 50024864733254798787732402933547893567082474547171493900242192082231095679771
61098583504166496704875300961266845528310823126388165512108408945098127530984, 69282998217813366278128584543115659424291305431893726909782651093865270984195
15629788662766085042492845780665103817582574370605875826828280573329125892980, 24612284757961577249848496235875679045179845841131247112252370777829375479861
60959519104344092509679334534765419756468072067585285051636020061211098054169, 42066128509052425512236705320703495065934867967832580083102740168525775244446
58342087163126959097699004460045954988639132554016201068055028142992696161867, 8961369926106955716774312085378786918572748555431109319321387905557541503470
59872972804824906994444182029583728473897405456477189047485613032493514295431, 13725421963889753337213581004351205792064620913988417486766245747640381282419
24389015487128065771619910331494526039951515342405779979965156868079356130468, 40840068816215501079670114550653215747881013881663620339938799042708009682182
27848167087576551076029536018455217307907611171934103472878516902053465527453, 41733570438250861857265456103072217759428295436294276461872329652648845736083
26634626598941361397769512156833361011871852401325646554984764407163070389957, 36955577738274582324308236689846327473992089046442657877319479664733479122419
72584685127693907923069670039295517849491562401970961058491700183229389772551, 26836240919313029968221354117854259875311233714157883499781419401742648499935
15024733768680128162132979597433138737601861098208601390903688680525083816947, 50328248952885435176707210683518420512389609131563123363941373719267065797355
34607673569685361197568535820021498639253906615683844155282622931462458755057, 52847687450758736370013922787033767095714074989228147397195433144248221402418
17222771110707279491146986720983011490369200718681328470061480975555793666283, 19085542943957293333368343088970154500654797262606155916557908149469611897769
50668776887748787738476761729842280971846273821084693682084006114258003773517, 30012887599833920476443346144708123501358608217615656713021499383292692485702
74469659306877458196429702870424459046524973619219569843881268127475435163951, 48670627813662508633539572485824009548807168329049972967655680834730347791936
55496776819328595884749503935607740960908768957656450271970186494219963315141, 70843425414080611631631404724831114447602231957306873868092842123240755954168
10810041136148098129360677600537841644257227491684149866568808800092204760310, 17046814679205193971906133077845315713187935932292395510112936268123278383353
11295164025568726005889705413216269832111853664241219500853343562281418220030, 6945884763175638241959546201366927040020338433360661585988784540757156496422
29021174872991396038096599011371032070151391054244800630704982849261658958390, 68750531564357947070726341632510567299027575055560166654415252616605238732620
26527351414963429180091541465488747712292892801714571425279642023956946315109, 56582740725714111326393586665722528534632004570611318330408198843396448411833
330521127779633480695566517840250096931368557136297409451473250318336864817, 75098708740561132854339963976543590456299726415050461870640340051640609990433
16563806501407944043551686380844460648355108472969729641611267889872504608877, 17815966997951113604786721603456381295991122221223499858810386173705527593234
69601783423274312509004263664649828135701825428053920560430855884827883141024, 44562102391610512682757946156572193005432655896871919478601032665068229804577
13951521912145466262294972384490073510578961308771398832287238048099306003613, 22439477785135744150098511611658683831768554142306092312744522884493063628936
22408144908315984381091723689784167626854054502821295274279361771782734925945, 28093751636903239515658702267634253237788614265729590267867294306753459183364
25457662437058079350317397024078167661634144368436925210582240088913351266477, 27620751340396758505546655769015025268704347155406689126103072099791056667257
73031065669433322288891078758145164426734553215350363388245363562433206242169, 76619359332398446726183760836896207518183968522723558302306262560042589149770
46990780372120462310342436690403325700503772522948226483398669932344815686234, 7691480125842389558453600373546099151171244440925466114081146946341041312100
38204719539810688368595020753905684231177600034463515409107896655371121038648, 13417613846468064875921172217470336264029510323599621266220292255737208910138
52500489116477920782998574174812049604135309571574224533779682136047113135544, 22188798289852433015971697518683504143834175332025228552417000663037483027600
43801595128237757562079510737741079220758001949330782148793012357555497475083, 44972777398754710796509447698865145510453208397548390175081080232609525450969
19739142990906943188172884974940696678406204979596043841894899764556595834022, 10925965145514630839479395099002928547425102204203200448713601589278637278623
24585673883112103246189637303360156375613741742162105604687193001796919720646, 48769596963852350252541399279291372291884015814739702190557513986880451746924
11007624712184152602591408575242185807397299737956996246604478485555257298206, 16311623531373388991217305212092173358158119165485562860289487890963224763828
53414875396392071512658477148053896780229699249911520987087242178369825461082, 46974364391886962941230458007148654861179461025987715581871265391857963209046
36355851935926184248258531822204907021271383222816735554536339283029762382083, 9163085623987712433682938829724137479533862284599325796737910526750296815896
33947236593512659359791588742494007975925552390424087795120248005075504896727, 60471156905010540396362239656281945634396572287479325212047109053296578779477
68230325384823184369709990535366651404596755753781102944936955817489519386020, 40595824322659484560713179907461089517210947032315297648607410334133276693350
17421509061890532738557091157621518909644111071310401946035043951322948058444, 43631799312125967788480078309626282647972462910101847423672793807906718993574
68228284229007588338491520885215999131508690848077470793894631000203273247240, 3730875721041499103667655715841584118745224417762287118057045759745440896852
2925672298695807691219488081081498714040498331667330552200292639845020451501, 35706855667796548819141602855807342437782207800241060919415487259974146809272
62976263977243178019718469457444916911609106622116519164788089116969627631021, 42393102632282896147180539212322666261986907619501860408113108629496771905028
15569124168985861738693054017142580699275554864895564854657466727170770843254, 25879709007137673283008338392903357263849694224924404197854230418418297680909
35902575646143585530647239842393328997332014549539378525470924744798580000502, 36819275897133548094256302757600330718533944519899645908772035622274550848019
6404387269513951802038689799454936635194689593608504311297088898388797031080, 17686536774385207108576218097892726945745636763540314528744484651940459111778
72058272304420613290684160781100765642016198354508432006777766558886854871114, 57843537419578515163866361083251226966601748635585606998404197783401005419687
60700829000584982131429792937238326966871173254144304555792110189770204212469, 57404644532112896924762522262670529116760481661867424269970769364493927845751
14862862780152175023975668564982351180092006826460049438475204266892685694958, 36477386299619739181712572226686212655164228478988237470312351700801146568684
27209930029715937164488006329456885725234552575158338846539652798956873677678, 26794317632954865563541252337311936130505455075146967429722024390360284166257
38791568708901410846348718165635126159510604823983293963228213445899019674277, 14681816243939484979111788540488938509954992043131430292698127629370740795739
63845829827883149267481836916296081721951046875370829040527455816570446210145, 42884938987898862505428915973347117245057597976712367546495802840778642670872
58055387317744059071737604641100007112620319054142510999417807934858584669965, 40150555136790009671583789530295449765330559262373370192587187401851947162803
4284611621679196730276293379206041583033220743435864623039858699732108260702, 26219486248145734416566767671015036807297787066873724668683149469842396336317
37948219974676963041191152471932734265306975374348804296660792187019469748964, 8838950925201167805449796350759931782859461002309771590837846757520193071957
54635350800238661808145826688124979889573681685777520589555366143574648715830, 326711259099238684901122988370884249990780123030744380061218312097971230385
39559716448484409467389075196569931307400885640885895142754934074662567215971, 59081620295931937539111733911946679688932245543588169050734021987635262826761
58561423759293776167237109006735930487025708502304978531753250729232244601878, 19522292928149980977746932117275117471454372181852939457709645347029705806589
59118283685357284385927820614693543330649476725166266951332960945977267698718, 38295168271892068409933697555142090207605518568356884086663915020901014933265
73201890338212191137981027985168719314994589818051710652683859609282720600551, 27649668723054099064570248259507113687247842009060327016973578116758338663541
44130636926821092815563618716972233114204915043840135804240646294229487505899, 4607013438835109984238448979472554626132319159224004924995832188194299447567
25781593791316319544158385146747185462199845911431723888601199564608661701099, 1258113694484607231335211821615160601824824207563805277584596485025808035820
9757611853556218122132477954793535593917106085241934011780589581184622089586, 20997100845949973108102841902638512815618515237084666371457433458811802637267
58714755095939018295983484316155666963688478883225523842951772841401180790892, 75983280559891445961307334023040327797586223070346959371915141572717907724538
64401085639539100664402096396896731377173253415810956655978149039826415591423, 65672263761899380257645049217877955241448535640880582173064140638131999429749
64174048418440564531827726104148075930749537653245775302744981575757862757538, 33747371801963747034682968524634762088443569969868699602720196165099263680599
26810093502545437902726981778912290393881634246787244121406061620809966178955, 13743466111150097445154282840841239082985127025233033910855669913132268241613
5619861840413017696552871854940655809526650685855198815671960453245073491035, 27652550975106492291001302116303916327606143587530198829332043927515109059181
66334226364225073045777807778192195284516835114623522629747668635802788911966, 36470882544984704576714950356122201046108100049052430516382373165615630516356
3369785130947215743978478041163162917572844756635903202990730788472113669235, 5194408429473493775939632923058999235426468988901952061005554825904256864346
68227500303716130802618025292668912892581607113467909562541007791604350645707, 3165064939367483282559379711247177187030982615274773187505928880851348896590
37540378671158370948187109951028096929696778478578243649875617301242869323997, 35404737288098041381459521695067720248834189811385859876525666693087782304998
31455393881739887957245648280376096563540718575431281304674682126554872243092, 66426908558550097143393177165189804580279334352918321094708692280136997928412
45482973122316163917738788142254807751380899421762133402733663145440292612331, 58268546657580545343079542795043044909082736511100030520867718034427181246858
75573681438655049867721125472782298044719616050720497765895083843403469614114, 6809556167445528366772971532172917927638143022922757371399826379918295859309
44778014361262511673378749569130135357702274402541611556132288253555400890365, 29079072627302381208801600759122508188627211660992901626444267496184572532253
71273583680697559328722043215814877879907475263474819421300315310924849933043, 38270809978650248786269832661301572207980914725584562725999464194586766728695
14597309249584379265302812778561133635868037667747943008912252608719996187615, 21571843362684095188607714170353675299486363184014245530627782839952156661830
58511610497811090622095722208986358262553375992464038056556585354422155450680, 58222059959045903834940966319210859409394552824235780804236337161332824751568
42812790506945146965888461595281970286314086781375852034678282425814723819379, 75754073525291997781536367344209774623994428516530667432323493119982915135536
106586415168771083925939618388661615265873396011093713089647806117632403266, 574890446750579399998492655968534998952428283487320578632902031988410754429
34819926734954450971043792396345852240378098203154512321890908389207489714436, 46025392566680204410995582350694759794866124645363360590027886015814674797842
28882081847214320316320532932986358532995529563797472991675189452235089504585, 45767636826372182225433679429121503982675459320405153514696715604816042741147
59175872731710809199149357317589042441499503279795470771149243032582709017781, 34647041457673853595099256399221403830591387677068061522937539450649937728292
68531051243999906820206132475659569742009561528116293886451689143312714922282, 73276307602242373915444405733466388709348867198286035656099655914350848887172
36627518061437929677500114377000747509574538105128279598460221169168171066628, 3160264896852702562461148066443138693928148062691606764698485840917075297261
15856938676371876115474010268775656669007694914012334337993655904701094358559, 45912906936016547791888333899164920638036665921614072762018658847212056442046
11318283220045793495105250875630236848517406490482133216382332261289901631249, 45510679023939694225249494661321094715705883771561669517215710675269712531313
12489938068149481279432194314479135958707404780708284022454694389190109258433, 12714705064808289887194667549705745880141433125081428976982809483173467486522
39331745966383082161456491402464159494505036890902087155954886801710733022841, 28054248755349571420140144177675591938558513037934526990458668895401694673779
76484510252380747982733849378483184955281471454294603385389657103733626256388, 59574628789640318613916390630983645399630196353263029838553717302161725755615
26202769848082682070459008945084577777358609278946698523860387337627870660039, 12367802634162579239536629440787626226900179106121777496712773425238978500999
3714600257052909063338208329066067810191612537829790262138381483316816204185, 40961791287097119393789617196791319925924910887090821528368680372750765143032
36130859906440109198469128276893182806698880735302158248134932029981131043968, 4675521584214230973552734923179037355464705531312883994278843498130092265304
52835192440651964967388209494186421472057184252507732508278558721609211806743, 9306635160202327944007265137875623453348479860826120303542784986386620424471
25193833177675336682001456750849500200988136749355184782870168612812486752948, 42621873543566380641229284035055449605469996546399859991108474221932586355595
20502442858893840367449840215318556475607107006444454250867264655226076226478, 48221461958124531295242069243122864588094047437373672274233886499479419793477
26158047553654372902726180406273163357682719579993199144060912417470988618326, 40418336243837848140253792234881843080396519445756335292668698700746615635849
16000011181968790732520944594853306180124238323951690317552050600711060937581, 17389112111238150217055371418020821130148411869144900880369102784688916412
60920030916555395685531612729755612200763018478487167718735884369652972574230, 27878985273363173000390312341757688932481461687585891904318271244671968312801
39369550760894687785228222586541208720454840353130614701686275342952134405640, 30209262114116132498835437892327551492802117142971663017448478989112537532150
49540242814825380559103277108946829156607809632071935182459898266041895823195, 23618014732579001215053944790209557522818288799191170733542814116087157494901
1432757977803005079860594893843509763717812183531744920230297471057521125851, 13056370324641727273744649762881502841939674042396376457348340676526441228102
47239035179353187867411117650692179370474705796097466221729271691883252631624, 52941107891981778518168019656256445715454530352971098756327565741254665010617
39496651225338218214008992932923953171551906505132108127700635734528426547501, 31442628280002282209773400003649563540761167623751251670384236140165792680650
32717332987039286477594394348711817759809915832216585876411020985444631521651, 60235760841632820837321651965026834939165215823246063344621729827245846618702
6144026440941992270650190141056358748653317656249775720797387093083115076861, 57372766848269385934951189087721032285464381829892014180543177240585246155415
4896905648586852927406417899796144445709517468727192642809651326329092096369, 19950403134552950165578804662044007786231834473342358608672288075236111072021
75877115188106663809437552507303994295787040466952849629401959665331759640522, 73492420646904452493487727722355731483597420806840393160313027432829614062715
70473751094892454600445027896268924996541081839766442246354216726855391104228, 72825941394262730247772532488520193169864619301868357257175778867749726416656
13283024517068857166862346845295400742266277075982197971698100361735749334096, 18665040615068619937822316810321902248518357178141959195767430716161365528623
4189011126361831808930089066637104749217708341448178002829081526829978070143, 158784593915675442890331691418307122871699628616440594320676374367648980706
68289843351724130614516595701597814454173494009180504586620899959760411049408, 49599724821285047818493953137159948815040787667427887403837683638623906050450
63001902713496353186840357452585324718978059532039766092716428695533851434364, 42218639708745577741591237608698267206010065966292805366671984651834724119296
74072810607909769660268493838840355508868688527419595974113268113480315421000, 64101816483587513249145106250893118030966077281452641690799458963232731179295
8990920018715079556947645985974576859512895849593997090989408546924825116205, 7451441700452988757193548753476031373762205502425504904003350727962623311028
58797078154648204743550269338364654738670955990193512709266942996836815346109, 35029011468351561125692938429042352561824651584178742933456565057203169395925
61183833773439545516920740592417257701553005624050512841940702421001540717575, 15215012849658596867897620447634634357664732081423863141136492336013315234196
69139684888546576462638783071424848482522025745496322175536872388555850906032, 20080474291648498907536238773927601642529156377886065126262788753777254854259
19855051209301958962190983794572240027330055982467966533244922045914488916318, 29866966562883987883450293055158497268456192061154345563631824352094588253870
67424769274624049684214880080521892794430789627131967606131213628689527272342, 61064249985028469621001052387451058818106446721311481263479803051865444093125
16573386399003147174875805701151463235104905751560948438415210025842639896478, 811925151734170848629278943348227912480703154818352876990246832472251609361
72744913100925665467201459480738601653793624252028935254510420810984213168518, 2218260785541739074815062772169515114531769023034281700232655126806175311873
72132119755810327073593186280838226717648808767239902431690709491856839339934, 25169102126769812653250933388780168576934164233079830796604507887276549112090
67893610199086699725149523012277501458113297901502019583449414776994419321540, 66189876202856248577693011618241978443785064033774297658873477270762823594604
66899668073798025739368757972043889175671075147244798333375040546953320733549, 33097315439895153560509385717621085632179333949535604240143211834999957205885
57355478378684712764660600196158381332355242685176093420719631503703222488157, 52373954626714714946103634209479625659561819026564259608877196498969557073881
6781262644135206389938257262609536361937223700759207999243476413989278749976, 34720365806506775076946304441780379338246838397551588081368913230207972637725
58336202145872841883722779979660530171934394512600464120739036610526577786216, 70182232658454433279793358796650542216909001133376721985362725855282131439136
5646362073964874843544309456266176226546231873300359467025647710434367462532, 31574607585506477442143536744884922238870140693558784407028987094978620126104
30104718504424724376446674630060046000048312702838182042414363181742227267986, 5852528678206856919942322037929848146389496122604069014303084704999092051381
16355077994368320994404160100363461479786993643812322480026287811181716678400, 32848535992660223023725717436051627858671886490783078751415497886336970372480
36296054726620615787610120865016536194195278942990269232115970244967049712118, 45326787841004214646607482916740795090412989018411637032790653689948990500996
56866849289076932265738452499663557959330107682872790194014138212735715474254, 41654377267246136393414169901806549498240168684741297838567734142883587453700
2631841956080187962976671502562208188353139487536492012163045969510372428542, 3140811768164607056184251581777757731889102863913778307159325041372481627546
5595007664328372842162689634174659342952432785293085451414531917457695076925, 54167199154381610705999213644039255437874611967055961794044610309004413850915
44879912981101429556783206526953310764437455372591272835655645298080419101947, 35028627458309318549367289983147384886906425883496989255354231183212154032116
8312724614552875069756012171604643370603439305524901013818483208680149552916, 45965985492491527010816215246716737151057462604386940442852434097085240462122
69165516242220357121323504659254212030642084932108244821947299108385311882940, 56835726862270028599380991552179104086595550752322795205169165049809170325635
20991162513094338050708911797925606046290270289749065423969568883047922137006, 35460468455768742387777014889981384758220000485206755161339575980485189001838
16833456136002301543835534439227915674864532878182459937326564470614356868271, 68647414084050702923883810642174390592998973040043745100773298850601604430353
23319899863220589241206808192610427637424313208700167959853813855268776618147, 7503792500082440724420347793470356967573602797337401791231716971152966551851
2191057521922563890018430684331526751154709835268779338340735958496809836910, 63600442312592160223213594696419164171762399986340812857125730012362059546398
22641436786789810872928737459171934498656659995520235669693342326862424108780, 69283627305664371610363605890942706326831502320289966771910858538086292564033
73860151082771142166703111610194679588947333216030002714672072809517150011624, 70417152607888385290452960575180360521188705642446789833684192203721157982377
50327290118452106396796947904475062572300421340746093799059052205437069009329, 8341257750556875548893395245585071834998217925474333650304272141666559705632
31110298222106196283376573834032073857471665549336627004552144023183814659134, 60448393349726089531225084244186675818147303186447877505036261463007341266999
38797346510853627168370762478889883222459404703595681146347762948757682301020, 58296179804716538233941738716623091463858027881850614991301307922480485480232
44261432453977148715746907688001182598310245714233251256109579092293703860077, 23302498141043244630216751086344818965629056095845180923585228852728381328662
50145011521206323399866614803369884115127770317384146569259689387517846628237, 60249824103606736455265588918609233429202007738870938603392688398486788023479
58160726228446381558772770282545309476106569473312681809964733106698635634064, 76022674036451896901657497873694635715798046691736664716322640146957467052375
74282838902726508422030676869633130896106497937295655409015960092142919503023, 68645856559243960001873052792500562120947864091014991561571526008096188461442
25405345522171016683911694851319577873036034316988770602545977395933270648492, 68124177376582828542953910206884005005530004741904747780705433784276471026950
59350355721367206595821175382299634303039419384786703254413088515296955544460, 62625991574686949208723955036700557644895574275128143187743982116472850829095
5245712567320135542360352391845773340362787318289661638214572868607196474195, 42814878012015616105385168016977393292442270125467317078376730445655388420454
55820422830524740182752716713139658607817896178877074156261295896127377206610, 50512437099732472049756897662870514984214759584503469760597491515761383830132
637615365802171011735773303874565994818021790298023140699556939603913868276, 71642026666873197547113266334038948936189060683803597058889766744373575369692
59879897154306505147510283720561455528868882895150621067218666210293551711597, 12378485734289429337181589028267550004491284680137909356238938027297452278589
10511711503636827596612575737423879390537908912432939036901515970681696796154, 54486561533730923187989380750566111863928799062274627442295660006068409771588
40389459394968438322243498324847871849356757646109623248589327011774144704800, 21449860361437414278610848164856370542947537913245371920557458585815405645851
49060095185144560518548482132685932087324069280933195461431989873174259959932, 22216733804010241103718469630230545567024228509077654691562851747030500498448
21457594671570946429084582872658557919566076460222308140975473887481720060605, 54892219062596191188676081215188475613699445294193202837128146678031233153802
73255869420316595474273240041143957898477734405667127364681012033230100694507, 22285326135207728390733407463166947442676496200910639658574498027013811154128
47832512516652224790892072250954828523404948925437061156696893443906853869755, 61265201426649132176226355840050920836905903600535840353224800288562517364822
1386173454167418543570734112240313258083697103067412806725366830044066291182, 23272968011385107336558762194649909792798004308460251211417550899676526421241
37600276914641963231910515186610581037362201442549729131385251701246787769041, 28614386970940463157875050590393465800048982664825498836010585427051782415741
61511604271292859728219585727648933635630562108395284438768817637340892909259, 33078615596307184522743991067565450471186523821833584296244643974956706905694
64154625300596257304261611452548586477411699460771457240202832975562663437236, 56937705683979551084407982376860744884148169013622718847509752228228418885699
70076144467613317451220921522260308257340657610315411164267447448724826151488, 60725428271518478289870607186659534138000318263574992380577475088316437255989
33942699056295707345897684033697689545068128257941415333647898269675024815486, 70596040318000993025377928645596119280604891801766365650825419632373160455659
23477534282905327648007619235533743140748889145131784889513040362535402075452, 56968208194705032281954241525887746110626237647978767380943698524397421406297
35839610994627949627552684361482653799519892083290215117920391652781238406950, 54743524403660007667726193581170094980377271761497392695923712890657448365987
39671895607153346875870597185901071506156602355799133503186945939942807876188, 49564623136463498930656866709514807275628194829050657262075642929150373576724
57703754771552478790771482015949580526342443285474082824538135229403740849926, 37174755129403124019896079821802330740315084765667580701072219797766787901868
50868575882025305697755895938561870721887457707803560887416876965018307749160, 66549063786369363196824116212753997895075831612505850944488488975204712686830
70344660619963267004427054434473890260903974148351167964935509491122546079931, 10518662952019365963683604590879267100319080392663231930546298900455963804780
58380940287475928116117736757408556136529161306068038718962627728014750062916, 7772797343811548031319533358434280854512842178510369353987863221203742219341
61465415449724153858532542884734140584594641895105639255894635681389552921305, 16965692580804752226007319691435701857051067863768027634333442164757906776366
6231122397981061460860216639641056922391851656219490507153027392598851957098, 5973032644178814261350073285138864329806469195140222209238441822121422202691
24829019794669985001487132940848559005302088593638662635205020692549473735877, 18431727242703625674956292777811773939884891663057883399715002856135000446920
48096553517393269570814551328494487526705199007705187296087493474204707822264, 11951525053164637369738526159302247357193363374904229403054184407287506546426
45284036374860347528007201230840260914512126067937367468978955580077510301743, 61964070573339343509223990729630503954632902615471099819186479708812611973150
56412705354164425700623876188135613845533812226337874548961520675851866374328, 24443743661458002595258394578664512284178193785458479741419509361864972146787
46385011892239555085619913113519752282805626608569629354703026592771531826261, 600046146503161280264987569361146631683905597280674159122838294514950585871
70477866523101899831595168143586918396618413470744620446440528904363318651631, 36730456785045677417153963445697122972836494919065284002386692205198068716961
38434623815174601806919299922644855304926236175038678046546603398457447078604, 22127944863906971380628685966673145467173491001002143150631851437987227959471
66595202941417826716921735832416831447095522758397702322887743465555226055177, 39626692332257497863131040329208306472378565400445637117644937889460720267356
36856684849961301944768642651458987173898230991793018763784525560078865527123, 54174530314767869689274833011270383817188477868811319887674322753386219626494
173711226754694602930487528282136868845712113546289004388108063890823883294, 57675137323448477265486319036879963049221700519892196367661081486859104515568
1875117566431986330552894336012783602317169781937867483809997938837440443984, 16238153822176192101439310446644185600656939805685997662852809731759810223246
55608863481836157605286631260946720309328014394664681045143919957674426983731, 6406069952594830788489797732659637273952948088312172199260274389171033895648
50985131004826481485033152114041830456747805503827964342794295637462867253379, 22304420184972338716751297278612739350065222001174109473926988755556019018407
39772197187916339304977608152782306548225733215742066708246330959953612373780, 25848843706343952508012986926170211103953104320727843953643804400335193122264
67764425251213604926370042776873124044325655152645132213099672897644787046566, 66416491105529331674802438572799856264157660385565440145089847002457204878299
55652160547060885735716163709343637015216691280428359991368430553386302879431, 31471136532971425419000025152637266535056668008012521973379079020045117090216
74753094874113736198382791225046208378084589714167615318345481576195099052312, 39797370593012816652924884697865095859967113765661217875983445163269619005611
48894462533169377139782020982673931101223799529082654761605202949051579751510, 37373571038151941994455030080539976372116160933217816911570007691164950155701
16525495154371820800455335122691792944082743505846065055339868094407345790808, 28655736554411894584324068908287762154530706562940448669277996725157153712508
29255821277090560328927158473657438140159008684156420274040568639607187712830, 53939652629586517354585987695326543243672139757300741012279076035425180703083
19564074338097244374911571366342063065642508258055156868485694085274016105490, 52486023608261079193042163432720961842439436544374625942343771643290777778270
5384306172976422611066442691716795373454332409620491214033005433608251052975, 38011566919430810630631766772534769494080852327884863814817472111551773247082
65885309009552759273165461394199576298720986535314858147285336981284996875105, 68420492391122200111180799707846009538928868647397736498404845684852003276275
6432947735512273539165402831563586032243112654661712466356429243099800834480, 35371404037741083244425754391115742631316523221201483352999159003586934831414
19252025718743265234156792907389992398695135737635458809585305884225666952321, 49060846141063428012917156555916898819977946942664793291659007416250351547104
18074866623210905052821781546605702070341428890268910367475199855374281956754, 51047664069212779372512465581914607754504189286319751566389448113275700350446
17839689613322197450957181306995901527475573678829379417383597747219819388785, 26656211286597923354093318137362712877970115156585507159359897935207459730604
55899553465344461147793622898196770286173952901092641074490377202388188067495, 32719844306045665310910764146561481455100302349257350666921706743172131331389
65878518245761419742618852733064846374167283777588008176790884056689874906443, 14216141724647980554765276455884665847488043612206744107148739819910903707156
31039296656678985878383764909001757343650497855780232982361186298506638799933, 30975830468872727348083543094625714651520171865879996669683632809447777509409
11021226943366856167212622327661893987269386511934416844922026406526939133209, 44750725482972098133878228214889502199604177214877902064921562830880637397023
22565396713426425407027687823299350999236967153367867916846400207358136792241, 73079181148389721833108102966584053059056658597114510473454838361048802950375
60441171515176536239831397575078198901711967097643131279533105363187137890070, 50540819963149449968383571754210868321024928417930729974864809465940231439063
33558450633436477834367767219673750052430496133106771450335070699313484942730, 69543744445037890131924700864720848191850088016145963858373857121560912332719
74836671932528383174638467087201331248630314580838558307651097327422884247651, 20803874441328283409036334928855904455705256595712860185860405909808368655761
71377083201555150108125198796018897806400467604058392268349011771862536755863, 75437934414857355662934295468775645858779530160851955655586675991102637911865
70942712213039118037696232690021119018222672504615833187445462641502040350830, 62809407375217975955101988134612318976396270466689800180286179448597468806607
63236042261023406889191577702598056864792398977716978135824182726342814161545, 2372507103820983927344073207680212540787023100098360626780219593825821442879
16442708129792669018030184652808426215048080644201849180018417125540311136657, 29730673406031763151338818799079295277616194129456900934561916241229862614591
60361346115225316727344774527595884752072617057519466573085146835598818805341, 50149819393533237274156769167957706893288573507342246484026915257918937466695
69132517359657350429554195449233466288298185727015368661645731787688776097300, 64937089552683735940355739377940379026253055974145580243434406493373607196892
67544803078071686948298026649386037309988590492406838052471470534097782343932, 7094220309871069769647438246869793426142267479228667262766838450064806092355
30222916295627479502781067082534443160250547074937511031537518612100736925309, 45763122810377159954848962616907386479124115509972433252609429281251475720291
76187829976981900051721741451115336080502722110345657262494801064865966391848, 1499799376762432592870906887691147437612305156426547131853684060358877677975
59688768139880194236391814311652830722045647100364605705389216378029251482871, 65005256497729995005072062705695122798001660240378419985471578738146860080198
72618152287639212895469002949386260011113557757171458544720348296526466208778, 9006843327955808523966044818523163980145698184623533993240665664927650738200
23857573654914690820085096220273158782507654566050633798707941170083283091729, 29056424949322081486181923850073300672046251766578121229872225941649515414440
30114121744345587760785621059784913140570803395763674089664824821875720679583, 59501520973112876721846618105429053183407921452352432199174827036878475401461
65779032172584262306002835218203169583102142996886165170858703854335183085432, 71956352365542093844075396190362092050456800570777532073143147993805244589112
8521943648863420457983719933172019556132703569915298863471187811824407002527, 7799584266680598197881697231723891632084138827002609231188236649786821131297
33078878422382308105613593843961063001228590092890693560019896750658285629347, 24024024713394480964980531150229658998034203045212781453399922600240709358620
24625719082508379410157202020865138371738990266727042007711702075156812617431, 57395867178965897359280936283910917527966899200926440993308524187520975535979
2572264884931435979087768226859202099336670214949395402252005477308144944518, 24397832192065183085680531739551107220122413309023207877102463503608460021805
18563982480944586342840058504122179511392337956243758656404231526838831246096, 44378182938646655096925314085940605220755065183570354406987023444466876495022
63633454065680259682213204332431299359052749514836527605186280527523258808462, 49947325892308390254303457998152716427658869513455542640363019405872190582906
64106070735766026612086747984336428801383759432357206612404624714640794770262, 56366259876198109220422911065439800617299451242255950988542820498689410215929
8177718488662944468476186017653119123391625138296362643547040756685253246782, 17986190328730804646862408131852494850274775268635855092753348947853685590964
2341833132315932961075604673503166827561898550289199308431948849055292630042, 51273698213874877034034169868487075965535610231286689592231991892782372500730
28647253124426728715665021583886528174933583983677919634580173770862147146066, 76840587912353402371652097288207487796432034849015957276139477520009048436869
57771859297870847292363771028025315935398833826241067584529095713183061414304, 9534279455865146275710498471142470984909972049600367748058255648816305929715
62935046758247987012566363100179187470246965195581706500889554500635041230583, 60808065798283549486854932784290433646494752597034842360408462787583342523834
54465497351689114051293505766074350037999863804585954135952972763448855964872, 37252838126664848422185445814470165548307639059024917614092108977185767327165
31150551854663909160787280678101508942921423508261728609506641401112768374041, 26608551301517623208328574748810541840031437819119950900953344082635878589760
4296962706494713506585237500241485488050324261740332596111161287670688732772, 13214239464346988896596053022465597429946310537575072411419170013794533392114
52118239173780337098629212834773318149137726041948991778717804918773927492420, 29015275511377328838086448068808234471171484175799791181380454233677652989814
9131753117198135252217055858145508760044756923586874870193822105015460795091, 41520155569014214284390032458318284103027903642462039358309892124979163091670
6367940913247108246114269132979076815333198144121586834944061663065236363943, 605700145790741601098948392668969697934569118615746764943566800704045985309
72016969614131467363055981045406656381811265210131533989857997349745990729497, 1492072170761004422016309854994104973666367628102103553049170878926510291820
39924020649843883294941123746081645866481441746564790284279819514420791016824, 41894000070690219458460384966676731671852971761313919273052962989677557294695
21214543743086698881568919310428256596572316067819006718633179419724714109039, 54841233439599613952735686031682734636152458257184456632671352651186276308994
11782198820080777157636511223122936352631898298906508299579841136989281359297, 15695911519675304129801619839163210803395112376525319204569675427433255486016
16642357451310883050678320909896876307976093691978348411564476488366681092710, 18195462853527967360849393365655995563343240171259725337783708488178566443913
62025070482118329214677523299549961993777701976107794159415590367077251003120, 37530632175185513750079297357770569060207458131934085104544200962283310500025
45608290962903146882367838437858245732260792144692520040593668841420212687020, 5802914848654764136642239347519533964189298487941855712738424351728403827130
51452294344735420543624621832520277930195959660842421745063975306944585317949, 59115793148483444850647241304839883405138176403481706738631818632955564619874
25660404881485803103889357063308062870699478848369774039888805376462244247863, 69706490312064469478003233762347013136776906169507381370481075205184550060426
2097552788825268994997745362238088458337794916697713173193596431467823192369, 45406823971491104760628933007554036751241111342205125049539860825923139318827
31558964743013997483908151720119301329281590932528378993951917075129130573511, 9362714488725254189961224300094915103558488809557639242897969047837352877838
30569873603883636319165314407970047631789684570510206246939162833145424824228, 53814892948513393517585589152354183666632722845537043218002381227098377330833
46174380885033934356541126320908320304647765289498408492150331714261275726344, 66075595432713277083249280471283699516044735119169579468216507692566508342993
12671224162834842167037309650376562920685137187498982637482254851272979876302, 15490336669428756223476334626440088286710666853386612581637345244519119170973
35782810351354520782981857874074650576020205550614459608144204413181911996643, 29809670333229604332308979518365326856555107919971104571418786327891645219933
25305456508009090768610764062237997081412163618605113929518785399597700359414, 20578090414874196841443474656750041041743646180038857951668364777306057592779
48574351873353022315179572285346597528830695779543443990417136909010044507902, 59696103083121792517099844932853012282647213928794431157617934063065520445679
68883094640899457126543929372621368226472847556766603638256883893154278278798, 64385457865545586447967282442359169101783774438591211114474573324639272143736
29452517767175647136217037910920432520767560468027092820749327193314692313467, 49946136167139429914724450484317960286892629875383260397552820300616585433992
46526028326589889862428492367774620034419296276104685240024205063781874664295, 63568006098268889881945493508653462183614150998551397887298528613689351610634
15856588335231463084038597489697742192801836364451388346757185821989790421861, 34650415021011587859047460486522316635600382742159399440592894317040587104495
76449615595215827851657916698624290374841963887580930211220645823329533015829, 31258620241610449918259172435414343304238625645818720419288135602321240906956
25488953978134124144846979900932663624022899557316793134133413862119696664987, 16033714925480096724778394741024363060223806616481490556263115248403743818828
24988710556556781236046820269717952938648099507807447000711698437352551469370, 50110730693382013998467169560472958763312169268450025681702454627819826512602
36234891835733519578888003871938090838042025206172685049735037252531669593476, 35431937438886721538612730438982444396166890129665373881835564736867962923637
65511174552628381941830690153590239113831239610641629078202856925446141033340, 864325999072047969514078586787479264671523611098347917621718803240887302801
14041668237980093520884224416488855165431168801650252353115648403881473055132, 76754822938144795881263153020176266915746320841416938250222187305276013065172
61365484169389388206862606649689448489640804910789332973843545061543150957695, 50513992826798515590930277563336398661169058241851616312474928872098838933629
46614471517561124779913952205205564296952766666658371130579229533450510698371, 65651204893712664195733955503309653498806194238013409302280183753475121295182
8337740865394957832708081345595153196280004380883383041039645860698753135573, 28096710545973923656314760820607109205646176505293747402835227899517394989745
38833740691521992502807938975047744720819870365060074277239159074012175664925, 49180416614527450480975862586205004540491345114769476849440276026274162922151
26020637389668145867445205495403365344642636437070029962172967850715711144827, 26344581678882313136434974761889432355655442604958458012487037569277840573266
3781796943108607113488031899848962431358365102306992801711018596367843269715, 62345789007650182280948113511831708787724636154422517506318795268574826187587
9045948810457067943649120627526868360552603356926274329604334407128355550407, 49377339045554873407801649737077609866692137842158591680240792554849108272542
10097226566252093445884388211927078194436879013055474061060765914246288480209, 72074284996743666235002024257217332428027746892140592958889069630694660205819
67589237211459236380750058309359275635904902811865497369377976941711275445863, 1301814468062247595045872901601087088895097395163948941889500933467677089720
12396742703653276112355976760050778219744607907659440217939838295809277537013, 26416801763494175914492948989885038053332713579243686852743855933954826963770
52851356447883846882895087280994650653842380185854932213869981034044863474358, 25820731663761343639581718830126088068867260447006754119799944187503334738944
62275900570586949122293939013144359452586404382823294999757133406120849977875, 20728477222404368868754661840252055771292256632962818765391043646735070858706
54492336441677559449205828869424496078177860301206481767766150906352932114917, 59295731220746646999431566610841536082486418120864060150375444736493259301962
66191706412813402495324754227200929972811754837351880873483064934266594801593, 829922486707956704625455029810430188646492250367582754593619788145033568794
2244621971427921557721351651682173395004896671214331590036461184983959547186, 22399290901499817125028562277291481322633494313985874211430688032210862944700
26612824594826061081882747309632236433646912369271362841367642530123088964957, 5319994490657734985788336083153760392187072885907896775553784181988919444730
35115574647816481718392167859077593006686989360260763964149159829220513007055, 75451404083095172231649862470426411853351801802455300244607898569257970271810
75633674746492645607939012390467275020375992791759842748418902806036414012358, 75101290662389148857232191550394644550437090415994842344370986750451668847091
53378289889402485312364296107538870341557013377984285801919094491015178738604, 66584956555400198547847006774736700832651224828783817034781536282475269643761
42220321608070968360542458732142338040353956592021983567201665915927414345252, 43085731532354406233373584456547610540806858834993203474966569196311273304489
52378409152512401819310782564914250492884458200484314182869808218506928923223, 41610230354508791667386862858711135945673474039322696959733255849817777966725
75191407125899477746815090259727307137323292105193574917383251658613646036330, 9797446053166040509282446535531422292829686085365495297549079320430434644812
55031702286042515496460976943155435724437690741854859920884939037003519766696, 67684076875021146685914770878897730371674183943509424697687760817124975705236
31638100506296942410027909753694473266307224681513408636167213675111104123229, 19255335906395545352766506048122600601857501168114260054241784705284244944833
56188975137593172990744897658963002543727870818312718509121531196063514210042, 38908640573525637316814270951736445264849469033382367856269773676138263417412
74256108424763230959263708892993140431691664524879315915343924088131237345549, 38290710512058720717359026889655220638561553616487636607252564189660621073322
51690355654547086870416554129767572963876479833657106507520831585353974454769, 1258816407188780358715080935360000318796304536455330151465375879074834828525
44632220533875994730226054107129207915055698834445541060384334977973594473413, 14355371481490785717764721977446233066442599367487151804128999280992921698391
12235930243326440419611427416666763916373630563951768911376951170944869645448, 28684793560767278348261694059390283836860360219860142697943866836460482051453
59990971919101654891224220354790864441405366959845501213882791529229606640108, 26217831967134004624450859579066125456383370381130504601518139054003084938326
40378908300150339515845697490062483094556067260602385916201414794680947505498, 65553728900594779806282652711956644884532687643723183096390704057259940860567
61651796306542990063171803273595748901779934824496504519354087457617457162876, 7091256481237734670153739053649253160473546746052936586003321815338409564601
4912129362872912250946156303542015216770412435116662916003565508576254657926, 62397074299746870977663426271565758895480840712984948216218695071746581446187
42388907557739517146333367553092419787471892274784939614097931464019830468824, 36466246428275365747631551477567522687891871689815463111518093303572000778041
10937425512152021361841376575114394933894077753476479802484724688126870403009, 60211206035903653000480139744183100834725019046091646014266046329315459537079
3965462137608956866697905184213489352594038490997134396561404756944540166824, 69133342234357117186163127242348987922912764954375529395841438205710577343415
20126935611896290005517875595664100719525686800160446392524812663536541153877, 28285598422234000455833643905921762466418624618030143055846012764152499301773
4207419432257999249659640821253974402590666331438421100480353419462857568607, 2493110663544040787751571216235241632175038860687123948972924692183385781101
68308289455638190545158040614343588797984375771449012075764694492058581565409, 59797283877694930252671842249304932548102966773613099422535362467690395656899
59060233298258710230679687829211019067456403574217291088196495985806842036660, 54876460415367234221954257139004704243011694193301519381156675368633693135708
2217607724532300616598052132078368885617547362932186019386246542101308071014, 65753101961467784554329204887961077395779268537965582983756033396637502002136
43540685697028441631548247362292341620808879924566332422938106383053829210010, 50072673304072604214661364152353345156520926713306575374159461392803398383081
5443714229446568718891649153008788315809173826451999784741454370494517139707, 11597914931281983720031260658202143584318244519338575213890055861071751122856
39954375385405704450333835266633287872308872422057912547186686880338359793452, 30143983813847198760909070404327756897395770816191727044930537336080395263500
57511709454765924985093223769430082874613490484971469327055206280255579688099, 9869681605797898726894820027661822708170116157337220855013170602217360068478
8328821560729875035415713758881391343001958994740474602977931611199627017229, 50037859366100397319147578237483693331436533684151480505324313225063951104618
44357328860910113009375684420789804574319314842962700827062816371515366509034, 2928911952743977119707111889854840061038627606798916180708214671918243266089
28255248981869517234208732980680031752555928652534850292362192672666710722757, 8468879316297520534892042449118071219022436338131719940314175582909577522196
65669687833047945532317154082580978114077830488921861187408419213899710408632, 68307429890812381700318546859907440184155579483330188277347914574167065078701
69018582022812937788377511002719137953671758551541179139706602310284449271951, 16444156209671173473966582711923701458962409217001381057418460329462197874290
21439956021712513564602047056142961645188891513546493209318955104567288911146, 24602989269916938152749053315141770806958064679387858885727822339933626330530
10964014065162647143447786463159328392731522680533109148638151748067437084734, 41073095650384553977041400174500829783798702328728384300211552509765543956540
14964079292407366051101580156268864885624092803014754825644017891053278950794, 70951343872830191879431870737899351350901076075580951252737322928353768849686
646888986697400967202598327149083344827682733488135808315546662368028082070, 47533657841952492922016831256513340556621433452643698691751341451358571827762
66738132616163606002857289963659505337593330141657908728081939516184359879457, 55831522438105826842297205301910079244963805797543740033304361457590605853482
42139519890768067090731783168476743689792894077000654467958960685306646736204, 20550559574096261507758098259755234331755918952841420701076371105905807925681
64151663579907999438832543946877569870578129518429008722362233240391928055633, 22433408505399919381960988697917413405740611007496218116911080523086437146730
6915626148071938316541842890836312212563985721734640932123298277529991477387, 8800204244673925226128004937317561076175314397821174054191071079982201588067
25071965911011118586540583057581821449032906833491539395215394443268672263050, 63968704716447628931946398018299343666301623113376021954562137375131714915155
44566881704744361919383201729087394688512523759426812988892839362145314090277, 72572146909366059512860653896666423171629235983325241306781455123360536949235
52425611243344855527814718024416151031538324831231156861976076909873651736836, 58086753471427045980193599488035765296779410224662131899979375190298769085339
9593916882488069447755817695399675147714266991227354968171416041652311940012, 50478504204982294605528833966159850166429637812767934218708962489656518797456
9454656764443279427658939416799192921672988562916636657156153517238453506449, 70816799488752652482211147509132637755156623228348116930721606017302394813526
29556322360971814020496710168363623550089628146795060354029616127186164063997, 27101658026249391404321138998454712640922999540186351294638661437341416830443
22530952340755378273781549954320746162606769816321385221370129160454580795515, 74527327476970498951884383915208479202063900651215534674401340724773620536952
11562297633537995743878215662932545853047763769955461476791501618522821406229, 28506874367773431736239581828594905023402713818402802379267086252718620256623
35778246347241478571775477657361741314941293580399819655048578028272389851540, 26731801466365161649686455260602184099917329527329908102276905100067704214688
33399181360587139478803971373731164488666731368251398901373301410102106784558, 20382144292311865038330322068173045374852434157651405511718436378990589847675
29749862188315310423578709642516611438704106335198071841817684081631140318123, 48790491236076421482416484146594545671235430714450515525473442746698355252203
15053423057751740604388348043910391286763083200464934339333976304311966618982, 58368782237687810543599013603629935786568580336870051795897332534319198258196
46080381576937130648690626300368557089315496129293832401296139023129690480936, 7724323504346258425440256457723420928398735526708338280083132470014311666750
1746410118818712772679965512986132035842870441482959808493847260185356967141, 32193936367131267324380781437731839587763154155596923259576290044665288891520
31322413976576849449660174911644782244821741656172646905086835828547930935378, 71456282460922974998189593012792421129619861960341611231288491434283602308472
71341553233224878369598384204501927923601375285726957785566593501833487538859, 638528363671290814537552443389811469899513781060308454214359615506067515818
4176756924285201281395821588087583488557000749904566804484525700940914566844, 47749033593385205904743188987717997087255090060212468440683702895468500682420
40131350592343122590149058258163806683481451138961267896990437019391631937641, 10975972239366042726531245972963262439966895972444575059434908283331627659186
69722815741713953122768217558036926153647136383086572015145271743267471329030, 55341569476825902569071448496946630128777794045368242933524919310195708169700
50673393191157319680410031851645413819929420824797085496459474904152425676582, 73324318297018782781173851661237071307567342172071035836552774014424073549342
9570735892347998891087186404491987592111431020805155434920211044408161858705, 26034159018687991064357522631021313947064239390148097521339364421088149646303
37703902302618954668239747390531999261620661151196417864723069695019578636568, 58425980279785382407826219058757911623578526943473641909146137040269176206409
69052280718807593874967808706856070292519543609530833285371692035896078416548, 52423013737045432756302515492886291133274183644375630316181557791043275958086
31112659621275625412078941163470960385050233406741794506318185096935474175085, 63692324840214957613275817138854779315787340105843904494299081341212919272198
57970078674763010227750279977644534787863043031473062885545750594578299284944, 54564370537940599440506756567697571631443160898333864453283530097605249282292
1512020640847326910634075008926187987744546462689308773912369787051059682571, 45051503548896078170611584035873341417643053615258082980277897934326468603962
29953580721971827367682308342490824593800991034660895556804210020727018180588, 52071661277347788295399058210524054769986276267475613989138302434273250031947
42974521297663521239930069995504413814580865723283181491822099128303248250438, 34938592571617143044984834797657174040766959249148940190544266963802519691541
50274626392290263008422963503578473335155765757731255860913396698110910472309, 14048281966364778268656447599621291036252757101023404450356952636917841243248
26762480186749782025503551884673509146502556405260588238704464576068872598128, 74392942402376257192363595871015982634002283891362308527588045919986759387906
3402954041887494477186416346976385597504949267927368641659379688551610672266, 24185708203738637161973576774048578003393460196470187472493636500162086685301
37037521182260610578999977224426705470566841055958350542632097852278565548871, 2728835380496883677991075614051735510750458873023628509942132330720471846755
47148405224021216062656134410355325433753376469919564184532274015414700867585, 2017776725917397125856898273944926579865485782061893910315828225739876230790
20777498702299661248030083862551362324894383214886791295948750309521883877629, 2426075491140812983350421931468381181721184558222327949092674057147010863894
27757811812185163958478404121900406489217205252542590520491698939929623953175, 36720930281722546895876992211772649254599593629988031041906245337591123437163
16097167313908486231869728361071425528927622627784111754820434892575684794890, 21497155451010132498817302989334662081054336248853206635110969625113115094722
31427504817001864813980371132195859653161480867755430692194324616920660793967, 12923911365537052388968225047333086235248469494787692597734311920869851575702
67007871776611211981738485441853386830480373674326255632182708772582296859527, 52908856911784324527723105013213233635868659857931981478318659496832057839398
37814648640837926226879015395996173397164333475838932603807825626678909449883, 68826325125537790670002520609854659988734226060144131389947417211479109116967
43499897579008262241644172554968817208823386575514302383217661991084322777843, 50292153188014321407376386511420788848910486933134713709460687278566250297853
46911083278892712346430617220652178093546225062822775339646888531755153409649, 62988908360108018194977985842622096784013544491468211949198210300959055896682
22933846487541585090913485144710038193610315443056116240411588231912948485867, 14437856640870255492245777748458039381757283419185023376148602044426316556147
12956296048455157890631711908895106232933076514533317780060715667352823429288, 5268976528038272590444714605810034293756870628802205050024101037482753177862
52380270096318056447672939229516072389296151925229926087097182725352908609609, 43341094414366091243059050047166087517973576161670427601442669156014956839860
71990483539695737410860047517360415564243983358086853330815111452908758622837, 1271294390873770714804446998248078781940345026975938951860227238048254583583
26568082072981137331987214292818419880541758334304095817600167770670436631763, 62844047685000834025032538450620181873196282335162160019362216287329061979633
50668511761021175585129606741104509969299850637723784457852214547906807014170, 18096728494424129803387340710451367027280227608456893632156150583336190331953
6648995919604782091033964457133413645670108545489823003371748549450506854993, 46734202917084696469121197967841029822088227791885743542767323390535384686725
24813434030044471942190586311773988104161776389127234165777433312033007012734, 63637343056297964379686799072558955280790081245742128468882221592845813760700
32843839174153273315659413898282370804063777952547761601942552634963720059205, 3058454520531183237038112986470254781633206571760761958454342077014086168921
23336962121899074974043597365285826536602509834441226498609003230867063665169, 18567713979803677403534986429526190717866087476010123448761848275923559869614
4096824544470380911167471330896792145322608811212415147771724712227345407688, 61459455051033493279982702644371356167584423900416192059802602230871711008187
45845524239205350622409821180937724638586665868762250872860235969878603253230, 49693802718388192112776015049664277977306743307518789209873274819621287490550
65502746559940557243367616121976680055205935889816527859831297700967613081227, 40835909278719967690755910267205392018199767921069623864945967104244151220459
13965419708957127048667941087485491672826657971472102747236099509373266421425, 29838118672899687772999656961054805546811609877087684841282197625538483176278
74970913836785488782295423107984634418290003371888268541645529672435368573962, 51035571687767241572877008503849656878636678488140720983166920102022957603151
3637296172342395310716029297679690409610906575470976632187936201281021858384, 27696825591738200195308297652693025818630920129134174058027042836559648600552
56748085875704564811710504675123963532270681949397297276996437055188433847698, 23872521518116408898716624455972908829206867879038386424969543374500096352269
7285192838340254946549219376898659585115111373798950625902296411753949349266, 41979832990463856631725111719552590520736135064468251823377047671028181486071
37192961497113477977270841652262894031089080811838199095176990862353895574360, 70089398426199651063836271844613057798477323362709193408328815540069107994882
59235737383923036987894436636631464260577746708015644465393069609364178006511, 25794698614204384054433692620930939792193424588538542312920611046567329310220
56469295596936896744029495377097310343586934538801626160774728273778013834904, 63652214073343210733953584658150718519062186773886063726783299236778080848008
43083258328722249658174883694276615794802563342433420783796517803709238117952, 56951696943506819506869087350144789061988016995609663205647705060152183046277
2023685205404701808991980960337425932466017171256577155082465464740597660458, 14185736683182895897412367497007089012390120424227567904720574601809075427938
4304340950422194767864343925518083393457591134344022540096891943784069393302, 61658974794625379059856381340385505902628903511512658512779511005072768373625
30869182396055479877139706891484358234955838221313507254914211896772355687443, 27880312131170393636149957403949377052478865139114394349997106042853750984367
59306935490821621080793644734707631283358070326159916056560337759014538769426, 15960308328601340845335061172076441528040054740791603564539375329548675554154
13881820157745603264527296487623896475518473579351158082680758285577569412794, 55834359649724388743618101462962646934357104286431230657602689893247425054412
35472164745242134656512503770937695296539506504258480087540321468424183873997, 59286815273416127429692276467504323791518649245631828210371479841627222129045
28247757140498429216817354418700390350460340394979771157825087190908545975321, 2736033566093848816278432224102036623170830547013601195542707518341979296000
30989206919607399251987771551752579934382280578939633484222853225569367373781, 33416498003005944107587288209367543454953625789730079715492273515910991633470
72389758880164685088519477116395979457032671374228057374276151101386204389341, 24480160601293667832774507927278546270721087561258374883164788447311808490505
76195800498165451279443065356553139147684714162697124219045696204834754276194, 47247225123655764542474210715429368706224563037211743960136283010321827409094
60508012297465032905839061275337440013454136597186243777616064621202601570355, 72992185226540300369059011752332163232179388686804164604811153739083156873442
45854498719291395991398236968870358305217045688812328449002058287943744981008, 8346093597636049324435021801019419572308981767365011223054884133405468061227
44803691072753075409802641357703470427559064087993611939471675874840359409561, 48969790111524352407730009793054599846224680425255087750936500753907672401654
44717949259665032933426086086269432650628151083408839572314483653806689972200, 63615470318418377758699709915709896101449080272001614949907889622308043520038
59402157935315014677807429178694241775614740607400763988710266038557567611228, 67273235789568168212065089778905121334400978073387288257481643133453979357600
57749189596369361427535245169098563329359048828817453707119637183553708336777, 63701868487330008726627077099561722174284846818186601648293453816546763710529
9735398901279165802231225890070407414299846066724528065297897498060753447134, 14400496387671913105373448835520286110360677214622175355116156596603561701756
6007611026356031361842877160341872022958221620462068113388402361062112376822, 71422269833776434252028963144924749096614665350345011605403611266344704235619
23657258322555421361304021579478349710824520318210743015744159753086822299342, 48743937821382039344153860688927866829983565420697583493904953593423382767743
51408305552421077841392787111094341483318471131627867516423494392164743950568, 57135986495678906969954064435103807984162147786363861017203807374916320540171
65645838306971256660847018375103702195141971901451425594942019159187620628879, 24860987823675367926048075289405142661124927201693338589039585094811664590188
66911872999874130248366089983188818047211790895951969522951666964190250800009, 62702150592076135876957928857752495668736567853297926575547380546067196113219
45916115731856744597748729771751164386267040598591989924199552996252698109339, 64887903057255047518119887361580167552373188179718175812314827799130561807110
44654492347167232531071640119663728234069557646498296882087006866022759126021, 33002907696400077944813743905506365739553217986549929234139803691741427624000
51155350162869141944022098498979396916696659427123631206342082029827613101501, 32094740815028020218820693552433276969371850147076837381081159473024219772354
40777654659764056427708591676284770698524699230159759940191839690038604126270, 47164054984223734778851008671436879711717351892484958622843794386845103144083
49651990779425961453251941327223005672831188747496666259103674166679000431911, 16650878107982783740719471702910077422071566956659464701548667624221656691705
13853640784934127721777334129356718661187524022120220273841252451331344377529, 68134053427413178423048300135140882989954603535726918941514917030773569953819
75500495725258808621752355065179701647515630786298896226017786193448288399838, 6347155537686805810760413836197799095492441259767239638759594740422289857570
5125522633783681829961537693723788266590953598338343294555122181295946041309, 74338361412358378281884273202851080891504392564164692000826285322172119601230
50381132118493019092509089357204319339734768741057865029374352990350575148442, 42944995056142211024069230988154454494195990826546234282672509935321302550382
19838737185369340267796385775672796620000771053888007281462768571013899229731, 33605489605553986909261159692840214994819517449640871972935761869964034658449
54483567486844705522606540046335078437278628673576055983353046875610661169566, 65945831403695769983131353850415309533972787925061842171578912829261791722383
62093206146967380381925881930010425881382223782142717780851769617525142734584, 29945315858252646927630114499672407866783705236793831435387011495786247519112
40221033987547930487269731510158497837644206989170707803741783794715295367228, 54696728673810799630377077367447877623276785397460249353086752343312917760860
19785222510017620773513726624946530307178597944657642302602395396088461892233, 71429465703309441547398081121111388396101885082342524256994175319238172260879
52187070384299053570290860738962889158156543042842519459685812023465057471285, 34162667524818478023094498478246759250954880418302444745022908576765981624335
73873891273270405179111407670250305281171529863038590331666158290264970187516, 22830244939638047531346690386628784110835022442394295974725654702916695330460
50624158120831855487260991806672489449581481199955264198291249488989421490376, 19337728238865735526532227132888822419979845831532999221117100773764276485578
4370375738729950404970868821630050952979164557459184030712991934844021424925, 29492552694334579027266732512989169134886098358619899974381846331545258915407
39354578355651190250274506083244340805129050653330412913699250468209533429044, 34094322633751746625199860410922596259863550244383347281169416442485125377911
43424238901516385242475727271517586900854076691786037821714903093104919561126, 40167356299976918543670093357907231923630716939406601319659591078207288921791
18687537066038518738726580351277643389979950297875548912023015434306738382804, 58369646294116431394242812430372107803672627712652161571279751363486304022177
76503871571484144356173229252343745751319843533526722064411887664556536602094, 3468867165299570385535402703666896151613335135041775258251308661469987955251
26950227782714056019676004031202122109589593142764834835360591124178383029021, 2391637590041240184002244773918989035405844841948091606002388361903531608459
28176025543325351411261757708033974937279097611600178440542303221110215337092, 36430184898312554571188078439154506287056992976725429589650657479330076394670
68082603711567518036071605925008713081000562969516308368747099300340587525147, 74688221381443312895343341319403900964107992872773343811887554165848809437554
23989708400100234668756914433527379893231500274089795253475097865775643707972, 75361578158182833014605045858836284455209677190951405286374058855913829889398
46149979937060737482052242519474964701130858390952836400916982308917136558179, 5505107090272707235825609261902053416356923562921606534414080963896575527354
33703753819144520964975925454052935836788812289349023419743571179696079015598, 69180301279436799681225339230472600736258706341450138489102040746341712619234
53270546239915234952954277038120176644053061066567716465201569501890733053376, 22673314536859353985405888294226575572247823396310242816269187117994276252581
68682381242389669935977195876725496871202422993505976258250513349206482675833, 47134579978493020138500803707703637787987218422736881874611996339666511803876
39484732051203313352354933349141379234692822926557689634328965826831947986765, 20305417064241645441863600520670378818986388647630047090550568312994455900327
4657892118967090673860001859379153002885433155036891564503307057299794724195, 41564273917436400441744676130264186853593614093664961509288858859879964014228
14867470103421918259154071078476138683110185868339835269206502257999652994779, 46063779654836663288314802254814591557004335594630915922336068018331456454158
4733952528696922354858649362841956124388054414061458594982446008256711116613, 48650808747173663480858078429942295771794329866353802811917752474866354170692
41330511407579290901500536891589231694094261836055902450593057958586381827413, 59862031561197874729102116567311252395884965538243616863399829754627917639063
16518396459169544443424489586760695108359057533692793122017128430044425356792, 13886635222051738468780198718646568356728312180452721334733982975973670452171
69980929103801283721353718380397151955008815287426999140914245232757984658776, 69553213902228511221367021172002765429416365162447349833756009042819271767575
68964495697672848673936469988462637726443922474718608513637684382022773314182, 54434407395466297515457587805836814657722648724900455887989033199759511511546
73269032596748586056729338282412515970484840583334929302760828688688349859065, 58592453688448585519301556920855142348069642572698643137706203877030465524643
50455810276588538050906936533986461041861740533844118703630560693768971685498, 76612422629223678454465404360064340310325440903204978318114967362827561236793
51574200265536381089051272368498844642309777191573615395541872150643159751709, 1764090360898649034848717081609483440827258278307420284972654277509886211581
17627839433376725007665469072678042626347181426122529106524583606131812188722, 70531955339170821507981915298729136856764438620942846957201907692818973898047
65272072459141077858803786890975013210452038522860628797760070212576733015564, 66793778721571122839829418591320773698275493942153583192726788643393837991749
43427591558625095996803506910889293234412600858368393435535309804483060062076, 37007055729005328386544606815370617276424084675110465762161215548961551826648
71982668644175654947778566648846579119866449773549694702012705788621581989009, 61912082342541208709872264137372615636062494264839752306267924345389104626228
24689421712335583863439190948777352564538355453908886475911657008839185463125, 49497439347053392036737722359951975004446213918416750083946972878662805365046
58901551913194353106347652747563117176901457318511769743297312850085946084512, 69699609655835163026478002743197216107142599552765492291544187683215677790257
63134697610535639764709889958957084050656473481726361496740702674360862503444, 58834404605202502820475500401308123427595143317267164033043244902428997829814
44263049596121548291739641358890566571564910716512004653764644390788633079174, 5733701586483955410683624583432683636093842095850270330595864025313417103095
69352827570333007979105343892280072403460218581928876223149135271588836741421, 19622929392104304452756826560889174177722362292310219996253023627786176429529
13273472360982286124383289762041318041226187716570884728142528668443796163060, 40345660700594846274054603601090715385410420015448576612299568754049358312140
73251557056525775878003830101367805893730124425627739762638997802377473992932, 44237818050723249896407178597263542792347369637926298482333747332462589711339
67159947653556822687324821638899651034911648127570944560006029502629112014297, 30789614590634415863682156815918855958813071131849762219831396669770389032952
46156947398310235101815372211373903343213630292797819117774960798666254601946, 57161428697458783893799166933162909085920661861911773563348873848352474977329
63569235146279439104317942199850669725376716809720643427529283752688873313110, 46274055159127077926929946691289618111091339354942221976241488278176515284698
58493888801153023199608477340724443176591060563280805171177865085734426689777, 35370616927128667612769212969415633743345034619006083804454001735222377392280
49911645237910433571986772975971277547084817926678327591549406811488722671362, 51773850736414447546135397955763143105906891682213365868969048403891064151272
36485568575063605367313852350107498280788350815909656373459690582066061688465, 27998982969376992458759770132077127478476503810540692328987860904174060969769
54049300044452116748409285630515034713799795593158176359854248735819286242167, 63952290005282621648456368469484720046454267195932184032750868741347810872916
13577051098282284351191990656597431957841254788095128450061834802126750786555, 12195550986537985354830693209968986594790823528157276553827177642703569309341
31005184801492721625511241302153514014707070565672458969097288888572900092683, 43512935581406858049441969893844765728310498805309760355329089118993445226594
7016578257007135060037479341558792042702458714353652370031087861452245137016, 66584950492196536566648753039698776970133371136440526436185643453302655363067
67393746918915117875488323220109931678485650823496831358731442245919905052606, 22081918359403238551090345476378306497038381685672082380596839702384126423014
5722338294481080866266435177606687723482811464766866247354892778951447168193, 52946994912976153381168961268883166161698135355566533802270160251801350802438
70600533500050249627776043121339610902524300229930403931365890430921906470768, 7703928588357325901181288227939283724955550911538925603644771873680109803669
66756066058296937553352949939622318478657992795811081559503052920188675598371, 16963284331924759444625038229999210949255204564022947718100787312175469624037
57990398856664657748455660907532471943873958364967478908326417005221575729848, 20053819780935121937579269929595405773839701975644347115533626468633919511866
4587000517029216680647409757586875638360695497610299827677004967398403221256, 43094467429206714793356998565689880858565667669745330643671473832970771692601
33440448935186165466190702057333780687403682590655062994136729848791651844154, 6063631000835570560931042730499633211948666268217705099685689150496869572042
68260127472619742728646077837076576183389621935570039164559492376097335872338, 54911228675084466421527666994759083910935875296403280953058647760531687858808
1064202953002222703309051074012594265065217211941361080438823968260857006859, 10838986514910718775805561913965736120867011969739787430032449132108984646612
11431194061983108847082627033976682333688151851033354973740791971410085756592, 36297794679830653666051327180495966779535662445071312126266564115759416823326
4777035568957230660818047700817301845751468400321954578831195845264646024500, 69326369247136343150960186584519567400796200021518305221778262948340079011410
11587951606696407086453081269972472904572069225751351080045432717049648678433, 35422520106673020498536560201062242417139168863508043694811176808190712910890
1409988686118513457095904893734066032584473024360814838297650407967615719476, 71643568103267687343425160670448369206977447893021731436044645218340378140638
43333883079243738424154600153915009445627109599718087615085232251622763189448, 73320206329813994419011853877891246407423501972668408705816289931503749092851
15532158615855849064971510876346293815141511873605385365008858750533430483453, 8564179764325707033206699445922378742869747140663828111198909048155085014530
56535196206795320721433101936687618769177494941780970724479835519297026032450, 54950151039482862014285323545395274980260527967812636694304123449164562610987
54389490860438390884770784078470145918361484959344202087546173957353210538131, 56217435267536915670162774164634065230776596226902742882336970944881575105311
47209468606399212731774335215288747496565992156998657264206869134976709139231, 71449692159890817464208220624716431740881844107163706094375015638035288741016
2705053727208072103414134600738694099052988507269580984301477286327196053428, 49794078282667583125246132989199671222110422403851946374077029022533990402099
54973729263779575653577086572272610519562644812149097514061576206415549894937, 68810154888405390528179162852689199031144584553117807341724259179153164768272
38959761714904868613139500548499615962837136222832534351651927248416849690904, 61748829330217252285617153008205811209926196082291808663115049126834012785223
38460234929580620417701179464976724563107072745378244612385582898716088794189, 40772956729153702634090893480588459837380985289605493051552079587139321082928
32101518725429490267170615579120627527706369239175430269225565632268669319407, 68892987523118328511288692226379778572387479210067383520148473885308453001689
75654061630148186630901800606828059202140274916920905686250999685150113321099, 25631468133432906838451005823234420254721581439242645523332938500266390877858
29547063069801134489669022329971660289482542404872465940961345060682528770189, 12958634676276959776852725709432513725708115693119546125808205081041069081541
51118356120523897636364991440936705835393414828909016840583424309045844243165, 36524153480615931946174103931936632750819127352058067886488581826673417046143
40338310884715270867332221532847293417862411565532109249486733967316801296126, 27995503673474046325510363557876063727674986607678484243708695416476508588510
24817033326328744804905135457280324155834399980578724274222798067816255792332, 73479377430682974610302360202127774692253113665891437330782102064355922046790
43439816699017998726061058610043712828488292792308763583227761718637341697284, 16659283265534300023616460284961383605843371488907993371715562603313037538118
53380181535406833901436225731106345283002759667924269404143581101491565927469, 69002573365643575085430435302409687644013547921956454910839535075889010786043
7682669433908510431023785498142418804476152762261240014444950256257204051815, 71258135884002684925767932841484362679070782452515810980614740544144798253791
4855254581142535115972251764555609987399457983627111228361789809795449450410, 2271477848941589053917868402151685632566521029274977391612486881192697607441
14541406919227050512563984938510966228321865999513149722893098648355565985522, 31780934772925512369056940631347223002480968512601582330939890857642342807224
16726473950249794424122528327257219261089807170765331287439187852184456410713, 52201369143332016990409779926002342770779766253722270830058613797226852824505
6287770165625506767898511172405067827594688219944001773322198758588928510863, 44535700679254024896700243628696884333210756296912060268535400429365024495116
72899951543836811141132146020786164797857113380521441970100707253757824699108, 10046609375340397350358360994879961328823119212827784745876089587524285816285
73143845738873569079348758340941443549555303423625037678917891018522144053759, 9795792687298629420480245659251123293760927968557926937966937975356240742835
35045532534183650684743126638910448638555902864380082074474366043451597845607, 50874608634898664637761248128782491795655386151234310830449355226047670051349
68938363583131951068000541151432014484632325353405753856036007141571868969487, 5431311173643789064934082320826063520542578782221058699306944664040367549081
4915274753522457318050625819247150666630327161669460628885517184140032399110, 8622332239075219655512580473304048177802613385331468357733947830076581393949
1790546622265884965894923683057692062718575475033263224180895341893471090866, 17837330722907750808853527996638648649491007060456190459199943691376466823894
14430143950705044545062960775740494907650452754939507711387836995332833095942, 16173456235130467389369008857586698712976625077251088396205710336032786915073
64241126327314958475899400781696792634730320825321005032906719753210306582369, 10124541075197252184149724056406895890395404483400204331138726149798621004704
57448811801520975683819358475853471744252603362928811476640450205961579108719, 37736873992129916679515195726137725504720407346428295343786412425005795488556
74633654311785492731787996677153082173300334758567348085561553517410920570177, 56297588685525745137640604388660926461924595463826758150746197062613083992908
30482085272233337371918145529315591057592463739885531243938160850656445527225, 28632640026017547714101633290730654450003253872874446503225751479742136568417
71203091455125330367628725252414321127224331717996220219593922319873987459304, 66853566478472082794425734308382945812554584022284516220552818236015336616437
23988344244607296670808743359780327211732011353589252995998479048330384402907, 71922984843290069686386045875904154791681340834868412745375670678257280147479
66329378184375684710880264983360388398804008833129619116752256039893119815899, 58636399681868135775622788555293728927212125894003283256392937222734343906452
9067428790824405609126530668184425335083365571243733388902728720675107963395, 57707941825670282185315272944960854741572014285670295829673678659529736379113
57523338069699597043970095148809141851145716717943588724019708616696593386865, 38079143836850584135457402927539643084220446081549057333043148240456535311826
33630178290202141962548384593630030011604845756536648398888000642831765258347, 10645975011658692245116145144549462926059427655740616777576252142856182605652
65958122416365096087232739301039012752962287923609870645953496224453598315031, 24612380977634711716964011895971198299559921114191799738907398945514319877204
28953023291710441756763176716466767198258199702954052917489878717813944542982, 11285354588480811152160351103961630348260942355655703769922808157186525509429
49331084274262572330689982522733494902016648765522290655922874395915170977814, 49288748319548277430770762664305113505948148490064480610210483055061706474419
62004348346921535134787224430971402772032377794915696922806560883346963859775, 32466529232756401627188246846374343798184415021041815221818055676763449521358
10221907838949792897826541159650157835147512211481351703353378841269485991926, 41839808828682851960121687759370875745196153391927190864368280094410029504502
28021362506406803106881317557938234565958634021768253696585240788309089018568, 622509625027677378636330960134524591311282642365889894641515701318646341609
11728217927791431377874586758443503962719706015269549337324943037970739817512, 50281227144107098526583024422746670599329409443094227712390058025849222888087
26127486007178444759550561967686175620120687271563719755768050317827547517639, 44618727283626175279997156976148512139669160331548691916419708997231184298515
25227579346780534602285256362815972104583037187595467558656250274076666670431, 47395779055039132846428442631545865976392490490477279301622142198443017647683
33925659747428816091799279490710645133893832799458984822183489261600715713171, 31090471926630018093670511527017432339876054488915799112772278589998271261549
11809810889516788461345192750457011800707047571564031962736322437399556825410, 18832813603334452144540089691565597101471710865216999424890254127817114674169
54348843922422527900801197066569912942258746507347548493096389412002134464988, 62221991936033828029070107388258499083268403848415175830641980644510513683499
72146661141941102279334593412933333887145807857325370051030793487125234140215, 27144193853104170324230024089135770521712232781445040200859778584517858889795
13365404499179459496563075829644977655896156655879109373414214110235924002113, 67377925911259694122819734928264708907848598102955988860939081017417540704898
27513903934541980485795451656308249736944715293244513128788057480910914194335, 48366471111888086188522066722989697872255269742012253949040767860844475496088
62580552624141179125256827858107390842642722115525879783944943864033283072067, 67585560604839801045472303332099415925439651338037640744508771688488144432003
45823175911521589420395809751104079175674360331353885529610625732866149766808, 68153890102015945314119221567083735136463867532511901252497371005853221093816
68164688771552705235154114287218334132180291632670808429786644207156310383619, 14496117451650160260686911417297612191690611727122551592909274911662636578197
21149564359634292323324490788964844509198511806803936615478821812929972736664, 64475592466655512134816113224145795619936384196077136324130104595357941091482
57889878309800957079828137063657658731387620297124441979053985076510888747027, 3266264870602966508109161238814915594307922546075593912628644083103521467233
9892273692148676864977802768193412463192616873684970221169975814507273568430, 15346827122570791953530553717181328576639428919899973190765233639994549072057
17328530227762598877174500175103660947615289581464182525007425727033974743121, 61454193750686284863579438837404543601698046381711706332490019607170326382691
29230601456311323043160064835243613222620215287465669415936649226599785922791, 70803587095692664346475720921931246248116546695006679922698524158973317395007
49893837669343542995441829491330003961458329299986932144858526563064334296515, 38202167910401077624692427240052124963222122802017798039950937986966269153270
7497247913236448089998330890846621075359195074099932132651134038111216023500, 52797232620136407770180141867825905879047572528036023972272544478481959875703
35569369744105477605228018226147944530809071622688704973865805682077861752382, 5472603965937182847080205498934344522858161292446518473965654999814639754061
4485302037053773021571780961609800664436386876825111747941721825989815747500, 15698364872483019573593107456691559452101090323693685148780085166670283802068
28572861768307786686412681848713144626518607251818259553908248807601386985568, 28987749308547713920936537009247217997110650923219084221304598458647382475659
15108497389930898270286245181647336947681222837121606007551042476190701330806, 55941953743849289311421401668750768428878877137323342768269989123097566726491
3129461995014085889873951225517502780904991473450055948048681365745763158614, 41298574060956885538653061543189946410358367608869524971194424540004050185604
53773006449492393434223106845041849246716487716612025456469176283434913855346, 17291929305882233167439174043965719548096654979857577462330829225890611943170
34277317346546287073221522848599740498656643419854075148805558503890091632677, 40139350603326788424126890248676124223409443115402522371803368534638950994109
57872785627028404341949673471704434473301139884125460531012252678041863604773, 27298315968775767786248389531996919121256745071150739292912023008825653119762
52887986272782650853499546060336898105453841831130589407187240349865741978459, 29516979156247392133545383966050149054486290033869190346428772505687143628979
36581533412338967266240044664548433262187042392804908203830533843528537331714, 32298291123920882607415185311499542688856474601092573735532309911837550785486
49190966322289372286478290792110188392816282529236603759623082460780759394900, 67601076981489552817718766289747537618436479660996406596414407817785784374216
53470179240180074476997538801734153334520157519013978100758590079868639904922, 58504510140968219887317918102712945778344848172898113650913539317139889834350
19377197246166959268566502408326612629558705804350112635714165008712482054213, 61317345272277687961257272728486633341814642624435647691371749024152241124181
55048853808037994829569081920355749589650528680600833868805211690619009978159, 49253762558189829283375345085831520075541710312887821704941975345325043110915
43508617285050801475234740531702535671648644242454795718175789894671519071324, 8933406186041566154895258049187180074836475938774903832166486905953967330712
38238218053143131116710443108741370919946733547541993840810461613041945819714, 23793642255636430472987358979142669800483499402970988560375772841880835868089
8059930306307035872237907013049681683012046096268470816780499722986669714128, 15181061638967887485584853588575400388208115310108456166300598898968392865638
54767048848798941453867565773938409566139883460451063645730860853980919226102, 14858489954836549218592717970383817882057749522519160695252171996673661495157
2690012434132921502800617434974570291751888259670045408868840320511927820591, 60339598726463324125053968134965282627890913611382841947124184785188423785542
11954845569213277091909296192903915103054673118001679980682278659608343276353, 52144799711295645336746424654131714693160290453443801145588514981136731062557
3748253641809504924663908484466225377649144500579247776483063680404789639623, 74189329125297098331851186705606765134794351580047245260927723358988483178229
29176787360617983843641326804863790415920225191355752251101449086759627580319, 7735695757407575031371063049368865088800720061935442561994231016332214242340
34989162564959460632391919599496292124256304607122069237165580602178764550663, 42451403578250697504556177083152530557534946951680104712028915050134169525034
75966281957298343779466555972093393342295786584511308470118365597845418024931, 69081360912739045215724827883606407916048125096194136113916744627854801425304
75625749308336796109700885764665149122331371563084738517273851697589547643361, 41366322389608494726157867260732391618912542996630298754107725067995633448183
29177320098542190033811130604313797763711201932307132555355595586594297685836, 17974051841292942136476436919246135942480344407812700332886003781983580745880
46498815675876237737969363882770612097375855199326685233756677297836678302133, 26736043418213559337311586442532488038769565452682655589002356563345198330519
41353127079663516916335083802255418842048543077061562516675863263803628493654, 68178176829434661654333404390586450185445766634942119908389987885507923739475
26639081997450462980754505531764875984910331571964030291054203018138874160822, 53941487512212075943787134538537246446494997533918849596234005935169880681451
39395236759764730093277748867651871934044214872694585288823926302299160573643, 62306734645791812941814851602195085631072704767725485960528434744499353638473
3204764293482531487508324161400654375825502071049703882965214177931486265446, 51555529369645149071610325129759454820132794033790792955761319137722722503052
61873017110098878181732126949862489496898608516861645764632874792585399842798, 52595195029135372323799724954050643765425574225236265725062565955187277861039
26271503650507501120610050992763945416311301242403867320366125012503127149317, 29830521446430033278394344229083293906105612540242501937558571043577274385264
68826090297254390680426013609116921469322512480705405855824542477204197703791, 72006718327006223297910115997049278297133118006452536829844139830023630640922
20026524734450926453819148305220029973455592844831562376821107559731107520811, 35619189452799026091151370393066228174622059653975717213830247973206033901507
