Elliptic Curve: brainpoolP256r1
Field Prime: 76884956397045344220809746629001649093037950200943055203735601445031516197751
Base Point: (63243729749562333355292243550312970334778175571054726587095381623627144114786, 38218615093753523893122277964030810387585405539772602581557831887485717997975)
Polynomial Degree: 6
Polynomial Coefficients: [20, 50, 15, 58, 46, 18, 33]
Public Key: (32359426901285517047039754267103196665919889338425337879162100953680123987641, 69552600398173980558210046318217230745184604965290999927039355123935235780514)
32369427951462813609514283420159075896669188582506609604736351025722162063537, 43960359458582767166625305111808576606155196547039549535471075576855223845723
14990147762139628899633911970552421934821535408461637054237436752149941047864, 26981774703211323593573271569347144413078593356522404997581669652439995877615
57442434370309101877187167132010568937788017086473758797634811308761115303183, 74734338115460201335008126438568923027053711152912436676642253920323558188234
13309379449039453679503297549683813336548731340396468879360485160443401478750, 61553181814139158857419347020939638755799135307980166919198517608567783752681
45057584673672171923512071214875040950187757294627969619673729047684291886868, 36770210745020457555809154979654077360811650225446796855706658105045409158750
49866623015629825778590569196439159047547418317110457292781679722367918248069, 44419928887254446573567328177798015422651285151584626817193223942901647206823
25642631507767815422288347577740463263868978386816620796539913688662890928663, 34639800169112170324490918855585261832312502537246963333334225144102258956269
64972947916318511451752967312809252555824584524825336425240505906282875627763, 18097907231666139750240678125180930688656627622303356539636776341889097631121
7264289635215712048212897061451223421198290527804476338412016492643292190338, 48880824247323352450868564159961993911360779550074536033312690781321839848051
24635303510699384195848703719079098090757497134762705977730452428336941516422, 51190058071304443842123211935343806650756649574920779239709301710830893185605
33528946478747919990784900863655503297720552520235677114312325468134189225916, 58050793210454541376594491870821853947486216879565757827051102212574530871238
8354780695309945280393813549927594123924047424495820511950043151166698622911, 19111462095270091666578335855008620054476813848598549460433633940973703859146
59603219478024674700462182235718759347446201671981445718864444980330047951660, 46908408738397395426047692154503738959981696831633850753228387329987590253200
67035386549293647288699231375175283774831400323108847363430050177892409655528, 60589156929031748702015021123224973709432254234085016744309413075646486671024
39221827609565704794335154683861345831720969898325588685296539109515962014771, 7860664808027031940333058510762276729070038718997333937147906881666495637119
67905660281080881947071330508876574825355614013834727294438096526519394147700, 21045135509615475758770846541093989501243867729381586571041464587075942569113
3923587873750897351327757588202070580321176259450668771323126016763039395233, 7864691707675150040325678508730817133340290606212394689966322879061660801456
72176323439665700105618016543443339096768277716377138947741896815293883002868, 43754464937544187775052778206447348023174029333801217812126542185625525102404
62285063916269201284671509528756009653102330952810535472670945944624954358086, 17677279148738697888129182614859107894688504057678719732383112521793461896241
36084213411961677544296740714304817324058611585273392932228486939248958302855, 48509515515152864135707338462677833238072665163179802707635112811570468580423
47079047748420663158788446106682551201427284414704545156487820406860498281822, 58196624230009144379778234232094489642012983565723769400128248965190950719251
71826322524146019855305764677764624075011342832087346749786930439731448684087, 23667963940395660161702419301586616661533915568677360977011575621433514078609
51030369779796867828352892457065028836886476045091111467904641520003330378118, 34975157942192960331363584755829565383103282789544751217175386565887302342172
24664020683201206877123453035197966793136547709156915387205952071784116361279, 18120932959465313141208553193870824528558200067697558083080407278054416100467
63136703074589115208543578575575425907401371581162376868188277503538104235152, 46352337429953709905857654829357909145531843579962510810081871934468731833301
68953484502398882127972252585907724306271091857463738175257964889383219933058, 4896139260150112220949260283009805289574171990429753432094329422355528129662
51269242093911487364628833077678753938073468683865115515160892923069133914764, 55264569489053194238839044481018099965892620156476910117866929177263938479557
69509215790340121435498880722958703232624831122021008172813225120785850766239, 8198997768798079218175875308382791333381459347975730647301445036839251882567
6986032232885820478692461535891188794816935186767797121787672434320195746321, 22008457129533094674841849040194238419731250189370771645026248804820270382297
47880556819946767773311882574113706995712729057835026449478002879930623422212, 33564548415712922215381035362365248540929077030661422213750116845357284814339
57709982534251079050132927394457544329420365496522261852606790539019709407541, 11736277726550454305653258584525259410202794456298980333988088915919258002825
25383005781142363267311406260177303441902526951594987760158069255497476669814, 27248778046801402966935311764921240890501895355092002428331018340937774763023
36196681345925613411367337265081024128334716232459784020409957652589095422575, 68417506140819796804279112554957665069556820304506468198030143386646047361135
4912425062495924021728684631487366400196643424804352110577034878636066165853, 25062657583377760134974104927686639779508674437299471808924952845279226216170
7968269511646599876775161929729728878243886228223530976979890370318598934797, 74402715412698732881110143639123684137580102606148391557462768258588960462729
18966203264479743763498600583081232993584195846427112791681833516123585038905, 66032234084884869456536406649334244323086399578729749654693651942236079786230
51607707709353462599401897184663576596739562240755063584888171414679666977680, 53699506029562812608245154159830365783471298311371483624543980161693368250079
3300741705142958799538865032592850898102116006712765275346966104363795979404, 58589142082590695445581881273500378952507440649161953080416321761187779385871
26038106352645827772141803307626315733551960125326128029063170036777831728986, 23695945959920981379347198075849874911542057617284519167154253390271107769111
5945912501622393041084350653625943668971178906806772782904942132670146284269, 68050123774512540454147529579238012193264740379561917102070877013883081097824
13040736156518571962054219442110787639487287085687930255254044526672188895831, 2677221733393281457052607764753911778983269880875392881318738958981043983586
4611662704930113436345175922696512709761166744493582000794040894185248400199, 62005638584297864813061797887070874131073488932648026363697524898928843861233
8417563976363951667061658589551548326011310374758713084039267377463298049224, 51872793745374629407050462795908773819322758937089548917746367608492306669287
42151516465965316217086513389327288000852743125235345806496417669762071642784, 70507511901693753415989922056986599531740671015888876241799491402156953145157
50440974320203782224522231663758026633291629965952558381510852345592899993946, 38292099950163642851903086269760320083054892020628112891319407487007189283642
48297286316323839141337160472668648417701410870994489193861379834447744373789, 15255677227400464299985080489712566164549104824668220914538227293967071460966
3520525584753652385334148377187890193979767388418842731145994292575429453823, 43771950937836552964969445401063359669579433565609786880105717628051521285650
62440618973650069017925273982339753408595594066944903362137139504582686549321, 43551451171829218353080169957560021495656620019684326171130680979312853626951
36196831536448489105607986873324747072569920482118574708737721866879414450696, 54753175211819844717392908244455815095306881683092989460297476954553147972810
11720321199951126951360735163640635974384432122081723661836490310011982876651, 23966844112148474929846884100792214464969606580044690651423948585769769083782
56585969477732891167289444051592370940017758276812443021825384659223317859330, 48009602826453734360432420749169198213913944990247808934797386810819172873776
71967871608766502226764134641237302477807858873873384035905067100513162476655, 73729863291703413077361085450522452442223796815500440572738999313501537404236
8230975280161666233007531663780144058575494946360026871427111504658382995518, 20924529185670378184237913462459613895598153704818580611262989596814200709923
34015966730683971313262051961871651171957471058282671962521588477029555223162, 36925328948978420934865650864259282405666126717011690564248386664832560547815
7088500512026443598081424554870627380883576713575501675769037644740269777913, 10261785990198469768074264652722610760212973039601244499801994693459358515217
47053457679196579072952606094473909320708364845539508961424180197329446196011, 43100481443963717531811663787859147532558754228966306062675979335742745067320
4249615570312982930676534452784188159112954419394006329895221880973598761877, 46132215248782250562788255783740096549234224391228923235733516014290591618431
17469979047592520128892989891498674028502906082017828547829021507865394808945, 64000427480423274891301419466358401364596588256971340519591358221128813610754
74017295420276580641143622333465107156704635123314022809392749628851073381286, 52197370205804178104976548208114661399718640871875578093941394173908209004345
56326548447340305052906556860715051639801003921034082299422450457693687509631, 14966150068047836837177828596013275546919723160990869038564653408731769621716
74702791567606837882980122174407466248968548357469664728810999409813562283435, 72761698907527073426505048254418250769027423715694110407453201904830217678450
60935541825103275842035397367261618928446113307784132890964124258588444886055, 5382448056571753590161486831558521628654474404040602836949162278188100921182
35031564254245241680183308300440358546973260250561841033759069292794182160814, 71475527754822626928952442548715866542768381801786709193370980613622954160903
48139930598650889664467253129152354784230247923770107520217650502783085015165, 3347205472986191029861141135529048328180521369564167843621239442089196401130
27089477005535271580275747836935629513650021257984236490795731789647433349851, 1139858285996334385714148936024368093910669726007775478378441348841353528586
61592016274434568207822073269812871244828895835146842967254610762978170353275, 31776509646607250058561394957959764621268265995956920545551876135293826139098
22004248055820531197875067263841385984475116923141468775871250239021415135485, 18079059655547007979362732243344085838877068059326251807748822614664319619120
93527464613918043934298195108031773258907887627345602939522943943771445919, 51395631106589304151786259412457031879324771264540973239171837390595172223695
23665690074272062552824677364035731203363157066658288395622007686707052980882, 9570243982688951744512632782991644798618083893854213163684764752380714602120
40731462822634968766404368745128244417023021484609554041369105553426672672864, 26607667139478203345138113239462351188510551607291863382713018385358039391426
7557247885208567240670947794049488254909374841912668201500501185255142810602, 63997912088281086481066541963828484048163885573286254499381717867915939599856
32896679212574402021170254727799333845525409752935602795022179560239804779357, 22536978950771539331063255411233656761077059632644137109943899307505063146272
50217706815074297415600384034410845801095092655874637557558698444223244774345, 41416675260000602249020787881080089611500217921691612553395528083994165117549
45115088099263434815386590269825772722638196098409364202363696739287845400636, 62823934708430051440151022744383514198479764478498929209042430780121416010575
36564215982576962655927680965272839886955039719256566963780254018676409374687, 46447905922932600129308490166924065506951028904676361934096740438367502670656
59199700692303656499313210539149811817209371497690773671798130957497872726801, 49275307670833489098964741328103243553936702450912035447117152768666503994445
65033754513580312178950676959236195529630526076513491034955120801644486046007, 3150893887487126873547931972761450017639093526585796318764538827697160933269
50400429629059695335502465654820253258415280383825935386529932049170509829993, 16611751955094587458408191334757123347025961715657082477772156028146562055370
21368726482794021709928832793724434519521602107744638053415882836276251313582, 40914643937703794517346552778947363485358660194779365071217642620764244190615
39599186724203246398409938342247216928868621059531683559636524926260388705521, 38580536869453510762220558332576349957718547570740322453838276678233566888088
67366913417787360249202852524696654216772069130398173120890158337499072868048, 26207251101185995963654305042319465884807364607575182813739473614831386427002
17502131635504554408231516412715637250784384344941280545310926348527732772806, 7757374859422172259059681360807250893971694682746706917682591411595086395558
13087920140373776358624926732549309172775592765947253850621281503772020360908, 69212081891430042787290030295769787229907778178492476284856301406275742333556
74554750746102179009301044263073460098379030028946281898917249072957111550605, 73067551780117642687176558954048859932488927554053097510313453470875386175948
46380613271575486532805569895025745759533211592078124408767193069141939636885, 7030607255745894808909086020973015227447209477489996702959872761342218485955
12783528167691598143434015905315571666143815521714308785093942739410189498900, 13513439771454765564539923126320065393370054563351389254336943739028081371801
1267396039579679871689186964020226202731036148954892143281857568145686903181, 54298149266182870233844823293667097205693454989746521738584770207199079999139
9037787101946850749332813090155446874770959097529461333543267704026849503823, 32338924754372164729153745627978030455953882543732026153430265874800529583010
29978445846822173524760429623252738121679764125677292081459970991533069944205, 63257357790994806629823126649602575397044634773769536062110224358207286116939
11046444753866232209913871674949821237014857126521321708207109912289907434824, 56984351903843843996032746552231631776997168145437490689310055609967215721601
61613207522212635044788313118941570896283883322219033302454026599651382008180, 63653938428539523730695043147523672581329045885934297771074752276207581174801
15226615019155241446731329485038783239912942145017865323097058813696980887760, 63504440936290370686499053304360998190891283475735275672642954956801610884256
46776847677622889687241704803749658153721834467397845646811134119639173427705, 69937442083927594461940873770685457298408419324038481298452259528717978842038
44631185492549490599244175377919369387194648618240486281259111727369589448109, 45171345671811853028958231901953037196080436162757598269159677186304167303145
46880333205861954706875780606627928378292969304940513970651973944390678900852, 66105879590157215933562316178356765653520969507949586805181511361851192620797
40116613408064133973753852175982623122797004105364578471527901290756757752024, 9695611092604242711573702379174372832896537257654372317399017961546050714987
30397412190038014239021319482992598963993330683463866115299166960622060296634, 52547034515806651478191648426679831837822212981519273736574003853806220087626
10696842623348902720210287722527921339746210751033223536059387222526107485317, 19880025072273274645379708566446882019898799997810716633463768764277883446776
66174172545658297817873216048229735107415163550321721908076946770642429926274, 41736043268212557595772770170920043072609183334174148392477915736096458058
69291235317462027504762670054911472506164658303713084326029860938042951249884, 17353894345274111639865002392494739373173811942349945943602132560472967440080
55247218126214668254778840024440280773935575733814545731818675291021515880072, 23963369934959774230482174392032359566319748532527007045308600280861217856355
64135638364545912884997463682681650297322346057075325575983945757447830339832, 13847890365442536543149757539339579609031266275748320390836421175167471474547
75820065269210476481166015002679581382991238047017323535145499568376326848049, 6935080130839217161141380795034449175690982767276525572596476798006831122741
61061170812031590433995989660501942519813212646836335635163735207136746773243, 12357637802300810742596467551366323139426299654328148986411659836403806750416
65224064833458611705945745194243194957723813748112086123644170354884683421680, 50316909981879246119398079407255253642890712523706554984011163630315639744656
43824964968112858755106435567980223754749080254657501481892042039896985268213, 41473984580330329106411078482957704257972446401982364450590923000411045496449
24766698145641680144386434469771645872251205889261778835063482479848260055021, 70219777763179754951001413663977006832640014509605895615070873954164634992035
36234178912301913610245460915706231083664481726729788744147672919721770307357, 16633190631910126829457464305400456907936048364698775106140177834943592944462
61518199818012559782265797919357546827532646523083399264241942576663529151794, 37803241327755646761108037128092895607173817355348840732708473780472050990318
6156029951659457838337437472275185661614907303876816527898649263248370477472, 13629252792910511638389478670692387886015684360638942758317563028514576190759
46794851893417043394617544007901613124143089558854154656228905608848041483831, 54891846501605340453998515972438956086398518067009397907872217857544478741377
7745169176806804369428140548408975769760721515463382131475450471100382904743, 53406750663082938966614792758153828697038329294146635196873024795196579873064
55974344417564445789793183648256398774848561532031538094188183114693657297372, 5293401875202069199359268558726177175507254217243584581724768688302674939552
18626288774633231916030971325377332710475144668713612730275189504034048294951, 39884075333950312154395042550927665275248285388088866237624610904793664270130
4055634013509571329592579647919157193521932679823466637568329889675852726154, 49039193265340541622991721145846709848922832431821274214723521849077527360635
21726778780852148257735807097762537424018875416955563301276563602343021823716, 5773209701399013187940859652164384644944067673769965033218060154820475279102
73134916643192207647590117848889927055407946351840591199340794346619074222351, 48719602749151436688165485646563151767178343866033644671935634465699061965943
20967188982168645028891469429576339618396012346963044111557021491202141505933, 5270838959652062122138680180342581955554104897860749747122765996010425366829
40799101703458227546952034504618214089015973758330005774529138454706976565505, 39242940311552639908350012900180774103546126574718688687153916562152473652219
8878523854774236380024587957747223611045053493083969902342489881237874568607, 71087347713659184438484391098747010956337316111085100644071386756396192441883
34034913136803779285369246737643996039880786078778129760762403150151299519287, 14357325331836652555610413571570337972781665409099334569951764841663118526958
21829479741397894673005508444472647067760700107128811265061435805186039425435, 20204429157559677186263933936836087800693081499279262809770220787165265942707
67469404319271812810700812130373213718842481261715536237901608680584227145672, 25734338692979421971158870074288037963707954116823779200571496680592440842670
7839765611347539306463965445767764238908918019493770976910597009760811846646, 40232587375739739919612463004736368467739188240429310496953353503449331318240
76011974267271211524791200386102539852544202873286890738711019891161332361962, 44954106373769396614072096790641910847224608474859732337061547893340701082283
62839211223647834097413052681086113168343267441900037293221653369729678409803, 46936331206603257593227018774954635336713933718188546689532781240693170705844
6957270810938535634455989239305508387046772349953369632326712038312939221559, 22017666090188294118040644140410301574450831028970349217707684393817458233581
21250985901671566091935534418280034919891243171864277474053905173474196266184, 43837306480502722774097214278574425798126358094759462907048546339991513215114
48943050930807685051769943589969188645696623478664472183104798350568958175960, 8577556105895565764005051791336214378886924817668616382635439758909788798989
43141495469337273042964435946052834091038100963142458128993388894547216302880, 20097291724887961493687911085278451403050639270852816213841681380150185571910
48421767892093711370065513218209312825860007390360243928522535936067238809999, 6398480374118428128878648605001595351896582313752748599965587284488556255492
33462571234055755319125535337149847029761785463191064169488506689509587290239, 34714268324687867663187883399464800613063732792900167434740147813179118637835
13301214853417255059571147836257045715456330602204907482318319529404501965348, 57171251662072533950174613750191536591293810217409674606327808618465398481969
3278147973567784823045327062335668824790032470304323165052314568444877781101, 29679710719215479465218313890591816556767961956717257097850866284695396149713
25445574662771970496576501970981586513456185232061018082136187210319569389540, 20936124965459901963254658199647825236317530438839427231470252769620288110770
40736198098633755624702511204570406966544341936857639098348702366638197920619, 40970749122122490681549163133724880418041941917557238552979022280951927053372
16971631104113724200796495660044905690922489633000912562005887465590736883951, 28407487757311441779293269486580923652196601229101718229277637196540025744560
59691059502903123994202852191756443014449304554572377492835107405935676687463, 62079926389776673652160865296192028664631481717830895788862224615058333567604
15136755933472624205720511854871454188465731394769888442453438693015932376037, 69476110498259112570644281806594521330702481677939762499489523395721430708896
54954284883722756651040654053284649056494573260312471520582870276105615926542, 16507108964808815396086156471269246757394151637576763798452615881404705127208
5159716593128408059495183434858590707246737021262290546883385050739897539587, 50573463271097619085724893300101416198073566143399050704557926072789846393620
74893532406213371584005311965043846462018143406239171776423188159358015964511, 43859392028834611699824866550699967104581250403055396148331708802446640365695
53216274582975139121337045839896024078440744540406017451790660966914441901593, 47137127119457954208748989988998094973863065585737926001863225946909298759285
7331679606244106735057039433861971216507907742275237244826620861042328325207, 68555117021122992676053635819432754232824698268702301176114160550594064215275
33722697545753289145139593336472821587463988578035938472745222044231238986669, 23576182358148234036552795254117435902673800788658367258910302948378969818310
62215034480634019700612552680349928986080173352280891016744999962101466759372, 51254013464884637810810544813099990058382995559003220442841171901069645911501
6410459395614205001090597675823386220329584405985995838177568412601033487716, 32758793906418231668888589273678682025346427197891486092066634944405728576973
16248743723119239704754754530193176635190967481822280853800227466869044411024, 44151038047383163428118099591142409622568341714328941389005267090823906813268
50052038345272298359245314960665474745274912996805211413538787336184718062132, 68795151819182134543846630172892321667103130499205566112662166763182271863356
1174738038897978879164972089952788091422435008955310995697394948071595025133, 71097379650239461973907045246500780205782861749819478439564797279084482407509
25590513099547277387735004745744048625566513462035606463473079316770040518429, 62654023054690747836450349657766167190039808653911631147280635291124078962115
47435718385189047943159417731438537239133274569455483070319302528292657712525, 31116472500910171782360076912979561866875909160955118848247219406002154098239
30872266875919663537915634150384672410254199202439507960354116885451448266466, 61032743059834774415244356142353558941068439816490196830582205787279555171128
58899792540795255768074872225946623821474504569043357430039054425851039805931, 3368911452751538561731424106670294021305459364858925109138986025462075488014
71265817494439491595558545069026330473341394421203124736902840732963133363970, 65497310772968654304940921367099273650728283856412988375767495800511463775242
51940713515349966140303389500641023634425592461753267643786457609831627503182, 41128084671879577287641031339951331103508207595144907597029910774188989690357
68734174429347757384521890236919901553039192018753118031051601075122552654646, 48322679074234297957954308056228630955117963733439390233988075534309027316605
9813585585477632794032106968843899571385526447225307128295671198354478706294, 22482818875731306261560691908062743395541914121697724613648959334003725230687
29045934279729970889689919337243510356415853458141352021313514699416211549408, 20347097192134861367596923595262742386790586263837463935182785035460958911398
73710498523721611488297946336306860840417586722572322395681060835409209101301, 3343040926621032635885638183554702108780827110836541436849366933628354423118
44903231621823189391608246305801490285059788067413978858425477805580644879592, 62304385300823251237592180617140230795627757718750314573446022306509939149693
4417906915157824423867651294882764695876781503286373486531343734815367685410, 57767579705761639050790032063684320461282278092486591478833535882577692745252
16424064422662646133658548546098476455770995321991297014041833019812719386879, 13316687730449610131006796252985071547084606790733094080948322996613645061510
10742868029064799438628062586448881972583571350302562634794177964730030434388, 32406851674566882383413049190318339785679171444301902468458418451895152245420
867997347251664476392895918551926221551699872205669622543392727184041687574, 10640935066868060623074209963715575944992734910671138462328556691060381589007
21395305176851621303767950672918619354006998412480163134911055650869458465048, 11179012014561922843865691811186328640270177497157432085354425987211528286934
43379716295433930201212651610001069657131528006940565999965837132615345789892, 43184769892508560564665034745015708440702318464301967105365558461180450274108
9570668276825622636380457481024879706091233279129723235058548566748050017548, 53845587212022578518365840466528790601672573120022659952314405782747013558364
42875850720743773404365390931093381628900550275956505966007804655510070925980, 25685172811608571777276763936325052423500465983715157727226672952408208855733
30321772183391681590597324414570613694341335234882307458228389684051246216859, 61200986325854295954611839110872831783669557814514788415603115058719272030043
7219860399388805449495312373116747690942382131799761690391690279520738955318, 74781486392069828253284761397529884431045398533125795803508928424817531629269
25533675033939619412248082331622427200413780173431353515233439645319756962192, 33139120788743458627242068620921744536865299536883384596571868126320934154207
51009530442890904365537241876767560463488129616503479269737230077215395899916, 45383568521520507455236019347458513525403158770104340645682999191473814066806
64899538789103657045354970057962275372789579620632254566883104954330737540859, 4129642100312055425299570117635059706228361651244607451100055319938082028795
11000048758309411080605568386509640190603259514931545091862759323805435518153, 55036919639717223950501871613076022658589567897254344330696599967222283633456
37092033810332975286235803228248233893486102192861397114855069099359838294456, 15780412982730813776757883927756863975844521676306390279021722231280988455590
34975261732923420724131458744152320661804784233530458245841754213791892689650, 41485512416491369571210279437373671831108345123484472907565589919637010730404
1040607965087984283187753378964647075381100740992098947521084543539469488135, 16755495793864462810105318814239659964913225103755858237487597071816288756198
64656892138234041111311340085785933059088979284790902316720445447167434420081, 20484431630561579189611779593267506396626733558617106707364567242040219333663
29233364967706513448878366818824584189742710846189460674009062733790559077510, 22125377149187285907602275070923478683595895640188302174442034840901346184844
25895983053623561985790301029081500803583365180587157267423704211677456390631, 66158840126912340231548508310592882959973950362897559784497688610290255761470
54436767815050488745951170305010267852241760540704239563680943667624500940804, 3681678878859625693406115295528460769263207504119685431252442804595739832963
58961735992084837420224406727837558508949464659997693517956298931376757998067, 46088518847391633134184880793957693620844829162502740167365473813986981031650
56216047918835242083597214413963440402190120652466076431149658622818249058410, 24551084059003022163503182697769439658661988402881291222229558011574642381511
43006250239388210554480901572491432320946054068592963796684402234682467713733, 33702449933665947924780896355520182582601482621297457477916427540672405249577
62971398680590901234916309725143357704556111485240083937815378298155617462114, 44474799358051917174197658100795527960864497453433822722695131441623956892974
60677424191431776625599842338894565596108670753300974102131842178504285633203, 3668179764504884511472473200503162671640629878890991332316989358379858686480
38859045852417519726746330480599268688474003518724646139891155185102732435191, 9877728293579314503240888731618230830597317550187876723540272351493025582294
55921777861158930334991725578811229629871141232236100571489371671886182470787, 36108600357125698123425160637935521030343824282483283966479344329266328348860
33719174384402046499449563024846915562578735926995412917679923059399104777334, 49045891264596041785559836408353448684941507818960391021213302558250149166774
75302133386225256834596775461962239778501234107237891784635055054482394382761, 76215339644462510893516077966112209769445383742309574722261080719230638677533
2195269376122902490862396577403224315543077477842031329936476286964197952294, 6119318803626325007779625210011081309279174151362162355464937063439684433738
30582089209821909758050890744063020953279807858273243391930117697868104409674, 8706169706020035798811093095630770989244490676523006739570399722026653381245
29868444130054764159648302711867660284839947020440120878670572644617627880602, 63867422031593039125522328437474127250058011910107394340499701245876786553484
36216364219803782600796446327348236817451212609003418673195967732437507567193, 46271389531080770579859432882883598812668810865429660862198247536777676311798
39118489688972440035822201443367736941219019918989068635247614427714666222301, 73583653326297283173937511095285869064315521780287807490167249043229591227950
44718558247899763541592212729348215674448861727375829322257628191595681781702, 6956109375744122029755858341479651483504570039371464847179338665198409457271
19182113944412482845577329204392420081724023241178550101645805255629469314097, 3516958046241090234673186757807121206133097079996251408940815733060919153856
35276416132017112162491877837868878643867880088337827359741769358989275872895, 9503636984906377720616120111888344064130352310907652744500634597817999118420
47274013646168811022797467986127916257084907480806417412916693287034664878751, 33815981878027141126814906759033563109035921250167194448131782265101074566271
39812385384743586117828077796096984680424979469200677888459666316912484776752, 28368043420006215418948361230522940754257818052791766105479368666494866363480
39430671168178951770804468090306333589457745410624565840143277095911803492902, 13751711069407282079226022410342259447940966381559662505399531589336772147509
10969605420724383563661231791063226001667625988770783771767814382776082493199, 38596930096331901957696277669304228632504144864508401041148700080462408121838
891878146413476232137094085310570035177486391254603598380303530545756409501, 38152105679585580779152108446410006221002974037018445856144284394240665781609
46041617219057588098400177234507868861907675077031610762180782612026318899408, 76075490267591442917841833668052543964788499140585643883436211504964590105837
65551283638344110566059848159408506902518660072527534895007026844870635737727, 30886140569155669966265078559345986051768001031284626577997350440251995295261
60309732692775055207291895415124378018063605639306998450605786615153778515590, 18575454467465574939299559113076569767534973634433186567796371569126416870488
32154005592025857433186261397592948064876049427743168669858177015678174809036, 60138784796941617554399678606203309773913312811372147982096682796451911698002
48182685955225549145946359165252322353814639000635027444270016941380706086963, 17712550751468282424865741882681402957896563681912671597483903279729171334069
33041663344832414424887311301883132516231949991762055101391432168056591747019, 67725468690878144692405875600933650635454972691918839423656693431990485181686
40726333236313453933342911812368889488416232585158807114601877495312289506535, 22118745632838426602591315780886275035721616954933999137941473906401969011209
68900615807029149266621528152962548716108606212357294335981124520237513844754, 59740510130374250456034295651556204358882112084382348217462247544455801450928
64042666131554479334927412804444991367985784224627700038420439998124286705055, 21818883405718598858703249045468221285837125870513141814851830537138145026913
2956152443775618003544750472437317461908408929557780391488399221735420581827, 9754226745008863974142329179881962408628755342070697951213068265871150753361
23541054221986948891049703455641414615893733191592755583460328996962743125868, 65222915034295109899285562651348439636253443604259095256272154980094000516690
68022658278252317516813584707341141798958001378124446335388949075939409661011, 13062707518332012210196734389905946494976098586631037717720641702735835434841
65566789090521530772136738157257347344165261468217680347154857486603952838185, 11900827643393384987774149546142018931418881783852129552281441411102170697035
50206749170874722628782352584228934300975939485371630593145758778488963153148, 4753026567196996638034948975993615426770301756038983554924398575771803576113
71663607901356693365845238733516193388604482421811021706193734602678704378496, 25090226915342320083732583023311652667313420034518755428205962993359984159281
73154977114712904218999329733030273793590012133515393068584454892915539864452, 72992393347327782023927045388083753624660561864253182958517235703603163021473
34511193046311787012557989203094207031529311393662743914695739924444339947233, 67828871841069347660725838484667926378758573324034114508738944798444513029372
68892725963912718924140370026962355891310643104708565770389458233939454252598, 3956845037771499791294406772010771956977627346832286440465632035722669678647
54009825470466933494535091932381454896322415544929876761733573275695219333162, 40573052790837298434553329742254185288345377877128786747993653141261530237552
32724643207609653740853694355998316914259971882733583196664326226442358845677, 2964136753724032372776327832138461857314543871248352072910346531538696516829
15399160842024477800990120984804372559690757866487994475891023884131660262266, 9063808591483629956798057339803569391169019769399363113550620523488797593970
52332537977260123837265717065125582229730995946911419262793552017091064444991, 65230963388614149961106752196303536553485355346448060564087378666725312691507
71921542223167164325645409244661080776228216260372700917667268164900410706756, 69448443042329916730259144369813054735781078612584518293474537242872159813566
37810770174969077416332982700616345764216997813906782472709586858695898489104, 44748608526840914220626511428975545838161317059204906059618551038989301310215
75732644615999407775261607102717451736430335637574345669920629049197783222191, 54561968630512428942493862372074436441194933994857055712635883976344615557328
17253961167704737712426101621637175001468631433257822322253304320686955518399, 40438061748103350190630253333937372872844943020581536974176888721365138564035
3665560177794359399351012194879675116560375157342678786338052447641768630257, 16208543174703761836780066869681477476866271170051336701110441841903091982741
24379985930278942158953408515597675511423724304188139458697764973535917629362, 38943949947204414063891067197182142656084685508766381692690585086882617963091
41362965087229050234388509857048710484528302137962588672263587457164389538024, 22709586141033720142971907504399724063317852859150126593678628729285410174682
7302674558140766378637093158017186578167083095577558545241130305240258571566, 76744133000330932400221877871655830488373592382854695145442275165435733253263
39552371530801660099709432993287528129595096001326342599092349944120910151679, 12396168199238958274285646678001729355319180410478988469913770321111749257422
55617227660223757983011182186070620646424431979352863238149466357269082176531, 4181143769062973215761545487934607354119875032071773024238797538586271538096
74050997581070834188123028729956246669309190866928240280950528676143214198693, 63250440154414455653239877198692352412657672290895705708766636055159726090571
11352969480482915991583281102377657827459876622314465991450383254589589448758, 7332306844503988254451080152806930094812899603525997578551355239098822898079
49968920965465064294453140602552427628862461368724406943868478303769867719670, 6544461778030516757800525124562311506942704480618061240412439129481146283573
17653910362325480084496327673879761705099659064304822555147842649052137190206, 16604647593449460068812634967101755492021896443498849611369940962304637120987
2644146135184591690811848921025039262459377259573406531321699743832595527549, 72344450109719204157121179414513092956811390470425826847526746779569112698230
61373237139097015674929099134824415587422008890179395738853587282155672692585, 67448980402985281924464762820607269245666477313804330449995782602245534748209
39400803267975001245016630516359167948732677446224118905287035555968524678801, 68111099698674690355133991105477121917469944419783367429761980353902428753213
72188493031492135306303391940615382733423265136751683303435017354127481028476, 21401592008992756353479617405572352353183454903536930281890102069689948345066
11642575782222761136198087025751414570125191774112737636477140502851801474997, 43076851306847845428734441182978626237807151773591634786707398893464907787126
14186789899686960035254139449178190946389312806939393194613013197832198761467, 17523723171262352917778435431947367326746466679524194679697117263720855697175
37052994426666271862422842633489767138676961373440835506492968020994277849627, 61642723029736374541579000089324775926684007500226770501779972724651669601576
37560780718508498744497342458434276224293516759482009432175681305286640878450, 20261364182170016298752307636957904313337025747646875028990965044426754533023
31209090814896782910782266297280479223427710409635030250959033551868526600728, 17818081668948025080069812766028298234397015411796459756259728074325612865941
5591781188190075086944997313493456566342861477957800298913169471842916588031, 24594695182280402519911060133962759972759166201006696938939048873562599436447
34866633208545056949812903480434709871301349173015529331634028031791070961226, 38093508160726326459091953230634669129771547441379157794338734757801686094069
53056724215888339048925213940816963156770972902740755006378326462142602850595, 36619648747055249840530645703993320660251884894147882167179268629409300384096
2779572116541431791791690754708935871482979760025700282352054509379131758955, 64223458586352150137279815511249795286259713247088776265458855221993289811686
53855633245044050154611441227485813852411495214225809281511728587464203309622, 39277626227019953081503016921603506642983792780151322944439096640455877317591
1700134653139036391096009692358803488781129774221803515054106674017838435790, 6592606977080159084225486733524601125301927074861918599699413077552545956741
64174738984453400270343212915178518961504456168407890685760331163420341969794, 73869206357134806566860145609257045328515985393657759937516754172855223298480
57318801337180337927517518526195925761600334501884947826639206230950243311334, 25260116865942023001129826414075678753612139318815144603468959263533214913245
9735189233583642880437780424985296575359290567555062005762252225912466930930, 8617213514849654672950179117109958275156590316440721203011019289156693949302
4295031848478295010868959943662832905300552958303580891680649552437875388265, 14891139629687245534076714407470998634761690938695508749371455271097532114632
48998017854082905191742602038380821655869420291499250815344864736732869034209, 66498957645436811591206580581505872495589234151546119502719363088901429558141
68296398886396894483573677116469699887929782013095448877919768430525969917789, 2854062642897297001427265879546006684514037738982005196498776812140478607158
9502338773763634574337048691678749667241856026029163851425569800216191437456, 9750786341846264111722249782535293720475890227380228198220634525606803553828
61997444936071441606549721435371203761201990195966920685157779984771935574821, 55993015850175397326946280206394952110865285967911630966672388412018736903442
57915044663957431050073980068289386087145895933702530635118469688620951048088, 47011805328262637866228853332627231999651422327406782252410216903392536899963
1680666147309665000951453601981403134422853163118913205980075495239389640617, 53183389069001123849132655465222094954530883135428916696077833650918206291650
49738769587901290508536124707954889716806681755722752974818466023703303273052, 61954642153052591341156856321370120238835434667541418543712626306375805330415
65620553089927985204458219082068141404251701897681988805441538646411759761011, 1472471470435280757004257659138627137569798426966677940134847354527815862438
2710974555185978167446066761828474122140333334971656513258865664343761512869, 51113219109118801789579589519945448233855816433577759162485811640593782782028
5316308880184055103648388383657548507214188202224314029285214357068679049130, 14362325286582057616201867509009032974971441741783427982065322991841106862941
72516549716891513228015867533868644513669800026125552994646299984348906793361, 66951636574270787210002177998302466388109983950902836775623170608336810147027
52325471703751571408452329161148824029117118348169694291798907752421949090981, 40161749638869584913498501107162515978133503440702452885037917623652883746088
69126415572365387363421598741742450710916779447863785795982856630982182528539, 36742864082134418986204851733812434708074454352550554512605696049796939255751
7461892882553272114276517129871040205783301448936025752803638795481591182912, 19397089721672933463100416589221378364030087380886805110981006872200210683047
76497544167332300941589109661219433559327836612467593218997908936822644279948, 17393214293886369786895330400732110891208629906102797550247182951408096618914
53767233149880380764043714849236936143922814800315412837366708717534564708267, 11505157287213501870520473484628421783425218548247389261664691869504931265348
38044832524451729524597645503052007824572933403525965685615831610162297522071, 12968582652903990905438536805570832874309436453824816258891475481887459418483
14127252760067584231013246647473294728844046425659616635580406115313833201226, 19706942188048544280177127759822698940569973597501216741942204256587940689393
10700810551333229109940102899153729189689448580567653535766781389681936627646, 17445906277432975135672963250472603852409606703235961631070946095476457394534
65052949861650177186798533108744241257868679390183096808111625643188176436077, 23915075597161415589535323888371247119023328533692731980500010007543573487942
19440223789008662844520984630932654228537962347638531295314494467016857923310, 46387247454885724697496920704083099451686220469023256375115504902761120255052
15732152741369423136034270490571474747125608971404167137840678848667568549055, 64651572371887727821889022848745226717734852663799634137614410001986041673579
43218862158361809068745545433854494215213742632502459169880841647448289371675, 6146625262805461068529078074583694198643640793821328661889377692787272708172
25388014151839507140308124168580903429656865151948670682341517463800710377308, 15022584412330396715284609262550835006997910591292952716830118128688682696777
32042841898291401034173813814271746701558776018636484984040940168955640686530, 7755979409065398892618270727478699359243280314887715330227230766556622976604
33461174779537709286620186984051913456326830791386524210407129337768201476335, 28848171930125575113601718362851518820450552169993787255517194284028832067375
13054879300038869578290908422332572988400120732728558471762913180480912493578, 68516123057811050650911616563074447863038689000408326207832197853280528255160
6064249323334633859043179678782491475360769178017561622457586945815981932652, 30751898654156139209344110535390055965601239770831571157799819522045251032712
29622635064005389947581611669526789433261381553548826038641348465712225057742, 69521647396232573287482383170787074709354410417303322562490723773152470761176
68145159776148538736972836207636426841968745544851148459882526847428230615358, 43362045468416063917249789447271123526680007243500329986507129529813785229591
38788520891158543204433546269602968750782818706286300565835680988706096873577, 64288916169883242667774197683146356094624197501187338248961424989943904489169
65572306074147550642274678719396652116075880817922990350700726543568567040255, 69323227558704762241415782417798279100949938862044795974422671248031182810610
28540701752572509635964926134197031522710071513260773227372747946345269989596, 41802570236980789378677815791511746478957527887382533679927952692444089438124
3132920596174609711542129467228612070830042098486747401262124652764324149819, 42882869139919345739394814550173180631408406994948814515666337449146950404420
60704734233250957126343106813142319873508016313745324966720915957666684606827, 29530865012139947673466199364511335205798002508091442541910253945150847367801
56791849626977733214155745620436507801142203407677465766829961405865425446139, 3353685791098781692572819076293311522379236281736214513634166441371160294160
10684162873512583103515531854655525432904356041920800304208394489354275958228, 72947034496161712257197680549520815863759067468188733047969072937366871077608
21458103277911478926030827350388983145237284333796342348635621390934618993933, 35052428597182811593337282176480894794975027747023806468226181787324646879381
52918306337335259964656144395723349499303489442985708530809483501250733221682, 42482926101546638054371770783795853596913545541318107086570549736865742543479
8545010139364229247264639152463097028084701694660577287876702975028471836973, 15460340309980105087591907891963293941001871409277432986512405032832368414230
33418865984028952915783708616828768216768895243638440362611078097703874586898, 31025757997618360593087229524307590444877793332764660963985398592890385339298
29987962459876411530542905607955758572642074542361202011572160242217092292867, 40855701127715637962330404582928397834408496454151797211159440327912861124137
52123758742310641896529152614642964243451451112257733093548268672115289848270, 25511678314910870479282406858568311634526226851776189186889764574872502569723
64699083856025165254448205062701165715006124064564884829413680719364612233508, 34292911690686788504408810203918095202451185431714220476418365995527622532540
24919776824206672160053237962968837700816037284073297188218398137405469706315, 7264681595025144757698820117031749403456848131546962018381708545447250380798
37006742131634859547126321728711853212058713292374615614636642921766973221152, 695000268349749960658328491239676710829294300592808824349654955235791544065
30024208545589639949836476716905067447360540288025367690093879583385649508851, 51592497052944451748646351714067572461568130562338461763822687559616675446013
5962456277279337470270797124120364018844405554472532450850523957654940786131, 76083772329968772980171090129408522322178120149701268144976344449699844603275
13081980005076439639213684796344349835565941701188479138700654129498104146752, 10661734766817730189394243965550927786223631382076890687984864933503364512304
64576744353160165551751226768508767241333534395040640035915833523476418173941, 25467723971634130523106968569381197215576393940793791719307908855563282704427
51544976311700400872617191131418117521196020089304559304772138299054256278826, 46172789468606035814505957611346214438207955916289521638158856656765037608614
49284294256574547649211884646796498991419678768815823698666990083660948677253, 41573131853557430173140821315398420344018828130891017977154903211693844087401
19954271205672582485128905049817750059823749155416535593823478867320988207553, 57403474465142719263790241408805778735743449022597958752927407178182854881030
75985681612612460008143782500989011837799892905185126006475075977504957338955, 40315592705945347565955884299932706047672485366335341255415292040560867040017
73393377254655930233948869536014335304162641286573086743080920054469767387413, 26744140254500474239452775341824599554362222776724013025167053081678871495668
61429752013939449883507337174253873513485294858540292461199120549846343139991, 34020621780716087773956630526163419851949481969916692672457664957863008708350
21066371317284713438252189542200462759161936393587181756200671797433769108921, 7986853626358456807400440107140072130931109924723539400347381520742419068613
19012528354302547895888468152729270829595842502737796686572290332311870672427, 40808697932447738215918139986368201667079506812710874806008147373603943940721
44235787292397301035682393766985170450916206874180332545371199462729520789150, 37907399349168696371091042685579262523521288526076019879599132364954403943291
26463681835581944227063232464344784913173223594189527416811894922726508540024, 41093859581084454334186875559074825955252870965858574182611051793791987595656
9978308113247751798187902347381277752431820833996994575338607910186372079276, 42814019226137507145665142263824656076286972914964194256469615722296138649231
50931676088015270591551866734675317052100116181481108377848160043936161914546, 34478875507797774835500560111199769604693923397646988074759862404632356174282
3139727379069030100211106799335260173542541567613127336639821275275666791005, 4614729810371806891868322564774412747463509446812619961337426489670089415616
59316794249801071020616999672869937689613870809885384118987897576541764616911, 23129604314070539648310705442469203748098444091657685444483610724573112326103
21278919540374512769380603245071426712742194448032357860960470583167300733591, 39417864722860436953035911208404594034580957894678008911979150962754219099036
60517143902211520188749894194997553016566238934794861315324265384203422034412, 25113388645033804869241273682849642182997054050389654388835575900037287255342
9776910400202034555036760020553105520204811867525902106797589050562700698891, 18713915976750764254139151066617536247781557874131534027547865152076239303676
15767493027933802568674309590268536567388289447834567307276440102513675124941, 5852374563869800789559798872750396362934022468019088300114815651036361536284
8634389400700366584657735602102816559871722514094683908223358321687950392055, 21941711276716076028985672203649501659760935593231234024234424710225531670825
43840815416880535120588037008799491018713371982430908080230371315243777742202, 900986186542637947047877035365627689516123157974394175094464348228098749500
71152880575794850159172431585409914117678285484176703140640077184388042404785, 65204790251724474907030863558965394226657865042405402349732297502233897176055
10509200084683310964581985160722426700766701747115397685328755568297705197338, 54204996301907398891673631656560615771016263633644259702233537688181448306353
54903809152695274613940012899478386780359235718685814898901939279416075076390, 76826573410194801184900881878381581457727754210816445251928009041813009826842
35633330814240445370464922366674290724795145554293697944017963603556113965878, 24911516441040579884126819240164128682433473709343605219584516139273754311834
53371913339407172374628416383193764933332849443109585665427300347841922230972, 23046960714568743427998382986320807289233889775751359832135869595339911562410
66865177765852660698115231624336648288219176648318292921251947199366328946293, 5722699507983085759688691151386719898791336386479406234478962408401130106908
59802308050423485726449588107290284530829104162630072463049866338828616743909, 37246930899612239539611608124412483095572066232275394043418328204473191752874
16136609372280697369337686906970314926106236754473559609254208332155872450820, 9877558728280199332299905856701792130088792866645085848720538671489831257008
37591698693040876917850775811506632792155586105809149573617765855675049858105, 10627507663382202462357227429711430791493028138484025014507195425815195937491
63818586028571039320180431846209788338663112286578239247362093823010042617826, 12993114173803189808449887917161518173873913834682216507426890228016113918054
12018083611265524949485173344310196520775876284203938906140178728749651765305, 66733390573721604507193999480699105512379728969951416057161732421468842277466
58469968992235238145148183141316091416348206891196146613875131692743166857554, 19551456359005360250087350992065682635182139152125757102235836477298534831719
34270759827573777488180668937556458170254529731273407929118068165325472097775, 40135706285500179740845725039415192338049306768334912658589262282651682760030
25079081865136310988639393649287187261970186820663690356697447293751289848351, 2096311853296011374118217874873716004082185718271480846157888135985545383827
42324956160178604517798568858281716895132870758204158699140784335680731071588, 60015746959786580205775601557423266391729837052602961135761195705185544485096
72207460878393954447934904084375246265343245874703592771149466699723397547227, 20526266919784238586653915756212491713957931026487670004933006016764109306928
22099679130130694834588018875636316249261736321950344141664024680407006739830, 16618218626840892545361793449224685887117747619612475484273419565873324420079
49936230117394603360579572345797685937085380159097528799949647841651126562066, 15514858155526081010290123268378768309811818052632995949522587771113329595376
32424605465029986543563105234857205451412371469396075402926257630823392177734, 23599939321219348644618489133274491933710911399507617744868662410918685501509
61827459636500385011962314622542303579888527551097182726401476022875441670960, 74457812660504642702665212474049520126376806886043332629753438344956796857743
53683453109379909869012002448340977221328641454056914722560914178423654328697, 41176944931828749444376558244219806260893885502080524293222086071813909554438
14378489124159775419432197280267216270386529952490844864367517751165073564037, 75869941022658270840051173077210906505354199387307734124629350783931304142573
18038298521392653963452734590234550532221749721624504827351442782986525739730, 65625077672143117437761276606710616311389795552401160239132009947630073955119
12651530511784456298943489830579703408368207610494394724791046476144641941269, 5823170942973970506615073133162845094832959750169898266729001732965362861666
408113761007449349200070472091066854065201361247111945633662077868550564680, 19471530293162368843856152821848887451950246106390505713241380432532736513434
9452875248027271212814130661256899330581881202163997613558878164512613630106, 60464887413932470357764332201829281411151387273001954446033262310811444846660
42622943766460107023373092836428074386391032730600914560242455966446245813058, 66806438968949316456877045987921445182936073258795157611391723820956037658512
8173785759396204427951807461696015626546921198028317954169205278835542706376, 61313813887220540397758270347795182639985957509724263830306239157212828921186
16602102661382250184228706806236807472759585931664506642621022244395198334793, 71585439277601445487359625621131796264834195218861852939501897884379342228704
55287765026227370051667705457154785263216731895504143174473790566952221167548, 53766629868701857921918901172344636236160305602923942353361109518826855977682
27723413860800399163743379277456442673595299440825432808731212810995977630811, 41959426811926158899143679323883972358349082500902353522364452825191179918567
73212449168438610665041554175905206020644142542602235882373965758225085971031, 20509822990793114017864731781995982042295252554950460720076751554441466685088
18046616096204388208061499126488901966800001346033722871326819780756883136628, 72244722504216946880697149832067540790835574584145270381882489542814989174700
38806270225193846658259092174958032591090471345808242567111022894054332927052, 76820007974476315933420068031515509218398037409278919202985543569672898032908
74279492141966022809069512525777626193445093965611959253906493959150316523714, 40235880372109264446058858817314988887713687061775695518148307099760071124590
63255376039399242183359936972811894331348137541279662440616493289667538655327, 31860884277967740327670752264038352181572033041400374688832273290155993232405
1392034040188000218925862144431229843543655800059117203131334249467345902701, 49383388824378098279908977634424028137140819269481223267303509529610986732890
61905255732134044339270219469636669918285593223737167612161644466638968225807, 75111201587207188939485508950645007386566468907590800975736824683208650701527
40845992667978194100206530041027942839031477017906175273364839155605764503462, 9767136540808156758625208727908256366527976919921746464808235598844828043983
3439013659978867245874647501123572581225601154484473245995118162971950164685, 71882611383269536960258732606922940698617937652210061826948994289485059688257
69587664865458419453101397754472112358841118513908582753439496253745406008676, 7892869039121843697784451106197777599402004854830566920480442573993692609116
61619066264481198194586939221083897887603002074887465383659498127381340140529, 31636058285113327456292866534513294663782899005442909225892365564466777066636
34197361591190594194255976508967210383282871105071983360667498661243124423248, 75383330357191523167274660045430688869616753928334836022379909458461516951237
2674739173297417159115265972035527546109746715730574994641920014543041240697, 53156639544454205522750508184765210537847276391404377388294322688968558198267
57259965799271560893296026400061367870392034662097238772726143835113520828107, 43971663632354942001554419361737738199394962517709250351679056088548232610945
7969381720119299621289284966992065670611503519019286045661685206208234221140, 73599205105369332649804707563070091908498943213261607240127452668826719106259
26945538145873446183810665393158529509992719952561489004526898877787935793554, 70625297646826905023293022423229068390981990219396471371672542550519450865449
8762473706127194527031136182394422208782011009088337435739636208252482214812, 49075064045075724586306964258495793992060678732804735757486799258768109444654
28742787255514447996958767270566449423706389491578155181686620973457188916299, 13127219668778758370156305032205682344313548649000506190871051995228320108149
38239289509980223390976323465917995289603368646749785401567067207344192031469, 15533837425729986063105477851813777426321462712972575169100590323637308847753
38877578012004897342320670774374084478462725553271200495347036403592487613228, 42213771890409310428936159790694718834527488429402926585727283368438468413587
39866345102463444635162087077377665608175674130247931139902194327655636227501, 13835020111038192805754572228244624644961267508417607951106244780987341361039
42086176190949567404290452531528495991084072045181470159732601575666981712391, 66168704107220828859132192688055919187073924106389242386825720353899316262786
70198388461416201143722980438212461408606475120785498407078977292599999282479, 36920008942875014104072915750232006426776514664441439472025252400600178541113
23973157375761967666866925684410631098668382086856387451582795770418818421654, 65937580615014306207755379072348516055005564539872126735082728970598482713199
70920254377701583890949279577535424879410148367566812155341946796531169534884, 14311027862080360939802073014258269080038477323158959023627911036123396211440
12177259482578784485283756015679149085246487842005968371382612308158345971174, 42243551858761379984443401093565477600617277896745817802980494791925488019894
6687153853127377109330004795023757439626940285456264689013675193151805536998, 46350631472620116325178512412015946751790993355255188741600748963679671802641
13719206087600334983997779375724367950205307678580968117443143356653264085331, 4541499002895055736413673748383391790481743674025220268045450449184076233203
75889905980057450334363665858913885133383771149066125455158917327130484365771, 40761353991125002745591390617250175984878278162303025410825529969434115834810
53863192917842592718144463444972237160176512455588082380145540374705118307717, 19384812626580448157443107429248910650573845139967161916219957518901975889955
67134777351899609116878831252093049419412185238375418205396247231071996175249, 51616260488156782051812463752759540331837883862845530202097777246467762385291
25751454102311165564064580378830315289407795219507540630854849448513117717702, 12829654223672230488982032745413936466882181771533044286010268168430792393848
56003069450015027010229653762130837773956931071645663386557661409550352718790, 46451081819768095538712275912264162199549623396720432246487984037793762808035
60998369677235433883699200960748512165560011294819129593147041450184023889455, 552711215094764311057463524876490182876767231035084129891509611130283591978
7952633175341027367613275831742364599799222871130312138371469556303994741998, 26894401123464814109257443559630228199018451960157306367335342056459050352461
74521596972898818126097582409389309604726467984537608992087819989884625375786, 8071782271642288489056599848582474956159108633673159453835936438081450291918
59684580236214134884924701004086948653297761704702831627473632876358623960353, 58997557834090589346942442988199977308904797069770623225442016707528607034032
42654038062327926229615300382545724520293961895961745582687728044186368080475, 908072733211578393568303403321195637674440722512822894644003800967417594628
35234453347719673031344570488599273354853624684104730538227190818342899360042, 2020842770954451642215940407923575172787969588238165024473939992108374909911
39903807225777373679162627787296750163999808509995025868176471474470250025850, 36168883527021602876278723597456087986249200621108796110095520603600100217894
8084361655517320299189357429312348729058171572636475955477662736675788689402, 45633846736763173262971690770298222793496772252979167212878501654204610868188
55401423691240087814830982577057135996048525244057917807996523280250951646483, 66330261920806656067510466944776785952387214209351128427518275708093503545424
65119838729633880572900900468181466679706798464962017440293264811902608684097, 40897396749897228076091422922390583642992623374950967194121536987475384007771
3394520265034502244678026977316213194063231933885551843811505392473041887410, 60683666410226791400555968134695905408474245215408432689015304823310636345488
56084793256243942925336803759038995221700441554528470626705899429492804686228, 51466360944861481149595143238242172002118485996125850118995307676930424867792
66766047922766138165021734866111334070282327768156549165473641126774780478048, 15566504663100709315973428887334367533746308618415642464488775231930246519320
60979814426763595919094340328540996851893563084271333635382744336786756877111, 8997037489317235022497496423062427000162532089918883910540735515686600130700
53255534272807898257440893057199808477567020654996989190666233693632030003809, 17012779365982641054323489228639750350839702422748429565140536701189727452951
16564174196921619315745147558637686918155800926884739973121245554609366381236, 75186376623550007490380559121577306090067285528506303394050180656390443851071
31149046636025038113803941396701013091285837772899229444349846483778039828290, 32256062656066764619878089043893057157887282737863010894492260809297665989772
74703189927629452002773956618492240931942578795096335199388604167620249129950, 50292954669073537804731480908634900928616366202507189545752061091932107864245
26162920512129947089018662463984725587647863526805165218260598418698210139278, 45034641643921515125697707540653062213818683683444748106932575104654939186993
68767807052057259830460173317746261005669026387122067574914441659380624772349, 68129405668320735797227767353144935051230739786549603262943795820949420366730
48593448651958366773533110050573904648630755829370756977910380466663552898312, 11419671499073583966497580441817111085824409442016144957437832737739628822771
21074478639761275820673018886379776524726496376297041254188082981132491269814, 8382537296228486344452231895070619282192830896407103674223654063224268369034
31876483343948258998651133002883984411250820640791992292570615047104899181247, 6385010000119231261634541566327196511095283133307916121556235983789201269033
70558344066947013397336513786482249018794940730151566715193813213106427075645, 26915648384188515223612277277312493189302725043182371921225988244017957963691
59388210952727838906828281294342419950732433455749366653921923992616075381342, 50861498396511817726671134557963804936688664690229251590567640436387860211104
42985498447964044325311954821647920406092785233764992489288121100838657044992, 40303836615799455878077081915406144894484056829668019797590887903910445188535
44910621657296127000723757669946004968345843671875993224285227325182939495926, 55393130799819172088298391110258408325951029150300983275034193354764950401980
41240928114885686378302360700171217232154612927485901203015982180599064928217, 34971423563293780714198977024282803948968435324743644710661259307628439388686
74967201862302577670950727105664079765831417919931166931276337106067085771743, 85862600552686324643604185433696720444233432075307921073337073349033401081
2122560823256736997899088473305561096227184792548236679717455402565394550210, 27874098619425616209370440541335221630641013526815272789760475119253841702543
22829076312636249161614189874316288157979476314134912831420132705878900380902, 28513860681052546856658248877607991723625215738335459608314749212243636319306
62619973579925618068453559743477980474071327434779561709268094338632739156085, 12364501819581368659790592769745824219338261413382219381461069010612142593836
28682738911692041876189830823110087489385789419384725386620991289184483842882, 64404572997695119283525467478430644177967702881378669323954695913454441392382
51000745368940529414030637781347890974718783034024549635344772973133125940743, 35478634031480295451312165200821327484928423854317559424462789630048575269477
55913812104957350612396789357192471828331959905765213964891338761975634004199, 46383414480950711766706088033693995339101383072163124835119197321868218153010
30780821281831187227323830424949318480811063977613756761952893872966235643709, 7720794705613981280698499065288381585437598764396852735598843803758441518365
65528753721723407318404269981590418868032289753820338779173869115991974378497, 55886093418060162269138492404579023306564323834983297784796812341494413240298
62583277056500990327629812220878857130879208756544071844063676992655863558133, 50420083690822850323822166756722863589095985423046830449198109394787821730374
44917515977344120046381306490005435846549351375679276370236147998131176320785, 68628936413278958437885467276876537392320487543716296020776990789531726135554
43445298078455758930173546014648462262974550869531357344650089484671043554549, 34455054186489507937584972212451682084339823969598300121441109632030175997533
54336717614662402937696586836840977860638996232177418711537476682019505476818, 23507728241012414188838732919370639628511387422162708494013472596173006881322
33619550316525906224931572719904095057912304460772214267794616674694859319761, 61479664826200727432344902543396380898388584756102288143880554135882222503297
74182946188986060677512179656954582536132673487527388241972435128562633415408, 52101668366694473731234087569427437697911743709602746686521112809741672195533
23555195896965788099662777242434004918997827568709359468738775775165008061233, 66040667948273777712770084216665712033903060281505767175347365815748191171442
74764879538113766921125815933135177829910222492859738571991291479439110864564, 29623810466515704168862955028710565535967871219151545482859603082904314693741
11875187665628543215146548355718122448245499906346484756032641244631467020633, 68664143841959913113768359217903858908394222778388774934521310944917299541267
9791136715113250256089222133217960027288978457751825842903801295300851919027, 26571075509150666513123738933563251162235094223798039154073143074402886187254
39546856307209554997558195418946133756016357593870725869044005116358534708218, 31722464948452536454105768561870528573245317355485770267983467401152002929837
11434081045045192921719857011422012828512246273044479269222146204814127827425, 17758417877589252216533084065137408027974937332037720053113921076725867726485
33926860343197403794857571339703900810461681680556361156731235709225690571686, 76545334521352339778931079812129064844374485944534352972316958253813279796810
12863097333775214320379081250814592734757663295907508984914310564482519356309, 16253646351183343932889551684125430804742098328353409792779548860687557728857
66982767593016416807332454590538792281912442367520373271322135390369602154396, 24490014782366249992327987216810787422751942156922560178591187866585593010540
29861387370450849991678077369687392015904301871879983611196517977686965296683, 45498804983701824714731391489428240671639373910187837940002483944584898912332
33612371467679618371902692644408923214663096169733833377974340615693362658108, 26799388069020340736444698043388591064651259846056853539781806761454528380355
59469535149770517123040208929655556237865665444044605249035579151016603823248, 55478978722466012097104864320081661156346825898720083076072530907119712532901
55840401764537794138204126664908155660150928043524070206220760302464371624316, 64223930510747242264628344338317566048695620291402725458716383822105220664889
67983323726443785776757735355099458392709609865403339518350108932241329570413, 53021495793094294298042120105282023087379060439003739920688269581087853553054
71107628354254502378955660849868576389323708600248900796458738135536497375960, 53714355565895426536093666532113404317947963041350979366807441086199401307330
27036230704920444119008996500125851688717934323802061915235023022916387726859, 2780835410600818271813193687810541179075605339715044410293971915710791398811
70009559995789197008799148260970669065175268869532902699788042580895279044778, 57272317409703967630740548373288076338275144863321762639643277466782447223906
65624327484522457016441520876598637730345637604334584577937562340376130606510, 3076985020622416629612386649178498158150860133505019001148517956230114526955
74465929228964081055355563154702280595246047563519252157940957235665101103892, 36611893346451871813249833307011538637614024648287049609275717620256269164592
56260661010210285380321144299699309758885626863746691140442761851321051692853, 43004156312855321424931619764121915739636635631057741911733948462015004625316
9656263779853540229708770358676515933438752007865074746942148561398069430720, 14708630909892489101492673209229339218148093206243232456974257713639490191311
27021755395351861774236727965294250960105631305620457405068012601780950666688, 24326931282059238170897240169314163440308469976732311292620139700387783539624
21024578892079931606652760798949270254803385432836332479271409831297035565909, 66062842605760495966458355304497081642562843545976407421138482945714239142803
20661773777715338506536063620985033908312199192336918277416268131432956666106, 13836904945160392126220044137569004044157407214719558279410181421102634248563
72655965646471162657207588687119430324958325290017803613411605381982977201202, 45089395193006775943455081553000899979644585769324044933839747144247511956949
49363662838396842316742435910783067208592987707696623007375985281243222184600, 5775453566270724794076713299142445360432279441432411436909121416275885281723
48225453524168238665654678418716703342461793099460498784688059607473018698936, 3432186468017527461459424962361781521194035533317201313446370105448720350780
62820077183404709323512961055432366050350659813228442627586916149192253047215, 1873250260628663527392410255156899759789069904737692683523637304915941623887
40861970452495603747728375066360109511185816371124432347814195902282693734236, 6166800122042345266725221592041447314799539194047894100431270877020010776815
24301791045369193357775252409497799877170532288431035600820508889903844658060, 71864667981226731610009472443727995282722215431798024191589709694444419485064
64221551701399946648396049221428175966028049430085088912052405851422359041158, 9073557389822475116522587282539301182713601333567705195168926413337310543737
69288988707741086888577379226445332983519742938380810039361405421247448033335, 37841066131950661829721109043183542896646117003208135720915400955248779466632
42346932018269936147979346423190432669637198400729877802850734948695246610795, 12054245971966582751501372121867193251131363975830008459223879483047812299359
7981435792396709036627169750927823135720780385370858672721646811717772815484, 2943290678366910735278112951751214318552146120105848314496621485113325735147
37919042054350214858255634942935913913229185992332708290373475589254041551403, 26528640146299741616140489938799729554493430131278151811500037580347007508170
52952819161918107382939972874404456589966056778192977858983377461728785781854, 70348607399256217053291389265776741283011617417469369871405620572645348783565
52143907117286809320640319523396134621063214496716506742345343713168584270330, 54902340186608631846214885282362771364058327520689060672310207591444288576240
20184071018674843860224011775673686649415031993443259734946870647675331198333, 20444823118948533240292917287279652532791129770130500195256886912458717160289
62995822569175750730958036666234318853090354080808306257667685274319681717258, 41422161410289668640981575096352288519899282312058327551525127877887417623609
26328470364400042092797950962229312365515425379927580668595257315500200146012, 48466524504274122882184349934826802556589494244395579612918016014738995871218
5136666469822309457679230785394178108118196072579177740194459559752398853092, 16144808440573402958270134163803339718026641589227361043978492494502693575130
19142111658001588618297721878225750279588404972559525757975051077607786942426, 4114579108491762520131817148409599747692541446478296239920355695345957579838
54146618001249393732315491873154725492484376781422411163968800906105044833842, 62733438288770815449502716786570935197346328562268847189966637934248697827700
54247279081567102292568166721484019224295149141628304677772349465993410920718, 41570071015659363776319007837937425611399130190881212442955678709338654780179
62016608485066249223718862533275704844971572730307238114788405032880528679955, 2922549735970386229583988694954321462379371987137461469173069912559638204890
38567744979877677562314587018259126012638328138987258385278572440721599505193, 26185877134644760484973229167796575060648985547719106607966277451348953325112
24229530994327367570690149027665173624903417093574238548246010944093447534443, 21287886846635142417509190172698931051774867858069558460852337479317883020132
46559080864898067703788675557532501680614341477491797297715894164245237796897, 65104825480784071630830600265276638635673519270355828591026982721900668914192
54585222993346706963807647401297604997943540138273222609002707535113871539086, 65527269380066575038055778940044922959807105826423731385327454019788129954345
72216371778720822866550878177918058153413200506910216434961696396767327119578, 47359513930400602118114871435383807039116755390313906851266736376099109366042
70355129892090244619674517282177430756889134131011184148778037059961167433175, 40515480905728375180502617690923748922244080950893358722329087416368643927320
37617304882522632432950452493144643839070677582071352398738590415014419857793, 55315528393787866121514833252098452669367847520948374274068776416466027176784
21863092129721416904856260459665706952437216749707122576346068820767627364089, 9494672805158355263165138584230320235047711229790990546037164503711963605154
64694182282436200563704914300527465921487154301673145514468576934095186624817, 70902081941570290893211202827047734556141313893328539317562979147510319198072
60347689536707511943546214543316537367227840277026540892350157814426872264651, 37910232793844580329904285488205472312273637083500428819018660772990771761982
38432208147231553771448051308157150790728345426295266719250107961981431750811, 43531580308201270976105124332537850880269878018322761506832170117689915643655
23834861000823927646047222804056583742981347002269502365722252552689338772439, 46391223869068930147370417253846642063825673589123199813879975143961794198921
18981617841164858088002646972909479363210320393724319648866456852045442136713, 2841080662332465803629314871936499590518658321497011876006003626814722263204
56057495354056142769322607669663069172788375314512605954447078600888485573390, 60363821531984754889384852310627380833637363974542789487680319460194334087559
42555921201261684348594657349266472786533657425264209151089296505844767477810, 22987727244478440560043553257803669592018008287127362909171914042147197605716
2595225913290838443628769114393430972444655193640398773009759544926318896620, 70891881650313553392989271775801603053721870950750918745760377457447071362891
16948914724121792298997431883804786349498435429834254061355830936918447921152, 48721376594808965543102706297820696427416175913169311943297960790956037414944
6812296429327255545948686415788098530835816767968392259223262020947301150138, 75717789724081594063519824136489419485155157099094352468229457108328180477182
47844258591711213116916991302002215783081072714006483751507768275680804037504, 20968225365006507464849132524515337475591781356208365758132505000220290663737
9288405329963378127369385979444049172379080391793807159458004565113142448866, 17085227798047621851518593367137458486475077136201761196021221443806423036638
2102789911356167923687413984558127219464185827552175554929579004507057298306, 60139501241705375569139472570818921728910684945188306201310912440643757698531
39391597659245782027462758038459445928109074670599332987421471745430274729985, 70356534903169582842284033327906669883353564045001250700187272194205369481632
37578716320850436873598939620802935480591763857207801242482670007892491082762, 72250217821332398372129414391419396499559013518957535808019374423150713179407
47955815271942461351789379794770852303550443961839245917935682653903710346766, 75621655904098693272988865964415342580398341313220388528367683140006238877024
40134302896846931701160749828493933108442006523276429294775924028403325425426, 17095393363567306094440250784788127556256940426264902349846570754810180783102
2619895833831567893806681893517241663138159160075254579536862650498757528630, 13673003560026754176902689244133605270872777837959890738046780463764494329648
28095292173686601028524896740080983410536139955073113878179951475387187331134, 15489386205264071733629623276575275111023355518615776089133883726912117286127
40316973541423331126181181290749346179117406367170175136006024914417987954068, 6127557204426343741936485025558104925427668225770930006136681959849788059076
10069612656193908568078906270123708855227754849912878546467316330039166583811, 70339706305288053654615983830207600476437550941224401514684388990896062155262
53339375861440846234711458021201616234974790447362638263776934005827628244035, 50648780657934456295417704264893683128395607929191877192309747541487221736940
4061573300406633212038524673379437941258021269131623055871020672395371867203, 9761222740519941099904996263445171810184034560481108132644965288410008414551
68137278226397018736607454248459587177682917630303513680368337081793035056024, 52222204623666136219525955457357353614034300086514943031599814171044432675306
16274870515112630409690529440311642364382070247044653048456924240458997976919, 48535338643010541251828335017391423459177353562341298064729312112842092004209
45611085488743668324107288304057459519056678687267461193124892936591404254318, 53803072541037503871343837937508469371679934144160445128849408780760568970877
35690354868977313245183577246809674944526048218906547971503620251482309052738, 42415979098368199463187512106723644169698447622877604233559980488488048701684
56181764658314076638900047134440678949608576966894002389864782757552619186771, 28122518257838897986412257515951274478781728896770902681177675972508934023949
4221303749272402963073440094817992361535298891137324744121874143216583551957, 4459557131766652652903995714001921985098734359518333033685449775308433823824
68901574624415122361949417524159091137621804685408690976847850289135754262720, 48917640407159296723162437036580389011938944572792113424054398606523988642396
28652267508336830527866731309271097411672713373930237833472463073181418670530, 19837194770932737364348202365336626942042191440845361562316321480906183950341
17834047927594605718833850883081481541368540669001566442985228223053544980200, 24262864793391629604329494187614629249263022928141617257427409571441301898823
31867063266415977863123305779269228631626079263214378594378775667917912013666, 8389277803935782640257535408297333282612754640954571173602439050508320281554
4653781899626562408399678025679749533304169631253074289347293077241892431395, 45968825235853326101110924457361656464900476109594187884931900190195521301984
38917873072079420158231409982683824684956419357671591924667734170922259762263, 20167915493782108414319567230003873699567067845246339786885543131783704165129
74429497210715311871388981288472635293081762138379996605561946795284254137701, 30943739621544642496359810609386887414584935734601664179462026627812385258799
478717587112073763127781919479154981770351811316034041585481476531820551721, 33357863117838522610308812589328826719779946809071681019947613879911690833868
9149510304649487320750662204803186143320675939171638614678659378551656771482, 42085479100771431995474284720196542966675177738962408304017969744027090607776
10120139474189760025292976632336893938802480874857813472354172305218674793296, 36992282978601519721912015345532989899246405544900196096214349228814136844900
63821629383797208059458328829809601494240643623179548737314632060235734049679, 26969262451146770487039248326294396683050448778550903193456731147437601935047
20548889176306894950884617318794803827424602242545876237483308091303318235910, 17007327985006746804246014289238639994444562256119465184890633038152139181037
7886065786277642682780222510026624024702480455666570368756095732236909155029, 37297864721581457746628627118584753384948948818402863861418826485120509546097
23163729830051462612907568661298349803972167711202892267652955429702616662052, 9553018022612945091227714802522424694059280068445094665937110442341726650697
55579782544453698238867325279177390655395797175291164608296231423008877489308, 60943907449754789792641078082569180187488949789110461093594486710602358528499
55390024378428313043504845189403433125717790242178045582892813603214980871789, 16614371150931021619813174165134439838083553196786012835248619803449104170509
40688299101198394198586239422942080667408485464734078506044449440614866077719, 20182311534817801035219368059294356824616542893077809334044615430481927979947
46590833734078180253413072928423806850899745068340089681213107008179337985065, 58165156936455489964219908519873006003943556912776987867169585351308508075471
23234929519029622460968045934878591492739051277565543556712415829826546161328, 54565732444077223637003297581972762622750965333251701459329051951624801463152
10264621720271879549037574910058558464084362786542417528868887388194696745212, 2209369487884035951818642787610491930519154567246129942963531555263720218191
27400461306765416324255149728853152236821793194120767225318333225428352374949, 14025999595269287551284722693052171485083898200368160898807751116415466771860
71449454914164529233656767343927994503884109854144180855190226640995695961544, 12572572433627831515670717987709176512230361982981180236149925530073822765237
21583212685422639405314409705756798960739810726964898916007484379583613517493, 24768917890989595922606084683735381966298384199921198917804056562413538119455
67417091521733504344322532127946800851700911500721144390670209182343154324953, 49848808646033972119075615939646106115785588722642330753035573223785077746047
23237806499609132562482109395584242654350236565435705700945432484683620200682, 66196922941742941270845380769722073338277603623003872285427626005245330921387
25291260671831834697294417076587982949159687630489153474109760866858789326150, 42350281962950000227734350735991069143590009522395483262772318019997436900849
30018085260309892426668927829298064019543328800426491398007086035618997519590, 71471917705053890094498585082231373723454473984578538092405334068438325902722
43654663403627581271513960772214507335900930192591835649785923973944711785333, 28906306100918982055416163250343529037475378007289692098841009344792242887797
62404695226896787249202275824515945591231486994814440243956771406412231445040, 27679537275243204710200007136923641402407379621176203007585863374933506296241
44091375020392420677486525421311502511108851430176743676553971498065073658640, 59789871796838686497160806149763799039203764823353677609150447995955234624121
56644830118034602281881955738012187469644649279779932273035746414976841096816, 56673544105484673031776481148865951797688898732819170688075834137633954169048
54823004095443694762058124784081235710447898918930024601454842426387839845829, 29420587193610992124817259704410649591891116652194960843302977541751182472312
12930383600080390366044841608942920025638516710020999711260559705790294442040, 19270373346528531004082636618529093772865264172077787543556313539659017597217
12279697269653230864247957242622884631294494036194836100426420452257219126442, 61864605518093635383343868997419505860342713354007080760878048259745850542969
44725484077375056156202799410715535638050097352453390412134717259699426872056, 63595650721869615997869789230254925085596301607098537295075500019751870386787
24141081783572252990054402336234599240044429540499370988628566820449469681561, 69356191447567376771120199150524166683964156715964089042290920458908585655851
75078243493570506674175776008085314483319370246827506738181644422471949004765, 32157483164095913329809557679394782349180254824051472594023624371818761411422
65867502173839732724421715424181468061593867138690011044950868253546199846469, 22561024903709381044300891535020757339596603360180258587339634583223177424176
47598432342082819557566418452362573226591460972798984541256937583203487179975, 51341133461798671790610753973234562597718972128260205739103162887499338135673
20487581826392915342700453249321892392122527880219342325890672761962157464444, 26926617902677427035444805722015275638279451878288104061747768356601911473124
70212380921521989597821322088714294591564409133113475831218668558017651777228, 67591511440393000844297463826216186753444873174608162580162601053514331605022
10981718507099523890539767376443252611451391510536773410990797531596327376274, 7433888446694666488521370758391861061973623990637113077290719030577310715172
49047471901470613177695268545153596599160973213869079331862928426229311578852, 73288564051323976604169854254919927951139136695118621032532063505181919406613
58740096708655946071541922229429745168884244349155440890059578936022260099059, 54249092465383393118898858738381354002067025961304165542919999295324839693891
66407921752488387700719299405900541791841112186382125144277910574741766055711, 12804716551180046721790793704068122594077088883843358624464625164309360611619
22810703690077699747323256338165890676239244256262119248699344691329142943510, 59829897659960870980871796401621189989714016928279635288574710374481020957575
60357497391235603182567579829087932297884444658971223195459513888402044901133, 76734071596757592416389378923994885832420132230753637027496130451940596863070
70150420730880348136447969749525355133423403812323424217694483684656565905547, 35559015816238453861592178511013868565176999903559374917218425957691680194492
53775493082339874293808364355793371732774680498848236463816217673371718165227, 51026466392569969002945843048420465259617508667643053211960952175648189310846
16877638166576183083166709030887587264569679768729070144804524988404699236926, 10049482012785535512398067930669587784555056969759438562611397879045143229733
55454897774796495114997427684383617369914362726347083551566173706591617981381, 39015369481196188162532513408692703128226135248386010418859829728622665537697
46805729947040018841837891149321982224726691773115241417893683455500076463520, 4356722872959314501280409740181033886336372779503108601550658547770078739761
19526700283316015323612632061972111570425775515419959436576022617432557140103, 20835920310194189064581476020766278647949886231008044233477962968849987047005
5323340482024017720204875205122353750314637735651535188180752393253805680049, 36244511264720943705983704383936683136631953332914929305363329101778732731573
76686373198124447127640346311712851638028717276334949044579721824159329066444, 38473942961754277053674078209344915939913201186421363058596458229841433916474
34573816238201763138008588070078339460501532563447068137317805493616474245604, 73118120603389877847414986873014466089164805898315123846059683397922392151988
44015254266028291605082630158508465241428593026818325896464181473004277901769, 56755223794735424373188581226966640569406282666824825019826270967528651929862
31911280941415792415670417352252063088986982525488415055000480046655231005415, 45929267386566506649802245082497576927308049554921974382738157299502280583681
56317551799226718207779733988148758558175161774595761866564623411584724433927, 71279351417829672751885593629668259544262399404049991622417004616707197570140
8614789673334822643989704394099231647723189004640080280724570838609247382023, 5185829764733923235484321175137649282382283968388893911564601381144776027998
58009060003984660257238208988570746562098995983868024829112599902738739710360, 64009433685613608421907981992905995269226236462682135967286767017764441276550
37501629026970539629039194991074027869128408776809897270013162384323869114323, 34851887867114217730801932916134222019106615018096081386275156525031364027758
53005458888159181331229969624819539249057606894309712872733397321033412592746, 65186895957329860568856342395199081505089902347407097095325204130599002268546
29641895395699587619005490335170112266819410535474971109664080446228838631850, 50651120264272093406175861838630770666137018087703855880693249659863452728
58805771691425615044759483680858576043957694685200346826626588779419898926152, 10986546380123433331777410623077921778080271301294448125775049272763370995111
63937595159937680927285776758818732908103124175015813873387004838333280091942, 42338965585827864709876547197686313473115953022906968213949840086570015468184
66220028825930542666521463224989847493280008841607922302327724499410157817377, 29307897624172124990258973150975791747749625911691503289566185480746742096024
6901330315541861360122988608924519331186584370335729285730312592343039566740, 8039942932995095766696382888361338835395511039824817610078497725871495855365
27923596428068289517671698282622414621096766287934256562342045833441070339024, 8111305829776067395240687038052436351077776156787865699045287882090890677442
11218322271337066851231235688274636046217905927433238476546218128378155347015, 43802552598440650506500986559444982701318827068618394654233521189900614274722
22060849523731802852371352710536750703701811113448146561155656762237637360506, 5840453353282280116228807273072366467075239571493451044998505015912796625516
9922726132718055894596192418430860568029702951831082125512550716670149981627, 70949244069137238348569692156813901138289716424727106463626750213059203037904
24553904502784356360052866963629148340772306785037438579979323932066934774656, 10174701969647904054904487639760809201994881499686340414449939150355160188686
1594907596551719035865533862094632383168507012038086240222618225529496121566, 26554100288207014064312573040499840965925392326786102186880678691827360923176
3570237172502377583794599112252976429847555035706647191137157945344188148, 20110200885245706026351489113892212453726281045002065667644658641835086088709
36847152337366547791736818808842548030449716894523116379576097311513201638146, 66866468897837875115598186364813752479300564535316265510380141261744468752739
27883626063840019936125511127677006711164854369972227473060027924008468505121, 76083721237267978158219074830780676908445496957309011460450349170815356102872
64386908488478927461996771582832543753057803842944435657724094269980253906884, 50172555205734019765368556971907499356824655186295574213971948933441182889347
32115819156765443602881622154540427145546893238721923888830680593948794595557, 56471075371861816030667406615137532761945513080662124693840728794087925333355
75329054158822433227436796220443239566690052678274151105101106937779598538041, 50007562154520354901480576422286962011585823894714625544365797712650103371788
49413314323616717466908103729094421528571965617406993079279801810752931167036, 73464784381757128446967807440646835590139943444864727136578666779990659460894
39264808655350698273048485334130704863872146298502176438104177012669771581267, 29764535233216454423401199211434717667626760621222472194132722415858022006990
69830962456891805051955732460652203083325474392459082341950816440449939158179, 21235255406951046038278694293631296911629012428390499186267493344005556270870
48830495004054418263537599266800371852879033024846439358176418253873728035165, 15590251631184740503807532250882691239202930612100028970707424734471507603409
45482010510282586781844541268954915955104086500665045207360952725651124402391, 8778667251898672214828350283483211974833886403992959720949117466857683912414
22382999974563810713661151366747832693026066869427042786169576904904714048961, 47021549162338725002062165446658068362025950252468802613007825523440903088357
29692498983102586653706800396579579703753480528372676778209710514810355139134, 9783152405834547777654600759410718770478122480280664993938546349761657942643
14652878763174118555784875029485889716729722163166773507845043413696390384254, 24864690421558186027797296599998697330883397915632672428857650696001253419560
39716868923992833590165253729415476842440789747926621364127065256000790900362, 46726812543988330586011081852385217619485635532820829276250509460504325026355
38364969744680276921930424582620525018949672924402463980773222604490453649268, 59437151472317020814134849014387305346789861782130739906084714770479482074747
25747325667997305132659241765374729209981244184279374141396300657171119915155, 56010826819401942526672979356531456729247766121367519238570827576210638300730
59061725695105469964982668840859874686258172407849718183295053206444472830326, 15651739949679844804651028216414430896301529290966786418405420471139003510143
73164909961892493020986205492581841710304199173231723154469233382413022833997, 52925489309394640049441936644791262448933479652385293903104015378591947595296
75212771725579176157753536415178114994850675864803699026106271182617975177931, 4996658487470105135225120277815219595896341890059010842397090882006704454158
35942017494184287132569672798374101208989375428373828028525262411883135178812, 75866448211433826484837442950149750153228284312515744483160079390884820335604
24712646658114956007478037243962085102912338114927547519257928886119599043844, 22235597581765371780554606006055242647618510574193976974946523317654509257797
16643916019836951515458494091906326879910202514686488305684631672633475014027, 38115787244647252465475028778533671185708162723057593748417552175979499504797
6326401363453203265536417945545900380877406686381508896070835036334774175447, 1015902116711526023046436310791099731629613446624540738796369787016560484968
48209540335323203455229561853301680498409461523894218855185450030995530176011, 41431170030828341622961393826240314033031815252091348644470462495237357573983
63280389828462136153217604481782089367018928586561247150827905886843010793297, 33876521131716633034050231948772555320951143238841041495411360677807495488476
50654027218879820694293522776314742761409129799738239080606570513990224960485, 64963022830397307581931502875398711302473274106703687844451694515716069037698
40742138485589163685739851387322629166445963130688667273909999046771761794843, 69808993511990340792839589202998007725292544390444461644299308636394123251649
74743322918712254637585366133802595033235980933245026583751161784678857559104, 14262572990241072893674877847652168971527224863535879352583440345614739645426
34053355241964342003201071264588272494114143501880409712027511598686473290171, 6162117472454381072064057198990431840671005786780022471532345131015844025540
22299831075654496721360853065750558514021943241561381545886549212152597391813, 5412686673560517341872061928395233043727291682888278589140798185282244128698
33235488427929479317865340874388098220115801719850091689570361082291994917949, 64890495045619704790217920594339023101542345590451135756791601503632183868177
58568667849332742370123067290211937623543607696773551222552805631627906303001, 38074696996681841833502458785070419792633654056515977949368491511806848560218
65368560262500156941079710203845624611260492187907061847628243040697818841496, 7706390703652190769893282720659053923134254700014731673857114155694910323481
14391184420354903430229263242077213044927016932778554065228472167915068667235, 17744374763914622594417036467617929564558226164687372463672930394388521199908
51898784391680914316428834262293170672733949911768750105886917441515931390523, 53913757976468383036110451905796544213117043048118114619155094489118906469541
62533081019856533308449310355741760173488783718518173143890511787359008844904, 9253982888764920408527969479153155432194046853310250160644122951545577029863
38929848918545534041730943916804146430200056890084014362556678277513113830347, 33523882874653007141639728827958208425146979048618790215376056525456340955967
9784924872475961275531463646661934124485369120649895859622747571538631444761, 5298539666586306780652000730796990139374340906656861309463088548076426341052
63421298127979655216275107251726422467393388736917762884885095272061486297167, 73825519532106178311971723934024703037030008113501405975338433702094483044372
7899472412741508975472666840997038717361217625825811381018017940362021200505, 28803582367931803150401082777292187056258379683143708589310470458795018468890
2346519029034072567266477411672285749250898395141360551827399768280165867658, 62282176361710750624824966729502417499113560123638054131151943397509008421659
55584985306664861177221451028549704720276767591567519737982944777714232854976, 56713485291645733538961623056711947285251900203460306926768289994742655032191
724611395129924520130473209680492907004080620659733741055174794126125551844, 47213753763201649717636988819307401512135553960151512335425932070588934299687
62193485005784572087022127277266856777057484982145935558712779450718530380612, 397330711319034165970690504755841419200476992720845796953126974259571311965
40845309235919112058964371511874945425095237298999469616071076402628125647788, 35453666857788053660988181550262198684613289973815681094061900975386290263627
36639961855212238969633521223435496839974209338431052972933162178533933402092, 68349022502829275582084047872944295960381509898338811946293030472631774546310
24975255434261742251193808322020117765553618614163594401254799616153745206547, 39557705697596472065292092775524020175005314323438443739754183202736249793547
25625216628768386371090257380653689714763806127472947233076159240809295863585, 71256424592939537952090126026152724529234865036671172373070913618555405332109
20466732561224524503253635443671591101700488211595617631654375856413723031458, 4376666232994051500702670316861331251865025889340895792562796182033955816657
47229502024388342863628030334511610146730484654802566812688326843999493793393, 60042907961592721506213461772203738219225445013251833449103668305573759595604
41054382640116213739695562032601316877572367430949753322604600880413120173574, 41618978212758293440762190074991689603291588354528701695191014896433987359434
33724624097949585331283113036997358432913686595258845240206333963973763601380, 17868947854737356670882503020116178855211300742848309853925143432624719218559
36566878879379570958150152153037934901893129720527773612927303686233165864865, 47775948484213824282722137937205920339174963979851255171736804410714066013033
64306723785128558123469254350904095849743413125827754242275930416847214625359, 31391940558165387268746993605826962055083457860564690312887448177547671881598
58566080215233724867309743307377299844904687782052485745034406146713681139892, 212691871893947748861576687392977827294418786185021033763613013496458299084
46571397674840528260161963423234019777145425427605593083335451564459330510039, 24430784056633404871680446409284398616405122469686981905635167485701583046594
51139047908227280001669459582402884620461552081299795962145159228400654729408, 76801652248704668344551928140552403803300248978178746386251712957922165432419
18389765268768417577113955704404819812888105603232085722002385996573168189828, 20293738482371609643610316926343762029635240511412931876213195461560894668701
24307339253473068086289573919130891889199622005440133593504762357598053755422, 41202944215835547635744121584287037475928060158460371190417005329656678364699
50321917266984132234736520310951387801141602083453676695178074483144524070590, 55454130482387035314152232101333205427011109515592650298956641000974868900022
38204002452288102951694126017152188800656419126900409374185762289338504662315, 28707853171196084606232370347430480825210396712374913347210508710098782682461
23721332785239027121122930600258034731311531552136368746298807140658745986305, 56201565496723496058314179813725379643327609229648515950569875910492046782953
1846672436038014061727393549140960957372475579523475374435610032168369874389, 49225051113944156953873037465550686658508390554323126569183595538070308229105
15058729890055796825463311626256033830796101077928252600469811262497447304021, 16119192820644835880116446143857981321248758464849777905099066954191974546867
5967416866084997865132624645782254595941865729900005409777858129230744815722, 43761105819806645919473569891872257965239977647036221765083391796893502739965
68280112638675657077827352612896793970766614039048784257407524832868392625319, 32958358342240743639540851946026563910048131818284883795821229621134862962433
33427234087223901738792296330716701034564047094807502719679409143845273304260, 58590520109030954595682821635589401319693159409324886272401942759596064382375
10314162887485068311866156475657077127698616096163082851963301276074441169342, 40346102248956485069696181872577653449148315939206958248470093843052722591853
67034701116657065545842879147209903211136180020440016286740929400322457852259, 68934611688093291422856645644214539805096308829360795284509272469577444688668
18016331520029335196292579706477265764956501537948437201321145730203648299702, 64850926453569376552532068527691209801772497317546643404749363453264718083226
3823926035767544274240467078437394966927103407621110564882858781356581961569, 57528291002345457638902132162027195713842121030865273028698553029832039895856
26372888035429975411454713716932828910694188651980856947102849535474455688636, 8046913940856024134446005676601711678637211126218930336188187838471913652170
40814900400333711471222304520536264197393439210137217224116339072233176559298, 62961527498664731167787620584695310682943466170810583899110680856135032229245
64681810147114746742807012505702644543305884973880622265659728109496337045930, 8409890582140516329435876907615158177297902649769000057437886406754207979493
33004689509183397594955459232605655254018254681289964917437947148798573225962, 57825987845757233350107360529449409612551407662293581836631240497343003543978
8986890415856989927778246413397943074201967504615641665399488382808293505709, 70903723006464403660879251525613820110356254598559714614635519729984095307326
34854395963710012126486344431778751366580888758547920936478671571335406997051, 50918632026505673610415211186894187231472417605974535042700764497820734189009
76572981251102364566234954461376393895803467389606687240008845228941400722372, 27018428437459963624393474032959518395768982430246433323916656791840570203923
10897266812021237604449883860103659938753548403851420111130386535052856653901, 57819759463775088076943423568193625536295729365965726167228662363649962132268
28632695282720797585570413492634298824822419245380258199136420653475282533500, 68512624245708253796194630516218169269803891599485415522432082703732865292530
50788266165348673074628615468522256286461739001666543935458474611375274750680, 50752041642127451195063800974880107380440350251294236480768895663691682291682
17557831153221501269917611145871254236543334136248466386046073977159038597514, 38788219650443703855403997139996716342932939829455845656102918262254536730866
36403832586139033359891080739090736782257233834151131538329701728448193965647, 24470468747459537374710383217145524738259558586221805687885340588821710027456
487101251004907193632636367879028772883846014356476786710431350288638857220, 4344335120745571950644086468129887698363757990943707185224804707157063617324
52974981583687846019129232386507895144283697095356991622767917621348578796779, 17045453375107593352567496443096011183857717918168120740327095527958067009586
54452622715620064728824741552394274387327985779323290893690591251356637227326, 33508946822410401583261984191202280721740455798733850133025855361497328677004
51928701204964562130826300090607161904373762978708409910950616576068245769081, 3611917817234909227180851133434980653385592108664592332477957785550391678689
53110906133551007781317205004517696409525102577831807593009886205354381117569, 40023832953178087472377210007296835427302751606271739117018666799883692445263
9537261742591422492112722974004303954587431213898578975222163807220723205873, 23418860225277704035310329612256828805358720003429295534516025959076350100350
73875871806664436700008196692866757494678935025862288875256911497549389323243, 70646454712015023831519759822135613514091137243377839609838199757321326847230
45634140704126931646943392481181587377441023163505135599964346839772130122152, 41144656283126871160303807807249396916965115249904045336395465761404614193967
54098962476302990610707189589317607171932150070157158828117450933032721069374, 36054988946324210247460442896870486150208155172041671789514731671061176201759
27096276053709867895769983851620993852242093084846471584221029057922520097543, 54831331486059081033753646223576820483815490640157653599645114327652122029615
23765244263802897636294791758058499761255620780141159449113157774184034047809, 22046032487238802596340812754095170953560845928211944713726774866008539984411
14655899129863789712972943168958263654110942177149657800403876142007252745763, 37131776862387910347929947246842568137177911596522695264335172432021201612710
10186381029299668349592295575583118743869044415906273887249596130044743647074, 62908462198508507871557791096664483713015135422957398774552293073571011843807
3407698267584164802990973244551479050530223019615171361547803785225323352563, 18052839650716062406195327700174194757967765120302837468466898504297436663139
61411465382880854047057110956817649410142214064068188400398989001934731971227, 17615186520235977312212839984399335621832939476039401513065052666667483160493
72228415828984329669121424563705500391996589088471141618859880101251801742259, 35511186550064556463788763491175543721167551042289484088886193772923035907962
62647610506972025702088016832071861132276681933114720759417769360478466907705, 70000376115716391279931133369117929225903388018516291852615153248736418949309
2019662150561220369369230321451421529080287092572107108591783456897653529480, 47441387350108848122908565856207769884536427099768603242974744127105557690397
45363652747283543856285029152894414357484496319448235396007634783319800420999, 10147554753499589888638540891483911546918312525181649105611007736237548174238
65103951935580528311629895839170461445267522921641014179727611429962001895593, 17834341921317147107080829418441364972439253086172376977114681217906897390185
43727666986271513865806877590681584205011250869588521192589323268440243379449, 40712175123093340087397921793101971654886254120811527228281749127293899352337
32831850494298991248262766206644240405656598583999412141584794651889081998173, 63401742041066423676872733798279745692794491529085196018891699890794435484871
71155738790131547699960625598676334651274202060096876595360535014196694485656, 895579387229439292229720765341003132325818158023452688050381698431213043882
4439628662850005097519189861067481878848185718494895248937508788458055846695, 50608801012631209683472691547307422170246566622341555730558087378166638538112
1397560765530416175449196626360754753266764443784502236660473138197070853417, 28511741013365898489472647556738475698806180431078077264602041869102120585922
55880135885417708222550575512606598085934331609591487829504719862377092785863, 19672573325091470748491373574453874801714135045922087417919788038395923987424
34981961335719665209076576081477907008397780162662553159224158868387104085981, 39221867131849225776516666884356412590528914164754273473650500027781124407190
76588229801671669455462789568708777724148716750134829833222804639280887424808, 42281184144828388120143432260706686392881758636613134927650515881662757468113
64701702395185674124415319575594709956724142181929401600273022753494685369844, 4326816501061323384410574990691174282951993427018107259690360135726661990088
44978546535132507562009557833994752601743158489173293740355625971106663976749, 61544729195991005505564091779443979701275613804563355336128770341064909854822
35364457295434403508668200580838613461660889470659090507908737936678172256540, 27194228385428829760891282055454780869679361166519875664613766893753939804248
17854404930185081475050336790198780114074905215965834001696106707108321674250, 43094207868809603394399926668465672870772391430714778697657098717261874643730
21250584956586172160533980322530318142822893484033487918359591940235999087129, 50099669448528368795497749144782761425285112199184401267725487799402658352302
76193906426148437127564827210213147356201828822264469741485961680017175382759, 30670694354388389961226845763342404187868256771536269227152920822870826825351
26443788564708335972171039486627378065748483777672523088137633582179650542954, 33555847024740713564708141073146168516584380274343943253159648803568440222227
2111473233521946340231098946485301166141069247509022429102392436736837569579, 6310233515111923080475716211232887109996812675412324082483085449514402527527
24650129545229863042475148664595619695142972605420578640643949636274053123737, 899496469206131050100452789076286620423624426595713293737537750353128086769
16339109180198872254368403654549241355345131814508087793572576730916790078739, 11790709843155357316275797102527449579312382080346377074362428390596975940035
71881061454093740688812075994018625475716542454491928297135039524120485204411, 71436830201235482272229493886153108957972508728339363613258235745733426238958
32485786980297531109098931040823027385273066401886898331096195139289067127307, 15177077723304530919388926611673121128539696300824830320404116944963832786835
23619573557383573432728883637189213021812854685046808957683762275742107876758, 62899011544278444667047419426710404411251760365191211371830669801638205457240
2150357223588311942337482315671000266468666798470595139867532554335958561429, 67677013634487103179481639911034396359035718517295486008080118539683787162019
4634397926382527375933266424190517840647835402122291848063524118459061809466, 28258920645547647683330361169629411427982826200997321667863071523508024005357
53882285455590767824566674053866835187391780719070009924642785421888567483513, 53257469600783613228518346308730584793371637833881537486932405761059255278602
33400099865838389301565411006817669133999326120286686367854568928140108683033, 37706765949012148559138108926039417958884528085309285891341412470548400983952
31887700977789870981755504462782648280919409783185643880581249277876185868124, 27938848462427385995688567163916529616041528539864900992339293349786170642906
65916507020833788781237132855897952295894696897979463800031652661942436330439, 39690626036624191579580583734576741005569829433535709157501559162632464837869
3307979234487285053698442195723296878269870423891711125930219019631649588469, 48490664814071060371016604782466104920958316609031457367463426520782688332665
54402312514997610099161231178485272401475054510573562496704073872178549721155, 74046363864769927296136690306202628045089314497306018187158695625130652829239
37497075806662072539992732720336999198120026831367261574872326552647905673740, 66066412515017706536841567421728890912778073892119376891023519826486280285486
47545191443742512419623926296528308951458142670634876934350883789429588681690, 75558672492206699755712201781680156577321921215476652736718322002916528287329
39056176536587759283750878389597327573552745507776915280231378466525144662422, 5338052718566673526986049779363606455013361652941728353860888827513713445599
25581294692982089255173094707037914798540713383684777892268221122070956237539, 49989753118990210883269086150936539819808403839965871783003821863143669725617
63544323472697424213661813088231028839911805420722632652144612817949941018402, 55230110278104176433713543018787792453744543809378864028688626364860140248634
21256663289435299670184038696332902217191964851332985743850708708223559647025, 20891022719015472639514086982261848677187814515746580923529659548198239018687
70913117417611686047227321791384944761435043937174750208513335089966357789143, 13712279125372392798680049843057550401542790935219411108983900166890854727440
18846783250777918745603130148665103824086403875990548329594137416857707089859, 73358692443989142060232701838189982357836966127471370815532673000783128052552
32990282930415624032692779003797764492876194643847976591350615498857049189337, 34188204890781665047551713782122261586162595978371154694758131713054249305571
466517001255073069254566782466724804596192902492339370556270251319869096297, 29661395762532054194784269687342200393707800046708584680448531475513003432957
69289351657366787005341368313656672164141496002059529401157303262952934974501, 43118505084236557330022722898303376626030449448242315938908513083026715239086
56896012583199481663499237902380224061905410318913344170730339857057451583102, 33011579592152414888799398939528437105873323617728778646166517642115733670989
10341528528028466756529794343749698673132995889781988283373790907021423575395, 43676479330115662190017360576159078843350080924471439386830461964340323592446
28594083428744990616359244414108355527793185103361379239217192039648817532608, 52096064033275871904877010342748500068521096295957077242717790014560903849882
1960719893055854556398911382184956332999420905901257490716541248888497336619, 41984441452930649677784581659443162288310587441988395360182098409993154553658
43822298339167181878175094467587219211744682904156027151941494879512712564097, 13085477361922073715845079498355988993228913859335409423642836455955702227542
29667849898328468482145697032416024190315063702696293667672667502846528526289, 32197434472853360860323846472596899519419572281062863229277687108290488306124
22437692082917353172589554352173899091852737179257022302510768386237939870394, 35278838799589581581524211947961398874211777029173773095877937697385759091413
7820282553313423434981412086047078212941082255204810343701453087889100344521, 73778763331604952915527124372315655929569944323663381144629728398857049569489
14331524767533872147157247613724275066001802082058806231353574910452480843453, 68049084347220071551029490698304852549445208357312597145984459754960024117333
49955542446869754269855723869166235388051030168109606053380036512453507237306, 21054469779581771970490525344306057798417231789387045717377506108131065291879
29204792234245549345407786691237374428531928952349881989009966956254682069722, 63237675940866470549152593968650190377281899301442959001024208821562089846439
36910843165231253510164968333490427452027290644160433433684848260535342132082, 59902195205793689268083202549785697680617593082268514563007804501163779447861
42163680391669485467373920151869315220781463120915986767150699805916055145199, 68673345338313213827620478890410706825325895214018363274552849339269816041382
57444243205393055283890152515026516895921504546980123558641861714525647765125, 66322497409543422474015193581030754908962619657148267606180510751907821391997
38062065994098211887715365298833279572385113719352887440057421915941194871003, 54467711726889638113004163947500970721753621482768754211298137177773440498535
37754566898114961688057009946119351355600837877096591429010905507122939167444, 51791967649760954481954380091557666747834143771171670058278458808661621963757
51643903644834560876431763901462353363104817912842801781296974913778815311669, 69668458100204078175015794370621818387798387926098420704972006201442105248950
14672365887017926857817104439190067735445831895997430464437374483306438698734, 64846583261177490872452697130137624740576346669886586339493221403733186664475
44437315737369258402370232835307619249311371902361667389578997095720833762772, 67365800683041512099033025111233285987987088458060865078730767476695778170691
28855444651754703352358915070326813761589380040968482581082547921595844190689, 58218743949574588862112320480717695602074389713742095915330244845904212705170
8200647858241618401849447212251195058279839945815192290207092233910847779639, 73159481484096945337947277691025401044782711381665704463585820632566580844036
53881668525396789630201392431526477520087425748716259181411465670993450931132, 42692836959896029124539314509017510485332848783861080806028801844747170073769
68932258977368184961606559507366053239537035191510395124569231201562298416321, 51945313054125154866816228955786483563921966649726747638354642284294447199673
68202788266757239185314532733331118940625936825394937814277057945092775059004, 16936939568341450896685376099033895516098348717248825864941265440457811823947
18998528387346415796643680228434964711404906618464099729190818673062602656228, 1409045571854027974510900249971471027303494370927433222100032378339580516581
48150619839554783129874515459109675772562812606182938195278484803156253162208, 206519908826352379553392912210774203870097686559764700762769064425727979768
33408175408788079992425998144067004643264633751680243332886999718910630231147, 19841322719622212298078918971611593259712021782808502056957392071178626662821
34908633029612059543231399519159632698587284625923991166113273851417417963863, 71822939844622302207688320422111232431289415161586521284582196607053941805001
24837007183757371082818135330103864524329953957907591309258669418865071349585, 55837440316383917359546188627710959442690338818681588221907922235986585163204
45954888674302183967098904584273407796660363142686789608675174850736864143930, 21941866124542453643630811664491091050476207739128741626272398452993064584282
41866613700889596279237412458526370228906189528540407251899820870016507701082, 69390152673687806011287019026748068550442573778104045028334815719027681577510
55939725521735518449182245893268238598587168935316797454221092998161147959543, 32494118473166915276758471608067495096753472894024031055618988623570925963507
38138988687292889787479696419470502537652914005645696436628605669574953662923, 14935790481994455646343387843218223525443103644584749552170655081169994958637
46296928874100360507092987977616596452670702551397922339674455882331403711213, 40544644758653736617117846430074747412711700649221742983594545540759448957218
60795296510959393149965962191137688018565796722909664071606583452688170337245, 15300237024355341847860056703735248587458576844552363013837434675615869316357
21188809017776760506937290665214737606476538250955130365145100210956579906647, 21561221594628463639877117212686315284155531823748882960519567788082393028528
27129439318670930634069536690359444205579879557405550734510189617998861346281, 64085851781681454831991813065780668540783580339375682617245337011931775795775
6454656604356283628660720698673494782591519411202694434666406870303396556026, 6670278548177290108779675440448166711338295704775145778126463633403491833057
10164207722983371684158454761603920214236556727584807906391942471520360404416, 39824796411581471427777812899733102651713852528599129071211918589280211518871
66411042502066587132776805483407404422564951062850992741890552942220577607887, 59040780602669578438884575725858961394298950475209580367253822400513169932435
46919984135387397832477550938951046843931636864308095062593155843524888919758, 18366465074312794537803349200982035467336467347841270000829032702762000478106
3937660469136315910607235251308973886938883661520613155413185132654791583866, 52386044962856455571354950576923428670456736788167578413401516167861075880178
75961840703410137353713008138454518949521320064963877501991491025962317308858, 22465801697970086689617779464790251092762121694117921138532533157697681005900
38251045896561814088494513784393183279308104733744658205905611906014014884100, 70457184112169262275302038169731407450410478850177788069887863811795233590224
76661282833091718067523667711235634924173528173138635790422750492738581987135, 64353857936168365520067882861481982370574684842484573154342121515679970973030
38687600846968554898097086670960221456218125318301606676335028263804603030632, 71209156367009401303024808572067027672434844685032219922739568494677799563651
50608548177607324569861299928323475618279342406213886294386040373129468323118, 32217545241853507187587816111784598121645929836174672289127668905450546667156
31212737767523627473920300900635075412674322275030668480020464261447233657023, 13491969592872261642178559494128032437679107802286380830610534558155235080849
4011243438330804838902550516896608689844666207008508324789352521156691172547, 69116307261026504980433937641001497461139160989964824968232362227459799141436
9967975759151412503023020346783563580322717964880316924307480191539712249643, 50479349772611561721558729513876278461885097385912594467589747451377072570488
43853520797732963874643889889034483036223384765107990062113594717154048733853, 45964804788787809904426422124361497233984185792516712654784251591646496438079
32780652655840462553635119411548019880099798133307242427848201937420939604929, 2126702384906080915950991645761923967074574778126840765817646294237181587480
42891302684235623095060442155549410387550889238205033219587678165946486773837, 7795914509702220477665647677659314188324364922527530379117850604770607803054
25214276893143233758365162791263647601347164727781927849279960030804343566797, 47647233958695912955829440142893870379986014374789564042432440877956675237756
18462084444498238474645858755554365261188399389839355965078130264675352925994, 30359867790361775742371973863409430085638946371798518657552765270006426560314
39440947147122461385049960082445349453260017286692033165704482562305070581493, 24821321553989762442045516586643687901380684271672769292043523026070896626516
25807419950957792688591762471918770866518290324494420875796057968169832092173, 59939156321904281283068442983510901695634203594425026354144821022167009828483
18006418656078056446480305842332618851039658094798173175385643121011043272163, 3454381316304105336668602436697200669515514514787716616416015491620909993390
62362061430313626909923503601624313919034118207599910701963888816685045871015, 4499809214570710648657868693384046886655345516328162999106503792459796061422
64215322351713121329946116450732765640979928274671829564823776188943980874117, 54833536140680971649326728468471343502457341660068727645602427510108179965802
61549747541415069398793117122945148052464985797327700737686107707075812984473, 38110767635782710024042256106359320174635699482433116212035059835671553650023
22438434572537212455964132104937468151362592301351194053524497626784463611710, 58098979222637799517695464591312042670042852758867642824579511382348276401502
21390863994786932209947380808759688327167416766179735748576511289048478634345, 52825261130294690172356200328219183946335663149880041723532188744458553143559
38049860451157323016994607081542334485185345695596074611396087472602866783894, 60085846146834253762397226034211128189007445985748112517439537386793974385002
34278809173140079533130196156919454943759711679314245492304533999060495297798, 556964929804408920860371938360150992511342452741832008800189855443919818833
69389685962462367753314179064841104834669126273334635436071083786175065672792, 10805186690645720958121972947276563561149826522282345596617444770874317093013
16976420228226418580450959600266537146137596221618003998024514758531486942948, 33838372483834668882661671573071987226051086871053026729330113534302507598550
15734446964890568674721799018872474578661045419549491262450084726043835795348, 26248970988323970267401504624189452713084190607817203344615324683643719078173
