Elliptic Curve: brainpoolP256r1
Field Prime: 76884956397045344220809746629001649093037950200943055203735601445031516197751
Base Point: (63243729749562333355292243550312970334778175571054726587095381623627144114786, 38218615093753523893122277964030810387585405539772602581557831887485717997975)
Polynomial Degree: 8
Polynomial Coefficients: [49, 39, 55, 57, 22, 35, 61, 36, 32]
Public Key: (42333665749326308473243167611263441310571865888370809783386634815773700358064, 54517840459407810477599471117624013270509698484963762322127724562316947107465)
4367404311025275708802632173410758670666129654986740001112662982372521230272, 20886985082466392014177559094269003169408752420343644463373541809791927870101
4753298263461811952221718957879372095216944335530720250165005885199531550176, 11065752341731481545256400549869389551557605055945730284200255869701502392539
661566575057288840166735762013100513085195912536490031173376552983387355917, 35274608024973510515311548302171052234506861905295550275669051802732403914496
14641143444149274500275629535112749659204786912746875495392759070745678744557, 4896816427952804888203881991090894381561915164924557196002439847248609086754
40357477263770590897640303999638184632502357474421193614162506008285837214935, 41415479208146511307572432686305171130656119108510675682658732316255531769936
46126374436261389725662675224462104976408093433316507670678301957913831375765, 32671893493864642769245603791203991534303810827725320504251294796114975405335
6772162700794255808678279615375151505188984898519860907969711086998007471862, 20639042755050947510898682025857347831046088085326970551242802607836956915096
1201637679960979397609606995471764497625729289287369414858793540421261770075, 22204836321665353171205391771046096533098201567210209487768658560670660496205
44667184617527165374042979462588640453438503069043435149026025251360679693943, 63321393937010866803375472447186171264195159307073442903180030945948971572570
46327871814871532326978564466699678409892634499151448493736479822268502220784, 8409515112553635489944188451879109495292374455596118899135541014182013680689
25457654418226333081865483927843254647696340500791013807259988771332713534517, 50812599243750605438835254374852415405157412588377638526084648601947801385841
59412188026654536203924617316241152781431390994879377022073910992415530435728, 16336079405769750792178977688177625111314968484423658497447336417931560796950
67453867325693776297417659323767773240166966778852609945416131674453453812408, 32931803390814435931297698797844768842153160660330297676835187791398239814521
73697694816003880763050547056025006553542321335787827412684806623991819739748, 31507157659455431246561972173215133278034977246695481818466942522977856625379
17153442380840019843057866264647403093034439389117845129009597257177434260189, 46721051885925367854551861471011652976489190423586373273916568960967224778248
42783805756652555855122263074124334237383396450081736837058034056231014771074, 57764645969563088916967724359840773142822665667471594260361540649908093137100
34171756466361443235870176916199211738544508467188130568870734982880391607128, 53898511274277862663486314771951284815019813442357417366738040309465928975277
47906222873891158825874722956442787980882694211283712547383681519006811633900, 39045583546246333567900329329970629895741842118873952414470147769089656432885
37404369648378905089250630082859373766481973813002825954434072631069805224120, 36718679322154362530572458317110118363423341081334976679676602473340120482736
44647419284361964994849916484105553610705456560496243845409664211519716831532, 51585708162698894053600624307508919247440874669807057184492858882303961577484
10001613226439559418844513870668552103413031100533071526734089852740265837248, 69026657544290884492667334229222861157931848657374400891298504211951915839365
50326806857417754744737010401308566429574101475058331440422926156867262647543, 69204776136680337064407509393630518779514031188689431281113113701209385865913
706584512850818678072491447423809414146878163376708034046391165901374779399, 39673962291312502442433590779346713491495695199221020628358987678026552246407
25308320330821816815783478828503321878248853376862522793446126985714736869153, 45696862210994845330107827328668394089079612198162413125416014058242574903366
20994530640817998461019999058891463243534038908270504815600734262156085221695, 43153936175805986446463542848205102075830811910454556510801062371584509902814
11834606316465952211492356355291342707567128662636609003343761853452918902462, 5983105651210740108343013973777923716761244861104617222806294824591371176243
54022097262720543004976919776563781527112108537571047370473817595479474091148, 58684988345037027689807465379539219881922208062502765261739929822596303302416
29125666562070355357228331246389996628099426057020800948357433179486790283079, 50035679671630230824505211722004887242333412037298788338053695161462920019044
49363270075983590676338116163738074255857904750114409837269820970668099274664, 35203679082129788696943812193688777761705759305624102254920082203638195899907
5618556155503690140351831329890387402087684496743599155895795312314090263954, 25280940497627470297733404954898642234588309485699263366557911298193715608317
60824087374578419849482940711875252763812281797537296155310983780514942911594, 70807495166667396873456417743621343821945994237330162259026507729224600065918
7024820936074966997649739940744670333258841996030179777596909730457966182242, 2486093660230563430182697815247461347433058693779909241637166714058838594742
6138017214579336451517249772809992879256928383515316462557547345398295743254, 45915345098209037336721397652464491687788842318705913778193729425545495848653
65305845727899342771149896456746739097788638057321564022382685845278398862519, 32341621124701853289985906410757731350272853042573419951196371313713506805266
9180005909271200841699645605229035418993883041179710102924059158195736198298, 45366379808132875568839231154093084868207426944123372686792788464462986865602
40727248098005705311987219598574317818658778126337700591118788042111872120483, 58584325670740402090409014445757978687308673477642545944894951335724404205633
59734817195499674775832087698582181447310511302639144579314223133627092012681, 47118208438831536563723580429603425019869204618096827506439967135199243494243
33026428838303833905459949356324800478703096661069600755566139188304737754344, 47094950361519831710965071763321284683839582491230580829125006274179085259125
37176263699469702475603982538474342898675750041786211850983407720434766149121, 3117205538494479196361521695488330770890283373959657174553299458582622731060
61126929473731234840666571740022968301894118716285118548360202350130113788639, 28648329730240544510193490641949418659547269475002309169838584212948636568473
70737886518866855704757389843982837516570445796181926776096507189546835324770, 5599602472667912864685102960493191932970015936441811676734518489237296558725
48307960175130515454282833098207436515069277940353329514705976685581790246487, 71815572865543159055307048478840039207982444100466509183686038531066975293586
71967871608766502226764134641237302477807858873873384035905067100513162476655, 32846380486356440730464887282765983262142981085370771783503154230998398239380
56875087960612857285147700210402213677501136221039900505054443102845136408024, 68817450590491735147049774893199339639886451863572393431224405300947803523822
52629252726950971138584106636390847999454185476255208196193700754236344593716, 26603886155708502784065141700984316284359463630866464587655031598992801937165
39472729404981421091065535421256770259793083870059984061915877053632361804352, 12103963417606415634869481024596440674559906457468029515702766627936370653722
57949125902213343565409288465118399641469610125591283715448127755188583737964, 51561674126302976619781778989397275154642469303961353211382339405228064262854
76458142527084412677778771997055778823289774283911438257736756793643593615683, 31103481116083512161222475547128852625006780880408016532721996229414090706545
71174281884151023507302492323212372913778209858153639333102354945338662813677, 43225370646488922217243050152512334776529569184354675659638771495521914713690
57836861802253607261096350996024585913236766513890306933273883097537478715044, 10612434207668933268369541148202471797677640543251209599548842482766525868503
30828519968912066659251127519458014741618711195814561811316581072982416233381, 52816759333574152379046540395640398693447420068388398909810269070261238220105
8244147452059898071959370926763463646691045461180217290633917764725926117355, 47322382691655951716620445558823702910641316911005936617414200989693813338054
62106436139022258399353615980086829786909803847541630772463165883558448893372, 13789505316445837047155761512513622031828745741152792886092283445142254682048
33260002270692229338748905002629720814013915453294652802959979569273368807424, 1442987267619865248685268798393419240031289771419709567822751831952967257052
12073143409634974171253145137358607144859255360417605634242274311760329101139, 14145696877438609607584918948249003325702910581420499563395535883278118018309
40270003745870736947782466394402517993990503921502258503950952711501095056438, 42736987558701836626737239134353167684747389821377200382843725414197409866205
61366051332227639698580184099200509873017897855802868157562346414857160796402, 52106340376001361229520298431639788558658940263288393316715062318628356838067
68050708233629373774397912568683595025951383561942821054530355437785296145396, 45036696673265337782322820023111326581768090646936443625590280573679639921457
68396838773868180281194889021514622494370251046309941322718246739907489964171, 11467823429691779439141959576652347903091893972958039734971161973149498015117
43725845324544510207367206746632631640926284192091138996328236885273961263259, 12027717615094161460562498712134384209409530464697797511361831807517785350997
48229500437946210199002528698869964970402193359641098742359582308036862472375, 64251498296510028434754996782078491960155578601141654515536047577286892195920
55230402218084812802924990063988980019111808698922920456080644376072253717727, 19684535509508853507631622093956619736213123968764112473473125863187907645337
32070111207276843205632451302680071617840905479167774479550317535188915523933, 72346331289393903941874134205553255874466365052955235684259449820499974619144
55281055943103725649523442524099650885215066499381068724769887853263722964426, 65756474913200599202660706707252738506844199982135466799406733292690218568506
60580437755908073299667537966896685572660574869959105441257623849448613794382, 73640371551336831663205294856658244678506855923019010626510878624941322515826
71000790438701464469267058925800536259486320004927179822197909650707874965340, 70465816855963800116859084366704434333539053309745110091119805536523438023404
60949746675043622512468550085771159888132436246503882914536211742966154202073, 60859288786846082268307332225539088769110037500047998783724317780692786004395
26261094192603912680213118506506088976243678766024246933596256308637642425173, 3773262213591369512656457399384495627665949778126314470761077116891944313113
25068666205518358612331493058634727248279276445114975806527786130092296101144, 15640872632972215723351015742176092197427774197620486092363904019044102910828
33631528973953658124357061556153365027720634655754680819525299094245377459930, 41684078966848519985086525888825372385972118197739214775896321020351906545336
72445332949515211615982839563389441155105809138066834306172809838705415237196, 9755112223349577925079201510528919392182315718004699527347008648537866546609
64575900017984696881540010495747917005921072964463282003061519629746081931326, 2186172496230934588347802664927417825390155669862652097654013210452178027352
46033771573483566541174551096417547375240856830221195806800679567543147172175, 49593159449103469229038122815777215916334855158595216934368395921386445576401
32645455999762724782097059820264550374929609159925391446654810584376364531368, 30532904107031538866095607227410299042734747019078897978147278749648624507878
9196888761588550220073288056718645168363921101565789350737496467745096762741, 17016019087220813243261279943081882766475181957895058607466216044908048883484
24567494098050873326612865897688359716652512489523334622481382813549518034735, 123843598494312990603937101935261062404364225700451819498861004432321712433
71102312422486181707601130783271779615053180487197765039747385840386784074841, 32686364408176015388941155429923435071730005770977093263046695101980382011508
46886492481322616311387659210445437223353499500211649631751991966813409678834, 32308044839274942805768811135337555033597826334913329278215083215901926997044
19505741948050537087210201317916985555555778220638212386260461803142808409158, 35960554982932492305149987562026705761602448614366856540354363155036446620601
48381521382585614079050952982092998541099192340619124174510813777942990512883, 31351399483188961120891364422531995156832523011786097155629462377620315298277
56188699718475467712120555327945017491532183976478779002483876759664453949560, 26560399342204897669840678018049358053906275381492040630325357716436939741402
69371820943831683840367072567050312225531319525923272751135067706353289032417, 21712684625072244864681902409245381458676008061460363294788626366562640369326
58357816831267266907778425384961291957187878534189935239620679176014226471879, 1959769422522599337485853013649071911004061668841029773415226053186118635795
5697562375639879476365888755559425640671672089946935208175053673541597761983, 51304041851407595546007309964826702721300826279863145635494519498828449284363
31517316772040748555138753215826284557480141681200903900117202975276371314747, 15616792033181256815572089912711691754789938787362093826539480757415393290895
56212030319106890049215350032672443055461689642153574180708210047122947871846, 16355575935616837873885871928439348893979221209046399583653311038413214148221
48340491678192124006648148324591304969908033302265104719456892388071549547949, 5399379101031141037957885034352563083243205123255273262071191969271970451221
39959397594529024937281146959388517500229719464235332347982320324289857737194, 6052190835023009308805536595830959933960548813337019189756898438761008779142
43516833290549295292760331296728031646636013275042451428721191067238213111932, 71586337965205743755267381104022992943340084236548209383739940399311139432572
51682066877546031903902413384330102925018479234972847581462864477339589122810, 41405990436660065547416649065131329659127374232917528375308309969054884528346
1827187904249307169691329805717429746961998640740580723818372074409281436856, 68867400098983795289789056131434940845003112742981687104384307097638140187704
38850400245047458442820151510891732475514338907980456622553568453637081126831, 53927772756289373022429718912823679531259876348204182079308319446817684841494
66070870587512293640711905381328904046017107105259092910268382093973953821273, 70624943929367986187762925066176839068531038846519109513016723990547582197509
13315072811442493903705014664463376447004263940400164007317096621848041488872, 644371180072592239984289460696519900027999543573242168581469805602131843950
4913726133490905765612279969361317980782790941872241705240640452318551034755, 71500695822180657637443377196842598054908470081386536141540858168508249076716
922797237861101663287446670622516909637162463901736785878170074984313500755, 15785358343102551084869946378242336032727851718620820271363052358741317176917
12546010368069318538224111616805538417692920459790206908912155198750375925958, 62476310218100142076136256719749700157682068628792927901675702215055301595913
57375258187162163209259983920091046421949884132089730269483042059251658439566, 48326175729783920066849753073965795848549475041386801526567476186143694848133
10525417143500464015027081755452793771355811516784348178889447874666743847615, 21104832509643439650925481012373946172662541877998055529007131963886935306073
68037765821280236851213630878371650823095086266181314327335077377501166951471, 41945177589816215481843963271401272499204679396610338504717497646802276062457
2325099110745493338378924842861936174332207480890271055961246641790883141749, 35398970167625993575908979092572827908072597766853479304841014863554706268160
67815782210954030401039296488969101800148335956155499606864276377953329899574, 18503989264976507645061643196706132710132809650013208148680723954863288789546
56936384125241500446259954474501101733035334545721001841462186845681520331120, 37120845173256182922534368483748746105598513421004371586273488364485607778528
50738848523062624594086422974352619210754333633474699010040179140530402637496, 8387647563150175865854591286038749766028990816917281828860658561126529104131
34170832318963908624433489726215813886170241957390781439226507227186409218607, 40396689261114253729307546637679722329576084654431941568534786540961445712013
34554323520417466766862653673152668051739922998881137490188568871748979208129, 45989559839854646996223038269635013257574658180315058746905777398080956317431
70810283091958001361724288032221679923846679317241664671682590854347394197997, 27693418145330273971063680276237539404295936796043173061506738009610815976224
46881650201422908504897342803285284535745405640181394834314790349115830144078, 60814165179527020831049883227110609668880308525306531044293875319073722932754
25568738367901822106796041627843583340321708721860166552595076040213070851339, 6364440889280829158060646379204410127139120444777936348776247371214643389455
23979411360330749390282331263243604418890742108822489781542117171754482806531, 15399716862864053415373133960995107588844738622381912093280295967633328188733
2510852217699866434887286633673503650939129963232271543450359651136901492404, 41123377844597685362947700210622096904834124044480127593001708245829376527921
10566144574053317788501830759218480677119591114779145635796869598006915709687, 3877375392058785366244889354879577490175901180382536619460594880748594416258
62872397558589040902552378555224325274484246600568266113133256376192157510797, 73431694313059728193744005010331843894131600891314619900561415434904984133420
58393317736871385100790858017081192695498214928892353165828379594069062595752, 42268246463625092657807551215415845895613881236027553026056877787583855422787
9516079636355883318596795088500444670634515818193197161270637434892068000285, 68513108733830253471563649486826733851830617313447370131200748200417703682204
55384151951695005664780508832932027969122938568499576464242113816529791613198, 25852379849104392862128761484699406789077484230292566198751727113797251256789
17623491518435754835609814679547628183581393522740491465241930024006718169395, 21049395382414552603518953906307199611955644182918048888250269668486490109729
14926679737675215850798411141696625452677428783534410795649754157942251810894, 54483295589041429888381598192139702058259302764814373410073557339076996615620
24659337942587309529923693567391098094445577835514589081830763345311865665521, 36368611307399483839580024281662049425581859619543653012354752754700689744792
1392757845269908256570680362543835099745773690295984903422002741391681998791, 64129164174865249615554433301134024074628013058744783829666443667678653860481
60109092099346365877348234514657567892393127359071551415254921648443797002824, 54591882602673093640308527188615297495572303576431764592867738140433729464672
32668016990968747336658306120039328990958616127395358495252649526675216452736, 23841778569109971939177396171843015498105365176124182094215154377507618046002
45629311553836244568589800900529416810660445634060837691280103812598352990155, 43076607202637121271962225128859237757206657488957301432368989351037870276399
15323833427644043806273034133340811498308896957201708292328738444297291752481, 5844547224925679462565873246224466772628184533343553741736741451625771915959
21534205588223370143147196393002549350841759725377896356433687472747129780361, 9203251857070044071821408815043913544491552410838111856517376713215458050355
46726590653665210871507890450322256363520992324369358621501098283411670843274, 55656278018753638036333454252832131495528730554526103832744927546857739242762
6828529455868607152230046109236733284156498209693270434869000751975624282537, 58751460660589501371506474322681889273304415402858613688480248549594558777610
52288849022493250443240001645539850604796494226695308013664702398604856259175, 57810975277836518554417555931650156445502277461435721683460500904509229314745
39282846041957679247378423693813225157820595561123416541539640489700546528291, 32506898776513392100432331671544092677956071606644919462241822858440831484197
29701840128125535704158300848580876106957680092385250290367899751567780358029, 46244052659997578339821028464736108447507514407520805489510297096640227433242
61801335487862807179864445871246348469978621464584969416800042775024170519590, 18794981040714388475398576724140519990514541743192622624659945030275282728424
37254123478488955926775017654243572825085188978954004702490250408180862184976, 21165474692496037130431733237900180337193609977250336013950649641487092756201
56004214917260385106032703092905626089410120852589380182940684876950449794710, 15835538563146358763858209981146698456600116014408866832941700349207146705515
3016768142416922846121868651485908405924853927438221049296214201534280512776, 24324552000951292081926232560498618745769522065335766044121614596791849366427
67768236585377489331364379995124443895197949482243363814482661067193184820846, 60969085694659096958515615601947956084795429447218223313460388752943145701747
7399220119591696203062684722927617762342312026931426063049302486429808656532, 69314173428834988582211599244071384888485424266534695507765942531735515313646
76459621881023376249998892204087978195036076280080138286906748070170070148088, 13574323822267672321782514031709676546114089333176004162965673873941056219827
4096169485629211147765540569102210040036126738479381675717495408363793316166, 35166988672910683587436208204774548260086772536749212622988622078704364977631
43201749334362223595012169355621463282448182066946142801134647959190856681282, 54802987834161062440265807720373133934353431852551316365550410485192655007161
52646150545990813050214401394020129545781127724717297488850949255766630651019, 1560670484526765458649217908437423468583293137558460761561045474556022399777
11380625534626369156449116582009824968147702109003111913132185357767512974387, 63138626684449665309828184648119799455590238358025191222641636122941665647651
14452637880663863235038234352706583486407755048131822580531346215345605518520, 62521796672270239731773301247814358300107864742037501282143569757404843079667
30992976865594259668548158830222142756834613656750736354615115609016128410407, 5364934744240044448796041486100089981536471183569252165176109041765563230044
10715992811784826630189381336729060732661938310212714488815635189092983077483, 51831675585971307930549158564971135700310764854028068313044547329044597533455
4118211223208735125660739571797075398609117053699315607847324971777923480512, 40734044632572894040059119529160248378158837229234480636208056313960449178182
8336804330482947068612298175835854152437346098884795887220926113681149531094, 31174245620880721636499700587082063845666076525104347739981369391447399802821
546710289056015543511212842106118356499391848162487027662988243028729040180, 53144636225621880410549762356285250520239421865174685378916057590874500101321
19195422194619535769348955780112504533177865944902754943197576005382644811135, 1477551651741152950656103897667184307014599197280688625790549861701682047896
38709354409725734079905608857587318357671948566316726946729726149383845182965, 59897648050511497127306357635865640308125726995324499200901056429158877930168
55722457112274577791028159825417203849743423918038657896862928745213200170398, 29525166924038365039975483200997640840233588817120926749221746752281630414428
64447515325906758117143121041287547508238948328237035447732818669265620802119, 45729981321760527287249875625542175191000109020564298151525515237437813669600
60750202277388411364253210249308373216679510439049310267419716552323848663163, 75600938420159696601901401882844597062926180690208698128216386241666311310024
66639490499579342999888710364325765544894240220303456697386837303227103904422, 70090601029316661772418062146596196568988287799628184402951779761201857152832
35505537230058280807542196457821946689865197374074271740957776033158484901640, 17465269724785659146898170783904935661136789030665087375171687493359631490286
5079903828998640392643771148698574794499364606297998489239777900289193288367, 26547822402006993696023478469696402157713115321452054820517087755171429052723
33721375132688880686275044559384175013425535254993775420938116846637998800955, 64847122413169408726809601676771888636106332750600552291840933610550249340364
34946267667204075302305591957472920633044706928485271650837268728047639983798, 60745320626400805013194489275938496314059692956291598388937931206876292831388
60646711847830472023986719925512120194392984659532878897320472721151186470743, 31480786381113878234693388557826743157138056528160742773196610178448177857639
16283463843607808448613679153095905071101085408804870631804684774029831795121, 16905789028840266372583322221553419482869401851501038373869589814037427155467
39929519218602099188233926919389612139423769853535079333758283647267212177983, 45806174828754654611683385144301362007607709640981934902582128472915225340787
49183176147549077349999450945954376982284572375086663438647159585702910007877, 74831101766760902701620837120049952590449192163133804598549902244096569330070
37625659923035848200899956985988662335900112005758192636402631153584605242171, 72192584120334690083152697823345031512626024912638171455496677949211608573777
72048460592184167625579126525567540013709351665369785921567117950057497396786, 54241057598329484809374894298913975936270136564726904576989066368336556005620
59555992580243867611987729185503534035196775021527928695253618776213958372681, 56862676592279218412770928315912362036563958613123221724906413742848304148762
10203020397219785694509857374650125825634566402785446513593289214776737701835, 15001478647259563289874055367721803252745090168483580660132798375039612030455
4248894924074474947440435455055212113224912354719613120946701591395596913718, 34030384128736946997351931510100502754141561171796443663774268295172917842766
18765416256760511287281238564811747526531503050631933491804887663372341766379, 1262114104307347394473638014694058081442717678471772069247822667636161383626
32637728878539077982654169187968666426719809888687799798168750770261018773286, 2313671069492548953794940495910682084093648684891370205129653954430138844716
10809383465935323807342181442803569278401258491635039420701441516367371799421, 42618635679481054007985504142722242966896521018975675839197589080784753264110
53431766911819665445265213379485699121991966161674346489641365655545987672280, 33391338607261971174561191038324216997623889177531290773242026249745161045374
51453187165367255341396718631471861387589787696331500691911102698793135921039, 32887649430839787017441332071450781971036018526323731197737401640852930730541
16377514099878216021946453581293124219954551148943498638132551866981863217257, 5146920697598303188930071223501354914585854113201403846856989560209724365627
73798926877791857355556694762392952560189550342740416266606813623770558015000, 13093409371657560637934484784686798257279296864966740017813536218054639502327
61847645614043269473004741360759351848225053483323898437261287251486807325714, 54850023656143664707116599526309522927809168686994148541230305215931848904296
54797885193804370970487572291734466566733692934223060400486655057426515698681, 74568217732114479789393511378894025124157012955234729846895736707486638310224
66897730101646899566324364460147632065828432857022157199922414758718850301051, 45293671625232962829952965447553470322416522825218537002048144034797650637858
70308862015900485444187867960378738434161399190677956724232566749779104119586, 50449549964072678155321722665613389650495751447015218537731173218089876924465
37921294722399648013746048827413739680069126467473879558431742710660620361963, 19218120306670467946755403686421648338355728576013839860501914711821468657030
38078784414316561719218984017473993711510951273900632191350774693595370907709, 13906683798553013943144708082027500883581111021127878659864192220926875723404
34256412340182013323315474195632146845729934509641095976150413432107877576889, 9406300299579839554055914428702420261638007038056053089121468389451905236513
44190853414425185907461119934800677573158013683452904551319081414001993164462, 22698629040218874855592266886408574636596137278973529987092176880240415551343
36611993026690059652125890510282462228476226926739153441302682022321283202738, 57688774063918058771167057845701196829809702242800027566661154391515262938809
61423519419008278065763535626297485376382874707745895809641703974430287621736, 65833015129723249152756147315175014421216515957805779412049344877266296633197
73961307797297698143675636347814714585182141502009111151460769711056258821302, 9604987468337208928276566671953188444503780924710153213093372579907290973209
18139038015856470865815671346570736521103372103748336485474371777086189371650, 58514817438729072154485083228237935954772806615139824967241181096365629590502
19037017104491148057453413644321058417028272820790954830904696198901122683342, 23645672426983483769479772519387871800431191355967369190853148988620521145797
59803809652493889495790897305887320006573656082303087926226710992649420514531, 56303341443226417258183193997296349807301073540103902350113166556245675243530
16968607578479839944536612371858372515273665525132552905868562657263740872986, 26162814970227820090468129209602853090479262895852818968040690300911915904142
74765644987524062170412344525095864788272209598930384108087863682044281768823, 51566174941866287275251646075846673354454405770560277954380419659476227622104
8584434733214711937590444948502436377669023835630531595184822682711158723300, 34468180518091218162436603790620593155258375735928064998327826620020729593415
23614215414357599840464579436787798088582491572231628208401923415043290126453, 56004903539059397963427796607656777513135056739143523919117459784233402840491
250503952886128497088251161667094151765134456581991982718629654726539900056, 16162114776768411452385713441595995814484574455125120495187709728145573961258
45048131920937391389812840807149568334558563222054535305089481896298664197820, 64126627218761321616496542185769216970962598976895126837067258653200348141166
54754313121578066891709783200901912833010252283106618150161379027170310780817, 35240034793005804141505016855034394374865498638058454636157485689444811706400
36408440612248081635465883958570503456116995592894386656303710464938887743601, 40074061946831592791158031109266844190215628193551762135504472068915536371331
12181942315238920449701072653660958190283259819620049846955196255036864557471, 49530130847606113425573654272123388635701454893594044496743048531370539210957
68944774958570647736781118363730766855050501895535325571490977198993329680595, 23446548685072697833824898830331353895326000368962924062642709089610560218997
11088806380343894885236940895787460507975896596692605319109629747784146446523, 29853076370023616542102536829143799245942532883533547019027688661954622224679
12261839368586202269301016863827595885059315884997233583002874707305812404685, 889743957981096817673795002322240998801355778530413797893044808841719095841
19900737454390923442521682726083960170633678771360963485822461677668734670443, 24772959128083992688075343311459809791658598117665104542474197552346051180821
6820929432209341376847900871235678528486111793795510390968223138214860623977, 42216862818366110607908461695650950504294304560828755965474537880541451890856
3057752475210544864537590412786140065867452112570097261590809374220976625265, 23400210233955131829272416779428142150735945031939076085892073692314743411739
49576456888014482836725220612376929991836434660217390137530282499725543995725, 60649132859467182744089090404663717968780080972556603514062230051343691020121
44596947892967554001981131602496701889330112750249357538935753950848404394418, 15856498583896682306634003731988308479683017461439102407551923390798572436221
6473693271185842850445896129216777455476860448044110241226946666705616855172, 73088055062154090689729989261816421809661330689751502737964491576815604554980
8036963202623927971944265301545252716375585985002434744382811723680142041933, 27671206202449515454650491190089225701972278890897700745077160866202442684022
32360332065720665243431062115211353311943166535137346870632354350457918034735, 40289724691424204927744714451664235132463923856719944429480287349606898454742
8027730780270270896416622087455586139033587220718899985396290986209498825243, 12954791379113222661934294659063036605825490090394255497375382068789313519349
1292798989993131572768007321779466369311136837740575317043939143961883441683, 60468651000918582695081513103735581253110572730789278264159545179609672352817
1781540699634565537736447384656744004087341202625839467864937359258120824875, 26771511481635986295036247499125289297467045338537828991409230193685872766683
75735493294992384825080306855514630027521015245881807055797662753220927949243, 61766260960163274595446346544541378395128878955378174363083074625121201453901
1043631909623132091796976203721320046462045510475836049575839091266585072240, 20735337957081785373855837589975854395187334008330807611231821474573344581061
18530693678524558796250138500251046453642432846128421156151316475778012301755, 15587596368803674489412417852182405174291646595981787183894840026088760832495
35980185924504263406376799606583074820161688929594804426829616367315444595953, 76271297569695240992123748582218781502290920362287266577972845512806747403054
50389690106558184040051062435477425953087132265548334906104859140806583387185, 54420712989470725651312559513390779017510778954600628551661730599733131288273
76623545201644330474118329336980869755137240073420202331192753524525860100815, 20331401551592800376278951520635660538105016238974267304932699867642070721898
36900194775445456820606643015668098498278709497074459468622747472798611853290, 446700518101192083385444540594888012271664854327157226006677489875006149412
20665745219545250880787904426120588249399684140902846182095990392644074694727, 26539507511058554857549395465914436236112565542163466916331481721892389377720
27583894662746149787240087549237573286685379322586687814500348797082894993925, 9112822803899041909296609922335949735451206094026108285461772422969290639264
35855278719286522313710712759365840046947061737501236590147570753940733569364, 74522757893693585113033585599779932273940212776476307957519400089561891282739
16136746213857817198989770622496534694567069430470965801974988114945256077867, 19978327626870106613125001588471730545921293596192284174260867129495236127087
49013822774318244348870571728484894543982038137452544160248161964521246005750, 33335334884545384371517718927044000412998144949015418060091898732110368702228
76637356236291352398062017322966421528910284738035411887524216087716579821421, 19223866135211066673656938130177664037995009063560614544170776974950331935829
15403893399238254501093369354941857327425952724895253712335876288498789845404, 19678711718626418735971274762288050240255457011159434214947899988626519248480
24485580434641007115969692388899186027951978503217563896594331737815671025624, 18100587302146434627706775307637219280960265344199134713514323979849611586834
63770220075714828740460804413249065525698491072861086767703574561232637587579, 14535652302661431936946364038219117639741058931144811465325989636784538282503
62840402249061367311053217293597555928794102880079688555634140796725606398922, 57058193633914567935928086195394990557535648550195592010579308994519260104624
15571989362702959222741710172079183946820989083490013137907101050270780171837, 58148094086642982862316357534569362196493740686815669456488603095570120622505
70773373562372470940321589353873819102363474020675595242539673070023024434636, 54647766851977438441997017089179110916791837800237532969008161620316404919040
64839113790723860279140897103372773328912690579809404729790749900427647762704, 43071256271471892010258762549009314390553238271538227184808585156502011755964
26684564759822434879833724148632750824839299133307589247413969583448808368420, 64372502431689181314563489805642942855957559580037884863816844612392473451744
22836007505810660642016181955606488472932751509470879604814635925676168961166, 52477895529213642848588277842106963256330939232542967486822406825597730709781
3458637184968748827564914233267379430592290550770654038513770521558197865013, 72787461494916622385799574654547079390762245431405576587186226691831258397255
47902022585810133498563440954199244451215017972176431312577812358690168887111, 27217780820194132708513296867750594590886013147263617306302354332089125714795
50231036425236776466077198695167108475994339152880999588598600557209727498180, 59018601844871091073504882429306987764274373966911490771678878621477893122233
25591848846636495894683486648099658040812582315905031889428051368340238250134, 46528535884283675698915548647562567797737848389396036154299142854874189605274
75569034849302633870491286832170444431788533180556700300955707677730420000942, 65019637821651962342705628022769052428960661424553577539014770272989851469657
64998389139995708931312211101332782835632124201012439845273997174018155395800, 27919313909164575773646895893379452039667026567387751153947195025347380830079
9535901910959469144812912956841729233628045689260609368626995289091534123660, 65324253230021792247137079640160730533613982548701406403203277984474616769112
73132310660182100968387030644941370333175246721032750844673415705022052711634, 60452659588965834971106468656182009909550181660312248675428373645838724453989
12590163651825056183111592025397411989054901135527091390132884039272239253019, 51833021949379287234597707479980817725945603423000805219775567647392031218390
25147742787473509116956174026229835663943508714431429213160236808073460355847, 59022219516989199608466532060437542877965857349061432709493387332348001490099
12676159431165977239309057748490570239186241503030938249536945094499870341958, 69970676047629301211789446233291158297568784657974750594826912258529802357463
45325326494569820829053717351452285624746058525751878458651620651571483947808, 8353571600328713273679960132748214944312652436973399170733678452029485091351
16259334085474671958956834661956359192991576182739697543541790628113989039233, 61568001843899120455407732326245047678451385182235016441906629538367246676342
43771842280471701541802378651017125701758279266743182097602651963580826602118, 33688828222624950458215345886227673947191348596997084087724202952329942676902
1659478243227718163415383310882870939181921211020116471411742277588622879064, 9926378794453814790779905762081414507864494667736268934033635501755263623982
44722651646674946176824197154504455075305593749570036855873242393724182256091, 46257011225568783149302934367377758092317144167348365127902753647628402044504
41254007403202770317973093333715200191329274534435870492743843422590160685642, 34005153329568546356129729182745369236518195176318232747065751201188147954890
26741042635101573332171352479862925904459161903552375093460391639527230690185, 49436335107671041185456243382857490247933471151720513934007699964329283034069
61553905047694633312152581306380870889534377569844015538914341239076906919408, 60260014936444323261039661079770728974110484055813591993314350479396357362729
48850205843958582984344408062261975472678122021744844226876657372112384825790, 26412575889890070074127165871150443798306517729313824676620294305690961565266
7556951134704435422720108924102602064154488785073042626507448019232542950835, 69071130634944538184322938862655278968504279195607141080489522914888327216338
29850359769451522832862492947924433517816249803951630648755638118793545004968, 22428357694911347397514795835673779418006411232286810867717521112366952312116
11968562649248549284587543126578935413910102588641363910175572823335312209212, 16309408309057061675380211659547745807107714977286744790452877043213089202460
21954211016232111227650708350962245963221724267294601842386434905279778911873, 18338145207998106835197952265640277120584332575422727609035402494681688559904
67016542853032605581493946548038335447887637903194141302232376664317378893832, 29348805476124287499338811565673725165793063357321384897512914351614860259362
3708012079885069738618706512938197627597683226192108165653363004743187527405, 23552218350522910804066010856536055662335791940015718734169438815978848143654
51129101415890848160515310167384508608485334278317553096690019763679097366602, 3543226434656409411999336521196756181248493746010884002399559136567338222713
62214878571599233007862550998484409111398041007159315737299238736664092820481, 28852386208990497608310432317185053925292144701751037492602045917366394744832
21546288598762379892849530751827837816693033099084486281293893527110656258707, 7780416573828404196886418361638207223641952521226543917215906229472027845028
60053517977597786971540666873592699281075279980078810664968163050047077281024, 23995590575854680831811388262173027919310035020024246503581816568677626864381
50076248242990851473278796916428132464565988626545572008188638479249370055535, 76494140077532791326513733025136885604414920816302309154455816580638061144518
8016220687655508475453243959875233585099709594168182236309165388102128121242, 43225045711283066461610863142408563135219501082807905295776792503596948629356
14213526569386799650033278422852366230477031789399787845982897721592917318953, 11735895687268042832803996544369182039636206281946929767968682578068583360105
24904562355502693860420080353856020297746913521599158778178772512869158536042, 41441283859148351910039048818728919698486126826702593672991819463288201221737
24819845232224927082139433688267749277152402256118565103423196450461198480423, 15610738526674990771535552286887113570343804812790371042021146410587637114980
11106281953422850319777868174341809635237469251132076041190773597127748791377, 26207165424980096315422045314256668243203040598202573905835841274023838379176
19854647858450921579702407131451019662770688461102866288056407713987093028540, 17056419341928398898305475488145405041593182640801189349697998536291734282467
25242597132092490069884052568634280934245239129606739290887106528858487711284, 5314423282314308200510903008946778534801803226810054347465668819305013309620
4175163483536433535751469994373992833071003981083740689197869161993521264140, 69864857896234683162913486546311582285302124897100050270938599980729289526092
14018727003224735427943368821519696848860863932539871610266396004462584187959, 20257874645186871541487551014685073510678627463115290071476416660729382181883
16066803267365049189254039839352900491458257987679277862658746773077733251041, 26737837290025940462884968726297165372413997034297281280301385447203628767053
74480072593805169153125861790057843939921574195784809676389512506035252323125, 3366415677250194360333794975615331920428952424083213344641381690789550370569
43226828752428030168108441788955986407169498335738337740500081667991808535458, 64205871057164837570059372665498647904567017685563805484710578534725684122528
23085699288448358420435895356965811385191909549431545324140782058770522192230, 31667120823992150106929568176577797351485280463472862406462031372918381534807
40097815875718501453888332172679301027353529110889261490279452185979347351202, 21784404026281388476325436064293692491553842038309307278026776156014914943707
51949035494276063802271991863985317806410938906385586948022652220054835665151, 53657460688089025723708425337621161300391708734912901088935055952370172444793
27852329767687871329164958597681780749724346901193463045564296496080150980187, 37717914223142722665484237488369688233949969095946819510329521049324376221479
63457904457332791375600917124513553991848488510533173066384274483234463926929, 65959758586894066139497889684409800424257237405284601307403566753375507436388
64186309675931285201583970469463345529342890691649637648893858201314998285399, 1032935633131768931395398402856586759081560885667589763879085084579522846769
12787104464926304748519298322214138073675145842525216862498175866826180353915, 23825066774075622048682508108850889637362451566720570415316783377788058748429
68499063341637545904042183768737593928387579786580026569088218858443448281988, 55514234650085351443927019578434291545851508958786435598181666027520426740125
18446970893516924132051371583845338327357704657894323399572982521480226490369, 2034973555147018312622935366057186665361050052381564317137447539840284221064
45926340265581548350375510373098565778828569897230277459004803250059660902595, 26263181499409621014918781970175312035193155702270641021019034519265144656659
18630382756908679848253642938903688753642097573414886365276360313752927488885, 36402703862529398099682073736911711081440467573605619665508635945421889918418
19873489267723953382612269145859388375274883627288478446160760271586776147067, 67379838297274750591886076912431651793435758512427653300260839799648121102753
2072209283038753016477051659943828304697022844912737210282228398942548012131, 46043947644834535636705760665764479282610492110963556308681180933007695330682
39303012813282567458212691738796834223116864305130145881934353650091183065179, 7468390659476861129928008538922360414519459413806097283212374711549456230307
13991540408716350522009360324881881933626069644841500720185848051948765126713, 56237383400407624840634530581884650373040592652000893182387414928211834751278
35500112719691632425202180039020652640872234473446246048899154549565758371315, 8968034611385080525233918186495246590721469112235701389203868988549129558006
7205296155109613292484337913364002488693926866823383300505187337305897996319, 45652538893658137066934777224116627705597422397583418394032814685497358255007
57203159013800912498729357611026255213473455209272122844817414787788810898835, 46506247703537186483894486320832495936711921056621520900733726348732165635124
19063924495279714309559896651563527295153854670229911297049703793248557110471, 41633019660249802034990703177294568904566289381482057741249083052711353957535
75694297135590380460073300126026419149827467844179276171398019461888426563154, 2244170031174657718676250920071053261651832954220085976564659330880167506405
17870553666315152120857428056899045680939963621553222396924052122551277747000, 67626364610040049368820249162562095748277309690921352632533435933955553920151
36890949570113428481083452041035268616242917123614539377274305655864960871728, 23840718865893095490591084557546747533163611240567611696170443633256739934759
19710142568155401431709069795295945543790623470716318607653523019503725411642, 64467995610839627878626536702734733534039406786256327661747911112652178710144
45705317305031022556613631420210346293426707835073731673898259832742259345613, 6877516840215177519800973557083956151518942642769566233243662720527785539090
48439835285447174592848020569440914862783027223658664806127251468748074703352, 28784451719866001925035802964631858379376400909098576857820071465320246789142
6388541080969935071704908839677831098997604458518106351143981011594451042768, 67521604647899875636989476182565407033307769260336363197843223819471344355760
67284551540881522780663946666221671199969170493129867232973006355872260472019, 22425680345296453520258300908936518588471591981688629979319759456079033106942
12721551064385698404951046515332644529188521475161990126870810371136038726825, 22666640658739906664419897458251053521819974142971876041641718818483645438974
63355350430063866052847601366883986907978351364599722386933785808868856942913, 74624022927550924937910443180548021412775847116986518707233622974711813851200
6808046113508329399906368511425522784618324499573389638021006255446358952729, 20590862750687238030545670612490470366355112655017114348681902389981535259853
4371451018045226956357737816261191524666214313217771362614190556843010412636, 32399943425281531755712071689936403079411505965247919364322912811514699902954
30604425043635987468690278380681758150612861684324865007593900361335454510888, 19577869431637903280583977414619853609288714116363967824318201340318867618283
59879973207590941341899706037725801245737285232567656804379778575018435696917, 21614297745343554442535780699033090931907453825930179700835373639105064249822
19768369670724488651773657628731293044990722946810999775555555044725322585070, 47793390571476843213489876823972536686827428440845243401351739660698232305333
60096312996690177628004038930298313727781227522289834248744213779048377264004, 68075715717625390861734181738383101802524699996351403258588586865318723754859
54551975744235667672219316818195894241783104704912458332762269149163865094757, 12444067084813146522679347336476643744011723078463283222666937460932043164776
69040420731720021450514632722965522223909976571059212119024349351860131272167, 8234795078438114183799927195739332616943129962212381737469302382504885368155
18945241136910028953834442031958907582050519018499483150625789327996792688237, 27305353325124444990121757063826695295206656488160195263091724331154196099067
29028780632925899957634628274717599386771788104439128666546954927736999441909, 34999844714557040502894924923755514812347467718900715786729049093780342432726
32543762886928591792895575781797193007426389594819964838208188717676603695135, 76130890676777761074916075760171557255683895549260449624624548696528433994514
19385015340339175482635860537088867513947244731304625860995312677720785447188, 8459466989131724011375121544782868424760186897882728873634521781550873757348
28167296659287690533834683258944183648704226032546691182548645471906463442682, 27159317345874981227512396109795468059041256039773052537679767887681941247462
73971046493180294996268195948106856135770941501764087305304876058944113649178, 9515241034872874740475484255021511946234698548880948097244531099520007630546
73860718419110560743387859160253479844690832062963066904336881831343497970486, 44632107403877974362315186794086821594701500163050088577974534678487591640268
44581079267606619289261935471562251691908818822459633916585498169162171522060, 49931520353144307077509685358767470201966621737713926224419286757060449951013
66510116585827361238111583637187436330749718738598928600046321261517385862129, 72011998835662287272629217779724287910083817867783207841142016578423565428959
36374481510613138472169682233692788565512129080433864689554873751371472733242, 48629281793053555470938019888694797117551376096160990308380579416744772745402
32177503053848464234835634142349641453889136155425712993049376760549861049314, 41665174271984876301021345895669822678515920309153365722519843060974951547774
7396816574560635357904657017684258446968585572392427929424765303164294831276, 43016403227351732689754899478062818805837517401304727703711136211835947976780
54917970643764901781553797499897434815948179348362932058777296822686337469281, 3950443743273425343846501531116142788030087714370592121224953866146517608207
6868179631541554938406507780761818544994122776177903473069336240316337717038, 18136662520343870248918272760602553497192869290284679694800655261901561444641
5726071958649277646309464452776362898633656025708865954364110627843002705926, 57735452238831142839678865562736227570551098157964971744390707537422073469754
6861206241009224524394451557317187550731096585501987535774812723668511767511, 37944476972281288520447200674610100873688634487711762617531879955490414115098
16595203175126504477313024407590079430607654843409529871040031217505279725603, 54010937619611447481569120313707273791396616857311967141419899054352304793831
24629923697813671468096719967629366927679779384774420184773002504736672524187, 49194936325299337965788144132353255357550508908809401703587831866949251078373
41974873018413689955864433936830989922567339052772134389776746636732717484837, 18042297978446017065565884677356533907580654052426635467638184100458162702446
74187734171578322191727624907667310948744342343008453231639377083255912959873, 68834409464636809061683398864973785671252717316981126806030327009574974872381
39162746934786496081252733926145298295537070119822923525038084397217058566392, 65274539495891266364879179924667020767870944177178716667144529113047997626388
25432555113673072891225698672854190761884349884531689372829532991721733440202, 26054611194519434867288857691160928063803670381332637354407327523487441242542
18644675614587800230016496278504920767434157533492835972026173630761768152713, 13113116004879782770684327777535686034550455697693453665309443414321238919677
71885138277086401850422428686738017441627413427682975618014804596040875161936, 49870907807706402175750421192903080125073924661176607747027828996101613410744
65801947881124160740948281714959166481349680379270042556818062188409203307685, 17442650742816806742990105625120261570016761640075793587754819301368473114454
1828839421403628916274345188457213333599622136562686508570665440420820654205, 35609177993256016614936358296493913573569693611341069796528223984448441240683
5952965769125971521984387745557823342946471251047633909332511834175826147439, 753334736525305232997000305472314054137474235006677865192476288985753413367
74329230636221244521495337950515555837039245648476208203364757610047898006693, 22502781825121649729707839502625295586895134205751488265641208483315789612542
14020428900973922655855945806775801150300976520122239279343923500468175065236, 59818198897308888158903266695677897993256228955446459144289095370033588275123
19707678332489175180615474058210506459447431153609520639694596320626251955434, 33604038847598029701210647702230120741440479492637252908644429217378343651419
48708359445109585499599658897928121872793897935742426000186256687320001815693, 26035707644457624113876628888033234068378436576650775859995992721201493402913
62038692186579277754837204380784046565916521415923762236246500297331804214766, 52316780346545177669093134159169900249595508786099405845046337855680523709153
15760756646696846799890930049177760247627558978031657935421432932397531010194, 57250940144394601913606675408499212202461207656456917912811176892260555927166
23907350987949552515772174667741037943111930220088147031002547953684902427297, 61697556414833097975090737245611018939317632071184057887439821528269083350108
73405392341387889230018755973113416249439839416574492736512546698457948662111, 51396456416657259110865665872129325031424173350479034907703406845349939835050
58126111249927701381882060082147009215576387627515289736350086920858743985071, 49044610499778134225926440192859525285756582577505280093926604371490936367704
28181586642753708664268654915703445510977258490687711998293161665508350584525, 63987438025515211126758736226127140500828215286158405744806744611364541132603
68034882351825987247490842859711905015224342694568049710028619333850664989394, 2990482724357172056257827639594152833628065689536383168248659214285484962979
37431586615306650361480854967087405810557647378483252951869862490932267301015, 49643892152138945218716879857793422282213329973488832435280490513261633061181
56734473989285224254125153631988178133337966976552406117031085227292598859234, 14182141067361672724906314668164346877899150472392549785928124773225011507641
27701826049868030856282708598977885344712351176840585723830000329146735476390, 52154791970985270472058165659383220256672521362958224677711020033503429340833
35738289684372244117181847471047176784343553433554701857928077124867375790186, 72566657550340338896119045398553967508947217843792686238952129778236072415732
27043668870310887766072339263669507875369150431158290665460916230069042680786, 47198866520737511936537989341770522162216265754303398162282238585254691797636
12885444110486972813280302366472192057920168120337119345888916598298940244061, 15845513180399044436044011712778501928571900735902394407917334516604483575568
42189577329992407383995101487294459277871603646922316678155514472518643015296, 10678185077446135725635471954747366316581975282867081473582108450913236215186
65719866991502316227667398148357813211692286170360963870506258188525914131116, 63185341010341250145330444348610755432826793488500849653791107813174388422059
9116555895507720990570228781246329966874236305048609368563782294201498224479, 37671731330879072455823562830165367837204453077283754343742690789925558818737
63953002324466700453875544015434979129933775176892648313882757395848712726530, 50463253585593480038646355798914246611384722732112512109068157730368903288565
22107701348100191038859988043051880468096397658513141236260400370939020035576, 73867752058145324594309116156601788864936269061433542728722154821196103605433
7078951035153035413343886786005644129735207455819932027434822363538943570079, 44338316756476787369465934128481326895696668860704197297597542000663231553603
36130783707382168492869305887373724721685920836773061487860499966442666755631, 38101738701849724101524532055060692590642341811695083273999234192416520388908
71850927548394568004164059001122177862592927282105914427225166706262151275529, 51330239868117620646491970779142801584637186589895049106017798072860799767154
28081997334735144749902319508328877996332556027212282783781757339667570956792, 52691285422403068921536950528883514548731570996658070315758243528339404290208
22072092584214655780417242019385398797428045342647317601028125536737394121015, 29798804215886577324587336188287663465490449673668415655440686983026829606588
67296909039556379412631506046353481331747237657857423069157332071738118827548, 54022369141471573953417866970421632945062216925320514269466057154277685985461
71182632310011750016454515068898398469242520501482073357755980543306065950695, 49110208511957339566228882953380250352420933732473094157163055967230089359728
7756084843320945893584743319074139443920909679243472629813710700503722315053, 19063529992817312054290245994242322425864109240629529627200557529200226101792
2160099643144479993564323646576295059248166416944610287607782420912800918845, 63254244065362677154745350856195882111435878923680013048437548494328310326150
63699915864461873976145899705549223438007828045525458517192972277576575234820, 53389602935208942238828396654037640047533539265536243541324446879666671418177
13387624250237918864209277657257652412206099459706750260161702744705310609862, 59830653129274601740850102443009618429841531409582687828387808718783203148234
3554904166449909235329807006337148876461215809372929941325379870857860151634, 25561362478175068826901273084644149766002301368065555754668364014773146816487
9500175816318981254767222890989389338803325199659857182383662023103437771323, 30555755511803648767222775269154117237439024757567779369111602571726669297150
56139860539099089948153135562223735067854459909486436537083699087053995906425, 15880717022278312325858822775662960464402501989059128596000358065941028013464
29426240933528811617293273787972038649882165667338998256015908062933732259627, 44019855502863258236185170128629332748775780645164859862952687714437517417092
73460191850768975410337273756523795428076183491792394856495462103429306328043, 69948719418381313388154368579663390032903205267936027341587344871526184399624
15425352654841799656150986728277797622433556962165788633620069989828357168289, 20126154905535548444197288889410472067624470194023822083488123334479113290873
53583386780546052842845490459081620009532148248742631863727554027847146631326, 69993597611191493438458040894973525831626483304526426121285318109133383953606
52481920757136785629705357717648449397271121705991525046578346811950542494973, 16460376822714957429233135929908263097193943959585232966306656366583538475435
7332683181377888342922829803489115921269798252517965726761022305565210882886, 20743379896481796096155409236664427265586512081700972700133313105668765305506
64107900433608719521168589827471532322045391733667483865291112940476164401170, 59066878882593292008565094165955737784471097041185560119718500899869586036217
18833486170177002077605678854342263250562413536347397048491187937507917500443, 15629676474837997040554166979643355780666630796455609350876065204660209150138
24543723190201975162921397051520407234808099495286396428327813749487160416553, 42383823165320507552589043863926478999623405643626168009045381123616540602785
2228631178333910520727877093117858001863872610644199978098761659838486066299, 67183749922635585962067692467128043795097477534701558534475936740758758730689
27762268822544210178011427387561252969448933041769006453894994699392346119418, 19201604911757639755498659508843744429892644936471622187650406864446263771020
64245407161651183814018061732490608031208960927778215417659342751176208110909, 65243295232967677112998293877552940684688409889153732811929074300247587807241
4033634825342516351634419277311242031923424381784397697171616564957035854053, 76317249619035447629536766132442067590176265378820050573250406090126991815057
60036483066038715498728174082988799379885932651736045076000161045305706694809, 37362705163967043548551466183151272135135042335081489694032748579743937087573
11743288812615845357527893037827540158973963837316926151916112871483898248842, 8079608661370450236324189023843579524213036032084555166934463765029749753210
20097726266452816998387826309375254839335214246670897546312334263136609427077, 12901557611233020040352905031591584348039267500937693752315920025682620126647
46483028752142888543837658069479267838702748559059093031705133046966474000526, 15728792699541091525896985046447518142725666597326227807168270527561600464805
36276096829000189906616997176514941659036987641764545886940988177654637366243, 40942024015778227541189103804742291999934469375839765815005312339671165254509
25239521960984871310551952274034292618357166515728058654536729776486311499743, 64748311382705825529157589391358391804005581193280845175622901240218449666249
71590679368770236036274129861150172799347928223470340713944656980031253855453, 60822437332458037589954292967184472115724642312178844609262424132961804711571
37356265025743604011513121531004332323421887835397661377175479882689756919263, 37253936005421305936183491143150208200792494923283478812932557487168392442461
73300121019046403810222816166836043304443575544056357200534862491802924844684, 5476615404815354167941173029373001913307340157029110238701457654477952893861
57013759352178122276539118359915442110458703069835803518540129470903466473917, 14600067725416142451146516334125751459945130443953279538310655113834752848276
49409195865593402730817874483194334709139574994609780928121265362822334619657, 28445207045353281724499027125276083844064734320464542795638579997205878597445
58002448695735174057207063305098107772576316214714459206920117171532951850674, 39238626270133217503821710177386335868148836917444100955289877259872381042336
21353614544651913372443247692431548143005154272772594316198949077258076285765, 40668288538597275421555953960715189502454675592355181502509724048469393548422
58110692307408957373587438312165427077331581010948429349211241686268077042560, 2619147267265426537298658767593186092265410862999907510550927458528864920574
69135242540091953795416558791239885682116570890353376968036684534076460838709, 74949827423077601845336981361015679846443917077145176651859209647405252911334
65350008893685292785607581782031257429961201405924715089805800864352151154351, 47390799117154699697045061380716252228470795554072603253499524232553158907798
56751066730512878811894426534898938820893968991052110720376266759936505060290, 29991115552455320849786553878274074945577110068786958993592558917487336479750
5561196121999375713709190363904322619642733485257440786473912728307465011117, 6191145486116143119741316533044748076625276735373303773508624622702464944823
49161149170566323617695600626101335157383055035169108707322314769481559079293, 10860946146538239066707970629570435556277365202542762174550812112629246807313
45475999175735191814523339205456042786450864122024126809072485454502915682781, 14711440121466204937090736167554847946582668847855871570016780819339740244972
9085359081257940073832041232390499867717421059156462335926236095927583108826, 68503138962797783533227580898378352990487098304025654481265254583507738072937
10765099662753010181521908460607866291995922789488870105159641203905794767783, 20500338596391332257835498289720081059714123966912241807905287841547470116105
47724031358101851499002428234009864515466816585521846238991537962444409543950, 64100220742731294262544284866696484282498591729451920291066153766623663676554
58485908947000076756017030547950935121317744737648110612891278132443260353477, 3026579784514614940318488610815088712777457781442279770519628910855736789456
61440601552898651135167846663351983873605309425602290505157816944728564997034, 25244628266383345871095371221087343306084453446037653770105521567542748288545
70983840408240535363115997797757009658186013493995557209238956186904858886522, 32453753996958661468557253410280651894838172862293249814545514985612923491366
4586934105990482970644121340968253044509986352361441295465525288886666102613, 73870228929316785200554737823697389922082824681456349157411028558082013025621
26029131278599178874552717131815623623526897291534195383437041182347947326297, 45008686066831244302512859327041732155129617654787218660283963788772414356114
54210908713866215353304273878243038060243852719089513872349054556646648065294, 61465078163404277228860799447863965603489532927416905592997890681253962462299
35398788966653029980515794863485342571964405826252529583042742696138283175977, 22021510087523410020254680804509556099352211351570007742777493122472626038246
52355504292506333400610118606871295899831116980369850137745143967977070932427, 14452662514945961041988346886861680391491914698056345590136785831278266613288
63476874134672856624227206676345024054922610053838760539465087432222538860300, 42967217700772106561849403389777571627919655926021527549218830101375456043952
14558440773694883098196108331460214837723664628799430001446851917694403346033, 70935817634383544194088856199762348782488083408830283439426165883119453884029
22571401010744250197364420063406875366776163429524685897379613785015269713592, 36968332438243694747341595587399592891105670157444647388060608127715576842208
52603030200619181942501081340277648247892409144694587133013312504304313968225, 62101728706790631907947643093618796491549206476983606111036605757601879967264
5764297004360467301172287179348310361991699756986415919119071861255446171457, 41617674369388341096921991530134761029115148995435667761222093999225466146902
19864345072116864649504557190292541575553803939450808772092506296951301385975, 42809677085382885804486192187029248530687719965731900333081656557584837000723
31029370452951265785856388367555446424593421936962493320588187214918209007963, 44312546939481146398858459412544013895625033630383427073857364727433713509306
43609902994266903521023702827467775197711154361777373163331799242680973623681, 15508535434562529071309816314203714344150059176758476676448568037285873264896
64442636681826011288637915614446691862520897920147149895799493568072614428343, 45085549053687425034284270669034128704794125762554808297235237937753608068922
18728478849052999299429404544015734437765534309535559651159962450530302506266, 63342113529428473330608945782152292444325657503886600135773930625450800110284
68489520585021627968155114718243743323995505692907609677081823287414764028291, 60407289872292175079182680274882642207142816710320307590559242587598755161009
14148630809580511235556064537851118107186897977970595210142051163447580417831, 58801476846958486311664067335939639255495617352533073126926023034102000118431
14391887038457107872878282748789486805027364604352205652681481136693001558448, 62342905155729663439950073390976657530497385226702006671155329053555102352841
3116858875989719182093173964257674537213339398992828938131687075125885826804, 63573252360601335200112441884026071104315196360786789025380248985441869386627
33961668179314234945326318169860000236258300849216894862312636154921196152889, 73906145048107010957038552854436307059295535653732978974487559847144974971866
2353421731494655755218852412358036703418500734339697332367993730251405520910, 45778683592557796568597212238004387481519174650049727105777563549429049726023
31742501125681965247029748968087319867947971025793704943576189012849351302064, 20052775200745055033255918561997992636400754935098796649748898244979838989028
4504692387219687550345975317166933736695493049930474303052798528584610348262, 16197491315188659883383162862508758605607915661864852535521984170540778284044
59693927855365202578430706822152015023411941106469508352161198731056335452857, 1988947022878805770373258733774380747467175352836630765774662813889840166386
54904384716316567219015803681719544303716116331534986140123292312515810559399, 46519277586222724410746691235030704390812405817653333956079788709488851265861
32610924255925512989221141505412944314036419184430891237175101322562394529120, 76704026816489616875513414521049872524622087521790718853791949537482178329492
16221583224305518749354814563690644376226197376366534858048110270207653885880, 65780022042627074018828101251160232486533549966419506849879153104222641936001
60498071402209112303153853230869002588404387719474806917590945965190007532400, 47681984525981802260212107839378132820975538171821425419573830695466419771263
23923685724625813929786262413671207796577450954532153470087706498911892329922, 57348948872707432522535016059968807122276003450387694450834681202056020426616
51034670002186335259014030900828976626948543628283293454912534686288169032204, 28096362328084272256116881966892052627581161982787006583440930562260490663263
58091253661883856297652854784686713291052034925125174958068447318113406170724, 24473832983262421365479287753059233820209856999677162186087303036329258264164
26488071719623747209285295771543740904983041857126966146842194325999938947809, 38226636842957603617888617250443794765988951476279838255188441670986701331022
57859107898640387233377388844814682154077867400667671867657069231841352137438, 56237846586581519552659912675415141602074440073894235455418820633986492526217
52797242531193212091185813761733152223329769336807820204868798653148334926057, 41601947010781995022511544113747056731549643248640734360097226471733330659825
76029852076349883599596271507031466852279349021362456554833488213746743122115, 4447585843272702986625130080402229265365734666543300837234208269684764876511
24065894585497738368428568716285809911354364261463336496144295968967684654124, 13150376483655705715621379966160010040557238478361291830531686670114393118106
51779916498307269998233493722676820647803908461982800009159129815015699690293, 14599531189564664000645378448520756782533988078193983125147925713034931000220
29400625394024338761185732411126256067076098309687830583056846039248563474433, 24788445267054330710626592135719558881056400945326764840854425669759067784982
18728238374843149835022425275544023567833230475766703361931593403513220254595, 54177044079393338851157322071178946438029529046464079560536166269990959436354
74881536053760208123610706993468706976208509671643173857436095145043276175071, 63569411374840795120275785711911639864481835854288406061581503855475609033199
43509907725076731297998143631891741202350335800568881751492073277049604811754, 15834811343795998573494486425030480387698343431811583492460115755496379388662
58046778032105738719273245912062377139437293239792874797916108154740095832203, 37077128121303773563761416322449026211796117074588162033008571668156632434252
54803541357973186733757516554870311163769883866605335385857247783199867860082, 23438474645522021128184804108096021890124844948952577867540605084050453798430
5924105682443718383458561058464710114074647125381511333614219832872888471902, 62525865918634039813114772296732072243111446321776557651422515504857035133309
29082483019440642334196794049427929807998826555617646090667689129772510036948, 32688256895144274035536376298442693809561680591261654304158336717382062884954
61996331691256581552083418881946263880426165436413872312378903253768963747472, 22150575664470766828114973764126895270446942905602834505456839276883180837744
15516862055953457158926422129812924682748704277727311380982146159522777158227, 47407136016085897853600340949514232880667024158223053192712896102540143251379
71268651952509406300298345399817935107952799277254588263042311606472177620798, 33566589955836645941433130360234806126425341655095197166148353437336233943308
73457710948859801638561077161330697406386352307603357161650807623012834432578, 1460998934377356951265495075558550621959262380414373726767667800873919885674
22263134170963649748018909882863220832727854554203622979917551640957313502186, 14863660331668264350865144180071484419632032721343221886778125378079628725732
47405634482790091679133986659615147013700897624949194160004594668265848658740, 5470235192098930227357975920902529877749377466546616460645224966106015313815
32244027279481428711678821857984714225523332260326563837118976386948984544281, 21741070313178931169258143145078584242892508931617249669929907736149053914047
18399048016382954744973656563785941401970484382601315311035517190567034001183, 12003382919752113401651992576990385743195632153819277735460600099821811089172
54902116706938650661505840217839992885206495043931844082657610369505270721873, 65233983761163969815546446901723730126393979065310193228217204766885585519403
33329326566224075892059427304638826192618978097381035102153337034081895888150, 26252398055914386376360167903004811914687512011257759404676376358095513429079
18409309009012442369619869197799995779482232561659267026261095780714800454185, 47277403417733231290503001928853375704195527572129172965285809116558512598298
12549555036822371978238505806937691387020286769368634608590466507624949704962, 36506168397341139721886501211450874149861458643047342335448771699225783435095
13465866514460408187661460385221894420969363074650978116333525266995776298606, 30597064495387774488964807950529595793855544874625582575912433074986566326747
19062506009044642683005682106670563571487878490025562088125725271106422850920, 14944608385886477027063506552955986800386852810528350871315395941829272882165
58772765791886795499527585634607580680415966696322058939698076367869536278263, 65411672113896042157040013142449719574920874778950220822462239153855608384967
75467689735552665697287617165310194099588630774518244347276898330423305925034, 38400829674248049325428995716334759735104576854319981082709969504054777417085
75519876715369649614383288206256197296346755890632012386403222193748818325507, 31191993294024115683935966516032801029075888308398586787873677800189270892959
59531151173946361347844860309580292933869727455356833329198614836661935774736, 29697787316110318042331676715807795556646569294006511188082910059602382700433
33208789787121294845440474408203962162283438898745457716622736497208353154886, 34111482405913423423755107029799665621770423989169134677769025395822219044968
12244214734222784786815210162996923556588595083450997163877501630859160589816, 29949020660939850329829692183491445187956870939128181666233561469969950734371
28789316842063736696942352831545309160827925440548898321658576935054349704624, 38594232588182658158092942924602688939716276389471443202192152388575196210902
34249473348150306817722014931654876916727778239040077164299294195918922939088, 36241946714814777468102860400169901778633422346691243255782744121743557761857
6656340741136954010340775807296790119132594886307540349297308428112066318074, 35337942729356515010021351970039499080688538294763841318167129089435904747290
29960717894122323941224091543129967809063204595377460038033700062174792816456, 41437180986791556968820772578091336917702424779731757668178843180362481812023
45720044554828696931836958487854558351008236737325137105965848234720853321539, 30442246787548482233792868335972166888755737876475233400017321502249509006119
13687321916229396443648371452753035309080451301715950285506345807555701737206, 49114567731077520175860972239550028962735464292583001376942224232155677156022
61237604496464600617650528706078230066984821069996224455365983898950597102569, 7689698401765701535978610554296758824272774072511663411188127476888163503951
17223014404008481030861406970781945637140251743219898895635576975127785677506, 62085143680016882012875685904958660832652520394960965053629865566068025527594
2147983072563437468451085377270033898073936981546269086664306857359929064581, 2845168423509317564428935562622106306534422346510268742147115221092832365158
32719251539915712300565763353940680302519893014260158695939579213795501422187, 56472508665938934400602333757835028418317537683605268963416378762089041906221
68915806425206628146223631122692000611185398137970103714887576634630860585435, 19236981661349144745859747769782287671036740907191256162920303153545091303187
68914295076375887523610250303422445965817822503184089033075197862885485686762, 3557717189291238415422709146350898782520742362152903192047885600963602213015
71628527325708762738482051896814739179444232313294039970172847275297309784516, 33554285819443874346773890790717414912897759753421745005530621194893134650662
25141383338704765274657786107678129419766328250407239407413789581682889739925, 41861897993753433850744662552822140676899724529130624248038037618924429800315
73529729704449073009312526401652566908620452405388518426216025176615886731961, 31775522682823836940430485652614067076517070067713587490019695211246743259384
67651694663792874005075413131248818153976849198914743491362640283399861184545, 14134213693134627777351607354795891129494182637989502269293734573161132615309
30145279189947479709003599124025281323101044156371279478157903605506680070616, 9133867601609292400926867851163072440391693816500069235400187119823321668408
15336498965002319775727944000913893616962960983175732580853096668251888921853, 40346417230106327767046791227744310532643445515663267642321210455740494900661
43785096865768253788342120945746492486323351503984372807055535395399723642612, 39111378254366094305131986907362897798860948256624239167509833672649158000351
70645666642618213834709962532328419451422618789465660947272296186766195937953, 14599451993047077427405600499177384101194664152128101701333654358166348776694
58702387603900458326524621839204893515170178693733546090337196345272187077567, 31887906649437229442193343279527224252429822589766178117144706696432989943499
37831178991107179997835734629702942843160213705558907991270017460460579054664, 50800449524117296125010232686889089954062984479537472647408348545027172231852
30473549212774404692894605345874479074911637591212825681402362802610671205939, 65686908536264149332858063397962982226208111901944848947537894741973023027414
63366332939156907394367141284179682477462316930582564275408620812526648377467, 20707682344620268360655650265468340285882214002394579318054557869069732979007
43905729673801901064527005188295512292020950820531859509463469196983631319654, 11923469290357816999982122701180493153118447951856759887520024199725142727388
63691898837186312442245236557661775568499192668785068728904887605507262815958, 52799579755715609522482417970585922106860543015202424844573613511773650316005
54459863831967752847246680899528104922555128256938651599305390436487615385310, 40954346298656779318423462935726282698643163789579233788058798134671767220982
9937923944802771483768419654452663025557093341644956717523184033632717105763, 67136919154734748355045274079718715346485139423714257918127820860003176465780
46063789491279384178933955566722211505648701691494973440970494320326506349263, 2465043098342276306879205814316514970619334355702305659979113517093343100635
15878940428975155731131889391225415259691323641983712733153934433843208525951, 30331259207810577870330960711704976447970423458969889784381163749654190265084
55757755007012225232332703134570341787325216597955298768454151185502101822274, 63382578865848053809573983332357525773357030319201742230742549472774873026523
4027177340691628439228747258236784541228769058950697047125244870648683316206, 44340838028999348491704564156410571781492090690977845293260660054710410555468
48545598949318057629260812720945810686653660054786910633547322603110135514146, 52635075074465800706158540244727693291951571327643345863490199632157570504327
13035164923553760475191146878589784000554836308089204359227091639234795575694, 716682779544995781967321766709714785452286523203062429015129500956463229796
49030597238613728980369988094503381000344115921136687333877747946875550330527, 51980327583090137999576750929479919352825979118960814613835139458086054019531
76437430831180106952258486041871654212610975660401845936850401693019709040633, 53279475706794246661832701874119035624247089730670523857744590567223778259976
31568291158830837116402121902321138235275792733307713431538012626390131224506, 18347350926147510063130935646280276341603111436610207645793301651986971038281
5373452823776286096377779200082439462219672725846459794347145833265668081189, 17437091166942914490499199951737309240046807755198011184671120411143984412761
11017805386902434500673563109253943606764906083483279447998700320144439102537, 60290669892666165710002923971104275914236769000041886695676219269995848033050
4492357001296090725463432573911792039384950682758997678354040773989953451973, 13220366951241949277846574385605538131885962957542010057100737717369441824974
41632572767481180029441535689461480221130891007236814272951265777424597060039, 40501089338810530726889441728608336445107733992391359009395876908586991908479
33004682024877971402682676384616085665464978473346142735714783261697679342942, 61234532180645679182336150541505319138507222375865466242897676409161369127315
64917037972327830258709081292683797475277062738400733290600316515422098635858, 47236880963965412962573852520706287705008167324076082261299867090613086640852
4811235616282521333935341247615268178428009023954367571808374360491263654597, 45590642826484750983941179892211894962151486652835987996938444559948223778317
21296761004232329578734797766128105369512711063512993441033235170206681784665, 38170848282142150892421893714266100696385598987525272495552638024173122162993
10055344840990196405801037165416256368494572400933679550850036815965196066579, 18088598913983046232039817967356248540332957675352892102065411339568671902943
18272871414515329027110250478678410920538973445133292234989178161197703485270, 10681445209288033157949280976782988976980809863019826013073674015384270652649
44293150679838576827674284078340656829999958355315048444200923537242795327317, 17172030371809651548789025554763785692450075437537256232725015954664701268038
29397497331523314390759237895005697170756498608206250624050605075086143624040, 61957345860997194154036296128900545263215335301804392708712130125139981478189
35499588212222172224394972482684089114018296487150085519239009897173653935538, 60843623521680764854835039927309476385999420715025953434596460941832088638006
69822814158268537796921491139046031397692442452300597723939284183317370552645, 4612986111873763069283522146366736511459123576691706071866253371170894011479
76190886199434379820616760106024991223752929975347605810273859584028939074915, 32111523259442790433328331040767644649056777032765094432056480024658111424900
25027438083887828198418490012118718369455842984808203229738176821130384879179, 26499200515132767271380442343612717138152336503183520449089431584688287219503
60158722096419054370621683742935910325327382399584037580129559488237221417249, 31782087123676706090785247478255494622727467853656434442412450121993548329294
40997715145992502902216209934827417877147336134549024989688719010149704230439, 11742211057780830019313310925428150530970326523334096429407861559404510809466
16886082967135242807094186839576395711471572070260265719473667020827466748190, 26523877078443006268606729948935159115721299318383148895532682534563773838831
35958524154995205053886720696032927700700853364826606810018334831805833005164, 48023754530265623218275527292581819548391798576878239810813627366646693026707
30817714549043185755913749680349631420744024015997118258886768102591395635623, 23891428470061480095070876995588442477276101199608933354683205482380820929882
20181343488434158360133345066685918698382483639993901023451391129405065445179, 47582566830445275747168085997015327620662803021470756251933726783893636027652
19233022959298797441831091319009280219238273490188055363343263514499622852052, 18985898142580714660906978797648770433666682920679634103978384597535802861295
28573092451882704265157560429084801924147383528776310023160647526416643102258, 33904738037973897848138915547556359907094833144458183168313362763560822222262
10312444626828001489764639489760217300191573781978389832270422528463903871656, 4331382962467262343900423268549611662929934641726109288488646324730848366337
40784720394491233314520721430400081015083496188495327478762341156591894096398, 4320490142596836711887105259894561887775926378934197973727621140690872121045
49140151053886753022120915539604784181058076328162588540484990476500132394101, 60409303487344897510569132717385899921726514738600624753364411589435450115866
47692736279304186152112453590885512755884204256153569642179882227344034281716, 72789737105088900123651474366767354057398594925641658051195688439102766032233
8964530913166612589253927309730234779357145107358453339103908864069772042273, 64739396680943425021012164029990843041809914816474414570193048068910052177005
13591217272028562319723606987120107342307274745278310610018865868687862654675, 63018991425780214102332158913114997859130497595523105980106104242659171119659
38564468175046303562561562481250324559685046387940684657239170813046518714145, 14542838738855635047535379722448993098304384829228097228638584723892116693160
41937890825664881447914761944172985951174473986262997675690408758278393965806, 19503655595691323762357390385021774715632524756803284092714914812209218015405
61886995362772937477397294809540179729335162532597096734490389866426257080663, 18933743519542293477612947933175135376444196523333188124146331184273199356666
27738339826235203052925405038643687704453563604656543925259854231720129534124, 19489174714690337498745533589278238661234142846363494076706515071944373539581
31502315212944103295361791314157506570579465775986415223459315759558595431210, 49728147252223531189432473829804634063581023104591103531608071845997055502273
41764387761588866126527667783699912461249958488980388213481494592904375723592, 59535489482638534313797280424624297976995844172857391219691083778126280747442
40140543110074909182803670784391956752872520206823313527232750708983435499834, 60505497116552557910253850076635950665548298058017718288339508878504021078180
51009306144036789247550918217075915640290390637578520184112297217076222809993, 10878443424186583675177477716207321774169267884479426524490968725352858743617
51982694733779545033690650529077174479279050277483935689797843897251013266802, 6395628520664992396267095724917267526372719642308426803132148171317159005105
40473772823627231675810403004883475596602592315160420925387431913537580265984, 27671027829508958922392370391350481947922893040531313474648551597469349283542
51024315447829944592851042623941695855410902583273611535156185912684787064071, 32453109571320198189662036641688177528456889653509757284763065429869282352087
12131479108674326490593305265603689278458057384513521627253716456322282353363, 448170437218559905454339894786887144967371133420190640275717201040667540543
1543115764346876087211390081199329271758909750460044765662891564962708847979, 32699245967193218134670732375875641482771004135184609357647935653593059792483
69032507682917012134782652208103721114402681234851359412096900920418103464599, 4299156972272986998993516148797137914577191177595496452853996065042517893843
60763044917730789062140995506123595427989388174517555896080762431740031679722, 72216385014571377590040340128514135400681312192438936593633007329864438967362
75755973608146377179615461644734102910722385321037560563351460477708015235374, 43213750365323200525810654814460630554700745034030941792534812127215802903917
59256309242823880217342276830566453099932890953187640742600118218065884321805, 74276312398274202818953751771112640400047789508420955041621242359847198098379
32460427325888341412225446779095336345123074256260514166945308300353413948164, 6956710974428720446441339162382223528632241655434618400497110547958819452073
66029746016681452005130244458817944784756256858424568502385717480480956862584, 27641138221911658028448820776347484368983192177122264586177753986028233914886
21522711372792805967831650569042798292438025671260600713834780164762056865132, 67244117748079399032040313900307150957270242333334883972485651194557557604681
43096249727643044914036163054870890617181115008013161788220149473790661489445, 61078572327864325903119367840429334470844078923773886467363397743600377229563
62403081724245790907259229876774921602256440782583629758971953882143124781281, 65840444049777427879860141291923850621748253603193317975094165909153659641653
1276773741188812178311511648569767365094961575423186953215648213233006938467, 48574034087984970144429643354364696234263042262296423066902692571360561253346
53812173715327882129514558093861990144961691497892515707878605503712058167463, 54346360138177656564855496639929678331640658826889288433096799562005720713713
27586118498484292289335334985879454480813709477231342288748382625412265392772, 40387504079863510516131719936064707590332255525747464827885372125099905936782
57474534508407655284866439134484456001907509482027445706777727736294783288785, 16190016350224091775769659429653834048079255629207878755008693126844187872469
50699229383306029267684751409645080115732729029013940584931117973012691714403, 43823719649628806463141632093921031206887222231247489759685421829221206218105
26954661254253296363984773116781957635807739076191176777501085588871063435509, 30000275863859895923909722908213819382216624958201068169351921595031445223707
47471083807629426696207543527890810753057429359631684385987297300858520604702, 3683928422623100507597597319540517499698419007682956514304702096469996279213
36064489418626630260640641484424278830745501228836349698676247703909825918030, 44846359177456925392941910072113004745465159894652944042745192980983982798429
2654389565206376962664644044070669230995227280427588187685417303499800498964, 14348770409493433075225809483382929468111855282660248453449362683218422154519
8187487146292000365841731342870676659594887764103070361837559656461342657899, 19441728316110862382471346480701034119363830614173102586807602055119469732473
67623328461820268663568283217386410636543265715155655195899076453484473958346, 20387647437487427321395293798765617280319486408292623621590199566306414252234
10192381916714482894229410166801659794559715827559053226215284902514089673658, 45926742996318053162759688923003688865503848404830033596164888169312761163743
20777478865705276145959294138284623626974186949875650723853543018551565809891, 69953972694483459553486615401516385712505739091137954011700742688150889516668
40066756873305207890709900032981717147335944282903335433353358869976669874150, 56918620914304782975037036482081317185995704487165525144447274415938231811472
4480977725550486579634753458712481696366705172529351788736613168907914734384, 52653239750337589639708283670908779923694156285834734306716488927362167831582
12707333340603051918870359923751069924567743885878172073736074914544361698103, 69681628053701854654435789605359824451120088615644793802423106905903452467663
42389473041284371108203670338030479053332256385722377949926508587169132226202, 20180061904762788948520884155222724234428837471799467038300396941497473955247
73439379941141710688810743057412464668376460953014297940614358356628305902762, 50833875527033770038924205031951296676528298760645833017911102469078353770120
57484416024660950265556011667983588137640224518269440425454068440413466589579, 41628839112661964624604517931516205830960472663537616585878694569811076498396
68487259491580109283990304892102131178659816436654663376115202392125482588488, 53435722162991732182100340399075522110353903898031686472217428188124544421106
38901778951166717598840665476577367265604326317775364244949723928448236378351, 24087652340885999753797227477263476763959077451272665658138545434547247549342
55893239422962404637780157460921289789378934095666759712510410565962431689076, 66831123908284744898816716706431538777503001800804641677600530188010622605148
69929702494703086191522236295270265327480876682727375931242605823221499394269, 27296234695130181739028919980443492497972517015212122769442464892164915275837
40171442092121839647487261450380876182904465891746913840205457367493191403586, 37388639145394300475609060621304253277204453000120147152981965432752189195402
76658259106090654368770083164088995770153492384005642499392007170090664128267, 12076988004749840315032732222079202433943902218776361820314378521039530289305
13729339436266532905907405941789819977938477151389333058251095313452388535509, 62401636520305404019380084944087794283581462798061905073336934057523695112359
48825579285960167814510546996264606932623143626965193592739781498070076581242, 19928605486369626663877828204801433696815894717161627438581755936123004081633
1933943517978700704408054299104917115889524809831593254088222200309020690953, 22882648274100944687221535882833739540135752741951630048439199222858774996573
46819805034778198215685767218262060769912875902238438378834146657362520464365, 10498586579251612484875440239386270565458986706526206804588467083181053953715
34432582107763445000682606855977983740996454267647405163565136229862807212297, 64200705214919667583825611306619285498745726883827609009872764317164107282988
3436052317765998132139650030996035855306641500665355907793762358156232461896, 14251680141023404119240808141634703537500203582569465972980471022087036790658
26794128549596049749437033103002576611734892198840363918780546421080607899758, 55628775963294487298781084981518528762529840335420321744420939501839081821311
14928262049130615768522085842291247341972033925960823294419263023302844104446, 11163867193112469878168089113428322739084178739618944872540022499819400254673
19730762291246705028703767708462841240582910981076125931650613910487225450590, 55658395498379806690923474209308350841239541640796575765130875810219668782895
58823013078489299496191875538988617041818422093412171090102077906271776108191, 69527196119801918474858958148440304929032535501890214809520839498252560009113
40729512700778889279331915757597366676179257601400191007889645229274795567663, 46682744107610889046511127433158618022388504674141061730487452591145523966159
2666037957735265864845718639876998497594702819856066851275747085733029582471, 21499104232815182325102832874691088287734415344498413069094689731823536344483
31105439839331032373778465969663426753888879922727512064945674974724950106851, 73871736977068671958804404206765038908823274301387622564242422754012007460767
33632065021552885896684066539699938356587176646729548103847628320182707139987, 25222873677955870944591745357486463024615548022955322156905297472274977987093
10103927783816969176450762578934453457694621126613787380478355771175486177288, 17542039254428094485551308646477498831450817048938114891842757639385290081694
19876223069723828975059538865635398361089224951946812123577306415351424121990, 36439683393122523189071291864005646708478282976532594179757026374947885074279
27934081470312307725184547583215447280998664286576117675867012238846455064551, 2738425013486591385454202435869858667896861620666659428908024104995708594533
75220665267891305909122903357740088177087118313723206987406955944703173451825, 10976407043376120341768374751695638792064124163993641784938843726669312901412
63349823437077331933075750411204665933165316695421752499651855733352375997647, 57437976275949056142795174125682226875024514593988446163440739271403273446054
13678905138348197939580380811935409825253851321954128722859713207895820458886, 4661790731347613623758314672499587614724652359588607195584386665250121295422
58059450844333392687320887615859544089781021626479596105035057651423890204748, 17748379787229707785105657495673511783138883640840584696091312707241279611377
62882751420037807040520072713938101597284907804299042507799220492457510833171, 70607058374600782887013788405937099279533149674773353635000417926761063128436
14904141880287217394942788345445037180483177669960785633548448275098929025752, 54096957160243129742281827993578686750237964795484918534623581529421928863725
64787294575606064875568885789400628708444105036710785095859840496071727545873, 37362263823509836154228001790342642747146573708524892550590683759050087766575
42055284166872460536437243404535556781037816579394834885376343581380537849620, 42290413391824276411241648069582125754920064635029873109465132761938177451602
70788630397804969656920962137466027225591776844252050163721395248151247071587, 65130915535967647729092109725298033600591128799232937110253499345111730865251
38420035395218284769548458495093395358153124734312646688828007780431314816022, 17089455672454891784112259529617241608532431309351900676890358304596838339293
30089375579659446377022654675077734971580531241729090565867065254504805759785, 54227735968629374670511808897584867722228542249058034439455016532029322700281
9311191742323842904109133978101747328683795066199242855941455497599577507499, 42553302694364569028356681745290729579005472000192524841115020271892918007346
15767519301131110149666956330810087336373901338699973784616862656063834739324, 10656650845558276495839651119105367840561015312920266282989288040744888834685
19917100474298706420008312377081244809822309455033702439255655311140827408330, 65607534525291324037395029877655550676584596824412364808795544452984391504002
34521223247355041237691947231001215701435406210185000127843490165237929105276, 37568542986633724663991624974355498958224296852531305833739719357676344316293
67568478215921894458119199779654541759714875846068055918770298062668213946001, 32364464498569464352291699002712287775080334140959445116403053317424395021618
46088989627409647534595467388890801574697584139851003539870808730448225522953, 65418276527535728820630171559575673749894473373836168322941885355724131142534
34449573385167603488801568227767723304701336688274645779461927086874568977334, 17980737732863986252405314463693999851117007489972495540939031988541479230526
54211292977206258778936913079191894992476236790291855540083105174135608099313, 46347964344209852877160733266829096300260621116934941118376786472243841251693
46937173739860261151376539383481422692420580233715292148436066083975157170050, 9108244743496575618432027557975497788990092997253388810507671320306784240294
71998720947251708898729805975549171896275155387045683358651970663729087056143, 47095231349455130175856966897844141966334732972012168353083778402662782993083
33223022460872725708121878199497886176566337631037069087670312677754407617578, 31891014054588280985890837353918202742633781852647751732279778196679911717944
8440179533929016053056068138323199202239732308083282649592389872847846625246, 50969121971152147912819576938471220210522700629462051282243118828986452963423
32114042778820416069752048244832097056372814319541573246076599146100822723169, 6597772339451899003302217893016904784890091598321117923223089565616453965932
54987306642588000237357484536052250986256215101036164739092172159341128867668, 63389461058680110196198787711994137175945686127433175855041429593262999442444
9738800795958603019339782580134100686692174188115093689955497940506190687449, 11180983380586253644375210108522965527248371828836033971995566705952766672897
8370240290234296477982632058892425216258819241133547720034995604277059250584, 38081058813748862303657650148917497894314472037314326767599495063004503782898
7326284519856837786485644585086319310864844672797654039627702876385248025095, 64258035119478989588564031830001296044495339515219599296592707889679069990164
50338086431705346180194527405234176923804133402748035178946158578896531526137, 30720304950422648135147717897924753623530308627726561433209411027422988411890
32833731070867390879589985230722488877008437896338930813076139072444491565736, 41782940654800447654637147321596214518691542159527027142284747409714149420943
49326160407529338767182175585928516255661769064549153214107385886018577434175, 1436710685076767717779029638315361729932513673203465566228094433424972276555
36949521503807714256176193960893654221789493667750367690898259258755536317065, 37287093762319881266882177158138416342294783779698642135631350054671555593216
319470843660372822222946992791438213949326280017985818953167376660198215532, 20985360230933889894336886885244339349934653928204255262440853071441984520256
68933708535504804873396451528394159171349955366298288879621600542208323408082, 62173384442618968908392123216794041578594488971220938996976084958039084651169
35571686667916657608534137363987569586695701791803570794673589700812132859539, 30780929006478136404789033307599896430178187739067832400958381854914397119748
30358991640906930743856493022089947798191843963368370119088119171296733054546, 10516994556566220565008032082997751819880549569366394672687032346433981977575
1763117010871812392223394285153696652735563698459495688646884105872936393097, 30817306549199416010018437383997775932473294407249358082929040336501481521767
24086689072128092229262285507576877889843407022482062175919513350071189142000, 13511607302750928466108085431475629309809213997205907416393335703546361820161
1694424904453931530524484383546462671801541343171393274303958913679482244567, 53259899772365534866934897958404921602687043202211504577244202910992599591118
74880098224511732065741505732559361324539671530002276237028796811310062910459, 74169513583055299435439578210249619136014604856408601040245708756818368488023
62577227515002193466802895993469366767582416574023755852542584418778287649214, 36361208022748183892361529771383277137486103485877589252806359302731026405498
54330596112754990073962338926042787703888325019415255018903690265821167205640, 9511226752519209014382466251543738519662003039877263692908344228466636734525
46324154992994119091901488400500661237717477745776510231657745596215496513666, 29103863744998417659807212869794860630796909126492036674383879495419091620484
1001458908870272994957714103690822684794915506207006842060058535053140930990, 43449030132356584922851607746742891287887694692211425188520805063683980202217
24263813869028969121456790514163243880602033628062457135873239577102390385208, 29166886894135445092233221392771643035414910096223226823006039837094363519952
4611765145272278074627428335675513008463250250970234694320195391517026276052, 42298906070350815905890339394853790743838767127735957416511083156045684324418
8074359454798361452740857326829944948710860107138509527848306524854283836407, 74495392363415683098842312237711752919581248445365230764228939062601808165777
33011995804822017311713763326624889395035095423162858209435581236225132646654, 47978531407206945851846693726672379472036603987151945388095495234667759774095
66343402150385194421249575765297314524496502154166266966424318096325590520132, 55875051170660705779852363222173837965837830309479306471370418480093446291480
46726184499649219705109231323493335925714882519471560538747827431635061132428, 30897300782970156980000811565992403430173670452839583829467556508160009390568
32259121193904714902830114756981439655891555562591985249375405369622843214891, 29917839590837743047357249486601812269256549151434862993258027152364424506183
18708556716214250380584802361890488087951905541362652416022050853309248883565, 37022307764073744939860812165308857450029332795168920787232341505723029927408
74985316277924591708579348849699467519730828616867101068807619873827312268355, 65737867680441434618268805312386754552748947785869594289232503667155136511551
37912260902432242484357135296579953363977448082873134220294347170745561455036, 54298271788824173022461516034457371445578456487423370085605909490356478606649
59965724384543428075034432590715542520173014169810393966568425493667851489702, 37259924644188315760441972819557268178146654943280595740787910624994304336551
6838304740003308911804631095586308987191312861198132698800827503742534403728, 66691155467595390776762730854577502669257898922971268383136894872079487063289
74249398202465132168668282235063621629613438538087457294685197603061397123127, 31623346768297059182273833545014768940314419834866541036157921296267858214492
54651351252151713919556721864477476231938898509860463968001343456146784831850, 20244745293078919398855438537030357987999722732957879745988335591091318372874
53039140233774974561849514271941585301676589679170308999214010439643091387355, 21536790349900810405513345566213055619016406666524742068041247204113008728193
51061348106408943057059588141929989838204902901618162606039660219150648252907, 59612663202514964705894207731074564778800763326843602130783865193926880177569
75810132250289958765422404857723607542527245720690631743343692676466554864657, 37042629789657966818888457986148069815705302857827361145310339819181098902072
7202991819554583134750946168198633204427538796728982620748703887828091633603, 70861909382011732507901851275873014375363724207516460604605154117510021986688
34345011728224998380256299151664082723056923259425625209311585249825158327238, 59424082055714725434090032540969332456354055194995607626372890326964290325730
40771514178762648565056849137514464158703465226792615922285089815700002662757, 27168442588362652349295911407096383902303995143343375857386518887899571253277
51494643307522319900248032238672760280970114039668200121423400175298664611756, 65501825895775470271770135711280349132796818609591836186280956351775735133534
62084557265927815104808640930836969748659908534243656723227103222729848658828, 20645051541893137100953900661465341734178933435986186002881865853830281616808
54972493337102905353773428702683083297617906785021802135767104633206533828162, 46625998951324369576467513876182831800648567547254075073478997980790689921399
15461655870135550763392020894172326896012768197715731816950771276942729530417, 69779428332858500913926528124567400570708425999244244899730816495345242047093
56769605016796966495784244785212062946614221213714011495886800367006620627579, 8867152334559255880187562904588925718000100011490966054905812515635554023641
62773422643466686925121692520421976897866228896127213292311975346813994476750, 36896564287550952378467408058046938835946182252510573285078209445546733247126
3226971929672095131409200330337596346922891497890786195681048291627250847314, 50174466733525592314311333794229553725367272199540366157158982531773713358598
51966706111185073863289885025692078784579390847610554985003677389074607410027, 64294031061639964027594071891018861291205658816391020189770627826112928217209
12614323719477784441691928215379703830750308692572223007906240605685268844770, 4217822381127946824657952159533750473970397848393821192336788940834748850253
31030045856767653101789475801399265525548562497191285375120190733445268617717, 56792199796957786293902287078664164036885304866916307725170548611839330915198
3045718244187565173821059169475695428022527728002321033997344481686966949642, 62126805574340377477963217853146686628669831654123159838068744212905098073662
63800525826954754487630141624173655596825482559020651380763344554206841083160, 58928333469605548707948917432306104459394112376409493272175377855517856086506
54122286042414187589180415231467017345796637287154052700448902053910586070853, 71176170161565516629965662000100422671424310796515165888018949881198105790682
54251838863931717139908559198101766389821226973961046269740131896552585062646, 55775603373365599374645408836597473290999430586928743318038490197933690235114
44771724911484724558004537132004588909927552153443743278712177534567026955256, 34131465874444464966643720608984755186966119766385791768162047990153619622645
62174048720294028635822320735850461616028481348850026479193844280763791144167, 22865258520126275189475705362694177609220425157410657804983262227473649702860
59182792247508790544793055293124266702399477181201149574023820222697143324794, 2307866067313650075341961013346579544849823040480231190937544892824202791909
26115028967826979282659182281142219884331108000655055995855777788119007334865, 45335216374959834050218964017716113551011592710239205018707570847629213001497
76061160358433924107245857871730882693276380439839955469312416435499283990428, 3097853622982078948591356334040158216152218162688221144659559449793420470417
5960811677520665696287917856115951784131459318094075999100922102768906550639, 41296014857272950866659155878543771666894507327067929743631153475740377661277
35913427563458203919889698380515223830975493711033889670915322385636850285468, 43801524162135098325280343953118666156998796434688801499228296755972484721325
11116589109950230883743058453818404841911622522338776787528214450950575216206, 60662456352291853671672127422767176080528537161440681822695688605250499447921
49027739323411208452178316572911011632638392801350864317381400134127368868365, 57251439218228986418340324986820171840206163249117092235877805416187069367515
12490593627835618747123259412860585038993746085820500061693069453719775611618, 55033670149828363999397381886457178994517836624998650392664883616460252695781
45556554306417169829544193041722695055843060173867866838356978518218763552282, 22582637814536767770998654405943493262854629150491615592909049141714172129722
9558556805901650095458249246461955694193523520759348341720004921133668101440, 285552693222639510413326142018463517495373925517774587345131555198323476197
62070920028117595576498256693799757110879768193963142048905120211173266980216, 58605443864081556216892417119421284437818488993143912858793530516386085699140
57867791930879884008746013517000395722949365956069914718049000123097738360434, 61660050287619025491365158563408302880759530839857825697577493910201120617083
73479465397890463395114418904293948220258860279157329380508787155854013851421, 24196726256691238499635719403647946184921307641409537658126651778163774729353
70455447185166446738963399965404551246884089596993175008565701577187357352932, 31318854652342465396279597689045058489397844411345925358670035742429540760195
5259149597218618240171601937422978217219768773428805415171517226309109857773, 21294641854694936305176197003530856112389063363859973487815758425534437654941
47899530124358375364121754880282105920110270284955832070730969552867674833055, 3330347819408905408168679527200913368076173058973945137569434484618371534155
11702849689762067802814193963156174930935078331267983872856761193989985141665, 44154131206109665728966096736925664476982526415287154489607945917742363802267
25193514071185809292546608467225390005844118457602253175314608901909493284857, 23157497439793860405717491234195664902190265289797752873859411162799255222159
76806056952413218057454996627118768799443757224030303443885589814181417328194, 57579998720837841615773391675161319621479064253113073701863988899578213370442
10164934621579344199088815132283058541433678128372086001236769152222070473759, 23053734062002554081880106504424867606676197157415810557330064896640166043441
65367654812973573322862552430317351605051230433303126771946914545642050267514, 27549546551388755635152567043086968592146117637624224386955140666017630527980
67544288352239735548265236458221877484651664372035611713983512939989716057585, 67827270551969093502991134680965215039648384194812509979742008342769585575436
25145460239475469207288130778001277082015414557410526166073805654079502581160, 54513934222077786606160852109620056025487793677884734181338712051112584436144
20899677136055711946560660183859248636633470195186443627562139015681084547692, 24554075134965511683363573866468092581219895130368859112481714849628522748897
73873638633906674052724675952327748725686888038844743147786185396002051623735, 40046902392024786102721288811204011999530291304352339178921034485880124985905
72163423748782966321687134440337468204988136168834908040226343707855083661154, 52235658695833383244068810124366466486725006951845181928570860521363411425509
66307163111923352799161832903651945047481606942288312468423099541839210453053, 12490733638995990884117560716362220514055638539855179376578984097328358794333
35927495897390954954218178007877129605175014238283539017741760458868021245221, 5907343775767074788469694978096415925693952941899347264198366004671717383761
60806054238172354296098982763787320850385201221541848552958740951191222390583, 52443389971149245742680074851359245955074513345206898703395876393407641225752
1839099822323140647788066368983720530642516428444758412198694723926964077819, 70084245137385280142926260647606036747965855240980910518021968956932545846349
3670405070725206617391612849014616793876498951487075109441811896761328092909, 2591106256043277100250703556396649715156325545294250896399768935686172825411
5456060978272220612491734339827950377247158689803635187757359035578982093442, 31101763922677997014409645257900807772158340316668523620523763323839492079975
66297390009685198522948485413053180258268546065048682996757051346246668788636, 47087185896618896190115707938350189800153959233461421203387684857704755721860
51321083251382572872334140439994848423240116818868706266314881504486823515870, 53187271749797496616181732926700787550646345092533423989492332566422678722695
35334537853818041330635682781122814255346124837494242947029964756716251114582, 63132200896582296474381557540678227104283469681679631497148935100286695125360
65132687236863693224471164656008031084588026710106312337548504580014491304651, 36748500786026234698506016373819576692833039842750961646554046316130723664638
13358805984222882364274136843800854964878948858859889206566000527274972034744, 61911108110707031222426400370169391919133979540764322119865383433106732580600
3142110465353857399351716306435255253758131326054760358560024574617490907904, 26603447338407109363522389806586835896978701509844698270307720126201647124173
43883034641324707708537120020608692635433265425990495068366043142400584076841, 36444726418329860243386710828028795921285841358685673245481501161954475903837
45912323054915447023564013017668020619290192551722372223640657201585981209709, 38337938200646562586440968343448088438668726307962461912037406983345913350254
39707745573895810325337217381666611795348747764781967798024280755501867490220, 55755443469011587698850277860429810488776021784487866073678663482659233330562
15586891167462866274320823997053462875404273558488818718037249232815102586379, 58306829533977283446856741266896556085749794655669547266735174976384500956698
