Elliptic Curve: brainpoolP256r1
Field Prime: 76884956397045344220809746629001649093037950200943055203735601445031516197751
Base Point: (63243729749562333355292243550312970334778175571054726587095381623627144114786, 38218615093753523893122277964030810387585405539772602581557831887485717997975)
Polynomial Degree: 5
Polynomial Coefficients: [16, 41, 24, 36, 40, 46]
Public Key: (13768053732955041627657641717988182907098914055422236388930084059887444832991, 57368587214803715452704264143388207736295873719580339206231317989809083778169)
28670251935470969752949273708477159898050808509585180276650600858169390728352, 18435682853402571729466532478442819512770304680437513676315809827129670841263
11475915775706186908054572871235487472261550636661678030296590991222700559785, 51485927856173187275192367741433697154315388485718895721000987219657297928424
70251659760705604147025312543365787656155184309499472761781603299785907364824, 26251557930466544864264995543108465699608677476711017899535933206212897759091
74406239645401740386789212223439782124064086866743763658922169882470415753705, 56076772159295222199233277313614407825917370470997868197665667914800539955926
43597868636887821846526306958530459086305332191400840637822287798715059616586, 26884290408141187483930478952658354106760826277419758460189941915043881574397
35622333805152613078026647876932398792414634634765503176104333712955701547231, 42870285054731217468774930014194362318323526438443201215470165279850014226448
44788055790303104206948402441756483807875834242244226619725088406920863342449, 6169398196196519287817802522242653418341821072791230612484833656883496768874
36898918940454624300855208884783251852779217719746653842675987743158636933794, 21677395565625370320514582313722754564265239294507909128910666831289138052018
10845799269357272808951164060317227554939973603728213420374204216823968800093, 6812109933560590636054255347515378324708293639142674508571671566614280791587
64217651679116995288492480678744092777048643913415063601076056415834439872394, 520524116772555481790799271206475886913219233099131811353613970625313704852
39645552148823565288557381961328294806197161555217370062516384612096401028762, 20516885456215002846633143314634701116024758616743633959866585705338481995920
25176959684056230662089995589718307010574876550693011968961946951717465114125, 21461341098659532436135582794345700695879245504531604650896906213874593016782
6753222982731908651213708318044459325677460155043420448427424768827342835290, 15225549746240061585255422428440434431124210921875461708372220328268362504968
44630722790729164761428932482433199930846184038895439685770548237527544979301, 16174518665610648953249765688144811818327161910673539042456033917314994721836
76739422108125457615325871108782500154971108145255036614637345694229683842043, 22369734795690839143093902100401925444798703280316799095781445765460197352072
26264350270478888111095190600313251079527483789711223294858019237315206944470, 858936462281345292061539440508705380464598620827719017264046551313462240751
70468105181800996126081260538591626723083236071655714927635041189495695057631, 50455525060247455871358461363173450126836434160321182782741278435862971481133
32637447980829424700997663916833433859141069268306843493231791285416239377718, 40187496771109577887613670846017416079655626105970688399999265334208244745447
52056107988599595203148897933541788247847530753106974886883997308907105190448, 70142844905995904166088438312812869962332753198757021197027156171286248202739
70328873091253960515277571483000807062091326580474422763921870417620038011638, 26111830690802314742125769701388648891110269356361966940553238117391485037817
70285307057870521027635625771351811941090195063508084546759425988521406598697, 74712996894245829172843622248540947786441454307760699778483783023417238855300
625663547740371793773441801057651912662137035609769121679751080898950137682, 32834337118913836283145711631702494045664735007834469425721030262591462114297
52055148121729044491407571801058877079845083635780311173275930388154666342286, 7118645467635059253492791141225560036965534265534426484369187841014913311944
33582974423210162740554340851937715158565367822326597639791443761116984979175, 50556487351835827370476014193588734127280158912040893730212520995604973388116
71962137121667619371140132846292668940793576463376304612590835339183854364145, 57286917793809258620087028886701718017065479721492350383166415409974142854126
45446640695217801037095285741484450166402797541197976551155422631744278917690, 18459794291690770533278774174438658521137226403288958516920968006400775225014
54325588584375474480718730307324309447786723736582599984044843040252825955724, 52350987343298290488239090086154161481268078626239290510273088382351491996976
709444552286441676690853962298499753107778067895448328905350007793965296883, 42584860530507534162645382885463748177649691954903914580161674965637870522315
14379697539337338253098823456855680199090335497778515239910451492599193328742, 42473257967747150713315387982272235819278308640961414651053581961883449948804
48047922435561138572932589566229631110189519945061711872227966508904693151068, 13610338484123021755425087149393626210998104231633920040943597789881154703717
57457637755544924446523826901458283008724614620762269484939221877325389051053, 60234920498954030685595949361731560106219092035368068955931446928340955961534
40842011517829755134070845861202331235855185910066569638651468779269810215544, 24730719807203536096770668549813460484939168635598798920421867289128968271202
20381989935752370229594126736945225507596716509139002478428113514482081729823, 48003946400851942948773345998061957757516667264327900656173470043883470955772
16429307196476437027816237923936884365772299294375713841014419703726387246296, 68876204703793383272331967603101269284789471026813830790297583912840484191970
21792874391325062097517018620621216336583904302602312755295898620881217228604, 40137891263837278148709184738147889433992248334312521607444527928960008940028
39227636361616655887297587079830270031717456611161492477299529967231448600837, 32800421394540767125020838138764096814664723789865456681902667888084116126226
6796743347690703532329986193905685827682664891072421107224362966822117505375, 8278654103971261605056069690835461437306578583504461781640047909164883977646
64218881532782711227286779992599475668177306661655174319119311760919010507932, 58308283693979593280975530842273909656834667585513804870554777070999552951645
18985819138864965718541157182872244879773113885722603961549678482127307653878, 33988148664482400645808131546808906393774229948526913251259094243308824377152
35939446822446731604876249615202298400971160655262793242573089597678924313247, 39609458760984275014012567525352373742402984682034650159726895854987916051815
31747296329062385244499898603436616065826134541115495435571735090565381831871, 52479076266437874050024112003180176501078449944249740998853614922184763406106
55889152901920018257616001928801652306394095350986590724234829727689738857827, 38722387267699974531388346594830698134170056433580979410660519340311930098593
21476249530155637533963598277139193675534547513437698211223890410170630530622, 29248781575143368111148987118502770751306968972580040420651811062371109608796
8406239866161731865712279392184133834835350402985187058826574563206775477739, 3250252855560889707301136761795261378165257524345599974690526326186688535584
74065028588808384544719476132256729876915399500480082725588120512684158408269, 68696114435063651449701544186356683113879707981674758251454710158407619224193
49074973744305218799718090225832218533753554153139336490868160447927399401037, 43647048326769925497998707481108361420718167841541397370157541995355991034570
19052361583908811082861915102914941464149540903970677651476264396833945709002, 41495168776552269891527099996731246480498752378246397785131951783668796636940
63051213179210958711078024692979433365642591475575754059523564467061287091632, 38091217742887776675756721658879559329629496560949930096887380389268777199294
55785035555662381239650194854496295641301919232918170574497505448149674323939, 4530264368772276852148052039821027787534819274294698101404887628341405146268
25440622710210511607404847797481638745519198648388968784926923667652911427513, 37195704253797567541906794745543019695655048123158003628967557718216486620990
74988586728077340724358667733858434635829842769307759750779993401402100246910, 34651186397708450961479206915303708268738087798944332559869868286798367621254
61702775087414537684042087278244900411761558285608169330900364533887947238938, 63368266552719893865787678350284013425223487512474109969449425003305546462583
3078120317239260829221663529599868279772122309433859350638297163773300642554, 17852311714053567984237530227255210382077330349162991724565882486174183457547
38439461012047635866166448731218393958422261642370978080862972890978146060819, 19799745425768471542317749559139183529888362146544923026908307610587751203591
10618604475827765731527758166323549885050718386306616452225695996690974384550, 8926858287198027555455300873341373984438536784698986408306379293221087333819
67164295462875132654676179166357863096475164063288574661716307961103955906178, 43954480137312342213747595108721784222601729939946369373037365871841557347074
18068250216384712114917079253002874886637513755798894494127474932496644880953, 19887796210676145711728891398464019320219553422928798566648822824003849895968
17467790232120572591641267067631503819688209272699298813959404685028255781013, 47664973645600718601814302176462181244110583332614416477723372550004364182954
19677944844442186591284411703629912383208965782313352229468905948718436789451, 34407767385019161384960235032048572327623721325104197618297067841213788584733
5585554202749685141620466077851499271443341178557346673177399314459832630586, 27716768471188080912679579132834539663705854322841514229454256253528616930395
14492475316952777273179941407677772638969244522375553111122761049242295789516, 311293064371732799857111351139629079734285108170994144452937640419720492116
52407605858813248251131715306938366467169827059855613707153594860365337199918, 34375648495266081726691058613571157066388214385176756882379408683719066222215
76253249874765043981165104117267318025927418910619866639535403896203109019753, 61584622058602959525790632260650479580734039962781429590040721932391487708180
41591579745260388957960507349769956192125597894857450513514914577578464577815, 66574114042631467707089747231921878370861438799012272292782094747317507651599
76305140263701235177489667687830334266356742797977267284631327604428366885361, 27302839429280898590563787305002211594174716807831293394273277077466345197325
43749413136093341230270355583013527711952323770531668484477609424405813526500, 54586645226788175454204425185621617983588362055941504681014578014969958639430
44592979795993066645793829792868597758329424026709349804607153420525720250912, 22415372821802794073162371063661946983391838281319888486150457219060443888004
45510478004746586047828881937379907600613329926673467111840896519596229333191, 47650686547677905591691851988541913076042913070800647917339760020017770338200
56586696299373020171770731826881196476489851144926386873221921655993766015706, 21255265000946410084482312574156355604441716809074157195723933691727715380258
31067433694809945218333835166404827835590273549103138149785975954918722884375, 9559743705734667891508553733231972412077492439826593086370489928370662482804
53061765002307507637711618702418249657854497061001182294432456141820876657388, 32956805334784902144613075903694124800669232278690512084201252646318350570712
48704817454004031232237028356651754428403900677738174842675618981761205957954, 15035465686848104811101217693829217258606263213547582598675490230860596988536
49965023073636373422156988230804138738172484833103673156592633426396781526016, 9227721650147113179475906470364845323896162137156141759882617316036254333917
34842518390287184699792456672994224520351222313641218190613156444960653717848, 61292505978740692537868974063670958690436804936762483857761725585054357318953
73242001420116945216644455219267537636839891577022123173839456367489165860027, 39039337033590471728418816922921971878161574933162857231038755674811576415708
1124478661860187548514117677259602863069636837915136553241570224952139296742, 10643635385748334809250393755062458107633457188041927528424936738691425098931
68232399042020692429438368979799990570596115312189791971406329249589638432401, 24950548798315627790448320317735909171928149061337238537267651823354184704088
53353543673115633226202695763119878103959408301721016175300593535582389643988, 27947720024096508761776321877980673073406115735576342851110820570689558371364
43899482869603883394773165392323577016209926844543577214180813384311571088578, 72277177834662749746823499011660351788123084525972348655704973678699319942425
51802200876443116556026885419054265758045025836875909778993854290236635288517, 46691964721109764617361236850660515226988058891405073543285928451491010445902
35572447823102824160745453605558346525567749026620603206504943072098208570292, 67551134192355838649485126791532525160332804677923443484327670729396520546766
32982704514980762472650482496757109517419707710426667091657850104947983184948, 18819612478166339821253373650194571959228528410188910348494459819469345774468
15111401710604368169332220821505991240920275466962831677164462561104892601113, 16696948924884116263743573758311961823821800788350473579206430689189398207596
30673554276901473957843179216172956170529495887308851847945785035495123308502, 70813758210318805145877648417571714390127679942800332295453959535577502036443
74224534474837623585361835329954675360790466560045316876334788924291876538851, 37761348687143827598203544545656544528060251221178239205587757124212548586875
43876751875764892297240037359059957422160842872404475757591358246535711289864, 711084386960689245849465342021563305586595099895719900244156263815758818923
66425571686109113022480132783672195595633699231162330401752307704296805030244, 41781208170332526062229709557909281048368593856197271822481864110707972888828
28856114586180205317258124820511921944727866267270430314544641017572263499719, 27963943888957755598631431055532472411940850841927183274124211626356365196052
10281110268831559352120771544742895785042589616336548242360520432659155978265, 67940882212917407305113902647778787284531191744583269940287455180590742587753
51320053905833895693248860223569150830271082536587785015926495370613621044050, 42891153306973991429152786892076716607958119235685294444993098327539093294317
59756009461820838331845984263098823024852762602146156686803496120201640783831, 17649972875761014782167444703897982542114730685749319458099947955594168305374
6263188529098083363353837864244925352652902993017983382861815037550235823861, 73303804893510478948259336426025690335210151138941140587917753332720882552606
50750218709681094038316613578091737166225952149942210827081711473985142312886, 24066624289290564099701860828237935595598748859192777170180058690663890074467
24624641641915202306170820864691479946544757218825498708531244445878838556100, 25433121526187914078156598050796019452196219988680501713850427933734647844763
49242982055159999163409705662437550115674082172494068178183613872691848384620, 9796625046876631570902944664238720749567583345925844352375974962851834355815
5918415821241701779831970639284522144194991754814818229239095348078696422940, 57009886628943995124655475723963150368085391071138222669076030733347170082308
385397225997712099633361306426400824918598229410027053806755910105587462203, 70744776374473892991490586261586518915040948134491463834977215713850558675375
72566374574047133153341655451597727744938471930436888700726214373943353648816, 40795822115546793948792320929270242060054262195736411061994267806308261922585
32136711289196998815315675396041471559526855532477520080577600536267011280500, 65394042123989972510042236435367897976546121903243691142749541674648745343961
2917286600066144230269598383738309400655781573826797281591107656618395193255, 20961449943909205620547169025556139200490438634557137090960483490944878754150
30555432986123923230619415438513187748623723323580437095310497992382793084163, 17402857574737078489985042837322836916944438973150214413049895774146009652447
59139445419076930078995968293344517382258021023234195632896887643533911664379, 52777264571350768163467615204554702291317462310699719317679379219063500996363
35958155085147839030291416658857274328970689053953274963376009091387835826955, 64297011768848817722380299877660042579746009055329387514086349390436152210583
44745389636598512787959953620770460899571552510616896874487039433000055152933, 30901738284923182997033234218188265425956430748598285865117411966356777928968
33269448932878907555842816662322554908280941169316987830456464289367570798442, 8692832360811596051703475642521629893780259650714479874617251282839903603022
60125705349150888637733689358433616350285854268166015287007976375853579530189, 32746842726948082178190458613145082766238015023448411091231881660200234384004
34626627598585129201864374017830081380706142531121275427508363388856909444175, 8704557340598678091565035419146591890204742112853011731043830081246623354146
11077513030751263152516338753901406077884851268452107225059702771725841846225, 1778395420552928607088955022525673961749404577266140999055292665699947867442
34251962671704342329573184922353654201401536297262525958775355420514815775400, 500780551604057846813671107375250319130567675876400592003965188762124992920
38111051332452414182004100591708114518994765961684992418646756305487359490276, 44189909237926332986650288629899583384594710187859878295991221359437831117782
1641250061972008382776300830129549103368366767870870369772081642618065191734, 22156606472583396796409792015535565111987117942370526829867769197140734183690
6137386401939578557477125629688051334097225487752113676734298894017210466092, 31616319371542587206477701359991864806921544292276648908615484943509930804832
67136951550352330503045997859007567467449960883261215909853302393393570996292, 1631947449205233137382005299365201603026434584332489752059424486942015184700
76848508965571436999500989546928155214996432239692446498405636729881007951809, 42072828407975048950778120258447688477354258163524288097983725770113179526721
6716572160548382678133037441198261985281190428913291479177951338467563883818, 33688112451678034067864078226792875374490871489909979288420712735095427584612
43509185589466237624705462128757823868729453884003756696573232950216549092212, 44456234120700789117339928420573758721689503344235612504443743291781212443595
59707243062244174229026435026978738215820544909832953257278574181413403749957, 65404306714378588937345167214647799873290076564318710033431466897719176853859
30519517614423089658572293419506872188344429847260588147802632638804004182659, 48357727828464923717420211642939998705413015689967602204629803837886430874518
27269171944826798031963632385056621084694135262326375715879927127419969137763, 52175218348450461534992707587886917699319574352678810408172981638629382866662
25331124877341421283087917619931112476308293855401035237364891150384230107884, 7978086538012341827046758569662068222432923535139785762448808877219304460017
17536924118475438175928755345758439521514469593211116464799132281093889090193, 29454846996698685585935661496856845564249212315717867914047655779587036774384
29459033987885861321236631545037279588875558412918472942409908475700415641153, 15104687388686076929806153157081079675052938356642598941564372862317544194378
64080243872683173917960013502692410897084853812267101767977161323292983702916, 73479989492262476714991755224993608328457684419224868880650619898210212412244
18869759399556730793556731605389221089969927589438157444877371335187732711809, 69874026143942127974292878750445922552913015126931531763623334530109136425175
23982117001564169034151282222105517337609448201259314136753926793662647429714, 17745927940946193806911084242237225143685690367872570006795168874722900486216
47108241985127607456537631483362720162702484514404888090761881966587957240332, 23848203843922276304144573000485493670977890448524281035140086667959254907416
44442668045547708006261710003858197797170146591842064629371106471963482710884, 62662424944267724894724773618153306832471024601005727315625231705389054296923
14807922308150443991522857599988699299102285227002868515971396466567533753017, 42892757938448987985885962111642914627245107407525460427046641477312350218577
27991606601120743834814313726129091411177916399828808448799891513812778910465, 62321592504095821075484960761372290235708808924606983731844136200749224121439
53077490195946311275124619182083169753132053518008695845641155341193287279449, 25937534873457025628742470238180916904455737460534468137379947880175621360814
58950866905084793205552179134260947050136180093805402312181898302580493998034, 75098353566280133685751748250866783706548770387269029914560334099421694461684
72920657156989527965429525641680128810976275549342095863593716545451353042222, 49411754508513962189325840847528123967053350780183280827366212270371443926322
31464525699385591810212695891044046585675657026627807909605575053513331062209, 32075895896909009014741686822748595275214032017349319045457891760660942609031
43325919381136170851864036893426543078472552282627335945183853351397124718960, 45922751975336785460512156657454984894905348332331755271699702002724547484563
65131280665297652617879373161245325356188074315681430012496898903045910906056, 72090973212203394884773045152235012761517302654908096297948531754974949012694
56242612720137839788389540508748907443916726712429306497587319679944071876852, 43415814471138537346052707853892660624715500837959819972674199340448640134959
1641248178893085946500037846504781944370414585031500004375189163530024277115, 43775978873438251183583130018152781897171147446192853132592178014746083921087
59232834799062185351587944718951580004276653492100769596208701467746049547169, 73040701300767373316436812013718050726935998096411847360571168398909978530067
61621671205450868636924747309663460362065142589936609781542488042439170713765, 34005389396699332469457320559050211889976112237171822710487672340879745522585
3003274649677198646038267383878278016719578841493756122467775738630779976360, 24301335478643240726687104957129503606413749927858082134746722036383123210259
45888332713751915080755693176931565147667648170809583085761412165707229875925, 73644265886849543458731272125635733910465251023581883523758117331043237304489
46329852866551193604145762062396748192110493250884598075726626508741809320304, 45296572974420515876284193457203059769542796539013103979562436158062418682193
67937979128196276654886992965197009361381572939180018233992243340287481734709, 46511192083960063226062384698137692523299471611577005198193051858593062435749
64788394353294939681570517632238530036583071577989639087464700066799079709846, 76116349135331976109848699390088998325462261168598102692014438069525841544531
8907988784057530983844554972875923482253677521747811156491784363781578531617, 5267566511519989452148729730929247976429554406774742073146609234711908634666
82193886245970047878460969416420531209327302576709992479860928752831757811, 6325881098512842484987251889396241681932535884494736310891224996253145234728
63362667351441781568661367144356847588904598730282622695634680913183273945896, 23804126683808943379027992803848026392214253325488117371756320843306316028030
69953798121349251716371239112425133358132155932370207175755706027714687308869, 53085743114394729086885704717223386197582632444678575381513464657395706732445
5233313214738046539503204789653290996548705703849080440113085449053918479477, 75167956021434108311023329411209081322305244794023552186435573718903959238918
66342943595595670441832069629419297614690243596116433334654070674884352025298, 6580284493102981647207932276911940817301605997680371343876821818465486165975
31210640127152210799493383724797416732128015035475615388743168949902137008720, 55788030764649172649903255792611029313346931207593412029349013496264732459312
3153131893256815623215045447462419320630211549711001299693785702886994848049, 51841892812153451767089177143942318828000753085647769260284544056204981346470
35302229568862191420461157411230160688591846061257260136855359488029181275207, 40634351713325645817591002478893391578996074743386635615313575254688659918380
9442941435991410134097950837868858607087263461168581876844587915999713158313, 37054377492713599413204088048208790867681001406354540285472794610082512134582
64684749009806029409488491537983747495065272610461369790920739983942939206097, 27310851456782562863942383266896265725573199593543577494879047211304670914232
40336472737142144730966217270912548575540066214746313777045296122130039911482, 69297341724029038494473589408379100557356110049852263709596561180298102117493
48515817032525215155992941439923457644308469765512275321378331772097069430623, 23166845204733958513046185647843496092584605002087734447394559733340334609765
2961959474440730965061566126423985369290811622374112226435652942674400049637, 5633656907646542842207471235764992439075418298005745231258128569096916530114
8817068451257497203451707558994765516344040689016264098151730726215278393065, 43860989001745504816328762044028433424587279140484837835010946839095235336794
17927132754628790028533863214799326161657794601417827467831052736234980798998, 10985692000026028923782016625327094172914195198796226883943514891545212052080
2101544385316663464855469094595673439745122616188958953981848743086470207755, 4690571844001815876859173148989444593415231098185367994428303866425810689278
21174906791199496044340913595186214372238404045048940552055146969009404117602, 46003419833669427314547256038986632959484620042932063569172608922931134604605
2079637150403550188105081590834839695485947587866064581249661110797741592635, 70530231411912516909270793768134836715239274393912131105197537913820172499739
5807783421824131347540995877863897829240311374135558038980789057745789574671, 2578879316195134257071716112424699818375625047517439657926825581213479957428
16867626044182928018579627698394034891316011855707540039770575871702408841721, 72249804664300429362769824895338124627990741592730131771375134967635685682945
46447686789081715857204826989357482526195228332304590913082616061515767124182, 18454546671724481778950961213401679089559879743990586020144453757601646599168
10949094921638194375506804762009741809136146269046905059323349572310044054303, 8105490828820018787658332451615819776900718604760442822587150363074873763839
62655560138023021295655988347118909232010590603091964285190124190490753927595, 74214197353626785363433542126684661753447434567454011378061934712851338845902
15226099654810816943110913011993963245054125917799264545726813240935933319992, 28964287333757959065426190855740392165312088502825352106839526297530658462331
19761389820069861681336455570794422698085817500232393800898289561372187109877, 6980296389683594679494008794598272904523457444653130853405575959300010960609
58739747617350119355983495485572551719895629715420796110543469392555172038638, 47433295438576035779001947059734604757321744605890694221012361065415677317504
41811457985758155089590083065053255857520172013385358721049335736152281204095, 38877969219008256380131251150031610148945962201936923377783654528238270932505
62856079487998747707393919988294428065455086765976674048279953029441832568194, 14473829070404606561675843048906949593559748980234330046267695641725260154322
11502303529346429081306654747690715306571098515510938930165603586752106784782, 12027215215066866941401295482304710368439680678023945400648164510476894096114
58221008275594222826762054186731683229262101714622692034653618070792909465850, 64646557509597966719114784926993696006531601671454895433062483983950931216960
51627069107479969580140887085084895518834096691229426938867336577907064413173, 2864400357930599524743142175900628613421810744081732115578770328572662117773
63065869895899161987955953427913750153230641541934785168239853267334747672929, 75408890272926593914601987988093902244799042185350286833540838144881297394978
8673315905980842495796532388026041041250056201721117915101197513234165758935, 75375501012054933725900927711698579719184164888403207849196312899395928442110
25353676985691525954401746622640677984751593282646653816753452178491577909416, 56008766722093831327006495304084191245552163422179777283355844449197129905149
36907788378138775671182338236570101325842186008024068488144519899778769411906, 2835981911486245876713198859435504968021455763150133798233827872171930792254
5162783790140306291668650400503171792846594511052857666915145522399539859917, 19278897422074125846868999865074226932887781437729539234550649987109898166198
48089834567541240825924723317690547378201153717121869954753397519180236855295, 64692525732945626780794873251761509590537104698380498491615816013528732932482
55832079288972336815866016129262227190070777094522191617368666669180700765119, 47150530989046376323245831893302640483649427725878374385468928299205776977918
36957015679731512378952662317228772650627006400168376342857776474101173269996, 59005226170769549314699804351603984947252276344291588893539018249031996821747
45972412551291695241295905650771788023996377257073345185276208871496716987828, 30306699036793350983491073598816352810292532021682918976755761647602733474914
59458406459476165534446947839598410540712063800444124248302578142285952941413, 47378758164523222820135128561981482738385148390258685891307835303430077981773
22939558297197506624757413408461634254590845425238063456223832476520309406701, 43582991781779796768555341175840248451998371834466120198282068783577674823758
46085662563585412514585064208048030073169451240130242397284859095865288047184, 37308628835353390932899879526502258522746622320388164420113219000022280920067
46711989819047190505544334290448079104958754781422512674774498225959632882759, 52038834229584217498472314564180224691900507650801140614347609649694590167303
75446525798748741149812749319260632926880795910639635086235206754866316081704, 18894100408453376387594713492807410385867893835386021887816283147169464449549
63197343031147462803036206763138445869991359903375518209533853527922229103225, 74499418980800752544450711007559346796557030759380657300632243761859633551381
12108326540099450207411202869897798077356250542126076423155048757485056944181, 17655750953640789571671960329731135257677756251507983583561312639268937649563
64433783633656990110096622152192762164873834646386970339473401635973782864769, 42392291248056385473468757198634603306926660445820818225915785557733389331467
8787217339241539655721613299623731877199723345927784167537294604273954582240, 8231893110327413131127595093064582368088143516724233560137533246440669282406
42210425449877930512426847055681653833519906847282174127033245356134196864830, 26115686509133696545958057109318332709082073157606118073186811785423648136386
7550399852454892917324575949649151875217524582475450479719586365571417109845, 30353933045052836506685725743776204635798206548701379128691934561278430795696
23323881661587320171848495016960627932395768659599136566123392173825726254855, 21908698980554088058978928745849525403326942078015493747775656181646459208221
9937095945989864472051761170784977298895805389295396046461270168420102972005, 64652932486966355550184356796977996536219773705175442216858170190083332672010
53581031152039565854677809737768526561053929023389775023848284651242409247611, 58597535137538856686807166089653036326634817908707204404188331831013185694332
17529842957052743450365687668675273987665257241107418177108616994351010241553, 44964377254423832351357275625555833030431356201356084850303743095769922782066
37474285333144528391014904116831853435962564070561702211977155844598177165348, 70974919911147573358984261120251431414048503917619111958561258798633658032453
28934473468287442685318340624368081657495633196747534219471233962553799621938, 43955101018678466274749799605727292346538453141196638650289863673928900710666
52028456402961053698457174009093851507553335688557703465150821661321555826939, 41167368457664428327136500653219251226202228475629943784895318855979188361641
76787908065089508855254983761135811737127532087079546533670843597476568367206, 31515126509806012631704793449747160842147747643713502392779525191908594068061
31883514893550680082910807356626845368625896108286387381860798265648844598184, 49992249430138018262657161248599138677374563152698796533891955920174834719479
58999167469188627767721210088553244369764110257397936723450012168978051666586, 72604089058493850470744882902691938799104454474744560355340174483856670038582
23534668523006660784078748383896062760650497024134886429374389083888946386533, 70695268427435996398216431203992111387441371031809873254482165466645999027066
25486488543291370418496624420682727823691463040264376789411645125540840793843, 64446041666015381765283172116472001446647782449090229091778500394970097925592
43788622992578390044892363606347781397256207016359618928458376966165274007260, 31781523960835934544765780906202788949566337437731691527158728847427680199185
7845631552847914324229712111955398632984747544029832794388318606113540167775, 58604486218582756493054531603286887903868922296331159448210325991204762081291
33670895685672045366492154538433782680118133266486976976492561967533409864799, 39885864277441288258274833713066217230372877847490773084611120854924130164078
62878575170067429337154676027638690900320616638245966005420966275598473178105, 17289838622298110534402759208090250891922761222343333664952239971251489320701
62035515079449511818177450845364533076623729252468363051097862080934358046770, 33850265068812631849167455481787612901712733612862422422707210653221496187848
4413628025741300897993831770957873115737143903326028160889406142380973836764, 27366408339336841494866789111494769761945852121190318038171072793448533437606
37815247937223781963101343325244166750218517929311852289511121087966269957786, 65931417554639166450039672474142954184915320928889931058699143023148024489557
7299796170870995190515877687398231900725184740735579808533954437644969458547, 22769171237687088139733503299364627734212274369352734094515238136330623762498
38488641149354105874039726755704047229132765248239484050580868395691663922002, 73372543469181247778982564567727775131978588005372315573989448365250052719690
49365961731097595244752408903285400892688400091692931433122221846912629689988, 32679090174651189388601816959576511129905021195385610296470852720625342655599
59891739977736813535594839030238965377265365460100935335159061302637982108073, 71472963767233074645259229102880366121531001164060646666763146279426710893211
44221950256844509595192263000640573213187567686015348010427985607227986146922, 2858868225006444458839232298753151783215500502384342791458030300077536289573
14118291557174211244301975944619215163848296786799056487211152352761302563230, 38189674850150562560668868307698431248858409447953269567608609377038521809623
49553960514282222832781970177760821870207705871398429738894075514444229148944, 7426323399304419766750872821027658293083061128842335050154929012245694179347
29138868471797109799261910855570968219471849609908113273675648211962480673858, 18625259732616860453483648285797455695434993957821183851155002679364755162023
18212771555318084806490863742369388518763012565489240467322834406415609979786, 66815187296900615033224024182511292437977669113496497708578660517717780369966
69152447446594163504424525904834287763422277542640470264634130394424033786768, 44098376836806153741503939623531377440156637652173487548453400638152654019288
2903102118436143608344760938862981310977550086794037198098632318228583356570, 36220170694370509177555873080491669879892449276332088268809959266616693990990
67049947876523043135088171907917483800455582738473025134370029006529544964212, 61678693186220844427140217867140377559134684910471977408188212939042482569196
17890199550534342543109355279414434599766029484096746425235304702409912139202, 70450574528229673130268727487056898005917634876651096246978446859958668717277
20198695513855883163672105293920639674794595263305449693608333577859290273517, 10745329617999101470433003980222980106520918598909086762765523834132846645472
70533595198228328847411748200838770464899524619592042750097644046472222075123, 43719173445253681344513406834753780864654859253858926728375367056449427832843
25070871943711049027667182438526327879373960390825884589854516430165511313554, 37926308895971438095109191105946364583195244288064635061216414446533804583994
3527375559268893253914953003284037191817315510439729177750500957284908393335, 75783580845389027171238259345310607180508508472998881192951257836219284851448
38292829444913507883977617757845209082069381346187932273877161534165561981878, 1422316989249045370179650112048562956458242018869339280517480317090613483739
34206884295448460067743710280067720811150879419832597457330442741299425340120, 40071714433751299476579251100062255404802798936696126886844862974493255132881
72269193778400082078342068708838372652851469101385007445483755704039204276714, 3758338298411950015130967124673956891470647197120290575841915343086818345328
42959194410434599559942245184644730371342766275461476922633841162070033731228, 44909522753684505246508050909980009109351906318005328740504882652790841760959
63557460602706677159267853872067235735057906329567085031571546806842911542676, 45208606267307867205645903485880456092135970304050379984998618959304522210927
73449027471743260129718818707788019426088791591106588584499551408994138506471, 15609247711782770041039646524368994335107665482752926837716844795713011097274
63524957659849215190530478589986551439747007240838096906064177981853095020684, 72238180770848160703931311157792112868438163796109417282695631265759039270179
63736523868694834670368968980358150407659936559834603119623454809615043589705, 44037818931141150154990196215334872893731877736863452036379001711921627826060
46857021935826668134313402474167317550855149343319348870771193594845700215452, 6567216736403049016559427626821494298216135116473048919548088741981425006333
29114944565349402587508658979186080088925937497622826105301797466294523381814, 60593953761597943814717100393263544655635850074340072016559311772019365908894
40609839336459021358488378446202977651062990435799901344501358042942050403340, 26243615009976872321003451183739941291514390270702822995122394230151534206668
54664046251569900467813539119749753791685783769498448588176887848304214473948, 878732305155544740589184202418913662394890606225580887330288691787262968504
75685177630334703372258529272554489367974368620214885283912521129824122189512, 75419203345266166175491033681210365346898776628213001739304559692935571066589
54935707278107648607356438472672752070264326810874932780900699570916146216136, 21750915524121748162224749377046245186402521635123624000768142739852267668502
47712910358040251214081452047497940264497429251394849222509541072708342035232, 18701872238375323865165255016701708271301454086663654477013548803714795217846
55030730646820715034029296457642002403884283135632544969306160307289973565295, 68267773489775294173037188682887823824036454802605487335659459433802173381670
63445412920884409381058931754231142182878430733115885734466671435452338741897, 50657582018909109264964002977481298593177182277401492746652735591327979599634
36000301423636942836510945314786024105015052629302133243080367006209790887855, 696696745548290268952533775444501612553065849716914359430931233296305485485
35969737857942646512513270530700728988146141073812647065422725179511923660406, 13108104989377854922520423059588545552663322463164314007276272923020985550527
21001691276812454585367384023557271610844465061338841112664294178470991933553, 47769425441120301434808659538372911731222348979597322952772763623021264311731
64765299698694043044850285269801704793368379377240695118878986075363745509802, 34256944743932739126274940289662320564857655949155413964463550043177564712394
50805069506290883849236313908689741254355030721333368903247125010333294997074, 46351388689955952441519545773113202499330590617221368757020801038419552324528
10726270739601254898815680302192985442652424550989290446046002421060941182487, 954786022900148396213579556046588569240620931841922752830234615207084929334
39344773266710940089834814556725409354895350750212966331793412431624055123285, 41591786294370211913874565645524841866604796535762636095055014523230727571237
44413143674868454056985210242275752086541264991611208266052891801453898052922, 65306723985966008439272607895104599229621035030463022187855066690799360048687
3711257444658578087999144891850491231694343000652265531449593183928560417107, 38344233279510410393550275437284960330081589663833349880862331400071125157231
66334788184518133679709490116156181086403318113396281426803306157200831419435, 30201192347130071180197457969287885777636588139802633192295547709337423166951
20095362542121113086821771264948041201147256475157997581426458601569202199237, 10078633615934341915915038313968822581475080421234236707655575194438412641400
18470734768693795577489340988838323723435466536854634325923799197784607562973, 19291598537218048176747982407991738217166351172931246430810881743127500124902
57897013356532493344940365499683146094303009714729204478973322241227528631765, 50426916100816900173566017159704050507076810819711838609373669394960024370998
25965057464527972877573931363598178488906650029925177281720550255148761959766, 26958334945903255507914561496682667982421016486245174414457864218465427946468
8546450503190625970366190057549969760009525719011870485161037693836854701327, 45014667495699744018563125156328831927549473348268209453528133678401505625366
26812442061251212238559112473453511391400761635783838961379061787139190058169, 26516387100191808287661143345751146793320329078255621644609143724788036336909
60796830538723262391361035156729649371756246321712804159104854930144479805415, 58596304205282435602611574479454239726026876695462204093916227299007026154654
35129939191463363737695539812419223644741266075297300588096002949111733379704, 20719428481469087317859151398726361900523670482304342265813510592229747013651
3483536931554507300624512437401590874965263826394429568488160557413632416993, 74148142846613683415119535878335458170744353735677995929902375060991448101083
50391053252618478470174594123624679368791536792265000805142689661977392504955, 75073383019255171122432866576629123603355509143818161378142724252459968166452
21336452577215124728212806621077237573426148238696532018361579403295454529385, 22863441881077945786036001831095765792457959327007490499660620180773565541550
63666157817231272055507747674247408062967439883192140593721939883427653207715, 27334483517721528183175001150744764907959940669952973538767761191856612785879
3482878829638383843352806884230154989124801941129982579477217000306956541751, 1840785208705946264688471637874365113336296115441993048395757546350851727260
67126153911285491615501674684448659585319507575214874007578968255268714003489, 31914141994040098935151298908623833883216014262334218313970757253577763249596
10479065950086016764882881885530382309561445820330117817050477415524642235858, 11891923483709174339938749458466325471380479297559444250481732508204850998776
49571122208258963023219206803530136697938724177945492448172333008239014346543, 14095259692420232705598223476759498803940719547087309811907487074959402641583
865724918163484253075266844012764933204411347880945637489424334572898611388, 52611536189107819813882908191072472697875708923398685578800407767979356685620
66881387707648511918046145469651024553936108113412867380704050813303920539553, 57533616351601957692730228849146708301333585131710625709567111282740533179300
65440564870729563021787976419093286833139136095158474760765346347472590398056, 27418298391665974357542803151176402783647869509432003074067117923495653232031
63231664154264524240903049311135671361340371036771693346402641037998417403371, 41715855325197072018000268138857482354026741328737619369324953691977069381448
34400041072597467859838315041461116808754335462963543984799136005340880768901, 5015109683113008354255132675940664917048962505294940421567892526834550722276
76081620652326159770086918423132730695832397650936094694351100906741754278187, 53950800655534676124768736142632504593807881249201931573965624625420339778052
29848036541588239578904621269420791102933826696332500559803341092937953169366, 53711640584408975985762538908639785199107017439165593413939819517488259010216
55069251509658784842565296690217657993782736901617577713272270118942663432660, 46543446038775383918394005464023983195102192886548487056838208393204180376699
51093102356176757906607254115691176771641400129464641102238270386075246004016, 71930374849469320662685015172319853675134621824993687145821090770397299614275
20082522439855823687154617158583579373932215243152597084171073766172346117367, 5071022514940016125909769597732413458833517535927443318530663933730546865178
24795399617652393748884722330409227364438223691364967819790612815955949214805, 37484715276159879660598140517168768210347101595690372122571408514963457766686
61757065991147899080621775257000075455312031284299221640557798831213047223752, 40433024292375566848327530284272294478072233824878213093396842555776295415135
66414445493273011733575271700159081004599989404114278378920108511795247809636, 14488487682078759287183880463177620612178221416624442851737964426288743044218
64706301383156737729990496252582718479946748278767859268841011042717989604726, 66764205523823499248299906166399333066778635736925272740611410062705023380308
30034188525715465592102976678818362319382719127537607039948053185081702881484, 24238831794279927837026683404387540861700475393397608840924081222246759971011
55331317045042359567891219841340599842319458843933776274078799016924259652898, 40555129616764407871031453838542761310580889886497510672120727936440095780013
31460323319906620848501524520415477820081083816471929689647874554124237003282, 63728738463909610417421629709897582569592989918621820773784850464110891123615
20079838947348369437701514918694102992444432509807965544673573372915125146021, 35845163254804542201817533203841433088038273258104527258646484385839321669966
6063649605772986367604290335493471766058991278025573728288628395414287008316, 31503418456907847512355464635035300682598624076022549742107162309042612493130
60380173600210617028540946238817665226753897836292875100391637092096967842110, 61917986138992973054923810716049892512825103788302649609665605750014170379560
52908588640304343667159967547155033977174133292450261020195097352344957880675, 32247178318219531105276552294167067514784762346025698177394505176713885466922
38809685887849655638065195251388011288589684342088760080120724153087785870548, 43152457266665684683130207843663933007786778734320483543125454526798589821072
70327751039207061608730812172968650002024218157916481752827067052468366508560, 66092870783549012347765507368263223101715212699396854878771491470526038734320
47847487082609387928426072618424210120004657599636866177982934690160803310879, 31383739288581396999971610839259475545598440571547420013072657795747190037789
36709545407920234873644724873093626402732353934315918667300659969251696858116, 15780863509951186617836282042932279589022705357007310380177587904981474359914
15564618986950284425179637495226950176189784768621056526146215370448819208954, 21259943070187471641459182765590182270426664658478652813910908111914365706774
45459571101395124384243504921180322218313781151388903956463569018676221252875, 59551244636437802089703938757683481111063433857949862939491270062971751807
56047837107823711213555566791683639657360127464529238962962042178716441021526, 43008635732405174808436475084474749822775709133653314655034568247933624945073
28124570770685636381624650570958919435814371009460689424475358630386661165445, 65289814446662649718106016491069151486632322160151486701206141794820566472636
58295419635917900492417601102208962725422040357345266566839690856189497072279, 8470804460055009029472428591159374379487147041654386582055084136459063248899
2837779878418407751661821397275282476633095044303702040780741863242000850374, 55124162507528044426387436800415257290860435514283822276317254990391987626574
38988693824137524897579034102589160172671553101159142153766867941247886352267, 39988462797969505047895966118784480967833978003222955024367467156365136683763
75419851873077967172974881725906662896879614531945185745931208948858430032152, 3249713666526778451524662803690580976824236627768063721183267753735729647924
70127231352505829788878343194676149811266631312207617468993085287408903944751, 21144801293410277157690800349315102179565054644073560747529377056849098815107
43073814434080774963628389313791309243680215140353617878202828641036427559218, 54927154618691442484597852155862918706713740218545973455866179245008754497440
70764748104961823309688048535812604457968973941812759716843178370204394663998, 25924305706741328274845501269240408781018056726001352734197974093407219815299
28980635941556457636457661010811053764402796518244050943959981421199180870859, 1285221168833224126490986320648236076110863286163519322970084136719881779830
29734818917190880100924103322460074015012847723560765623972523924330314318726, 53459421546891924076544095590447993030860894183035613990059906509626334388665
5910724012260356458090208384872989685656544621986388470690777323744775643102, 59541666445491169981778981885234210274699688187268647825979038427082635165089
10904826840121790323493639088340791296228109155703797948042653017732198374120, 28423527764228449686649327138337407919719661327831307246088310402700994919516
57280862137655380063185607545136211157338402474258108751262128512881174298155, 18078447893643991478307857800045608977004111265422601507509835421108108363488
52515573355965459754892583919096611514463214111198726730196995965739840464792, 46019328835641688786251839309379040628626024784804660203971681807931555999898
42120885702857830188653202697814382662821690455008586005903148902368964658525, 5925968211038296018889636681206461815316238735496268341137191957225404311864
9265152257864592261462826514738360356006158283465937268541090778087136093912, 46093219486993173823063850627855203754037776473383096923016197645112049515418
48043451141752757104611741078825431017508478860862985291995882492427174674888, 58808739707778832889857789913643721814796234434742517183771009588436609946142
57156778442307196607053359898078302207378688199015351956763094231381289357722, 58774662205700527927157736319706791867615472730214381475642903838408144566188
61166928562144328988169148255138504414345760277167652043583902195225874503666, 15679572969040457670757071169563895639160443399958595517921528791377508362192
6198382692530179431831087462280674048220263974850121352696950090857127379874, 22763617171768158740006372597119657106466715063765887633833126389450101221208
4593258416214655458066101174871264527245882702041257601919197081832794964537, 76286072764244583176227612418714234091737363742882228638290409619240883648321
46583940986815820062170568873659441654571095495070765596559043796080253240771, 3561635860353640376712493935173448463193452714571613393200193552988048006636
9445135510091421189413344507242557606869769979887614296852822494610493636746, 2611448007228111868125758747956093857502815822307307747258612206273030210803
4272305276949193913244529054420353444640325807176196917636163063873118447281, 16450419803354897583116183684762368652697240753224815202050911539947431557522
16899834325896953983517100127018670046967356175091594530645687112609016573229, 5943368328168816755141137128740196452967566892645181965333359731705610632176
56916275471901153623603166707449312550796081623130990626891504271325308320295, 60387555866441226087528576814984795456158364169582629675751573943407775667877
72467574469617381203475378659151431749153824403233867375060726804814628724656, 34967837554207521818727047507833781713347720361368565452911771492594304278242
27618862314197990842924123280730919026779864365492855631320906215836333921350, 18816857330388159846493477045448387070603940261893418350173313265465597275216
52386208886450557766283363500578216254174708935080712867799232428693841029747, 26233908428092217770187908803172588119939550015077179084483220287024757253630
8999365552726654650400095120184454814723506622575258234309663367640172281851, 60660830574180335440982431881858571480284917771942028352099687844998688569455
20918322046752505464453614369808121345250979080668383819966326243016626905516, 44906484682080309565448154972118437913577718237495213148915872223715560882782
6784555770963213956225992066842170607272547300033436560669196215340022561614, 42566563782279928733009788970440551441598788498160388289563493356189406588937
6946609678378764538296998663580936577724469996477650667794737191629465746230, 48652422917693907517922410424139494761628336946567240637376709145343202681781
51226530394612968379339433152902944132922653973557419591162909581789731822182, 56221481418198153623069893744516953829587564075663429459954262743457832088575
25886966404758584017585130505123257953440259660841508608982041726911267674734, 54313868235571204063999354826265179535496706264769632287209258013632926282206
9854703149108289926033080991676651504108128640086232938031671017788893217703, 26792871583935275832106120921188075760404647798692742501741760625388226807975
37337022512003555105520064493234498816930548256047439006574097042172740034719, 23872615590731400002650267735332953333136634091987300248915004810023882121777
29715958175665493760518469314303022995944333971550391870483914305463722884040, 15625479273258936142554423916916206948379687352287002453866521593279001713008
22336000751415480273768363272689973072033690765129906678879641471992626625092, 16720447941040889164596044809331835449430987645524378321160068293650739927517
24102650624246861933886405653292256096476016589758743597607110499924705788472, 22011931335019691546079664513065970643797356735716531647733318149639846654696
45506094222759728762338432211144565713043785296354375221718981203097458056591, 52805490006592445064560916633015602882861460925912439946010611921331550883532
65575731562504727722620653868650996317366235844989660909972588324083557478484, 19267292564235684764554855953572883032128471917417655402544178966964381237882
58089407606795620040984844908075958855270577744298440868003160968731820033757, 9055547605425970779296056304867978206570846576657308528312421416986947625197
39374747589325687422015747528913711803001446605520728172197624912139504994947, 73860228913995153034755888258991427423423170857718523571279975958208402550751
71420765203830107237222363226658597758308413069129114741490968226732823374910, 53334763203062246706766411093689219097363107580587877395182928886687394751847
69690087920616722464073056858028899715808573974150908177914736489525127677412, 56171509478788370773671982796417772347042532379964211239319478500408626125538
43811071743530021461482627698250661776605713305995263858385207751524570512600, 48317239398429263513338432417258527252965077124669510284997370388277978053367
48199557883757103174289048861387133940006032407188806624875026869192175500687, 34870477893686499199817516926661964008855994589816121566818743262277357066816
50442351158297348074929197744352964962631457064285379657473117032553275232992, 2041879619972914054158261432161923000810049553749283409462070477950698766435
23762060725844274645824044149758517798304563299118014778397149626141396740038, 18668700126916080254627847349627607820800340465740381860464591887324223268647
21582133208816168843004187763599767660274489090950005471831627196151492415792, 70490917583010420818632084481533947435128781905650600613005060455890397634384
20967565671556109134590457043765804016162428335498219949216756298224147881550, 54404356217240203043233647890292045423455570135726821526861821724718036083672
95928412179882599336706234339165917695089597473893733755232486956390924694, 37219708065423484071504419635897096874057758993730883064045630246681870622606
8476789079195301285189583976203810672733109623207025035131145005929505413675, 26953073134941917484294525215658994644621171633679810536390168976148069951512
64433208146694292340601846677543019415901094142931737101437959317565608469599, 47414626148724127906536171903828915828848498944111662589312208937375217234809
6534546081391756569394833799032510174569804203441524703880585112949864748928, 19340795114032776989597227486090989946161313882526757003458899204519039236445
11323233531020454261772212559305388266168419268119166748144674805466699653130, 27917894956380288767564095640900820084089684227061811425139144790453203331923
3626012785508102629282435185150668498147916599026011346186179331833636690650, 653893811328190167750334734461451936418107599745420968939489511974572436185
28161328387716047319352922355064445728989951728652626338138655018641719107904, 57505064867715901627863756974223447218255968042435477285492236446869657868351
22736746610880600295005279501013352543064421060313398095273287345277877466968, 38155756123191909422618362047230920448419903093245494096517669201359387194826
9596232624082404692336223267180503334892232923181849759982014833222374765537, 27434595433521051566020165647250781542276169150532743656819949425060702503410
27265878726418688614195107343018352730178364388584188118004669258251912090580, 31534321615812919360319517922681945603572780810230050921669988578803988856059
9199531079902504242253983866315785390110092870903085357882032022826249966476, 10414453199546706629171853657711158688138223053166613863310422090121507708754
68930543537990143360973219097329553665384357457646302847436438870763772595968, 43458233560312887371734711359326762666776289495763534419202488502608671977790
16755811062066515587290704533485661415046899007342802342853375632888360922625, 52057003636029748072063769770527930517140476583459497178977515970429121972061
50124593953844975047591483906892107389539250311739927320591311095848384199873, 21519758652872910476865651228822527110175730951813808987039403683893179054219
37766816471308002514874824787308265438411697410732790927558785484139290761922, 74702048314257365875404057568714964237223466535004274200376148805510779255275
67166022280567961406040530573649265724093961993988552013457150452435118042024, 33346422478479965343526320900488342275770569488989353723411871929715897669802
76755536270947361908642444694643439651308340614080579309111590895750330109537, 38162438962745737237945731602942836377568966468611526516640367866734821389089
7025184886680084286966721509464087678135375914653007889667811554493291662241, 45138473311689122217006866392596873769521785006580184159241559962251808042209
57821815920447963131714061725008997740213716691016944733512658438935478097976, 45840512143678124385601411632634395079124680275206920235411074117906398192872
60143325380406620287092204643720731270893956201591861191446118650281727428034, 30971417277981051123768506373530243750871534647539558314669797542731152527794
10217233430211336531170529605886375915343021316429169699438247618828516650728, 35880058113051637400868337498825399847196601224867600655768749111713753176602
18168103669004051746622818489888147983231051267377082017186723831837908122744, 57258965928207955923805488945362577899418362196641584931955035459403045052112
2667282753678907770245563163413290401720422199387219285020808661207880455478, 25287953622635740199143071782994210705611495020262215004429101280308097347157
347020696484552351295455602422107814375552138696607640231436688094786780987, 75899796645576949452819841786242636984323191796024282840275697214461629385638
16730705400574713902075550301450052881103551919804251157678787521284670668922, 20352878563542357277341793576736569319325937929309502134851557608083282800962
52855494326045243339844195494203212333630417509017652097343364000017984302856, 8317683074985914490340992487303665054786641577899548630655838143748967578081
210462725317584382457938877140016660189178812684427740175667317663681511472, 41000009379727537333791897853173416522474287993053185298434959877413903837229
43446994171025172362510024615412188443075363198538906243237383228669971184163, 10858497270099821106905445373223532579190453344346350369777792130449372274160
54738373659343961470189983845363129108635851244304620106963364108109376688541, 46748128689591294872548308732081464727896978460991372938271112280268627460196
650823116655042392323090003761530986408727779914076124882388996209854409775, 44426488150884481431092834872328158508373767650560661958688841312171558950536
62900968689257699854474870937697591050081023932106199519077453115195868719732, 28794903000519273748687077358077478525827159566296134700074728328958117531362
47538200590875439249134937476015974740708280414154813932897619802100361637792, 68649295364417141972412607521850216314432869345961375409245561865536052712748
61313338099240692570208607065873291794765272622846720405354889630877016713219, 29919042468393261265457650456712901237164012174311218832320136043725567692836
28553780530515360109173402132795588024031027441195548960067559851722499289017, 64812787109167330542782587711366818465570130170290723784879953400479787323686
47280779847995268289848777415278874573612051958327400688819774938787805602149, 31975748371813425756642286641095346397024108429307386993540486423159359773500
62178006908585246263083480764479964771218158532138012796441637271798449297873, 63177962753289981563880878633818158772720702615268626676743065942011595101112
52563974190643215502984695253531871898766975223601683061780173713418705546566, 18022395444373737511740957532460023909652945130261246464237395587020587449944
58176701476497578477488357421058644333057393673898915923495936061523116540389, 62573254300180561893444290547336631589222351242136001819267601775582074278830
14928035734279874603829175496955846341595411165613021130432459453980716377602, 69767385781468004606247301934555317591102191046535358679072232891237561831477
42520110750727277517018632331647721758872453852013675463433309129478032219072, 43492915387993651290304681713451969002089770409364091627924720222583320826333
4356310952447667628881580299134320428742823118857314456396985910357080735554, 52458055913945385085713964110953203787219478388077907903493020530915679506399
1102382776704451582512946578294423828030790356205132863813886973971613573488, 10609658785267209748808532325364601060172507865164762926206892150486162148239
6158406876080054185581691681100183756501159311888656588391462043131618991496, 60623621463275880101244568450452231642411813468331670358505537439675112919312
13408165042975165240408619330973335487679720479974229617449504315441570687873, 5160681564063015178399228517921642952316440786652660255504947412825433428618
61926494082133569239563047550948485723653935654072342283520807089004869801123, 69470365347819052411266213179235986995197579683017488856701510945738875608692
32509842442840213991797856909759706430136540949400054052026776862708377692349, 76633884046185594828337812140747971066644862956224621302179906351390615728296
48607620029223973938753396309690926073223924864207994648408223478323601934040, 70415583922074500211730365998207393010660371456301843666137718043576391403481
52493893627577819269703203027492251095293437992054599292282798859790721208696, 29571225329892292745034379118581421063735340189030503771656733076022999008658
34704990518243971891984526790409723749287862632838088485238011233402330461561, 29858332741932938950075254908966262864681005071437174073167183101651132960775
55015000919885649180740751958173024667481487135893269435783023604195134411078, 18253569294071123008182236420375801586361258500788704137144265444223613418205
11081848961741654210964862133307486093094744101827363360605161389938351061420, 8486406880189213636779064885233065344768031870623340631664874358222800155110
32091507889984412855086628029179033952223487904673807657592618962406647417001, 55432831197477225396398221925023038828394318002517507323314600049614575791093
3947570210998100383998146079541307242061767611348748393093294294604219808346, 39666818628680369778688965061178191995602810392604252221716792942642871367602
65294525640627849795087517053299936246703955306023788681815299418870500621478, 50728739699012427092693808499115949908272603092750968286909658148578228994156
65332404851365851992862759338485183543486417492574128065112591208421568428793, 2277917149364866004610440946206112019698273520822135982155457608425698260275
24352052253559236546003489936692832703680131625379386549602055212880833799256, 32695898582517613372684701341301420523778207120028474590197269942454189005175
9368228000065707780020349507240835913131511838731188105457943803890618368898, 20176539516461801498351613254743791759527744345934649130408705240971639567489
16723024501016547032562110776135871665766572722396456479417331479682939585398, 12718099037408231397398277474461512687345130493784200828223149587756209439649
63967794741208834944806276571648347996027581455204966724352166687320387442394, 15150980756963109912729950110047236287418720206409352372627283031158840162381
51879169420421363383479936115010282613322065054641837492664111874117424289225, 7556384889272160308185732656138086151895631161101042516000391259008712522064
74516772828550737675162471354337463862764929784383070447862257844551568497095, 74668380101469837028428920105658837565006883510540883349776777798000512075450
39798277427160195905333469785619216065262475657217232882561755809064143155570, 64102224140184716407094117378761355882574502281015741292642820009520832407726
5051215992828556172150467966643753087498072255864131081545468221356696568181, 6616949559237517750393894317098502489905510456833396598001288569220272933138
45441187078458144840318328851540933652145967354800892218493524514447046191924, 37802634550237993738937312867127863397556194107468150861168486952909117312491
65645664921270004160487498972467626845573152154064290039786039102499648306081, 50991647544180659862696550941107085960280043002367533186076378030213642948629
57762809201878147594216409640291772318053735539356358571505117277654143942834, 3198248662013336889131267645964204151185889085498545822560307076980295640052
71062347736548477142117487503879412449839045986876879120204927404781145859687, 56781252159073966987492477106155735845187773108341711603573067354930450169795
5941116731625504421470213184685114456172602146310439151687993322399404197608, 30722822453895124641294003330916124179834101959513407977585895832409886264764
46864474390740830801088715673467689507948649702565339514144135155829693489901, 13834650844589590574313727442563361238538954846790718528271544683903095676549
43100417981925906667362128860350805062773794627116210765479633021692104829146, 52939286493356747138878274340895047574625652920819092303166429786138079963159
68749519753405076446352675406440843926234675094529343707408295958486214742919, 56890241020063961701120583952595468493623028187096058138056077024617800370484
61307543537307136282385332169606017719970828840038964338444106262197146496866, 44529026881597163118507700149811552733603934474949302172156840697681931078986
51908363529833034517961616566461171772082489153156355147533093982164398444769, 43825211735942433371103926553044755380588995992101923197284994473126892181081
53873402507567838196736939776833330679318198152255570119247325315865348809458, 21147073225882012127489412945904869862241191774626563248669893689359517590576
52395261099557956524631681202510649732892840314566538193368769848372430411508, 70721136655133124140678897299611013332832774340931707389135384874703580318042
26538359949433230804441009748559996245144075612079077114077059424118713554429, 70321528299371681103959452597918075411467557093385648321011082223540441899765
2736353644438405303526512826447818260462434399567035210768695453693046334544, 63297602014345432262900730496802067978848908869337817539487176172657538099706
36775635486971795934945343715600454715491498394060590627326207458151409578324, 45840061662677148947128341444761730255359865409485096360167369052415405951585
8641177639548403783491101261258091893015614907300673510648232820822451962262, 18107456027719019932852660494631070782250562300816540532125292014903470680181
57631095245768287130833001219610592458226001767509287043621315892248616245022, 38619324010065273803335191505661332975123709709209643335139149163654373596456
53268166670058190535860953810480357903254925995566858815529123309297425751051, 13869814427011861379679522925636800302448544271313089230518841053815508470133
69466161407264518858946132314546867787969417854760823348479294426399784492566, 59551109216987302189998599874317210391402658156152346974218593124477633361545
8640997816916267917966728254583824100788161068712216196076343724822176462953, 8574285018240628156984954166856871758512901698898183229265323063924970977317
69841601944801935055085013356621087310539680423953424751925221634244120833589, 66540478780854685563228040449819171461217800515582959018639784567392034230203
43728452265765493820513634320173236370640609072565495809617214085711584037081, 18469344619002852861947055197102181420803029882831730096397367965427305395113
59902671408534981792323766600738646268170731127698534610870799071190916544409, 35196770372950477575574671875285744303361562449469787757483849369243268651805
33000617804093577234638897264825892493943597588178718413940969844084299751599, 769640140606942135882201325793924929045522198652077275719509150981550882163
48177254839201553948174142948203479667879978357128547000279840585547728601945, 25755684463903159849055594773610866093820123208378866768946572905347702488917
26877645816345295088888689795269261278644205572981676935267147688394117789106, 19121988013401800279602942255977715642907718952226781552669201165730755106313
16024970469460072112324799873217237925656907534590995233552927473576850145411, 67612738953136948588966773806998999914822559053206448499139975654499831989649
52453095403727340885175684853713148180660244365033289798910385899907786416557, 38619681910050279499401250754597969053844468292035188736731359616198371954355
7646653120887642564602592102407479910833535294074923042218553114208809244731, 42077829589376323126621208117095142801292362689511357932602130372073474060173
37661105452721163322983951105305533684888676927825653822281918357042629717084, 26780581888616217957134218721562720097932384349690759345519001873880115430416
11216867121338562708123037187446475566313880215645508736793821950452345474803, 53599632247431954317323874638392047479955212485832915495650366323915232135232
37988787569034874113655509355640727451366431330189092616087372011723663526070, 7677317399820114211159098412419010926555179635004328741394793635609568262333
24763356484043030288514299776506589664742739244325283702259769096693217741481, 59116121349074164002730323938387661998400321061645907150218160668082231022807
62926270699353384770893582971022373456314339404760956515163235037682241684711, 31648238882561451549626081624284778360373498383947024788951526173452883864214
36484868042489344239162219790229666188139698076459474461786899389250567362020, 15046079756408462373110615469603278356066792419541483088668064722128665987236
61662008588879592583499781662194876283615434582719161343055381932834272448653, 54262842496922729683067303371140153311132091597276252209651103300908266676733
3826646852223785792938611820395437582859858450958428926624376470068888435720, 361014866824622999971228907255073323718966171984099998931940121225763335290
56010656490161641966228456324226010200010743873823830284546614008878392620271, 51226444088334492124406270566201380683091768091781481684082523391521396564259
60129245225264492651068395371314113569719088116210296219941996478469759767136, 2845374009552115335940124861338386988764388075978931436743324050794665962242
11292696475248789455069609590895674515666586835271699488589242782795479817684, 15765447257564065284348665090855198983171550281522410798821097237928439781803
34649024296481625690709618408128257594567832132829998890442820255016295491309, 15464550014574917723196690734267258733190693693690573510969115004261502813081
17750905833538101449160829776824823443145576057416080567990441408234658474932, 36116730713113737988789443903076254999407228164727106919637999828745228779870
4556530874607998255074853323933385308623413692899211982264135763695014873071, 50944552130783494448931608133737989357676461830471906424977981718346956777294
29657640558365224165497383563657606697469180721878067290501483254785961244491, 28448533865270834144926704874466549173822843983943840019582343074297117190062
47321658146279558099423204061785850041898698083686528007166527827809415548058, 10671282782896917016827271430573548685443189098240724660016279083396364188119
38962598430071509849545901801556381490521323237772077929990657736965273997566, 35073307652855175265070597558453373449902208278576191846399874433751308009419
60234248827220041448641886437630847284074181510574892805320718343375753103337, 12997449939981528382977916973243663643525727670035637990517752021769506100617
22041405706459983085247451323297807902718257436098997138442937230212099321572, 7744683873641311321158716726174963923591324823701653695019139416968750612578
57722229789362050809539429824931617520426448033376499060655453782646943869956, 66277088364170761596165525047785220991688608502717093312279992768375101955656
69927742749653190324675705402041855689479913616717183803551172194044316977319, 19959164465276053183020959891998027050051012452166111958559755451360920770237
40307977394899722446825090832246496090981838051757844295787142833077144534175, 50329632707960334802125388786793407524185778514127808083504780056724835825154
5887472146721672760032313895905566130126587749758239978346584698769811476413, 58374196825637850225987816067330195186770983528692074689194138461168112564756
44923005763236605754535227669720554148858858423400327602996539549378846682309, 768192601734037233165352616497856483266336296816324313524072740324901284198
73733075001147972918078090565030363551237891620199567116595943369048695067261, 16155843570286049604125599508754206010120740219133461734372096524303722249199
57615013340453134541344631387842639702167076404966485922765283600020329927081, 15423996609446726752275460357142427641940453260292007517549190473710493845828
76215053508005514202795321571225241349021266551526037422699252311648802714774, 20428915727445595243060741481571384332935024268126204344624929638625092756435
27313721753584969447908578557792520497310556949159789235477474474318968614772, 42748806501805502386820922880438860775035100274466975832104690237322106802896
53267177377078842513463200334480372497183844632934312405700935407964475339093, 16305939734710565595182600554645942707992675957441652835688548919009132038984
19433111716985882620417226351632898786927406347937262076215201891531270938605, 43815439923093554005052666139112560868289473772565431917494539153684350150667
60466133546031098242068675916687230632371094075061583256417019746450583500492, 2996263754098768855379309373223614820465548334160444579280763110784504072210
51756986739544762519544614197063019643590148787571573777483311763740897684400, 6824984996704137940092463732911712592371133568411036460600525088782409836984
76768147831872336198944755004985520468672301235014950029085349445302351052652, 12165730965575581636451129500643839270907276769719071789032537284406401159722
29204333671205817648452257733351895493075865275064131666279452384928143203121, 66536881228578097692638712408932716973571279266528950921450349708135515708766
55763761567784554245598964841895611401667204711592111103463656630722964253503, 26267964331133921289110840316111816181619163854576635861278545907682495092612
39435582966869267577793337905138941881271439018743512013319980909388150142790, 19328238770672440835031785389357647665534032889719546077630279070883058813374
7921031629496281862210999407533915366399025193180771567115248846502415941104, 73972477624594177270544223320329004164843427890126456279519397843507612466419
1050225867732645204264193457894088196688536890979857939850510279930456510697, 30373028277863120279403296554776822236435194395741335130971226668072596690713
19984933128313152686562290918231807247804359720553250660069937950654335266327, 65088256663766163226649594498476471621643946426183198572749432816708319411486
29389407545844577993080672389138210831868108796630039216563709151291922209569, 6445410328045732189854796662371415298800117319913702544404778292666183403739
65984939196676427752245868269675052987818654843959366131693365803284738024050, 12391535931318079542290548479301937021916126159512753692422161216332474901718
45136422209754269101595918496844045187337127895940699748252035327638514468263, 62319996904838996199108732925187090318004567617474708803181860952105204353682
59083138956283107325701353495945657202632008239730541888821342810306447723089, 9826871559120883211023543621941741684667748038195877153163518038816523956
36938354340794101023609018197281683208190876738214646180069704560332307071935, 46114347065213696643611386726518643029334283860404282940945372182832329663937
36481454316589451013148000466446437960069682890493162759366280354415146057759, 36997226832644254241158895729164996790198930566505207604183451940582827392234
7556912415115650108229008423903023003781444283991612531529246972752340430259, 66355662281557577265643159683071454678755885933193165778848379324427344828951
25632182575906953900992223024657686937733275921441119161757426818581720724390, 68869632185067852582186995664197629880956458612631147412797141100488980722458
20456461957492900658322751947251698281268109545786030502318363444783048685700, 51821157204641402130941327318208886305959734990645684490316377291991029705749
45529990089563429719182444718062553887766836139458573697413070321528225676567, 53805611867677400631375211352851807691997116363062338991339861336096831122412
53894671422550076793800954486219090052899683926796815782504741674308365194054, 76171970150580369790553855062612552900208218937644518729304394089472761654126
62234293562320433998459147640354662426387586642450731714023898135006753878152, 5921953678618734779308791673290602122080761148346176769037186149303476152074
32429402072270417188444234075556780966821147467392285115705394771560953883189, 55757012565578364261581214546967033749556642323347556762867525536130476040034
75308965132663665791637869277097619587667557887798459277613035613361008120712, 33901052984830491562269473694817623386106797088061680357812891610782991316995
1719572220816199637873462760612170236153759069467166173634046530737753140991, 29005324794651593511013657601579919700053391851860370285533097475809580640811
26637989707843110133586392208665361446445161804297593088966340941612867591026, 74500842464421234779834407087279830129981602024173967236616180663682485832651
43864866517232329120466922927998358371041489316131368921988967360991318672954, 28939497054404681027265428598443855003016012313935290273777557438499836347893
43406752166750097344693887422558352130104549358228842675126289084995395804961, 22442637442722402198862695664002193510075486255495658156378033113383976895922
65813855187452839758702939610767028587767529286891290932080279605555839686495, 42654652028410385643526189966209973606329219381904681750777829728071723839680
59692675337390017258636824485385557353687555731691439587352216904280807263782, 26128152206458258501572829212868868824982859488847759890864783836113607859764
66351571079333716339731044091440800022199885989396175127492490731814227525085, 23215484819002297963207541774883203466924923128202285375388548730665601174278
21562557707424582834536603167556405732413449612098799055321384614910216637965, 63584412224883850997669817560879385821768595734755306007488830660167490191320
18220382447435423965670904118713905447204183165008209136083695465602726383272, 29501137928001279104969181388077256471412286811529354648202113953442381500102
53028810407834920355382426121988147397629868615712284152685685764904342715197, 44797425117657379088919733359913311355280501006494180491177642815389830393530
38046761466801894361302196953654496918909499970616738461760939255892320447546, 31186293307602105799348074948379365220774005064503788599600418672336697956164
14255869727368728669079826898630322816966899676275876609097089889842448523285, 30139579171927370364287454530368619243081371278192153946376885065445685137541
75308555067063855375487105730823062533662989965045758736848138655180827788987, 5481170953132112135122433730186851378223818678886303152137072550057382426041
36109154502894412905055035048659744103313722204538629552281791180410913383930, 11450387309801554615949018413620151116419627569287227143507208109897650419932
1838638559424071046649961637354752084700759723712114425954422941650560259330, 74697805133294058497149909592820532015437522684997350436468993900105176525134
1319532137351770813206956456081530751301187346037570333800995874256129041242, 11915260693221982612986848553727736845280344725346914634933636476493951373831
36908933225015942210170635734441202475559964655034357487050873255933480217596, 29762721808379466202161076750177867146926813005076412081775933460789193049403
49203395110477412872948246852798929780342365398999321445253482804428519269903, 19443035842567988019505829902354800927870812031803420439496222555938419951593
66094901456585428482441975158183611978361745365311661621627684980185447189756, 62899626999778513518138172601172173619205672236412809585894285895489443328653
16254567847005270234247438680861410798139427671981287359503206037490136909563, 65019577066104908686883380098719564505043528745112928430061949082667998775012
19337745576565521597755002233032173862474438410063478147851757107744133535583, 17100047389153423277695755697199611212822350607217599272643901646278757624827
2747361225574537110744899382939351329155187726354563938807473589168608821552, 30430466022960619098847768754380795892062699370726015974427308724313331878075
7489607956112669791093543645726918844335487389414240855797215105208047495160, 35134804302607840710295893497497356409716208519575502199265815584474706693012
21863171323377061408527797194669341831449252748097204435839592103336101329186, 75021607048062549992174256638981730472176244572670220229438452424533529523416
23735905684138064395920228124517439005086095913714153897759988110895140737782, 54877272333323840568458581880635134317150504884023836117371224904232040331155
52069557194881506430936007175857530794872443765709557039686766297604468069308, 19374995790530567690013377894033557438805252526327140818178357920215303414507
3473997357339236417915194922225404225438736584625483340347021947612191465420, 52724812416064193378125450132833268303864689006522069263481499570940749439483
4240968417637807486258919850270973050274442709077660526058573898571040816584, 3202807588168441952061739949922690234460366626344284929165588575947169734870
68459384724917105923733994122717678666551500276060206065532922863835206266724, 7388791667388471307124682066918568946224300811022559834045166087267421482241
19510336427543926555781403919178150076479387672835148951770127300518506051581, 51902982167658157286237128111976513397149573924102478131340847062136627906435
7005597807330262193638984899884466852720384680565555763733435480508295408109, 42939312039414279774325132559171956694520069083144618648695149875082734248780
2148619506949447000355244932127863253494602549203161398622293428814952036035, 71744242249839243625060039611249832646702822887205400521018926883245572908926
56793154699070758750734721544283253270937407472192121201579716476487423178158, 27243307044905124274095906560826415627830094463731191941764206196064134402910
72114871623027461502070954318824048585640353392603259425973577706112736329176, 54565663171618221850851796478310887685917634059881368327145632401034631856398
46923520901536280049837423943129885367206067920163608336287911818230849108389, 26362118992024294608795132440595434153905550465540288285207062923644085146701
49216779318725387605508347392205640575870171511459828934017474451944709329901, 36075350379053786119639924912550856210380485428333860431693329856289930732083
72472513434384147410842070660938848611427751231557687088169808449257660200279, 37382117262324529471183720205468965181556083944354028571336097245845144298459
15811855923478842416065166173406273736128243383894716051355734215125914818276, 2899894839145209002266544644006565728326445395040332380746216351270479024670
39303507544787363850066368041573206787193272057341232749241181313715598516987, 63310765390496263748810557245995991525076019252885937253244609268664353208745
41202644678648908931050188515100392686695082852546172482506246367355009570171, 47419569065804268208126701329605585151063705903973107909507732337292266748473
75370982051564440225962507419131728808698824057152394808937008811183562548693, 31989437747274332405611727315366016626301876958141440415070111903604644537920
59152822984615574024350011091625271468564826260999588245856091865485927611485, 49774661937826664472584879057083482955275244879505101576662970978008431329786
47482355142500047165265728554593755386402967039582045954236621115945891938025, 12904807525093906800581977262541594290603175864045961908964658286940205926375
59507423358327358587430887260471199220129327518151889622628116605622784132357, 38582100795397746627445793877615236442450148707047904282232638670856973114988
46679027081222466478979478544391350059022722557400832951440222568735094079607, 75680356804900788998830444610731825137239666765725762031650656113736996020942
50723477530711197017394887405947275067026848669950266139249214434620332122646, 38318197648647170822683160460946440161358495388874014660628907858207203925192
10642368619972624743865540506264914490988331020710545205106479009054540623888, 69534395573423579063925106903026366290643878203541524339971282723812452992478
39143626354494171445431265281097091591000086843281133630428943520856199333887, 14513041585554820356396886533427239344831487851082936413250906771279674013544
30380299510136067121747579576256419278427424191544210278026331610276888770367, 5657305598382436654653358184357993640224003801880627087750180073036395407755
72520397385035551777369894111433089122201818518817768592065293826477827645625, 76661186989347746792384240343093594257225358038393076802206142060161820890584
42606640255193032295767154692900654371575364112013323678113212579613274616354, 45606291846896720511570298601931472540115547843014123326990141672542570980251
75172163699424506790462262214100523567244664766308158256518914071120900902085, 56327975957365691952442621023760526382087411327748047680729313703481905565355
52701258090414891587879289946138306715021801023043840950649070673070367162802, 34380290369287140216300991295386599192269252237214944036723688263814523250418
71394211723496372223475172672753003781227535596440192441986200958369976686061, 13936647161390982689311646513554423058477400928551343884075876299533282320920
39832859651735829852005615220724547236167172081444379688511165339946018579764, 54398598660392926128864775898167072497795753372171026512592208340561382599466
54330739796992850265458659765868775013226627455677561513094966894214662604415, 10352939725200776330780994104237813380712294626350002660997212198579266860199
49296968755549455075639489522917995652919774266264136915736075849887251999744, 66430785526151283987608981425754968200243416944466259163804139077914991279545
5177560723267561846895573684068002529627993178764673323537169309487400196570, 72533698681456662019591489253238289254416095132785141888179443446023533988892
21083091637651685102458580266590082416433652716244506192217791055277881102826, 61350855130001490171531601724561861925490365177069698373916762186848417419600
47228184109333653435953782973156402480825508916795898548995768345667701305159, 39508276353450048768675859522710234900608947280698332883254015525345728562153
69537690667416583686848414515140927228494312155248096171594957366305682874249, 25594220908535910211000756131356446814247311496163378073007447684518572088767
75052895822346797773402192663087932245567555399513021811303405766915908869767, 41661121128172078821323050480828685507413354932207565120670628062996453670377
29343254807023086467846130250923258267544002665123435398491828539018694473294, 41795464265906010046654917184700392172345663775899755168202314162327346082890
44174625195485279691948440745236688224745416219497779157650500545493068998244, 5685119617172374772273535956047303868549319537446363615985463702566837424335
34167522361597927299364110642823780820297817183814873403705970577794165710802, 46309831481183218123839739078258317561640105108435616690240267124793356722695
8807916726420111236685970763992258218411478217866348215115284401120757946370, 72884128230729964283018911937553486821596264652086425581771840571109571026024
26004669471596294918793393875001880980077046866488016484635628513112759645214, 15078117734796921002118184751039297700973659190168965116643635199634012562386
5931548611756700335747480276591941708250462068508720102997596924266441092402, 4710902088737157123725900832290713612362672094733897156047176316310116975522
66288720565679644079029525343324723426984878849712766972080368098479330857151, 68296123062271049247197858136197343876771080085703974703261951081519376486313
11594115854897845894060425587805712838513605330498658693966390521037180716419, 46444910343917417760378592384645206978890962939349060849392810518558488311518
40668593640289480695080265373851685049579024791967391778486901822357595014103, 61681205653344688493749982889691200835685596362314383081972842206855929069288
19720797199459021987236708388950607891679721223386481786725966582309271461766, 25764770158514363516973162633901599195973216609751929178992486932873075101036
69876709321435631237316881762497527434187989686372826679351966136411739460028, 16397368994715006754051689143498298968163453549273004126514139959495151483615
57571080049838038854551226609565759596724301135883655957609482348844191323172, 60381104531664882126068283494458830691311498059878766539023584650282408378996
43264609709456197579848454603058387299663761957232147292587468909544748683973, 34674400774058384288659677632029098853517245417401426655178318300451579329509
53459356683451493363418203407595233332665378184170133279501547318004751252424, 60126578939707431948788378218184444587487999715561347666137774187979285987521
33459408578803167059404430864213845019904215478898011126378043131052144010495, 26081810117970256558289045672890595143406286712252354586801162109149640710272
10022223023516614261704117173727351126343576466043030848578436482678249015149, 26289524733582728285275944175219301380134884160866549850409097956608075516011
5754528190693978935442693675593998756298702458875106554145191803538118366838, 58625027544077805716252770862319990015840335551759371709689926172258210777728
54287331584699723134435968244553077965804383435679488240989703894053141733102, 60490411080331289532946082187205159753897906924688860035543021525712516883276
30907533804839002450175986070657032346920253571660820705917732339505127546406, 26338326752557582864599011119357661432048343504184212950059810744371967287879
7106620756413336002367543428715509007549711640359528958433418814376179315613, 14548372309941599014392696555020915038410732127798672302717907686151824583716
64023957799815844362328364723078486365788072777040338283114269756694315287361, 37517696717148222214189948172592335619884450775904867952122106067127206443023
912410406791017768478491264029995968829939134203687126961596375358427588655, 44844706917656332495730882854033624443590578498558850487753258348661920387611
16580630681830669327063071069622890003796016636819577345871913685069108628754, 41066492900496370453518347380651495350913068634833037404842663870673663432029
34688593472902535437271496015097180683330290616184789222925668883743329870256, 43563723510672753820085218810014317200490982528168150124910342595258550460459
49185519260626638940431222006046733440005889396763176904138471632193994941551, 4002319422289104291695233044145327149587664548172380997226842147838675819509
66423119110766897277273000544105707081111067187029866456162143428466537159331, 48486151410364769367547224299811835107925718018259384306765680747107377911395
30869710259048266431294620409895591149247053858215663388525560073126709313354, 68460341434399491517690830367283636393501145995393935045422557646977220556373
36190082298993225608666231645519149862168036306845177220009648536597758047005, 28513840028420870971679730662808865827676840968250564954938148016575125410535
16512156208060488278333286170678835209425256574085680251305268684721909293337, 51572113226728108214007634625031758479794702306175998627007879999752659890761
64058502772611229300878537573876481358713642802949899111047898994516809781538, 22675040258547545232476775113827933513053245899529518278759839465277308830647
21170884725212245744749401230601725283232604308959217332652676598921938493274, 16890985054447534588947905259167112821782228329250194483571791671278055727044
56320630054190185604835144898874342482204343148285722408555644084143203761501, 36008795227507122981198457460989815865887528397118325455012476540720661835696
68255793930075441627391013250115591945659694051286118742183907561557402394026, 27624381715880921459627319124550621400733173853824638688876038338140047151175
46509678288150470979912657371477412140441936909848716368362661838891925410738, 72126990254161078203766252489493854161052638377546557608588881050748898981868
23750861614419830728460941537207968089470896806396038290247355456691616681559, 27048712844538655444893193980579686782401507251713346062995392482441509467409
2145912256116255425751714217749434913963572204677069484366898052999404730464, 36068029933021757246213970975232864565599084172317629814473087778250645123281
938297350649118627978502489139946644693777006684680912364501618985539321666, 74295509705396691589865868164969153303421465220602314640434283038447029304176
10194698817347933999584571267112731732646947925712977603156285066569000030038, 4980015180078631672262862716133978669289506326593554155121421100679620484332
321717459756138566734889334876428268104178315971511633101326823955083613611, 62057781134713798901228974889381502490036912600235868771191139684781870325881
40772309392534062746471362477373296157108462531665919550976792281385752298893, 62711542168693128048340274904813971715172488141157448425078532725001551482115
6316622834264294650207145187702254421978848558560906479839518552518582319711, 28045642469677374557686636842713411270345161558507163640757226416182594641634
47984287534000462672473208357141174276560021079380829198796244983916724945329, 3882477924097537943629373444860130638536832095472058091569908456995616254008
29078119776633088471319994610491739626522131412478986343799913453933848228504, 69230758399794430110672203833569734470773757651598651798529927100578226625901
76462811607227785943351933343834861401989061299691819808194432973083924120087, 4095875792403721206001319015105191208968823929690714035730291924426104299608
28412819294195867665293637609731815029751190358683421659999264970019793912791, 13922635876131512680552075678747023235933570766098445914896529718782320101625
64260345056749240293640763499283496401575514556330935524441492310889094159260, 68766782166356574169630412723168017343624438033453975468734367376247179284133
8703320351703290139855924199829008731090488410909200813309254769941989563176, 12076484919285735362600476085258208836540306675965123783815480092263499016383
43298538658939797680629586442847984006800936693089976519707913760722311833980, 4653617159020289440239680346975924306135561521039641086040393008645129950173
63382964079239563715490669151377250584093207435632238383816288643733244040779, 48235381278779108586965275206040841818342815863814337895047888721757956685011
25439559518749679821219534738987956224823921071455412733139703800465175449229, 29820240086928567753491211226336855711074687846784107175134566260880870182400
12139368755824610869265570164503227133886778862556534523285428318380228858666, 32040527110990489345748788812838530281583614837353881109884332811829568835966
39745412273054677893232454758042041852237958509707307433228506729182898427495, 37092478050165319662378312381442527500217404709407789865576964263125092385868
44250200751644899963263848814796603963530373205468109103178749400663058514726, 25396373283987218231682348024003689456768600656927208567358285995766973896167
36413994761551075774661550503048290903531693702902117166776001268161951098932, 1813831684690483377503626923235851967875330298216186106771046912324783034382
33070635322367931695383154378424616272431742837884491157967358863634218991005, 261630242167812508071161235214205682946603816146350961711466195964522941423
10290224153750798508421881646033373679547277409296916092197873206333328330011, 37892978102733738598361075566715591156839414890113434283265952850955671085782
69396447982703003853366940373398502845169835746857805957937100621839684907579, 65201129221832238958058485592062382296888109418571307501638500864842578958221
59912748948442867921846624977936571950484721327768300472956989781967583066513, 73302829069660257426303877117324543384841666911715983432819735506842305741949
3073439005349539472890022057594342774623900533233572399012142897433397580238, 38107659406199550971853607719798438570993829408513286461336256515428106249390
35364592799111348374495837362787220011370532521131474120886334501531018194888, 40439796124867975788646189350344785414683048900146562247017145616329911418078
70808454695804095538364139443451999538106097947264705288200814806501214112304, 57967984772812948390198050265876577228468623926406951996894194148637955391012
24755725588554330334186229460053019672171914170044201999506963298602717794456, 19937840085216204342495458994946617637340154647235183083280716282919429058324
50168701428770378994275944154580193080880061539256525022236626634451357682355, 28765629232933249380407086887343884522815696927266379924077983808091811857480
47542042403305577706832774519189830234663153605184553140163331978447274334177, 33755181086247836140209710838143950285669895436627474592115110819940299917908
18697622287351832646158026652597353599706001848276309404136313010511097697902, 67799495572108132975252815559498612755721660913108331982872208311153500145273
5269514479314763636942090411749773636644316713711982978346955820373882128713, 26135961787382955111214928491234219712911491683257387800714986345081989563962
27009200103138028454027753956426538896770259340296938830889549555860409363223, 23810750108252019619008185714621202699867611473065882058053051206744484761877
51030886101836185581465511065157773219668259410536753882861019026423297876427, 72559925126798932361257823330600443025803597226610886351463782715853934486776
2863947995893779112960921403475812023111279905877916791549322273331263445473, 41602610742906458678292710288219694633292187725999061481762125492753017139897
27495035511917851606246099121881383581674124934930434156003918614166454470700, 73405467156561896094395733556300374625501969311756104178139856322934116519093
57928186594467267609569678826843807492154070987365558976560168485651495055210, 46467203775823773615884432920125667021707164625330025328689789855731220360235
64061899995432085025756811883412530021209904128817186309999091426851063846718, 16852303609932006943076060370052647369359211772184140043961238292384293485422
60677849107690775529312583806182714760409431405466820235325063007733605386039, 24460733927371661432095110327017326997785097146128493698001744677878767984141
69571573749421806156030879926330306038725692173110093138938477000619137066559, 54300204943896499193112280710910040280476619523563706669757323022750514616291
65675141589660284039578179409168451377539838279877470601963351691685024205065, 56851638647531410771969345622709772445937244653399877982516452258318084247298
69078872640390138094215249430055780465949442389381310680074006189229462849614, 37597405401959790081375735253397675077731950489782157328034131114536458549699
49039540337365736597964795035837389235529699875955387688433061868096148732354, 36186903420697438274912062039200290015698597957516834878935679838045092301603
815310804708858142439267673389232864060593429042095559743139240412032700253, 32037188868152743129921936722795581575381216061816602575458550818505921378814
32484804159723374706773880779969496625500350389181073058239145390252259356898, 62354181088805938438135509713776489276221199856330620150391277316742990053322
56041116051079237439600799161135374761949314460610428649917412499487315299886, 49948248209584380572644046078959431063228503660870331711430710349374364637671
10918006739602871446325381684139797836793972583107507889370948761385693840936, 30155477312455610047158817540356968747996742874858119438470236364580478600248
65028717689540081760468101599122977121107807662418404586813777612816776778427, 33634871088874740624285188841535112723070108747600147147683578907572225542790
44465475782963745167915008043502233010975028148414391383285334141303966802893, 6115463913229276236616550172014129449289189101585112901952069481763309782654
19502992420733137439960277390876307047067768599432110563432043417668326336148, 10684074669432560272012680563073345296535924349154472758182681323243328204757
74034121278016111755902286030048291365295349209269965500297828156220715372038, 11505018754419596694188531501141229091148688711718888006072232367506778700116
45276805228469019718457757266481352330524859184606348410382295437206674818028, 64891792694067652611954028411152059516397946943876177872686183608176298882109
28362035084178201946170115088059884426568453421218230115526369464008515253205, 55265055655950031925955141024156622144883700345504327636632437766786316040326
65416014422531463133173284061235932915124472708264092795302174221727817037495, 45799071576013067324561523125575633044587976882312573569453635382881684420101
61137099840723912357471280299294755627114131510214792380086960756045204306617, 25103185399563324742144264033548158897807294256622937994583464023583908542997
20647983491253278568925725754615630844405896095788628333576503271018247786427, 61936101600001036368086951140329310565507365695324452252564127343954422266886
19654559377199002821364933211083139229617780148677648757017564507273027911567, 53994200775824322475144565767927962941831499206030377050844521077462732090593
3800579705538520897848323655085960500386449679968218070102432758229486392749, 12925805428920271373905592418898899636789617252545382318032702327977853938707
6881606390482529289427326662555991864128712902501083504464319851424969200230, 26388146168111719867009119237902189573431395588840955518096213441429331851377
46458413948642982142408201975723067581605120091477549285878943839183534035230, 37417662880976471632513824050173414271962111694515880912261912973289193100326
11934833051805070735611138993556563465731484280737440396994894315949170853794, 20718035906161686069487442395856031372720994684415129144202906010774304697205
14922604162103008963354036846992415034693156269824364355427186707693938789365, 39607662482517244982265888352446127596341807909054780489348997330459594141986
22473808726931271205870874666337456029909798023275530674929986479916472671193, 52914334153867577762493448103379570572885850112177002704950972901074245415133
71980145679631388281933255077537343144246225492607367812189601158336532583893, 32000978016010643530304251064020188785577963681653477604443794767769696942376
28131025305495806159983702728536023381758273474876625495517176380064158490620, 31760130463281156374869569301007121508126410988326726991366388786547157182214
43437346882172438414656224378524962981960065188404866483333461796034083431097, 5122191695344851173172659390196125862370976229708858072863107955585328734687
39609865164316029708093097563912944295891635043560609101747397239986995586600, 27051021038193971222380812910869427016975463449324584451523163064709795890080
70318484080267604854724598681655489229200114083718092830767517933299636143676, 56617189781840056047406026485777937842199023609840387433592161448937610442274
25728775866008734139112117604066962544616696422973517238769974232651770568678, 34417185628300799617693730999212366970762327708205793792860996135201135746114
59479712194050070652782367575954612311258256118690508180323405982449987130850, 50466212712862630387746908549842828029263453700712333158082173066775649373456
38583948135713688949217566049040635155953572646330713684352229875564408507598, 24206699555369402793343706289870437298483421638225978539692957784826980279855
37086372464576510654568932116382331002110058063910005906161263573163839586636, 37814423506523703523010116570295552286922752161922068289901672053166086394396
35693580525320102480525881168670018177560132067361107448052618931910220705197, 44974535287669616535037642431070051258981096235558836902842674756024450660113
35460500542776571826557826742033087662235911807676531370032870876138563594925, 20105114736621021338912261925578509169691462126613487688734268028272570433352
32253053477458585122205491329430299987821998416561576694504692210698304850963, 43100477435970920184543552079128075678254106200998791974956234753201947506332
38447443145511048135343740590052218133499727235557126071301693505931827629762, 69323301870374179530235915484222576273107166156650885893646123705146119189025
28213079851157101912522521068775094911197727395163071726975324481917605521416, 1415037895691352219076561014935612943674827378484137439153200695122793083017
51578810895355787603706634828227420897117377135021310051688186526497250370223, 11018957636314314797029706546471339064334145607500378094497500031802760159928
76865246531736446078940041095722618192843172913837083406110676085127210591131, 10047221129722502546886805669335346594404997123738758806078567955661833151046
74028170008890711818256581937056063998360080167323411610368517341293315617379, 11715863330101778442510300279317582098612135389257245791410524839863048112828
37876872224745541075726138693650965505960573457362614883323744971794822953826, 6174921772453181582655620930460506715512266670296235525589042012159221192848
33711598220741677228387101073174345408663675942164037879268387751805309162788, 33127668070825865131721748004537642340457492506882795440481677850982297356552
168316559265081590701890222877305502755649526578505168419190856120414130340, 61717176410564099719541278365437552235372183951383372084489638786134770780041
73987258565306051274226206752903644273119918904261941154456685264908988731729, 49187187635207761397098806973410408544029317901360963501798427956954938411070
42042323600439716529595794634838506836072521671985355780061249899816228028632, 406242012801420491417562044827996852683419818596702559804037113127437988977
8682162618578096571001409466038344763948577499992137048268263899250872440784, 50154658966674620605407180218418441234882365818585314943593930285182127574250
41798346065160570567799216814644797689313247365002454528725442142542463662679, 13325840616204585230506836020124246907615284393607060570527955176580974855267
34073701113512490983550169347823075009577523309537976323272463737124322681634, 22516565008603766512558833371260523208409280493408877199617904901678452338204
64826578011740133830685832319108659100456907605193765951478900873237402663982, 27501969835995816690598084468175610231200295139334749839474588958443469353740
48304830999269814167730701369778386054553521313409531217069855419944491921467, 39752277520911535733323493814726774080040517951049749303033599074444939674902
432415299771301855144347236035158438149694989173561566067875086838609944766, 5482395717931732078699148750294968205190348568357323125541850781368425330925
64508472218965764344975379770303344291359041733863281903340393959966962098566, 75395232438089424028850072058229472299674280636595083631060817701587678827738
26527572113510553882762500337964848407848948458482275002087836186784971007509, 42127489236023859275954559066430763750649985341751914375768947296527424472667
50729339721721716251036084364014070625731975904522605641489102158680452748080, 76187863356962347198639186730994690900163433480106379902053687425308696499076
21147845525625932675745237647154576243629365709829900872633060523883882191470, 2181836059091358582542041598250093415041318820669127664482771895200171301997
7027831937368875085012417497275791147504538203564804025341735219223319676397, 37459159355550231177207685737613780741494859290098910894600099178544416784242
73738614252432729682787341029599387658119492770910265856845401826941565659219, 55281752483667155338234991831099929172559246249664413309658009819628277715643
10645556176629398280206957038108893630410692948937961119007828322469361141451, 32325787703661748363325249729650228939043094232719533270820942043937554634019
20631042302232992883111040429064428627549902470483715525334844885306295656807, 26105273711278972592785990038726590189582389090131547265010991599671462132758
70521333809071254909693095782404965282641268309607606830286674076023694292160, 70444165990258587242397977602867540518119707541798055359024657899269428486015
64034317599283517467032872313782143036199371949920575583602671351784127682231, 32736676978288537065797148092312772322801414789551993867709903354608953673
36970406537998796806381502336575735644157837898807643807527731451195417065753, 44549184726895879348303329563867008721964139060963236044561698454864039764478
1354987671091487909395363034686687576762777013136330591430475203110612264552, 36797123201821721723129332482867114569553324329204694681479585425367119573834
17074163729825516575712556360166986535517737638871471183595119656511927781566, 52349278906976183455858029942243352605010731010125447451055740356344174786278
26670147297020777527276292251789103459000421331921857884136291265987749007866, 41727926445258860256046052048079420159899112042958213543874351251704361434695
76556286786014454442715491902412836359900292192524174630620838476427854950626, 14085336190420111065181043922723985626451127859177884810595896274180642442104
31410904855720485334065594330716589554383798666508888476595829212990009801327, 45799758744766605512352998658127268381148894710792625565821562153750933088009
68306957917742603903748271093375292116354094476302588603715508827885066660956, 27283827409835785380341779265428649180292230115690333709103076478840589339642
63662563337216347960309519813845412080060525629895465324212412945564519733633, 31592885357939229474608019048050323806725821853561713366761751525099950001627
32495904616343086659369142637258140991411979031384163587868534212150541397773, 52432619102711769674868292965754135084315385682236248551644088664307839998720
23833315952036751983392197475738693143579370379756890608324916603446861602257, 42342271958039624785542675782700863504114742462260421446522526809920681513728
32323966597444200565491493825138585289963032161828603971292011462028461415116, 7717016248108992706219257689188099955658092392775698854403063246134473541824
57789714162080320806172780444932872416818129940164727208917227544017005823542, 46386644935618885232230819942659574032893571906748089746520869106478725965084
37667739682467093891664209157281456866470551840942497158564099050433813250760, 19238080743262697315324317483747578867834328607872309988463315962758352562381
37829148481954789746414929130233304188318773930062588202897267421854335927067, 73567911248342236599497746784583840613116626253795698456686687875326995264175
61364244956140674599664096951166074774372389749259553750337851687310885118937, 9705839286923726759541340298476481740023232739567079561521467228106799704723
18541621408593266361869210123421744831202765873172873465863336817322964187305, 16289797767617466683139591127819405554453010732108456632621389086351391314671
2122994474193482938677601793474321453210797393722461529436140477732193936047, 35045695317744286008216043866953214291688145028484221493210724830500249564223
29761393312146168136520554000781866333803103553294962809036103842764816923309, 73961983104377750247645239400537647617566373407739362040936397604108029626292
59215327737157577872192306255425031546253154246606415578902170343109011414463, 783741216452857460522068634984426671624074640723402131452122462087274752528
18865941099202987567536536830391337948806377785353132653546467018219978296530, 11175096887759782086921821098240912119512199732477690366996753962712491827003
60212297050477669425646275836000134882815524728049995737201682053398800897636, 38974031856749144810661550133529329645422747733973764577776580016836006369528
25640877021399692730822808919307590069225352413031424106358874811855032374728, 75939517472741579645040583262123294148782803198107295225035838616608785097414
48572866496259983830043696431464125716440653179721441890202551537446336957570, 37517291729178780801339131294262783988211978369060311099307334264241431629749
61365789351345072234492973954018255059749999516159855482576761436815181983974, 17012546710750555201795448547910556624413228686639304976809568001746635413102
59531725650965337995926355455088797097499545475279488789428702913759658459056, 53927198818397000390384409213240987613935082396346922671375515007301483727808
46454674660898091902196072828150023767759647128336330032254823831396903309852, 768784833188743620040009237740903404173035891781883299171083271457549300551
42180323573863187311785157226454613116874913590010365807916370041408019099402, 75952994523577102613189256920816755329564024105535780294810531895498770875188
19829819625322906850270936980872609776986668163646842064717338711067394313231, 68959182138450798791499533289919519589984422765512410214895128958052135019760
17224154752798713816611058337793233686544778596931955253141300761599284710090, 37747866455882636588959401159984988929710369599145667347561189682666844167361
64244638716931414527212015853803924212009399533783148306295148964173805650533, 45260072690129013451416422534830564053145012383797383570583809190034476940021
42828394611761972645990851950848445546657190060529530793798360285256607647960, 27980882786534817351319376004743450909778255679659271382131526815881782932949
57676110691053681795138895373447898539842024260288437220648469853614131396303, 12961615006628869215141870792592474490005002897364497468205954909979095011509
71703853474384450009860522548190502403360694656027434288001784015954794253093, 22356209946171327398656028392411580178514787934715248434542812046490946993781
74739413142488440026054148730425558865988297805079526529756629791401666264035, 56595152898582493006966810838942770054262559507629240532112117088272958603224
73944029952192790083497447066333889191550644396479706945243166465310259400179, 75332090731835162039650632872645821924250791679972152697881125909750899395614
29494030048861127886832323848032063736219899440725262539160124131486501528717, 68307864753047023597201092679820917809659731397560211122466582289349988814542
61021830577142712921013272557903068897747122159115483779984043021848128644539, 13339195868023398688022930237377052571790783671953707071651133186013708481976
45694388409287301059915092132140205449808557892753105312831894185557191767429, 34352685858931516014082302944067152225430922082548718300438544209030135659919
5899290818242252784165452079834469928974406762442109006329991916675468071326, 56022573223331558620015689030663756303128490867202381466043510601970069762904
72677323649008466202509562306449478962334434043390195555692078479613894516930, 41286720874495311073482741937637592079437265118257284205257918741342795847919
47447863800297281501835598498635066759722213277299015139515955487694746051514, 10868467372366615700467567353757940294915105172710104722213615635273561620757
49245400989987963001789197055177063132314595373698432791380476181973036636024, 10647301797855377481430951367626514811690654890400189252151567765617263559051
44674897799933888692267806652878256785727800935916384595979557198962888874304, 48420347147222749149176415477037184933152821626149775156695345448081296957617
31193794710799360716122220361041663667387577628192443504176761971738911072819, 12291042041096076198300756882820705604943499985356747246409979511213378069608
34470100960473170334884190857556131912640806273525956310114886413885500285200, 23045821336043988685568646833541241742383479596685338619009700916363129899026
11174788928248504628966299510723308428760390294513415555677741075236927637439, 28250810045569487846369848961793643454046840100020522584638614753435628853442
33531208904627925008955474730380481723623316282694291812151534099130685276757, 6878730521337981768067273129656640371163022198060786078543813769048006177515
56457362127680111056984154460496998439421572160750000999935399171626933533034, 56578728130713881600121403649657774131554637762746450873638135049168317524316
63895308367261188651423911033974132156652541270763699655501093644041856237856, 57263295745672416985028642334708133082955583893973587051897680930868881889860
58690897267466558434042823354750037371580942918424633567894393723270936588831, 56148513535724861222720347952262852718742797760960250640650449158543789616009
37901199599065605708888121700077211612090200145672657586045109588343750349714, 33774170443257716816458143853016630724789484096428498515985515643664925823415
10494637897641813128725397088126712388607600351388870589740285202661313837686, 25603722747433374978377830027832504592328621873592447724993560277136658927714
32642566744433808961588655357398774240725518553212174973019026862986255005192, 62724792350570735692159554788347760575770066717827964190897216750846288075138
9241565166791080127136278987600723534389134646208538963876146198152298433719, 58942861309878231797693004323485092700355485972697620856125629632879234351712
51931237248594382542971977677598784521297632384057143021077295682711260197677, 30104061694523277355348251630462406790019295771950630271542720337623178252484
40632745207781450213307256029629577748148575993744045259913450233709213012362, 56227605530446153021887533865174076028948902384316545378377956706306143388942
53678887857114726497726169445763575605467677017195888842192509738859192370276, 43572222985509971966132053979235815127064833843427947943712320344936146208861
62811476778737891680542869605662533530335387190310629491818108601664638165521, 66153552085602459877351134347339819746532724263734846061165958227347790909821
68733513508987877840083383937073617137175819292480303300965370113033331489258, 76867263301958863830891549481593521526464619078184324698295565298930164153543
66107310824049232882185501011200773271389506994786392417055270584048367443099, 39288922121812148752755272397426024591353401799793872381561783551946963467861
70251554634799471132991983962153768231867335814382084088664870751194228577922, 61310826880731947728341375433144792852270005703974745292454472640807517979520
35027269480952106130688895467483253000856865953268295912613136465667812341433, 29897106170159065511118598792062261596336785989663227670051302481929180857925
24585132770382819739254294855255809259931565012138205086315910132931104888954, 38854301402036646764667927491829998599865255882993747060472205525886838155281
69910008181119903968463571276099418908031086155866955465202381065410429287479, 16386551417949061688566892626618236547244000175954132630009123847921560482733
18441096837044865753955552481436733059011736121086591336036955075727466431930, 62687021256656268875774129774660541682296206042698774022349246430883587249429
75336525119356487000906700155553394409998161742347365015316293795400115093133, 69168271473133896439205935562843171956429206117215122717123235193324154976855
23636703253216974255039544808544826858661525409043511777253740797225146741374, 16809211097411861714336910025538323400371858770235931581577442556819027169761
24392309234554945191192824653257665681132055852162187964415218148963640720245, 43614437306294638790119151255135463908283054919098641257832217752004424324176
30830580596851624067471570047689892612214925480270575315796562879721423114665, 44699529150285389495684466595495544425400207316632364807760632633713736861342
29612081617143263342724716814884546281317897926197310809428722934062469848941, 15138764169663919735593673437600180500217280460328536414457067636819477842584
34080986595529858685131957441443595274563664860351023023214946765941417449645, 61434485902902650827648594092800246368131481445075441250860125766109716250334
38075262134619615073041419023891935645299771959940236867447639636991429357581, 10070284537979204261323768095449079790773388761191774894237200594901933797227
38152650580093894743733774768999482007580485714682911122033422033386465036105, 9403930522530902556113538016701042295450524243470893689561825362754667669009
21828152854443105200982779319831909134026561345865695111441073849944460479728, 60397915377354734140932519227718495860677612458278072118917308232877412947796
2472646791075334823032243707800637119522386740454728391562945370165764159026, 62723787471659509398970669124077731632323045701327670028198654030110185017143
25229431783078451164951595945835910888574435696336478129647059190655765798412, 57944756611542095145904951843591344262973730291028987773686992904719200116396
9408119696302112267422715298289500084296559637691294917881454828979526673017, 38962568421409827362783285354251521909753464929878421777492122699833861265537
