Elliptic Curve: brainpoolP256r1
Field Prime: 76884956397045344220809746629001649093037950200943055203735601445031516197751
Base Point: (63243729749562333355292243550312970334778175571054726587095381623627144114786, 38218615093753523893122277964030810387585405539772602581557831887485717997975)
Polynomial Degree: 5
Polynomial Coefficients: [24, 22, 58, 49, 43, 13]
Public Key: (18332287740716974928414328340846905182155504629754400087073433258005671428439, 73224544126346468855035672100480663564915764927958587100551516575377014088744)
48204734850402129428314761696394994158055346557671855198736499391227167800932, 76444282431013268259954403243495364588372696695072285399948124096048728479854
40265096441438264401608728419750066553915355544992327396557994812611881969443, 52823802879853705778118583442906908198493897032686614725217234274104690833713
15377263702901330067801103160965263280955288485534821879747234149876237352736, 53683261480914010113337675973191915940293110710665016944491985611669336235692
6834347466612338732977492554591670093672637940237395341479582487846536463107, 46528280290412748959401700710775595362026579963366968062786133552463286583462
47236344269699219082330499827745158552374836079555828499261318838299529808423, 38399232770648036773481892942707514410808927737438944738814991275629252134723
2378693720427210139122665261650572142525632443500292242430480723801180931308, 47511681160583380851912745813658647230022080364603871604570093247876975376545
65809186646893514583212433640442060796063845136883764124615441911186797138980, 18831331025316388514507287124627462121323652844370704683901105492886970046107
40783434999181570924656850254655028862701102948671194091826052806921102544011, 50895378798126222609102750974284226159053564745979093785456654020775831651401
29454329828605942007499945165888777146961691817015100477091246091234738488853, 60299846427530850721202831065180574617063333463239321577082413217931017463830
73744640696821774614528493326103014259609266626457578382198159261993014605463, 10044325392634935640747166900789467953267463574248644516428090538995470463897
69467489753406523786774217397246991663598372713230052384947106016086734003192, 37887848008271240408563910051148557115614427466977279454721045324601109724377
51647284101680614594110798573918442486970108584199196821743078399883671435753, 9397981691955064792992282807716774406203542011412386431563740936141946014163
63711526881857311704529842341449246068179193023000691813123573184686751069160, 15562567990993508230266483262680617028294316387108317146087468134688174951934
39340308415683686442933741856340110577810953022627113592738767566100506932465, 51257303511340556880100788249650672698336283586774183402938311815324653385206
42832608201253687455049190909990799127204533274960585273612176695024557527740, 20098745739645537919712345945279002060024268113354924012887993531930876138230
25695593060534411180981896958376093185747026443981960899058219413518303030191, 494764721799419705319831915324093243845713875768353478078240755149048157553
28585588635757482320147458377660965265052309805063372112665979931562455092887, 70969932390128436180316618921195815589108242130967021756908315483570218902615
7608707131211153578196554946366058139773332414801242154103837110535145367208, 21616587077008721100385271169307356053521280759593093741140198047067440956684
75044478913358755431531646610816105126748398724006675639305915276016471276862, 43573118318113923405052626648861925337904380450799348225803634409072372572476
52647239552931093617564633429300881508884953064212225983225348832172266631487, 76417136899549603083279211044632328491519510343816061397982006237985171712141
18481472356821130851727623381281727555348627090822126810347144487895780971652, 28823635827932048927292336397337767538673845967808880101134296843632065206097
55826564326849142915808752983367938530616521881710579262790890484900205824625, 47967427678799960539017088814689649350706981956291063879223714456260597026515
67396657738265774850013143907227703858944633647609816258715076087373584559244, 53523959344490423518648700492685961769662036474801497931965259002777174138432
38238652623779854228083543479981105274783096039725087708756985386832002574474, 42571467024760918107767857513026037895090287159017563119609478354470734764255
57141644219626957818309283886490264220005269642103529946585160701606629868549, 14364070928517306989046540743941404496713988474440826253752694404344208995580
22572219160405279277379306790742296133158181124529840752860818174998681924479, 52463754540499675303536295108132432852461769512974543822588333665691480730277
2757012690380760327273309421096973042310077982238716268828710929893997537030, 50559555139100640309829478691462789833715864008126199693259709443815930123424
59843124712354847385618923706177603436710170312485177275556275523239492880818, 39548247527745698231143302182313504302735328961557528365920644924838954085549
68135361721737099495011904525356064923648863493591725954733211373956417162245, 52076437841564768535278874401902270059101952435407992015436500265512947561688
24980748491659910328648154151736047471074927917116031925878707709001813281366, 71475847562629546727375550497154270815248352326312550404110004370407967607426
28844778959584218120721295386403164531853308764371391279383812283562534006554, 7803359816845014015940737084066098053566578761132853591948863420948547579974
64817186095018112609556828471216809583945186541560489615593679163167259783909, 55305079936905157042194187923915142454814942081848627169940335679195059177600
6016482335344054865193491905362670290132094870412850613878598352193008085900, 3432056248271270342509366061565526920105554013915907094207117377856969479045
18259103475883117958841789847474892893607420398404184113574256855773350554780, 12312737485890608122305587515434725902206315684426404056012279585505620388076
60346129531296070390317673495714899039835788020706719800253131035295464717483, 74663286261883814555590996058883196607675496136501820234452610749745740189817
55604262575970794927296823036701415175728998600991260754445102149330182265848, 61234141802429078948797004094230494033377886269983177031999894878902921202045
73722495625560106515510695647588261117933451723160990218897500090198473556643, 64466949099444626208159207729059123163056077855866830153383997550539306215438
15811568408816899885455885604337486881376024763186115499431071723499441489592, 47401847597613774705902907133696857065546819730256672671918677514986546253794
55867789306158217890281996520398076786791727612570509903057954357267821177129, 65940657738088346236536297631838989001430220954004355033991490627157164441898
5683000290229687448478313918651017663768115602206635499883013038580761305161, 3588903740772382354221050201760284804008368624962380550925236557147110931259
14489803684283834810458925914359262708633947736102448320172037134924064680769, 55892391067919105721399382008972745765961399715518872199445075841516282958628
52215504299448321465676563696843054281322361230601529942510106072698839948601, 58346301868070321136202357832093183975584741548787010033867927852067489706605
76534422208343792301972396992517031984002151496592226860451949344643130202969, 5257017740548383142540929784935587530287162280637859312015912162177213529518
76501229446731179131606687936888262940299911540518843120565411674932074493868, 7259123219742621314948798954895441823571034027971616903814167695271667697479
64498970185538780991365717510459466265801133666670416720678920975680980683336, 8095686508032092039709656023703240963253988167081068309120331552169906427073
24666092910014696161957245729271360383847731946600281398692577603604545399054, 75830240755538512656539836434775649104981850286444575605910077309858547111475
68449436423104719666659418087426556678922139272888592468332091239971890079941, 64690921627215932107577841098219568224889543223434466896110341099368259256232
40457396896994820459448258291009181882325047877656464376650316114346601738046, 1915576436687633410604166464738811418919845701786196566965204265758128626944
11547117655168686421191072960013296316450798203932421602227429585697181632159, 11382997802065140314676633400239359114912627884102990700374854351894437962165
12905631161432478502837633520701682238352791394911417532361056692305078187932, 5822283417468252705073185366182330977558674084494417483459252217905665031533
20656825321556117604261233509954307424507634894052417052017746834012903956353, 903440216469056558921430285104639396936081017581438683051981176267842745782
53699636045217051710195303012925281517317998971726288205285302804290943175223, 19299476906247061887413112359938897944443125955614980218931008764650922489468
36063174339901976151710481430151978967152626752133604736352408641782304668706, 9811043951145769248925123678884795244072546213726937905753900506811606096056
46137431750125600577257118897571642908367308398414951430748765056918320651247, 6286306384568250959928045031831774305000378174093300099679022334144314912234
75307680076049753884960704546095080904109710323933649386580252621770896676673, 68669184973919937018743178249048503363197299132477305043670037358158545220626
75726040541034082048164871066315855636285379470210745771836047324124629711554, 8933898600162650949750576008884772634620369539791297889057983881998883553128
10051857721608550961332640046465710921112856642767480045738527072221002920005, 3268222623308083658591319622615602374951259381107854256670055970725927982306
75560133869518824745469201036625512968243616043916947694400217713837616177398, 3563222240980809953860289661098376301984944154901945853364051762859831505233
23994771590584597169692974558222087239173609258918325380444198218467465811550, 22202116641298211054712933123171444509062889499799754147993314974243938563854
38665282569973122685556414914346326166692961984331214559657336108087265565165, 29594921821508817556553713661820053756205372790183972846344680526928154594270
29502725295922069599315543151217662807519519601522086202976395833352054801006, 21485584404540584596561857018013075385168444082593757287869792469899873246913
22773192875321451233920548681509434726379050952218668997228146030814461496028, 4462790266972986585384985032631002181945846224275384083663063451281970577448
18140011239463150574588771121011475034973161813606118391221736085541656471933, 65145960378263280700649501148614532581555376862245381083776251613490964293490
9475082329532637176235129016796898308384293950460638717045714801858508046324, 76322447046552543721392496662955113535502312066575764149161489218828197855186
35054086905636819991458151230922242745953369964076617907933122677259650718489, 32550838220830771767510186571028581203316673384738496168552214455889033514958
71014128183289946920425488949820013247084453230466734744508168980455785573131, 26355174475653247241271190502155335587923900677353738553021808474053900107755
10065912279941260721353113354060463862629757888669866497797241174723387689822, 69393667732957518132558746727780368568926604196773101899267514814225817480995
62257937313398519722214642355595190582477829562521319079654241488092900185597, 39956982781971572420841898301771805102674949429805477952007974871576870876484
43074312383141169583404798135255716661197824762199423891271026481537329449264, 42652208608997527871092186198045030511315256328852739345594205341871045002938
23732592617111143617472478624711091262600610542633278024833473983140379755987, 15842508538676924950398051587184259056850177868739190312120705030385518143822
33972885453001111841724278830518822833038702230208853798024153961589481513208, 60866275582679976503124618297878846989888856771211545821185586103208496835827
76723328935940100258702327677958709997314982156605224124814563479154138995038, 68157080130678464814247645865673334512815355454211291321615560764374569402918
53252728727318448340329255702827605359492844170048499403149841271238312728590, 27846856336991892481335450141352116038814360320435477847583512210467333637431
13146542547375776449912795080546665776131398400681804097414070329576006609124, 8603529574349784626880082879704447648469084668793367078934042039367722056041
43298366386446045983375734618445929681870515892859024566121787347238832541829, 23070595812287242578670537855592535226603648401617061968911034649452995155233
68756712348891956979469817139818975144602774510346148862212755453459685344922, 22032138575267510208950440650544867573309769092196763764237679246346734374361
39371953718315682304494601163215612975644996070206049938348123593099585756227, 63646297980963564275913007207257170490803091783518341384355341843938624567511
72003425930770818898802486462758849616481692987711977215308624912709012452183, 38937756062135640427173640708291798688866145913687598619600660841793704536270
4443277750738162728809363087887548833964933798743820618869068751956732225245, 73831401324984833428301247410637243967260073522678307106437713753159772673901
54273129911773413410988438674545760086933615386793753667086920312301105997516, 74332816943729002654208225972606035594808585792006938238751574606552656135459
47887492156932778636974848853886372594393803688510880966706190632929795607082, 9271740456230375760984465883104108512430360545071091697702271980857709658058
3538194843932420256959689882127340417792289985203929233922397398376113928800, 59734279029929289713104178759413676140210543344257879285641855977762503773148
45737227774251738796228684548639148612970882108500378283865712592561900101653, 71014157155679645155194878928500180568373944697308724613293154611260086668664
64231091502108994854681670935564470145703635179125493160106310724312956500211, 22319822816964722003967586264687876946442931060207373958029565306423110613553
38417967073405632403813637261520543355561468630435867600837930436058084463836, 6393139244126679976555886727194313400685902987018104552448433018031067558853
57843381574192106250681445475486492354895217289225275223366629886600246789004, 61325502969305898911352976326599961182999062465295152964923366298206713807483
66890888222467266558133435078018730101122568042552000230645946135860926774008, 63860436362126412260199112576426593585404924486486954878310141520221942370471
33199474619390438406838737676864985877797114743142983361081033265107904841694, 4101777222319631074129463081514509838931531807892041710176838749357511440210
64653709871624530692934954529018182177663914932878799906607953570830391614317, 10073798393526382075765173445864631254546068911333356243916125663372761083177
58778629030092265868762859404275675640010836395166067812723768973556713239813, 35649130175354370058447344283250086467349191331067621950278726313041598056247
64697351359056986727415224415891084217630920524377507056853761869377978141145, 10473049495620034257161721034877072624795967111252491554790146719865655819256
28119577876247781843490134056914817002703261173639749042155006552011586940830, 15599553669558140349410093867661653837296729551625561505312619438707097019145
44526457223973646584490841778745950566251652083745761448946044430183502823040, 9501844111810459407296094104694227142411301696151847838564750172312077704740
33665916398901403846309031186906524019308506618891083128029121246434158161730, 7768257158067994679803328993955684256359594486104967321049162283162840229238
64195988945562526813668961090604987782154504391356110951725622257409029593679, 41614620575494648303206804682120843752913386355716351067771747946781280138256
60887727299495516068561991026729825698811513705817874174620004860712729126266, 20208628129722160270947520178608168895018731625203046269026444907356863112626
46259514737759837830466313166368305418101772139182128460762147682700601992321, 69038894709130806345519411250363871539222945634254577804486308645672372815627
9419971509831749455255801530322366637066807287375194464192736280243331025723, 49456138361044999472458003027101440260456211894818993632859873056121157419342
20402270780853862871817054987376374659476177257252216694435587948721098521614, 29562025034827184857504773141971232100475449595159179560022068099855620750816
45942676999575263773824850535916024460827708945763579892267851196883647998000, 17651059185714968631020994436290991693704511635672955934160780033683210399131
18912892679959194410373470695805958192741452362103893983861073763705991525192, 27982647774779347552731647027494912935627357189356075703902953387528831679647
6282513174393819169143102560258374732266689497039658745980769281762225277438, 10462033895961106445995944039294032628225706587563526964505756413880749659331
72966057447257929627814799736524221007150975388717534804230123112806535714550, 15907794080752033152276318640390051724665310111372456248458110628133696670681
55165552659599871098561644434920331393777060882482214481515061968736522932518, 69009299161097910207566045161333871450041246460214737734290954119740163729053
44681970201634745997589232904427399145549367934898324085988434953261353183454, 20930657058326151849820294896046966903428898647683589554765508280546511812357
2131491121946693322154029044552740132248186765407333799538348006626176343835, 60365735987018373645373040656992707179760191868468054403042581971157558419382
8287152150491776964362116918012273262283713175983787465294472124891084327014, 51315436739891917158139210562644126411562785486170641227059904844267970449105
17017095129724140678246183137467445334176464814248057675884808357296986307460, 58194171871392315277657559174017459524593095529477092982677127836588770529314
48630593175766430112386479690343423365200710637661838805490402345542600618650, 62232465576216656318683258711451370039517878651418131029800121851681053517570
49070439245470357424410913855306388982992765642600715360907688123896407393718, 70488379036898328258305551960361139294929478094385095513523016997857312167405
21247830206021042613899585092588694621337514201496795951403932916151741054062, 57430212645111194226907748544116646740524374334379166579729477474615382040322
3686802256989800006407021909858304783155435437461233005048886521174699344293, 48040379479954403006679413235135789912599891500548316596186476519954699515379
14088297258977734946659299890840528003974305128944036200700925641626138455183, 37854874692756388884644626342343973343005925425304441858926695512360450958541
60786625423601304389684686137379496894354233331928121600977603079817695503567, 34567188268296516207640106967262295903849031426246486366038099037681191214350
39387355404033642068907200430935018708179689917460946943427544223724476978286, 54377356039153398007354197328007515522909663900042165290565485598352937268649
33930175994333238195958171526457612207591252269086961059055401842260276323521, 9488134031120879426484235434363150108405752047270193303051160108459464513019
22306430817496106633353840610934247947543343155160465457419471888460553885833, 36242547598364315193972722106706661146507215096942221024726604529057600145566
4616297668678327937002740400895502300359118932308079388506364088477597185456, 53973632149412756662161418693916317128193718993313824408158261079965947394573
24972029543529489827040049871041733194590762288132735505266606647271288004555, 62278750097613315283163914557293884106471605366803243722185241149756834003094
60241389150038209275207537391929967482286998594740624015216477922221640970168, 74727987587578812719755239270253001977459303030252383656792889658448803798125
2955302928787516696881040653360389344480032662792124865019208472176200893490, 31123078313469217945386607446812891503586068363041630818816452190022476395909
18682830820401334074638877895834923043450013692111340196779180048114654900242, 72683419949384008584202136878871384950390887604398228516696065073123376337676
72137201865610593599041352011443161486282145329431734803532545742948925145449, 46320622729755420865262958583937153480212287493726710044251317338322230435203
1484989905854214914542514066921119137957504454634559024699512604959926880576, 64858820918734180025852171911655425359262596302990261468301465981642899101937
62657372935989320325149543162174616048881553043785968938209676378313526182315, 27134793251033633118030365530617452067181774496901648206957302431894955999352
27714720821347185300719123668428973946209943753248275081472258394996721879872, 54240594426477385094868692792910649414879087272117935312669229084817461412219
45918070975023396122677143218123288362778880323351254672276364713655327791082, 32660600071965444345960733454620399909285074562213748208086011753036992481758
28779354467628272654405970292923024773705396240467321630113778118812449795632, 37139360040970139944720705549492993497794713322503059983526071386847855133694
55955693822296753240147656824514855902208050721727999119277658177911182523399, 58664308730727538190239859798265431948897949134673401992285970068386711488423
60581012196408685709913749564175143622677984118046924310597299378727921466409, 66978766309572126030691913880835409435458372489015336883657993615750079757019
9883830706642721149033795731467865884881577845361920735207310588792807728738, 25676982017906324498847868796662453928274223377641360730235383147489734515610
67504256106286752933429338067652541149951991772305158422632009906165998141016, 8429854345871450784689262075545814930331644359294318608750626428163313261192
36199542137490465631732296603731941536102432415277022083932646200086944865068, 25440451557163378833083360815861776664107718532138392237983515400451657976771
19429478388023519293395629979870790618579208584756838208842300876766322432691, 20897179595586848380383719313596909679149227767801517533739778306671133393430
69134878338951402688251402951844274867025113876229179158781474740258794042214, 55948567340146006094936020295024045636725311928159036865046583312388834903035
76620400090404204851981630516848122197981533041148195208786155782948414522658, 76429479477762068728888277902203038496708285818727368391646746405323863048784
41473727426297664333261972052635729803353264616933955055491149960513839565790, 37027582777037818033206145835585947404992774251802963403790516980056902085330
71422478799366394662041371780783398093003289982953837490245698835351939451404, 34004885263480346828629470055651377681033947446955453497919000701983582334235
71294838556004520163695168913716932396797250907094978263122510932275928366687, 16565091846936509506864513909497786282346131831273316148770910064364275727205
36372789901393013680262257680240416104340103308096914999287638955079187792193, 65091896062191028875727844908346887687949287690841282019806173996420500654079
47708525498307016735530050984326703978160976237579036868595398279141675907366, 61556016392935426285585275853753814046092766083607783988937875156915034136629
44471021659560108378056173884594906403529550166359883952086933629504317993631, 60683652599607592933921458573794937854101945885177864056932927279046137200258
54080024927747388639215600503091738822665473791504812832246611350134997774608, 14415874771733851996512529212710858429855229196092330269855734487295938910014
62783529066671521281432918992947161703084375880037994438281699442226166815773, 76845238649837147123798552200117937977080677797461546971586676341400859336869
76111201763107491557173920571038195072376878976904767528758037067200939946404, 49788188019460858101983115988357395016293546877893181276507668619526485441447
61566028274234871354474299610698020108018383696194640246523337671074920699741, 63456501090134797531588992965893879505254145719609826095469530981292047500649
63915177840633350285309846177187176314260852933905849127001576064307113979479, 11026993502509785794594568152619229083583392082790480103543196801386852320674
33264448656227744813278335583471939337750777471702678624434825354356749871484, 26054642707537036171137041862120001006236945641962398512052661935846823829958
33164475918290926161770813315476377315096644315351306886925852235074143317354, 34054121029299284573133106260383978305796705865546066019598001780991984794075
10781596244846404458965669325359786886025898666025304439082442887502261236402, 5628807870342440259287559253305849254405944949666986077983887139940625294750
5524523474273257635261734171156699299631266028996047142185624336242691884934, 72308426666456889579261946682119032488390093785916933507232340566511377750673
14522951315414878870937770067738305440579019409368532004007105251954196057838, 74103095864404025372008588052711867168735079219022239903295284895123805267887
69582888528897610478499513118547747483014083990466518824478920756378970636603, 13159474949321533452558266442107962834164540401252733270916475995489436926112
12486042542895225271748984031682511162855024237396985557624043048990081715800, 150094499865258205590932357303602456734023373830844821249974890277932275593
68005610424759721254124393675285633712093486741985750310959511177716161757821, 19572832302728631133975415581393048548635002383736928113940103914019675603252
8912210495674377432539121025388417654416121456358937175396282137328430232452, 6130510869458072918012340212774944199769480567990326695801010272041589789381
4216360467428893056617214442849704040120922722472599606496645350887559262831, 54288880396688931400413051953104623222326712876722692196570684584584870867104
61460172091856267192266207108496389803727676376851117974361225144889818886176, 50706691310542120557960371600360458160658139034614750826599869194042046206509
74111767949093541048204143904788544918977595001297484841738813405120720946430, 15115378081745457610480317350959213022802545364358169399315220779921871015972
36382890150517141553071596262906480505171157176143143627131637684737377413610, 7052636784181384353110495693747892851926180029539610789795033832340926917383
46981500094075722930273630633373795464349417511601919036879677494373047754292, 2551886293047311055817115051310908787371790082804827509674966452209855523406
17521564764950316355363112689058088200826580274740127501075939380303387625217, 40343205544440723180313128876508849835301852430059533046820282791104371677898
45972660831435745819177392260248496558434560414072924531411850773455304573860, 9498607736400655611465852478557321106113394456120429270104872217742557248563
9867187731465395693740073586158558989009383176666586968923797853954404604303, 9764898599711626333372267737695574390515227917380913394147702457856739872083
13847934509130781564197643375760383679054097372694319003274604740873681666540, 40442925988848412621663017775662651067698152213709250183893279650696640887556
20793921323753115536141433162149308370706381368846397439424517562316285741806, 43818752105298248672297512553715622215871229284617690978479666785752171474453
8346322895159790623512662216841561244349939359466302203149547716998893140836, 36916048829773557496001076656475227445114444792406408141333771838700317183456
48322680843594328509380653507092003032766368540983068926257544914863416204339, 9272409053407434041281492446657517026485449179007062685706610889209713866480
74673077849195899971668914557823072858834913245297092556955855515110462353660, 6273489760049775346111567352330187741959429425802973986107767434976276704704
56435328035104579561749441422622317002797574807773988652579809846984306849902, 68892223882909927746642278596226385928439389168212951115433657907333213806520
62224032269802132962591359759576976615306012409321155819917554489480904722546, 44024153228762246166438274327824536228957850939936244502347499392408373015895
6167928856600463082570476580512399142127701145432777950394235785912748784090, 33667441995013913956356750721702332803729448375912295086822184982027326022425
5284416140931427642643280089833923475769865390887147060304571233039526080955, 33971619190492373953101669089172252196943907459055651357188014432311773678659
1799144487822233650374383447791139872936113039095946883099932500882163489900, 22608058571614489272161211425585525675173610023043425215282462406371785830720
62521396259938251915390910959805115868648855104493666419818302528944304973963, 11787822600203696599989480765269057055980125511322695429699570696109939411283
23748202216877588097910843871702317523635451602235819014998491444659042417424, 1635395765681687690340555160810134820257250626633025758690188390000372226496
31983060407807460296805296620808645665259118234689997128900126185958375928701, 20133934069365671811347617985947094628500615248347944930793957595615761722662
12186148959672084236525449539930401896787023739696487992343453747922491143517, 26984753077537441219548407291062037679242126493100732197128808792581692540740
46406043677900290069088524470811374144423786954345032418600489484557623042708, 7570120494465900115242260009101773417161192074672088841248197829273210042439
41939273482246884492347666920436375461207563766395242865433188211416860297457, 58099717328273999729162642057142137312311909024551250607490678603392856192686
14977631674823915774874398125136867192313268884029088359284875670536108117115, 34293288628485358579370034471849486169247044033955471691599240414266649174029
69380313158872289458974791253653804182163674170919297775582888930691778623751, 23790823371519591758517827484880583126539384891162719446054175441070878586102
32338200872527438106009987467774296742664815936616672357793763886534430161750, 4660285650004339984220412963542600763714810606675441249087698978101009354855
58225586891047983889318193884756493759994007045121242299134237841368411400967, 39267506847885695562326443892978428972894507455151707553754937660315454300557
72141630291925422317854847537355445451642621272844372959729661794214441153596, 20735308054256144195124010297870391443422576151419066247619191220716424374625
37018600566901924729450638229034092538621643102224919202263280282963220982883, 43134775496452688082206065762594371901463638773174282491498937013817932461633
68148440512498835763005340930642493859340082422046241169644019490440611719722, 65249091414983836967870309987368011731456951881128821071473206904459702549519
22515875292235793575542856823187669195587710601754743460024193733515173528338, 46688150101930636218388333940492302182381046294745766783833358603658270426
68380696493843704680966977892420150575280255785341144841863912846318257879660, 72632277585360434995357487978701370719993419356948441213298363127069971587626
62361496674106370556234843817588203591806041747392965486245956608996228117558, 34097066740687597920876653122623398445578912753622355439607567219996794372220
39134348535022588138532903898011404571084995593094133217959590870839918409255, 26918650947181354156150800284098298656711659338559107387860019647646313658312
47170432200526550635097021367902664829489375907304473278352502708903687481402, 22032045361813976698089505615022359023024341128888043600780100485164193452179
62274086523137112871136564054765693737656688780614164470833645782714913892172, 9949396502032197674698619401006601693218563041644811199369538925168388176939
28601300261854812378038405734951587095518372943488487035385717875287335651109, 67283173088074809763902909517739828200330367011519095259806753824193891604827
69852632220190471418849633109106483683463876889261923809163919218372323658637, 4137670336996773621283084668273929379080380438575543395037531647433101066742
33313695855731601239038612844265565182090357859145831282111087864202884211101, 5808267108841182683934539088215642086923950122400914540511579852762826789013
9036714543067081119430925218789931830536378047308496195009393526260064513347, 2823880841665455652454198598500375233024668608374763402850661200491513778326
2804302865352100167178370155961906787630954184909453203417901413595162080609, 23370022873833720950083605129082203673863089794781884452152295617534243271699
13409932069552373229160901643907709774177318106515541005910063800854346830999, 37849128620671653954944854671466352063009553075084379230646171323272024065405
3359641444875717939781146287831091582005221876636572697902727185811383667882, 32104855016655903096901620143990347299877655607870910346183160856242299243760
75296975126505915991187961755549142011795486895162845524126604445479454510981, 45741052319402253155402950985658787871029249464307517302123864784937941842284
69022367706851567460724553104050883017519946130690300570800728381243659010054, 28812915993735435006646791247879623604726667596090210520951479768179846209826
46034453284533967826110315961248822636005693809741756814621539695912016474910, 40015427222480517721196686320589614209212245735195084754196679936406639647437
40714410741578023087810006650973534123028572171277939232950885871130415045377, 33589863855466308155900882247838643710758449954221634435126057510456055701745
21620812324863575269290035742660173913773232113614727652441597376712695487034, 21701102417010244975554208629396879177869188308396181742427494881477790035837
32494794285472421903150635944134820309013565600458640966328953782089694609939, 48260695005181177457440057187086303996846633067216532221204092625955511088109
45631981914745388940445913384159126967549511935612623300892801288774206951653, 41314993019303816342855415471982085758679657376241605351502903109685011151286
4327313066897419579503906490095387922934261586548874094204304800121789987062, 26233672294263467625351486658347770548891333143904406962961615375532052504686
17873893150265620090584830101931571042234382385006461259662921772254152512207, 31466417792289634639070385493516961891029706077465255241357808813169219663744
59885731008527682058259469043514228191629732413526103937764538320287055316474, 16424447918326509536085962965094705438502635000883952635701900962199494513167
20493303945706834377439674039171050176943425895225077937522646844250353162452, 68977012457769058672529358418124093191247156978165900739971679244118446953796
53558069300962363884092712455478656713959526209269356285043084532256687013573, 55871651085746245838986026863795020931919806001226996256785796926666081903656
5886820349549574187169088696997917221357884961549291775516872252572641312141, 8088028613737095160870417060594656088343912163971514371774061066550649774607
22376311185785152525298368101755228540707071436323789481306948703493945101612, 54678050877459410312623918794855972291821219700470881132368524065022738739494
74612455859197450602368645721328541994299776191632773666038724799336217016284, 36610654242736740115219464261089389834114082483937319276153854235995208564509
31733607095263259414295412838055300164283974296455164937938152912567572348488, 31935411660838262319539600492751415931608837196029161293262349968942804526559
8304449815993423068515462641773078843300224174246358960973854490477088253753, 20734521486594271353263168931811035651977173054290353141680328890380273887437
20855028027256706092356128333582191042528395949240914122371931397803185211021, 49970624744925615727659276094480149091616878434130218552721767877463223317060
11652536749215573151249218647473042462137307440763642798042258768380784076796, 47375446626936603438838169665463161220753238040340284342154696580407452422343
35068728396978041315568249567355620359931954269839176250882204309902338089608, 68251137772937827674381816466305416006093243888821281174626846008615321809612
34656429209761852303166950129565874126731898482700792430076668037817224780242, 6047965599579488676561979815240266591663705181672132243259212332618227638471
64268190124622551639342861861299664689210586473342320251614895370996088589115, 47280954594641404915677035755742254314303882821338774795048918014976228756514
24869321880124586897613130877931788054135094780877586364452533697899961288195, 53365474642713895586073169434945403922872075281555095416654294919113595915
20985300003566803788327975936233543995067370663406828879899591401103766974062, 37631139719737942462690532610096817141380966098179769645187890046451686553592
76101450645110950144084920131632238506425528094839491084322763884882912155088, 17732980734149067466267317146776241637846836503255612286686510402117792876373
65546255494924643705136853633056589869472975027321913912611989070492130863957, 17847542330669985264901419402987683387499807965960719118548378237108885361687
66808540208916532344053626518919195350631033454852097910237154543411634856032, 3139073261533894850292410053472203698984280229144632264230616580256609167206
75274568892287447071623924184438994594809071024630875498154814887288567773952, 39723842782838100655032724984556263331544572990164051987470799811411888973081
26194650568831029864736102215656993181745629576213082550722995341565187015935, 56199350492370039752329492771000141999889096086078918478097434322343370816960
67452657602732114824235646525129694295175925769804892758808518624205134967862, 3244012263324871445649268674127368921206493169396628156590334667127401654078
11975972635787473499218036774333519661267468206302549407762745663417573737346, 11129901006093937759362225228552822454095209361240987400836875998417336609235
49425912885522916746500419670344563165320853280964278299448123405781825372609, 71436386072803568222737801761081501093163711760563415085818973902146966974026
46617432330049496297215287048653503448103332247853859054664982004251384141207, 71474820643069626830289364580779079504247762050302211030980815561404817377584
23727531819099972018513597507152452024259589828544128576585610533136994254686, 13236204299841515134533334647992265896141353471220377261324409069931247165360
56366405223275692334774615810252968391481839048883881280865260502998438719656, 68641405349271286835777389160905013754781095766062078597377687342092131786685
54591540649245031179562642883814301511165739560203368225984313108075186645638, 56989521231318160689757524508401177768118864982476076477267041935491937480964
70001624648080110955522360934429128676002161697716897592945887745129727857613, 28269957838755151446000404905435073493400021171278680530116516161482192435252
42893810246489929691679351959738191930608400014679880778380882665911178652360, 66263031390837607048110432370633244767158844331382515259213237575538268837417
59615739837759066035063071740981486709976331590321203348830283512439263577049, 72052941045341659501051556736960892732869172292660257004385889962290889264226
49655977926176317408320444833062588976153212339872952181735142605089434035305, 56803082070220363271651860091577550183290904034425325965800108888415114530427
67716749154800298070781042921997542069428791916956866732466512564604928066143, 73288368168434163512540675941588587598970389524306768822338493957236056181581
45967547657713770989342368174980689494329240700906787154346431091466715968430, 11914955760913379145973241660857606424250105322777010317451384643270756477872
5694422503376420003580172189057489431976834927921098999481919225895513467967, 30842946751857004750682681428010540274847127317364331876476685952482886261621
35337064878469127649060073755738422931800187096979068853161580585150931400886, 1918182810448064238541393108276737948041783135659681728774430616485041128409
21696350430435187465763904243684968466290260597631783807767210238597329228769, 53455567101722630781337371205529383884184394927154480633439858128421001726280
57584196773256956792138768351575752697794799417473895543731061412333196903878, 64363331264855398127835499711900353391769093635074903457003933089640688413916
41479219994814896682106515884868605865336280933852280110716119930311152672159, 44710715629789819454131230263525480602822126773018209357335826252490033555257
74059610385410284663302179106964642749615550455507772024165933035879146368512, 16662869654822455720863956864407137164550043345300075686801037695835798513267
55533859006755403886070888488036036798485732075103511545124257962555302563077, 37755259782324805630388626654028808733617281127627682275696409793341481807344
1220928401837997644495010852648304943304065832833731193461148603648466366096, 21392231271005777841000207746239707585118802203185961339992204840810955196684
37330200482262875289061902318750377137899407142600340145216976148313984845473, 76110487308664713105167337165458847348484223943732512434997645425741801470919
17104417317477806808994697914651744530371211023628478748940971041350618168155, 20725275659522815338472845210246900609199588142107405531708878154354442762796
29884436346389799485935477334070362135676795330050595305637086840420716270165, 5276342011345309360588641370067379345146933731364056802089499337264858966158
39936458570553267652609112674649945510158816364221320024181661217570136862167, 32345323191421033680487974670359442454919295107584043082659464926091327399334
60731932349878489790018816045181519124156747293466600521021437491272178577285, 45541168562503821623290057200915887538787830145291951200564024321911855709330
2559490754065004620441916024867899206324982298790620754512738652042824734404, 13556249777513604254268620170758533338168063010477472498211129667226075992771
38301883786665497457080179700352896406327761812596502222823954243456717760337, 35508854760521783125376513149188563959704636124415833925998511985725132135997
76231255593526966904917571563943549035440206949185051779543147619314757581956, 74745439207906077434663856378200335566540079292789154213600201806193576874881
73775099842001125931193290536976506333852016213551428347760995723523720577197, 8367292326637534399981379052716144877547865152711633221647569534392789945235
17243726969773756635197107062138578359927349801517240336762230060895996261093, 48577862869931330323206819920375190629700791175688270945511878420092569789348
4530592818119211937028455446418562243384516872597368314296852429203312447502, 46427779042224587789559272002313353683483113746619871301466977907036070259054
53781760272769393910837936190086314778368008411449045301033787167235762257312, 11404664172166659442763062547320360075934302104191549792807452098980833063250
71871098803407916475507766482486148922433228250061079274118075110315945433034, 75119375281414545501272366671126044847555057453252594270078858225881656574418
54701665054278015866477816899266465472325978632656955273520394493291777247220, 14732034291087666035529878911854011604959743548664245080461267467441878864982
4639672420286809698449233364355561729310629308166760578243858215236631542815, 21299884719966202326707649713262717792940632848418803047261055351834085369239
42768619224024846743636480757160881080014894315656004604413119411460935859289, 18098758148066783475351415258741382527623646786495188653437676212961029015958
12504259378959431157930411978683447871498942719531137670632481697082359917597, 14123423861558601673897424459073296756124125725140905206904328129892761401837
54264870904212722608440854981959652565443068840095552353292644509793706474114, 16464969294723834634435443392597222592842947724277325885923561102891262461987
40971697519552588034437226106525042146057261222378043187954392193270528465941, 17680319061632914740245898334072877990868018397371437131103780501208764099941
36370211465211385606041558619991286509656162336606927823268143660524476698126, 13567973004903329992797753063112135910639998073820333566846644136484272786202
73967683974447246158709094347883188449501868843030014090056751181188299537446, 11665257812883146247204056467909470058088726274424057120091504027349954609634
30188601424200422845998278365033567562266739039223629797374272888821614803824, 2623026236775816876726940807703465123625159061610020156706237640717988507997
75240600649253155864180986171338407203646703766076154635929547271018371835052, 17538336836982114802660308536498181883392111315466294599923521058054912480344
7750510834740400202622877913301874792874572817994314764844149068008531472559, 54512487073171641513883191914130616183390722825799761454780367725474415404554
5102889982823371124545930556919442554577121106483656601406996518347829084225, 37475179130563234528145936999251255318628599111454201737202288065424886679268
56202677098395909340177680151972703197006204943519750435183454722087284573003, 29877799538891425720279008193917511839029807946246076427638607939733944609882
69184390402934658921386678395752857916683832565692800008497470147693241164017, 38130102572431707902074262418492227154965730021219175253018245335910894753244
23531978015444301079371489884349800494957146319374986928747185925284446467597, 39889588298928450314770937322474264789781583749955766651867195663663260306827
34910128042291853487056069987830554819531583289116829109663914444087233464795, 6744195378103248876312994685215180266067491914243981561414324097000748830604
46025409838529577979113032717444319078948920573524006896806655258800972039345, 55576220179405229887556790543277387876563096424801476311838240891271330965376
70577575644363751151482188939820284476373899007552026602663438963713961175328, 23275469544101009297212205507356591431151874687704010558153120531984201137807
57618884407447924995893520994791524471927347216926141615347833127534352516303, 49051291161950480294751713297684392418365761370886140175840297963676107048958
62544468334078103334452572041606326475357131391079087990903769948342765940604, 7545044031648170434387423141313183177357372859961444064536006589271667330550
56373464965985957798058415480614498600419588923650189629582302882563696842608, 33886975711200910859247453814949276654624687612973233698191723649783440379827
73274754031861630913202398345438502859108899400053201318069003307425612826566, 74922542418068438228815584110608433365514849019008538833957303310059786726794
55295563908585830800870536055044508775954262980439792021346330697764122264437, 51529342393362851696187705338000398527221915645083908569556885056591413489385
7280066143810642464085044951817183184896198041459253937325619235420368556852, 33754869250925712750452625972716113726901363060795485712749374772192390883649
3609953714430580556188395508674154071014033286343004266447046467604983825428, 22916619082977788243186762636094817295461044171030117337210779938263195781566
46011024532892781601369213719267840080434878793321882434710915578205624885138, 65456236299480038113515188192252802663755351756726895015764046307737996326738
49330436690990770952777814658715356074769754611014738482318057993139898537750, 66083966779258474632400190743423556353753795173846456205926338684717040204707
70218088831759458128068461312614224094405115844091005261222577007989389410111, 59852612869270635153500788188908320464654987997885339467743120114267192230560
37790866655131365278803653874414729076058670914319409620108274828296546045339, 61002638849751200055473320525406772030097751794546978769785162520367506788360
10436118812909301468213797585947229744937707226351919297875835696409953654211, 62270553036000366247228425609665767176454111134691171584952831015039258471707
3889758178193419531670518409554480532173866044171834117592185076053951108944, 23657709766524581076959135469635718538100725790987923412577263581340432043708
38372333398578825480220623727682131875377103301272837442530928938070013824021, 3021143728023821689029376609746802669228751193667964403408240142231985547652
54125519209525151234103470238356465285292940951552791964581016224883655840007, 29819035837550669407172670525074190500297187316749935076368622874075035475363
46357842389692807766910016590403310502238284927530308191684952354183487742102, 48735508841836626359528898027257339118157679757283657643117421546503334606313
52046783574866697853186161786502310420022171296104908799048892387726861098291, 1351775039110590585012032710349729580216502574452139031243209970002978429734
7980607442359948170393198653728927134764570814593613149916388620974888315045, 34932742810229292191752748193223207933755041984908978184165765808335722397582
68206128358882848438500042898608586426167752078469242203484795836240543115737, 12576028281158250433604358520442808837952832779403613242850992271818897789083
6955336302342136533663406798117337121626903705496144732359320855307773894928, 40415880378690845450928990370410584413918970935189547317791518082545602747932
33725947608534031017071423620615473211227177139512746909890736166771697481407, 56474440696176391186838150527339546667063622362617974510941571641329991005646
52735791294422778158636456245010669546132079957096878850475931601912995986150, 40284248906191812918145324048384152927909839010737021819643789812990466595696
69613455572125611318309284058557687193082518682831248282792352058292308931290, 45138200481814696267499476889981377877373013837369723919849859206783263922437
44382261198134926833922468848127312003337452033962947849290041044061008916115, 15933917737298601135162872472742532736194696805908700972409292630588501776624
60546874155702623106560225034662523596930875287028108122751920874080126369455, 28230355500237527176269585205291998671348130005074948261505930125031220676436
2684400481286063711121177721678056557897585655410562322563148530420205871609, 10572229299826283657282889021855509572377904739636992823032958053774232741276
28322593134154843388964451989368287723535993095860741390549793302773613079570, 40244266005054593319523529327718321013977539392972014867025006740960056741107
73128611148443471026197542467234638493871606105548830804788199156280264996156, 50866312798369152649522551885602579622767373128786109927955074491377128046548
33923464619126265070362166089638345593524854365944656514079322538320856650630, 70523898018315525983604115490986373773700597950571237994679095844098933430931
28304085259241781181295592028481269545078076607967344735835166430890893608242, 37539989272981432532944914342336469206267123227517116791263956920569991940378
42698418962488134697774168560000450052111778378089012341796382943318786920117, 20979055646731770010235468830014636733877016654477639544783888114055371534367
64575964684728103886551465875086880706562757023977755898082075504788851149105, 703565233619316869685650577975085340041069685736043585018207749202758895333
63105801912799570499006087326034601634417775970826603363049410441253859657792, 34986318441056298062430072275694073437757522971240040612630818733256674830364
47828184823386625723867986631137454330979563552171596629680343369879049518318, 20251544376972928456057019291196509098373781134392034206759990948013696469198
35106967846822887554846780671564724836917200768528413172389455030664194370334, 45438643099546407137696772157033846671921442268290538261814988419374801086318
20582209194415113881144172479319941577271400731545593298448954045841543513169, 38376979524372566158206176112419492468551404766665322467963737306442653654150
67668648990408715874961781596328112043352688346431833473533737121950962229943, 5435701844711399721190812720182705119707539168006914368296934872093228273993
18455984659744548336701197196878853962918093292688085556665851949184071803803, 12418423222005104836975416015495961190456130133060996396837528691389443284420
73029471472411877661864596678775023708299942095616800095468611043313973456792, 58550586624922056536291231122297494404214263126575108944214835855221353425761
69543065987733832382527159862207904873698578533008770522972900137825706465865, 61681821993958527441397576867948984469228802321249100548305778113787721910892
2836429279805448879480124108502201915736434858072633162859205652525145481617, 11735411875789767230591643580792219872609761857685520172744436554226766918564
13772665051453243241315527018153718352476339528170259135854038312520651088750, 864636152023615446350552217992206454044888118491301464367122408631124193230
15805176653496275188902970692498944818165940220500794394200865763658527209239, 53001386476218795571058316364042013686617092878537630817781396801666125684494
15121444475069919544551893975352957184606994478267453244399127831874006615342, 45339589403972273258186418621237925122094117988738246250173661381631465007532
70639603321342150449862393495678138727595584452544372645303507990115741303895, 76155526639831523398660400718047014661012896905585017035974407687087659216503
45336520473152031535380118721725438062119173966596541386165880970173767407174, 3285576566328267287801433687323687528526769069304142960881482334458370195811
37576676244971065336302220984460305244744128854028928446273139476851480679179, 48506179369111658049241493775873838963616397809996448788899731724460292240520
7218420191911811640119534483790437624534616439001394338699418629906890772792, 47297476980645769756507440992090547866935179361503884041252464563237830504002
62303385447619471807039692349630277837943827339321265674386372849668776757660, 60903695646425027387679763357017255061081994868693994519459963311707615158563
1422885148161656122148347938795108652519769355258099398720472434718732072472, 5668684577487476121212559893558230456314297429523402680574249639410897115515
23518288665760189654436487228610611586696598674548357405406748386360945955504, 53682103795477161411594522526134179915250615916500753139168733835399556829075
40649068884414328333703879402886894650409583517039726135873122452331673010757, 41390812973013346346386567759844419849470098373634977836796823191654354670068
15390223948109756231434917933776471565510849555570515800008485524726833829037, 68657294639084522788792580817250974972295117155745938222943344055792533947441
46006218187120209620202244724277152051420291250134125055946866842541143606448, 56163736114154981328448006131716626498987530702169466528148507156904142644820
36191266486215689238665708861823671163365050370917558101653591835749688998575, 64331450407831971672926937955484996824227415959455011593844414550850252526677
70674600126660888349340303166080152953249931771187283901746001716432446428365, 50500891597090763155880598340256410651727307042963662365349490015428457519391
29268447140890749359739629255800206056389737299378447401669599940497644489938, 972045739485629503109055561805880708532101070438259191540543711616485051707
21620552335649858721532498657775086299441061320432739862783606238923497899922, 5850543043929198342726080948661779179062167743644666672464782705999712569547
16389775293681800391369619758957785218490534527167738237970868668142854981586, 18951319652793328239161637435918020617175990821450993330878546744293272799621
33132355903090768123647871363816270736067987078324503692128666603657302369315, 733374057092972539488706651864027932226175371799717163097326498491225532620
17600638120719566401098945559015919503512470412686297833954059957879256402663, 13629886368685585325308609172550428116838416700198098509714176440533154200287
73516220977854349400821586844722483264165163604030101030228177822335629058325, 18810008910209163907254394649973975807307927611895932635830414997484462963806
37973041040506460459975879213716615017879065839527650780164268383671673696288, 63442896819669307068327173221815963346121133992702934928702825428472261843185
66469769333424599498594215891773597794502015053573480632988126028212859167864, 5614432038546469830042862936321031926437927678722324297142284228728633714220
27072503439887136171072522770163565961186365209686230012479840012743812655554, 56237219188096517741373637993982295072914934788935346171768606460992022344401
36347782014684669521236661666258044906047664626798773831171348440505240546376, 13419265173100827015967581337029282217903368304191439345895839533548645482571
45395943309451698308036034354008688736671145000404529411634093372585933741010, 27269677305615371139470293643797676207810680339647120124854584775720883602371
10012930253885967035354225025347719297061688609082316434921070101051144453054, 15990965140348478388475586060970365637961669731760521484055975217694519076749
13990466571325371259309250997260862307603922015281095149148316706513110804742, 20775854142284584851695130054202467749295775354705261496964548413261669741719
1038048398814990012520252486768079833709729353714359221348134733090348999841, 17862313733530352166430735248824050254670952483103145223306603799831828304579
41882493324396585676079539431231880696056912595141909951144305596761512241379, 34856363606209240586204366862032345648109603814586385202418803930957484343250
66109692761373801208560076578719568821599277129607918543719667289783291157885, 26090587864084028330529268121519668431208614049811157362130012632952509966593
2760064852074963514886698343257387673028255267736401952479699840640333142287, 56615977324951803557574234887348395372502908305851853248337553828348867078193
9263434382558388634619452223363754884470429353813093213500731381813646476811, 65827252570844256575563097916134603397145970994180563081855633199594066084483
54913518498855993548802219298343138910883928067368583210979379404456421245612, 58254816177067429320131888967843019051068184218926451339867267584573112653441
21585784893911296951624568198065963033713920990955415730909345086494848366542, 52501503060593674201680390015601288773907139158552436635815716021352432784065
75626396181715823327031411556405453391341048370420556256322462734368152374586, 30684644822127511498767974260223448863138875831887824335939998410004673447072
73191190407351522153298930109766978945362147906737155016137693838880982819920, 3401448018162038164480021958901764788800886353515701533673834023492117513511
65635104919977523681663153345654492385052899517316032953770788710791726310055, 39818088055683797476424756343833639021204390094936893529629675815310298644412
57725775172501739006983812910461394675818409854724008655261825288797908337973, 63608902077034992878887521231374609387544057590571725629475510958401414259966
30256400206577858698357709066383606693804450240193835765099041140578990804139, 1749057047911087294625399325030052773193438759206649282473547461820181172259
31202308346251747048727102965171611987712961814413513287820912084044634722429, 67932320919962142891318538034488687490095354368344587357395479634624086601312
64745121272421521693743755899419423758587908122074058292028699280769433904536, 31855665535844195278245748407477001871402227735019045422982681624396754378866
16847812474219036852162894534865676472050807088916115718123909820920648072029, 32201575479234948032980383338456055384210842204578151054526889688221656776447
30021642673244563262061299802765445364768245415366231609956373378656169858419, 9182167182123780628567569169118650895597459787012924568228834395798911137284
16671821852731707418589203623191994219621675394813307739055635248364942177932, 31528204499622348723023102475507784048828973690144766082869089677194955154506
57690165249023720170701745845576038963975327996375994179467226282991979238679, 73484853783743279366991054189344153157543640205159145893328207505342002878693
43703087637592250470820973469786057902670105210722664001688072051532413129230, 33053105270040610467699977213746878984049930002000323022474947828691678913097
16106072250089113153676057316246024300603364435084628017605418387418228938985, 29144650078850023985520882034338772412719340147931343733792586634425983841804
71711124688238345636420655096941654729612761183936918242131371273550402667324, 53764025571364657353903210546408581044276300237182357076423265757993892988264
47946543234794126518843401521098113137186011216808788910464965492958735818889, 74671248631899299247883201779799116621613769415334312765582389133971230659498
52280561220600327399032659825232891630023721128130926491355276631509576611667, 60044343260609900900079533104104645305977783671910652388165616446180833854423
60164387059352791345424616709877003091687515599622723180573447468059957538349, 7270175671767650753434304979142138995895848609063462251507425170172116891654
7299435407841504351339713583275273277170254980057363119414729871262310273842, 62994600999233252214892828376069089259368015115874329086548538384469080141429
2433425441449011572746129658821600745050998781963928240266755604284178288917, 38160989975810900951791381652737041996776056390246570734099942922073368510352
68691192899780292825931568479008390048404491875800643391289039035839051242848, 51763065253349374326992635246869080688964829902811944916663886311017869155043
3383292664161346807972923475993792326172846178280352330685444355669518993416, 55803753660092410346170547647822676821544251337930341077531498053815073145553
14426929115928952947296693985708070980271044187374625874106886056060882769402, 40944639010761839297809051623472519578655437296134261646800450591770540032412
26782514902955469259675659480338711921861137200639025642067179111309600941106, 75472162352975465422749879987945412769289658703406749712346679638429486381908
9416422263059782539704612219876198791492113443246055513845996489641737272526, 49288801919401767804177878004617915519723471014804802542580025280247759137835
73075252549291970999788317434564732706500735234691668477040148656438441135804, 52417013119849309982343730510580804406752076239523837785128411494503062213278
21119256057186866032536677850658693947539159618853720541022997637789396879019, 29631470456067102281291554044927366559010633024973431695379709027875465472401
41255360749225615438687700497812138945926009981446321469406319731443857486200, 56195447089689106942014778947355929488514976430297922165428741756186068848496
52561012897403393605065390108027950411605136228517231391559425585009438507392, 58310765014918572929315290727903956369862624500309660919334771517017906768500
37983015903040801337708931281167329700257698418125163643517171816710559962293, 62072547158689891995466559457100446275650434545680446768900881247620356084517
72685670177805412978228704603757793545119858255411928573257597980996935525897, 43277901691624407078059048214670233248413526331118135972797503060524883742639
50926188408124310662333105873160849441580224625615975039365689457972576342050, 28953845519162125737755750534623904071061770689928637914629833208172693093017
42648493678204000408595484891113282822478490932764044264691393076550999904635, 63573680950924225820669186291932678999430814082266144049549061265385912241716
46394113169394549835325287475282468985731685970820333535564223162275517908433, 1218677599080941743333576841862122836511814065526580669621707429754337839775
21887519884321910065164548659848157565496455996764349937873592571466335499752, 40254031065346536235392187052908569206143698443192469879875015747506509833397
48015283846073566128294795974494574801483660867904008517850785741181929165610, 18706674262212011711707578963782720906697575135668017719540433934786166023603
43728466396202805996641185023434981575117526370810623006523321376847303843130, 68094067939853420062349500565778589928961304457351670561414978661425850704175
20748688578119411981947047394371588844867804943762480526321711533974985020902, 12144441765314380275647636621189079419707222100022915023468401402044855144742
21721826583025884403770471691591177185947569742965185113884059179652190601567, 25079551112443863062837274644792981298440985330015972931496397086320016299473
51209295265997529787505079265378074160160990136586401961919713934670549553873, 60431978681583786155972738740541234245589664004916865886466972866883297778237
61967310425751720807305435954944383171326032750377032142851429122348177164864, 41141830435596668055060906504775733692529768436888116875062883351088134800229
10408154533747180738673847807943933271796310416179661296436932220756652765472, 33353609984817103578361894249138496455727577594825928797744588786654161173917
33491385077977498916097157571660401527376925067294718759377445357122319834733, 64209586492776787003065864598928505582243524171790271676754962832500867675881
11070770386149272716474461693301819996445442878916779187789282998051031997752, 21390416457767912678326794583601639961193459144142207299171190732280149634576
43496584943528494504461191283391771530572819640751076328827456852508949018432, 70254696568197991024571969733747231076587748689666217082001357212249072696005
25342938998804781437046783360882757163857035402121250443719337727662560759190, 3929626536208242305257799170529648507978183129435467942804513417899952156561
32631147157770826200757833191414670935782339047278858959332713798156294544560, 38379253834725491719997632244525649962930823100440149030800207487246795244301
8306217359089263476585571488279381251054442847641141468815135568961975152859, 18897075503394200595929646711245650756620562312255449395864437254891005901625
20946881589296602814782701950639654552474797127038197168602792776884132661809, 48138870949687322592000891903108740120773952053507374097863743163746816378966
37318478558567545239454182312482680619731658644965614935134929787737641278040, 53256380467293293352819494396564743695803030275103516674792739992686781042003
10257944685670643648123943757844011477087920549998271071351430339317629279100, 62083036208266153514423913006355836402159732270185859968784153994454919705166
58427925970365853946439120458848072887765402760010269972702788858365178011899, 34920321476457645402380478823445747371419498546259610943068193819795873049576
17864167663104606129278308673684228452480964096780665311250827255800086446581, 60001718687990823434117329858995963744352098839100427741618209618365168456737
6469224986605911428459553522039169188251451719272920558003647916236702762877, 37446862032217751864436112371526489062718105661112394956798811869977309464645
32456404982335035911688450027698070415499591723262568183304650471851714401369, 45630489259693405196570042689195494293112410954675147991830959206766143816223
67518920753002474494496471022948292473508661462373344982362289849207645527894, 31638821885575500056412559431326459097595786473997704140354360095635381549712
6681195615346538371702847146846820972068652872077365232553241760526176483532, 64549465823154479754668370121915398570193519944304076122769972662961864624759
22903089969981934754363015742887788081285275353076522761145671605611842051831, 12165458773349516734437401600635642264197347177548676795471520928256407276316
18331996523583930788836431551656309914905272175388509669327090122355758424013, 59397865736246264223131676363891314614967278479812804231543657909339460727137
35595861663229628777088839603732865951079011700620592644719543138237113018409, 16739975371170548136296781169605394991624038916252474011554085056191905166501
8494163474528188864107117300139889544269611798242315045166527491652624600046, 74163940680925944551672227669426894688332786119918013887069905681716082973375
281140967264327267841480010945845222583481820472865083032817018464290126438, 19925428823403797053253530918773490708199606014969311136748332415553251675150
38683223214605900302285994876446247581337732853580319473334998059166030146981, 9295675858564637088529456137904545942990552063321633355369754881329557135801
36020284390645825989924479762707168576946116322654994067674150715026952942061, 29749530190500785321021881380977278833431416241000326321989452813206179654797
23787775656680901523670699830584398399039202933695722358895993183897639085599, 43588305778610507493429897630637850155262098109832608432460719873892360247556
58945670725869182198492958817402269130262435934878482425237417302248651549482, 2634413431731933241765660317975194056540559473261762237009049016244122969551
8054154965313726799124168417056330298811355014436580316902523580983542820997, 20883727234502276003133940079515450278336661443262905490460601341470356971702
50181546719852545389254240275175998955488734135665859178328231794983039005514, 17621058808530992644914487880360903455867169581340472912624783334727369198621
53540885503027058618380503006797430093728797189407645585516397505362717663693, 42883309772191017333738330488245964008520044524580265880301517551089206451805
73783407805092279546546139604194330439973324085733465574028020921090507120886, 45142372822231427573314076044290425775418985749692863265774926162678800892330
22094210307207609106690488314247952175798334135995338260530256681484859297975, 17818279908289104605477906335224149629584000026967620961978485653889688090831
70374967213230604788961028842185468337580599006693372200926007557093831833139, 16956981465576081270531350208553952862599653196742066075748257925588390511646
1552611507180991657224126391597656412852111815664922417771062996982278098529, 34386026805881950640124800465375319957526146755630456510360752416154416367089
19995814823184487788535868105547950976279263669229268016495546749330823688605, 35419838475820255679293467609057230713715058262737170241265483620911028903443
13000856927190132555216862731670106942345634673509739251391088014230944394081, 47555099455226080365710095434300978180022896233354349198057857599005486276065
5997688131232063324526525260768006824503441280541751389317081075522011963780, 21118081912744635143477399022200125123361382413918519065248292151570537635188
31267274454651610719439791582635151608081402925566052509949370617282643380443, 34354519211697366398039053727752770079996898462654395076894153399247531255779
42214053391919025720560110789780972730293596593431058180473923117941674313947, 59383635215732508235880488354863892793037485296166555668186048402583315114807
23274971574191023672594885168236994901490742652054871748080467815865179204836, 64334739660271011287219617774411426370531088482616795417942940463355833839498
57961282626425771021348334617712278087515851201617616400109670738422281916051, 45307264855080289289426207094712149310849799645288426079820679286264126539224
61831703462537381507158497147828454679676924749267677264127568588355199812405, 47052083741628692776249852915850480991273811546008191144992783241140768214347
16150151183589351818013604612152096752339189716206750366980026713709355822183, 74580985674076299991972476128584757091853655325436642998117298198232815543101
30212086420592127131174145203851720094644594717205708244223979480194658795335, 63154250817300837521958951292171951039341285032061746832559864464192714711479
17837148499820057733262512907461520556522586469803049097691972815417240356807, 14144471712718542530463263473687657478856491130800811366557499288902297325361
73193042618155393451645686016507043241041392469961155152968263964376948334258, 73302543704462357506851499630220847655551135463662387835799102956803664893496
6336617916675619380867802265602266204466979926905602026025030805566502990116, 40377683906403758434188389377009656997441813345020223792966601036586894801527
1034931322781350141308448882305089633613986152374067868732997656605175619009, 11993620890211511386387708071932554999321365180142560337391768946354088585007
59305472898706425008219332078761127949559541260258303054171164956184210191110, 45201666033924255376644497985351449523150393081514316300139421370105560248967
68436948340588279834501005882333575334458122060381652062912127663708877001562, 21572214588340792363507946560733822193839938382029105443024833290365391583608
9021481092656490953643472141796601961786346477446917511636413809120894143477, 19000298961876040486711580866850445831137199256218210966367827113245966532694
33232704266374566554277364653342807125691583202831702823374843825680420988434, 28026066300389748199738215331661083871336182997252081580578963635435843784756
23005267417328226932600639050465462957358289648150994956821838677361230652695, 69684518012172207355659014664878925122838515828401930897716234179294694660481
32361878877332124954824817976855237673880361404467732673478715443165629713088, 18804546392815416280511837865085114021330343799997254379755646101634371741476
67326388386706034239098484855509050243852855227618537003371082399846072084690, 24283509084000871889872343915181302343629701872393552281768016110592450407936
59222978548886467956860783217337829704163874622082306295328951684005225570637, 13071970468738327598244115553186112206711859342407439390132280932012427694025
43626227308511770221227480323460627985131081646132637593927293256113516799897, 76007569579592612531529504507157660094669556392036411874488220057681697457874
25311187383996440940652571676391781193590105210070246629690032436645420906327, 64308312787221157396545750229660505987566800111300448891363472947800971279682
72877318528671204345124826425036203546959902985169774637279443693112114062664, 53708863673591734649152507504022037553996144173410384697681950870760738464682
21437423468805028039337398958767080113048846883234962626063423327198067447108, 72528015106054027023423541883607828865937494305805228742035740028105140393948
73928965198215262172529895467975615032462534557361788369537190277806502587621, 63429886732734561624750093492528842770115403327209268622813026720681699346311
33438812382545841828281099122728669798095638238272138164147451989589326163373, 47789215884044973905907622322699553125308309247016393160944262130792727957282
55808879577912376387326292550744597395248789962414420974085769482805411226688, 43573631667699853165357660340712718275637866646430589322503300945145476605703
21533549232311889797827831677777819933007625946894022159592269846431179769503, 27950222619084876923550401709804829894064390368548224000763127953362282113742
75859641721249733164189493995604275185217886071787828921718527247852398955295, 12566918527978085251208307686830769093467836370254473956610813752233372593697
52288556050330868881241510664150029237653816344968930949527831691273999522211, 41604391949044217137461719453457333774439569928824995474058362788693399206099
34326529395575392422350933185494063108216406166320990709904364583245475059771, 15179517879364015030809401195550067067655426832649709671727979871850581295451
19938373788880603761248421525321065097166559145785934225909877569015115924608, 60118071577727146929702352364063004553327915074832051057187371967549691856400
26149666716176038279178255113862703518156785044101615715618186660337145111565, 75397686730890313665567390585568308172420864912785438900940721987124971700058
22685172124392572138719648963332651394530533202004123756746111228912295942274, 4504054499004890494610769731718308861197045410471932640625955107026741264102
60814244324696142674391168394345858422953567137972747440745001218382025578977, 44760003513298176220057915756511417829764299467705599320655845314169201425272
68482237728600340704559992549469187445701229867158315606480793142252535880658, 46758893627128150762171787957415575724659846988695314439463348597798118939771
59446386651971537739731387914371948546684778749875180712558005733831620872868, 5457397888519751489009628802898812279200443919424260178741441350853663520391
67393235547249789931715524914396025543098116630915566146293531253852436194, 44492408601890498352768303123744740941715190981156561515043303233629028068748
67532790008847878903635683741348704935082875385039476915178379624320298881643, 20573681473560096427749975439804281033505172037787012039063901603417367280857
48822740548932674828920370221953042140910407514150362770396393007424152788137, 64789355560276126348809028799938500632371225890341526692208760707204487325423
70983235235779463317975034916531736329360740104038662052808709718528434203577, 73432951416931759228150754277885465391500360004445769991403402707574284324509
9373622465901060811696265093925043367125898645814879929276921712835257113103, 51073740982905330733914243285964110641587984917783698261112055941381696646598
76232034983782473977969684348361551883589147904541943504648836726386189598200, 49532183287918519755352811131827137848286070587880364129366642876832126168940
53678920237313892413910456220899493258337186547194599670753422462695984220611, 68811337953904676369480371464933875897750064928123165256222168544814357135524
16395172091558225737961942411277742488284902786968554926888107993080810684165, 24166693298211032062472018828933315841924277924735887515615216474455836664440
62821988568063374462589197397076675464869188827368912413673628721300148440804, 471055468216079600012065025965144966840102372958358570205610849160315544402
30724659844598403372581507533813410138746780069619165445706603817198205569707, 66173224238503698635754592837606848054776175205127653312260426865837507948808
49879689110720091733904282378838448286487677883478046137539634045252794711607, 34743806978117009339631268125368389561550677670278739897312442917045599714466
41446368665960229042378557640429508511575391641070242259808251058070583278062, 15952068784778284762310319433994973360946141847619430650715423955098746615831
68022347871441136723784117767071175414898762559839569785904089045420724053100, 49054980861827862176961233781829489943469859867230918675453494287091546400312
45155486440472993425176407450697959779130947039905736293279296971365086324873, 64443709370999717894447501439293776855038283069746743723995159944059219012881
64141839435418496918174331955762617745604431027302404238743477116280565104673, 56882323539340503270657679224476590208601405884124835722928713983582340128210
1809095367451200227061146563248182728164157336013911863125835410403120407962, 14664249314930638817165984873290930179003572730335112410981826769601259891446
3107254460784775540228140015096521229023636960652770148616029509405277364115, 7676212932716801030532343604566550713695403545946468740568348144266280826199
61594865590828245854265627980551109447790885155461484553090257477547337270824, 33390869845805132267353562750809328956147653909396766974972095990743089238329
58582915103323496915880417103181311483416483141453152422420118661280146364362, 7597725490900645506621652195094700400549748663755910177552907194849168365488
23729063720782284110896587289110752850818711810401495790638406353892689026668, 66047764936477118979081661017583523531321066329379599201567424011919732826546
70415633025872634034691971526233861667340446063791196826738189796310514987836, 42901961199559890616688522806103723904301425848607978628699513137801747773128
10355727625987206665271182043437884217060614195537173341334188930222001872814, 48321785880305605545231548336575594662732908919494978757776689710923637868230
74974829788223168736663953960714426379814244246991045620708451421950317624952, 31018079319409129324467822445680925098201629722989121495443021731611483189371
76310332992862677652718242497494263733489187299808372622681869329857766303813, 61210391106769538945880198359001405686374817490904948628961646859567262322344
10212229509927045655364964502845467293363770096994235339994908414161415266723, 38465530418626902005730632588911755445566168818792820826188602710214540779850
51275357341539718619602413547143494514763005374140193428043897251564016504904, 66796653158860173087899893030276927459142168562595393589355583967738009997472
13198067652031557184380410013535417622284318025534952632706494658555368695915, 7931698569327111492328593418171349959353564641055988728030723397785985834889
71186859189156374512537912755277372090729417953257224069631612111089870539252, 19975088744626964061500874649450391042623569824341067677264577895629951955554
63089446428697864423699275798152173579340593364215264172065321422047148289018, 51837477478302124094886407426507024612035550327178372043675715232513956918237
63924875061585838215733757170507102842720956780263405770823412704112922008877, 33521051277581633776216325019268641774013895252259824889291227816754313423016
66118018256320308629839542515061075884676279552291990585383543069793866948743, 22156143519351594515257666213644490904095498914555828627864647410357474549848
20097751513198000515152768600809252036263668400195641009709251120236222583230, 8917610830261388306175579434176059730236038198989883763740671109121703080909
18158554685744551482713439654777283128346659439529189430859201174350316144553, 28292034723484363643399250255730638229467290243629729663886576643902393492135
39334890092454758667565325611553535411632929426738037025206202251154224262358, 75420590748477097107590165249459668950909598803236540470150015998362385715206
55235043605210190145529948847951437067936144551057103596210076243461874067230, 6735661297898221754688020494076357008785314409426167827803511055902078558171
3961151921418157813696513235713862290626768680488400908205737466806214728065, 16951905515933000101004227281235736290697108775998822775693021503825495384246
22053251590091709173274598977142192561206529199148463218605078106347653163040, 55811126855446778491612685708018044978507604655674721423408407269754855417629
63160619556718595945903936860528146940594232855560888753833411545618766185942, 56584343600578265571005979883361227307033982793209238760009644878979789872977
58210040882971860589992444596425504777061344312877513555202353248221130043964, 55145281983881400458617846372758711768495483893099349821302251448857850466923
1644151149611529916551299083894102029380784467427327048542839581614011209115, 13781080143537215828492127768351134078894506293696785262788076712364502407838
43864465370132530360549653601344571177852740403183264195715607093930522312067, 8315991971485474641125574273828331530767838180181175541137526907887304415571
44256898984898188538187581129325300532057536790361612656438918992657296325596, 11114536950658906595427378654916723596002452291858202936316863907328162215230
33086460674282171393057694724894107168025936658121119708816543276942435350990, 49316398818417194283512080539134652805446147602225196447247848362683073131501
43434714652975365215454500497095417907640933461827142321440776691656047568788, 54903807017444955429806188802037806366633587171641189329508632929476132135410
50046975184565610447181807120561068993212257705875835491898265173511166058977, 41306623137789116693815468727383251419456102519399477897590300068070095338873
9021489438344854331349092624230518392204548590334520441099285359455276614369, 32031730244429294711490712804656515637741210457113801760677867164397414264018
27909338381557969063053471287203622344684815631465186602883600664631309879448, 68995130213801691255991030291653400182760195274972202347967668438665365101342
58392402347045724638946300420059590233660568950983378582684295105262514036982, 38692454313168869609213283235897335396010123950565521356531647738781368259156
31229454275954288841671509653791847177013304190168204338000111613346332334444, 55211323900413572087034028865336542446809851956892269100627207805505744177286
6797116937562823252870631683202025640734757887842944833571441328954134795895, 44978728563051123349094715335265008437798049404732882921632677105887736211347
8475646029167990140914907854970317574992625297315652298437343934913228132, 32164491849541483146390020997228908435515081367352565890220726892150189851286
42091665811723830169198878728398634693682431784721874053477708111743447170006, 14707085507372219283966990799688440583539910585634847782444461931387023656036
5807076248434358604021282329575677757320139866120147491163787048446199454171, 31913764146266774325715109870611966751877699509579432583743744495199632573518
51582318830193760475234983820914007622341284114733858217833712907539186105376, 68713735236317061149290164051857508509525289317658855938283172632858241926927
38124544726003601853353890493876842243734917329414464350404317990742950603596, 37278703869568310040278951309023059054705697716522717945478310659657901492630
3343853960420128725672257535595132897078387676735996994794642730133663294354, 26293895383432031262446887519311736782346077414957085623998494171014514431528
22053554938582017553840730430676721699661313208114138985673700427794237584151, 3890392684156723520724620274909631868413178719877167904657886583253750371773
11556587347802882089604727965245388700331530129262974714268850744746262228455, 33815376270790778460209029389302922736158453223364813418804866520605218391060
18496203353783495382138750127745025172484130727862676157801850454561870312003, 16336579696630977861082585748746710280734850032666913626461965439110468071679
53999560109249794613847647519332635382084138759582687407604014026426111345527, 805715252955833496333657396377121358347574844239659857219209578405306902126
6643704629189888978214673255167191009792664423826498970047102978673084134011, 39689963387149564234509431246797074004877666745890124963464456581552369091486
62772384238857292602029984625243644823222086636813496407880728717410010030337, 69056572973207273717278599896773802006072137422961937852399480291260276627913
13626088742500921807929147493291039984926961266622145415316774450605861800998, 49271148579129122098567462419140519289526716690767478884135258326052504437156
68865887716085768231221995141443075606268536183213230990309161831228637917148, 694319066953282522087720180252164985387705222646089971237614646122749734016
15319565235266038684161146114245416315735848054832196745211930718514437512660, 60959765872438732996029482756855838704913590172387428263596208839299832598005
10841482724455960323661739841504087014237838341493202604502197822367617315948, 45666048421128220398333466249325313227828938302585384437460013796444965604604
52893459683053644809685660769898912549571312410879849124158503919322208206699, 66338912492061639073598933584111804098810106487060277072917524741976169118546
32928232761826162846953690784927968329994433161086539894418246517211826508324, 13868605448760162397036851853633028147093123239587003122150760292338854224336
43324801084728158345368648989353012420683284246979651210817256584947773754622, 4147676868462814415323597655284615945017871828320941920499178142144312413544
40136012007526067901930502478334281239793107305526411571988919191684554524328, 45479324144046336071646819860578999833654044868855831930413482791034126038120
67548262556813118545031619251586232575668681009393416337200806908983861789586, 56019655337842698942949719081057389039941179652168825823801992536109883612036
69439551583925831826131504519730368825343664612099440776571211811929152116727, 17781637260849576948141662800810155305660343345132839319276710512807433909645
57136238740420043223122556347225455775804047977246274061818775965409020101630, 58686958450786561741495359513680160140719481195518410809075304079596866612103
43700623582059489917527387373893357600609611858521357294898198265510203960074, 7185272350786050138748761487365065795232426990976946435448127369073533961817
70186779671619461878782962004455777369658592887942767477884739459462125447560, 44834349975057958856425055550366873792382647887010764937394245045355554946882
49220249103441815006490964096989226144524706285683099078792117852592594197766, 65027856096061173667186155965420165841365546236466531514080316769888410242747
62530552712045576460789048369836139711374845984382621685063981158757625926676, 29585379887693387917606270276001245523643445951768511500652952316965467692629
39007847149580370409045146690539826369065964692545027971025121354036905466184, 28428962246911743983711714668445783618073024269252059341815700646378208788333
53505842210577905848289752499316945578653066939231509507476547965015843357391, 5653320509407034474447344905290348799456441946766555474206765504630037504744
26666573631947148644349839415031692270051663812172062054063575795470707042335, 20970252722322116809494624101279275880677071054311359375850447053634197876079
18235869728057919554932627753232134219322422910054937532979052872761571703482, 50154583385634887574983196848427710069138064086607965791036463928788744919690
27706302676653296305703260773023640851238271388573698853305436874285220447152, 12493012968683962445829640762871623980802899859295361548821048993984701236560
50567315049226049405620896784423753664435528159603803050733321554925445307266, 6788177490906737442592371867547995770485304153746279605410839504955174866360
35727047817159013206348741178248232579998769629805611496646920750198446745181, 2439840623631066001310042506826504746080421263043798531665378970563215140296
43151876413021244457489047405022992470345049766624463671694330421904637884367, 48246999807192898644400109216788552289484562030197794979127496897195704647786
49324897120140443041732441381619353307985355035028558988909091255633534296919, 5898270062654931774377634278005302327537616247582940596823139056725109942209
5645985575983735043196359241546202967263178192985874082331520429504903867388, 25639232076245603955579204509069986614832317375098134848930236965328808659518
53631084793481250613443638414668914858813129885420930632757103800594432558719, 35308441742714142073479614256809906293704951250868494897260788972669785195309
24181928808553451704855213674953502954804363490371596123079691692439000698952, 5557835768677557313899017460365885956412094405135526336455647288667659741451
55756658867063165970103436210026511288548352345341784784179505914401367939553, 43393955210194737438142884718310638374909129911671035216400932594950548454229
21748868621000829879413758361887485030567279129611903981384020589156214757376, 49853159725323923538543092823338550267664852396113413633175927537543135787292
45298662068310311670606015114871658437345654744820566317086411194341591884168, 13542402303692172556030443341017290871578119059888362865063816719399730905323
73223583306410740750641390442572050749586690955753566766553231384433880976992, 46789719789257173153962634997513475413698762615322783642112745643345771600346
319695620425180014939667197312619678369629321243458753606573156569152333555, 57790563036016749046439996790931039876783532640796584470296944282851218836635
14614910979291586816979496602641712748946875706341876561005749385530644550631, 11737950622500641826966732838658524868068691500507943205784846395832422316411
69549228408396041370376313436864680847234989883030100275001230964522506785559, 67383136289661115665860465424806966081188145696867381214620753693676990417367
66881041412602618026450423425495906842828225754490963750344435320689994426980, 33196840822336653644507668359704050898019083391450906287433629816592226453216
11236437102829914287125791648381264559451243148820743306860933543106772744803, 33489185066166531414473900955552676835771802015697396890186155547495097908976
60582352293641085807381778543031367320119397466349298605321241757680295549065, 37092599017692205655773123973018926426817872955262926544915502970711297110111
43025831486531505155862797846721714352094279858414601586042777557490437121523, 22179134946892286648800404868684847664618404161617409013683431506373512632285
72103895968100343247907931176629363229926812830332084310221736239761401138691, 26138809553108078520322545572078576038263898806947782873529423828795016188014
40139438766334670515726143241076769224308825010031697854356589048725656425532, 60212482646302935265681005967690081420338895234702117522851148304658292108503
76475103737278303239355855248573240497997022330553066594047914125191897393568, 45445379745303975688938669780890770336666446014511733571989424334651813785022
61674582891126649230692017701777938117729239820446684684258455523677238891397, 15724327374504339033326371382645179357956957982811557080368526997821974995305
31675982606371332265005575059427366325675600616599259997397527817210624406806, 8254454794295618486685180831251155722315064868028778718893993219705103894484
55480238055331562337821853248681376863371351827087026315434100380795076467303, 35709223029412294515905628040262040358514669591983709197419942793579943479735
41123329556498188235575861727146005123386255047517238827794807661788103769338, 16426288461024701911248684057733475897820728977555850474838236190825395918807
55539970902421827637811109249048487261722071894312314023428818718903644349559, 71885357190863316400267510689853263004040786776742637771846391431934966316905
23774493534554372719758820433168979937939549080122805255214637237856123814935, 60855280222347522179518757265262683160162469047521252108662240784507979418367
4893079970878551371681358287292032286678141321172678890481833104873817416082, 58161752541707640369946605335764809465041782670967968949884744501556722227250
3120857842033230312989910076063955677478380595259955702516776290834385458671, 48780608237521425873875831634280038331006053452456920933354564152752331513290
26095030825986201228483836537607615630743906034057552136532687792288587789194, 63970077093936825023789274738396769474644895702775004757549754743282553473162
54107306501714038151224642147833592429116618789456976320314044172989976704124, 5115398199130284269928871236172725148496972885871946278444827296187305135013
64440256794746546835359300833928076651337261837778237498711550486427659726695, 43292008100485148306806174122573791221418537930177919727469273308724691258981
20100129816658938698054652979427571807907501804911938270264664788674411110732, 19358816547833727982963860886657018990856254823915249001877754332498206441241
56065916948120057216531608322490413778595598617460599302351464574479752678512, 31543609463199452319666956486344801221627998371081454870413902532301562842733
6086131829673464619663605662303865864183905100364334248205520551840312739684, 68028358257474261551399122729735538341067565144075058325069153657539101851070
30499303923678179346504657000620422488804350791537723699676745527025195134912, 41537055514447035748224154267493197706449157828970288262712483398389825078531
68808330945126814192017266440453801123295668449572051004931908061357226392592, 48339568518854001582076970102293952819772846875419012104608252194749381823932
30776161078526792471236104652570974895060408779270099311387467820511432345576, 73837829328654732479202996572136683091331205633092504331637318703386423831786
25915791609574189818852798288434565225812515613125537547915969383613102968706, 67250248831610237188049815392202813388856551990912790060471655739862496325426
16908660509922178903116177963687968739166239286026949369697102450060971448489, 10522569870092000766761315121304464069407590942856421686333555890947323025363
40495231800515155953173216024479205503406967542344368875370300931276953929938, 46991226102721457719036631230361003118496220034596413164817361351996623834697
34511290111380695638583658645849017274717139077444368165493520440087288203612, 56507689273126795063098871901770941069301980060122968572890413283906734600755
27209121332809162387546580937408942864203575883857334873104620118971871378959, 40372589604029934616024228568323302882529573801265991964303704871544230599750
59092087935457960820990451078200127516356790521164781580069341461710414596136, 9422804369267002661209434104116476706989405498714671442380433572565875315805
3178353196878758593511783603026219944700167568731485493263483612308092301057, 20370868758634542962702602974987380317403899603567017437476338832741405369408
2935519426039786925352601320436435856722061912070913092421962056687304228541, 50454767869377273447389511936574905258749657602341189669150613664523182195273
9469061765699685428892190254837482970924681572447070732726442232188777268908, 49541975190797642932102108828621886535835142887823619398714543583937248370258
6547316525729988773905389684010921517467838768327926192261907547386297750390, 14996305841114392414706599502666435114807439609716074849797882133507947923924
19968856517439323220808375672512144135872646420502048983140703696358544955403, 13791654434952349906894084204508148645091640796712821356587218954942167575347
41871172654545076573153457297650158934348598708082372896841326889113308679865, 50803133762995727687597895369158602513147965033196706190104627891465142412967
34254487190969999248960255811556071184893152707643162132151327248431126584692, 5863952470147914386327814429684068804346474688535011818636306285551975571084
66867015964071072448252664503596538026703349880897964933209941184151993746808, 65802776355388959273459719144956682287155939304217141575977329602899909025730
42613760945571306659219888373050806315365033681410770959527189506104261154348, 49132232290903447735604256930410767856460821349706266921574793442803778487521
21592323170719070153226098036875646968992675037572642460440314558299284326156, 7509219445028151032723903841200929546450623106257738914776804434981723859001
43288913679569433647032478689683120323078352351229566882210175191284191824383, 48123047105054957933559397820007229781324607874761018048128048400164550180782
48110235590753240836407736902736564964099802424298635175102514317266222264551, 23483965421873818838556838234754695475038355728187283711801904390308582380605
14099592961138280475613568162584270668240031463084603244423778073357354754851, 10593021470142983063514762617258765126767408837449833369963787154152089904908
54673683245188333009945082117065237111319046976332991469908336216518071719427, 11675577334874996150847246771066916536139576373526765857634478737443905237054
59025609545012954998391971927518389107248253330877435149465201749066728971928, 31005821352387751096587118897270408501059013464537686686351074901728881959929
47007053386848942825767861532792607191608175456332217465182396991349425647962, 36185464286791274793791857454711833630131092446098236511270255952856633187226
30341079586762254881867838543889896302280751031789720061557658457815357764585, 37793179859291987875385000968836260710422413902891322549982277046076541378937
3452545162171552131271607978642887587064689490992782792381247828995748594486, 12266812058028520597620144932652291561943037448410568062213877268806688742805
33354393138382853746127259389868110060628837139757694433075866622702310537690, 69180293973965886321012614917391386229259144858257734796147494306609969431572
44285192736138280129100002322102875655709814786958568260509162532318736104941, 38325717798511069481290900536980801875186939384649341222840181412493998510364
14799176440475761978636742489166347624037336387469252598217786779399445615477, 68369252805017746665313156113779795684011960782266968229827484758640828532854
25147073508285610545327842059438166197496594793202086525734062337211358744460, 799649265894390761753141951637014812765769248395837021895117939428039362265
7184004664967045269904868445780072050337998698076466149301345968437579053270, 29026370597557738538853254344601220735460409172958035541048543157357122672691
33094298170141580348734004710213527874219150987582328272749247773111982328911, 53934442260478831739598482015842570907358059896400101278527834150319684924763
35400261550550330034461610155189375962077724370873511296054239247328435623282, 50587126125039974101994271898118412563016232098654179845229287541682155361360
32370182353537402563085756387915461052697878698440017510812197274381893450551, 10727232552976863282603503469478772525189119210317531129844926559609590308202
19429877249421358605404218118185121415114019567733324340981916676982477241563, 60335668453022985046918236977709134898543855505676920128578417296699126099560
35682198118683865261325633298043725921245350339549308684056680110749893319016, 17556789632067507171945002483757161695468467890289883850641864582737395566881
11112746014187904756278170498113841567979641121828402272327416636902349593534, 24726666294531692492890409031132285512831685845360867819374530747281173888251
36849071819325710771673238895739489774737675571533160853111302858741181870032, 60660731288888941187877252383914806808818570906235013619091334783724684015213
12698088651467818005931684107141851619752104360903094718615160617397229783015, 24893943988805705593955753682890552187011363544709165932886787906323162813189
4520829613746223647066692636348645004161419723657991639053281212685667757494, 73888360353714055432583920642217290972782225027161759887742321398052031349485
16531771431042233124525680166668775595330914466441707101763184175827436478128, 72581431623456544583330810460225145725439357891399121528020514493566214110536
74582275810447899361312114917099076638392125043192009328859771029619169230449, 65456226635997458798691224839956805048652565169242693334431510746956600451703
57346299724729259507032938048137698667760972131373740330766561048124325767052, 65987522714694472401988396933493862728457363895701189844684528394640288625725
36047986358226092943713970038873809532787696379826332304095508865404838161594, 13901904859276518044290858280667471086537140094621095571945418933205021590220
5182567744054585929692293962903047250027098731963700315228263584241834002796, 39650447042751369521805855553524484062415421003184266994619024679084875026083
30576110342221885884126908351540323333507694106660373162529966622208684100062, 5881912744384233022859677203468489188621249315293794257050050504420715872490
64146525907084194006614534565941101250919633546964838551515494121139083092506, 13374086091152594950428855707325654831591060031450070388646732975579824855820
44069033197238891618562695431407380897931809877343214828243217688391803550003, 26240137230022428314872791526599675168786769350762777731000215552118553782772
57106385121482609271405565191035576015265385671986645897033365011538046940771, 61038726699582034614169127651084120800622721486233444728015254524339556322020
23754921572391467475214332970385359389161664811089858719926358846480453276642, 72426057708650437143954230047611719892204060388195535726416633596493186811070
22582081845536050566475246058807648120922771929291354728856623719003853993882, 27231041338293472648760096427826588473092989552652681006514011060050966018605
40233743737952149663186504487055562768366489913586467419435963420677232842416, 43171731206539877531653259278442950178678030881449810039725404844331025544498
58327591996035746202906469208229001896886338855888577979908104697129724224538, 35156913431130801274250320049013680664901671642278429487015808265510953373727
63959690001975193053421549502056741514373687287363649118838066917190705633999, 31652170120795749137615057170310384015980428099146559931379617250406292365243
68838945051157764679789818762592909507129460490220028644015640826612256183713, 7216460131466418475988452248180217147919372659760535770203246623724794758241
4484290104429110685199185594896043608222336575805240921160451877053494235923, 65480802850473291960276035567563405041897878088221809664098934378975638912714
45827282656896218448929790679129064815688516704673458513602343029631426372861, 41314282968450210538783924413827886116869675719990463261328867140590562963071
71191952317740054193141119663271638306329508977321544073607539705318325219921, 8429158844023836785185157330108505106829240066565461089579011277364424268541
13487161702315676651340984200828192597483962475824817932703229999071786146897, 62248497177201078954228569451456959208152305301538026841353984149468195207901
30582710870574487679535263518512729036714194725889140714708895216045005286017, 67541156646401268280103417146046396701386988091891731090518688343190053505610
7781377781782360453576736895945243772779184793595798525291855207222841428232, 2503531861768406492698578310626199584913510411696837603203033940983227842056
65731785563224916293672850071104758876349221088513814538929149611077924816749, 45025450094962679076315778891661351146704935177847877973866552285858304109552
42653915258847634668518708744338249340364694075411507574653508077346064523857, 6470758744970958798287211053456971012149560065086843726282261617438567134295
6022136499804894738482098605651637776074325297416451699326316533138058674755, 38761364970698654744862548867191515168361497765102238478336790933860372917494
10606958987778459494457356178390144716732548629577544378998701887048819601810, 5458994972023355371534397167859165115705632759792232511704230621281196062430
17305217309273184279538168904891424526671761822285520398684624923079152269974, 7778747409754147086986315024473742467362659942623316274988787778152861019618
46535626809587050592784568334576039554934498364414659111917903877776771161138, 69454277120245811809838881297463304274730098840418226145068420869290512170140
64408464810653760692391716216804664922572351432419572553256235075677353830238, 19317271191256070595608856260425614430587118266535414072742633322283709181910
64885105049428420252118535748882806065147933416432792822373320108110546929292, 35172709012244331003574649579448986908965632543393186543658010292013707936947
50826576856041074141685167899744911273305464174367640483799823748625674972880, 29068628919445487960817005214649277094022839423548207944583398171737245397655
3851117585846923968587192134250070311365713763884871550655285592414143737214, 22523025935214805422833152372942320405561161069480510382680428063395197000673
25762537222014834261052231918793163523911503370248309957596576650395259886111, 13458973139836000599511360353358611913931900104941917012737225454896050662837
41847246027102786371331106236145631655092540820552489023391414033309067643562, 13942898161403022200080446235851640926554534909521999023296544409924664995711
5031845178191858428352670108530117467551625219845754395002243407362818830203, 16905548431623850378295731056371090099289620151850230418815577573329500280218
33675214792812071387520997906607909394558364200935405512387681078927428227202, 71559623979018177664796150672605897620886139751501560649105365361298611608859
76412990282005458110944873143154796723326281628396573521986287017377534865293, 28373738772678180226618488141768138941824188029742467670685445270810256598595
40035779873087527857720188165123804080160837454852805439052283687089603689150, 58536365322112366165224790775337315578355556225502725734604394185778883074542
39408025246051922988973286355823570647440525095717858776235861945013407056903, 8569465241518012968709106482021353929227777990102042325203424379859631257989
11908502768592552064382820702223979928603810966136268453567969584346461356100, 23186948106053882673510505170019908902925141716527639001888648925261699549937
71290473294447998303200130494682893918684046015249525724988592116777320749002, 56793420721016067945727553433710590393122532394156842366668286320174331641772
35994793272991140977288048184281101855026108179820569304324043401577402542122, 9381397609185920245150121835360149929832507295442569957584721828957223550508
559434460548708923999417003996410300379427090213447332343260029119851814126, 21185447317309073857023501022754371032968045918889985328019196380344500243752
9844327770157717091177334157295082575130516615253500257168697858915685875968, 40133663472111612898266932576432615644615662683092353528652484119637429998839
26393160105685268117458077536410497020007962356756284071873388095570600620939, 42361625993299635168261389372073233752398528937428091439760623979596272116796
38674050453631216039738784372333340840192160688114513055779293265154733490487, 67496339561637618814496431951903832905393863139948220209402403535127448753891
58562937560714262648195160633136395134759576044035811869572381726854839076468, 8319420265065031557012405571739262465010651705229602607412622771202744638293
17748153890757007361132411503465003411295677992239689282635788161095638295436, 6237836773349532604118309496385901592244027478230139409985461400095287906304
25983185278797349972025634219284608255553792307989066928449280551360799422770, 15038283714510610934801368952869798917867801957171742840661967146176261985321
54019360730959608036365264256637034335306413470041308064207491702303634576944, 46961606836849659677730117030976282674563706615530422190851882064910627603923
61102685587117742925401555518603416171348976261845649591154508797547936474939, 17847693201895090302313789534530810922976987112302608973573052433440646447649
17019376294077461249885921523166933625898180769519309142261766889957790189203, 21545525034678415330631930029172280875689575559745775564619294444584150240954
69197521806748086724442717991397237102945023947687345522299723068392163108832, 38308409791485432673339569088932998478282085265439536135590972587163853616230
50341964430107217405769734157698154132203905131408959151126311327335048081113, 58707583729094553144785703557097330341569128851314646626615098336072379324142
46982510746739284091140357573691541235028970239059195304053716756840782168526, 66151523512604879471494929801131732832787305574785579199343436031940841812043
74554343567383694136959474314837553288292252619836443736567104221399875082723, 74233122529300519025250543485320994998889542966714464777439009397514249341245
6414232494350990750110628207682311317287535523918680513018422806222356977281, 45916848491727905316018490999353337447789117881262516340763655447709688528965
22019198696952861860368110245745864365233047930155849897227284184069133546142, 76858488943816172305552181441285585894646494490808705510772050818437385673799
61762895533429158574255780730353655528363600878890091980154029503049401496882, 55110775989394556394870591216098820114359218991929590229859372294832181949913
55542815627551179280034561680517327394794791477759513041966063727666710758270, 47477609917322158676531390245072106432465526512473597380544468014973275228827
2010097656016382874563777505060958571759058152064442134136405705401317780086, 15130841971785799174819348897511987116363665819100893627066789470796116004133
40672346619565036078297795212106603494538292042988661798039005249776369217701, 46490337039701116018659756215354818194140859042115104891058346317275043578310
30886086701775632977566443974107474895087412486090907210568768328923460176174, 40463279044759179020241938465470157668546514819649223945661582324031978579902
12274738114087259520670613526920152139267054412271159332650321872885272097052, 2976483963174921116072468083438117196750048844721431013970189300637504093367
53931365950917566236444413765760670747413729712672268502937765148328555721341, 8318653683243355014623560743605725764771116433373630684675305988959542234936
64465872405587780229358722984748412867433299281676161065243618000071235997749, 29258588896211293484182885376775783441938909240195020079244748980589646185731
51998264837624687424722158828412442675287219126894540858139092463246237061336, 22097263308473914932954793587255081835099402277721721753383280495295117754763
70201806228079401559724019636032956121790353713678118811667126172946481460366, 22422260518821017940818636702331775257279042117474448631289135373206925789336
55471791790853803466416724149818288688646860411881219400901662425912062444647, 63925199594829220449834196910306311912906798948846428318343904145076458069781
63918180528880637130988594917756996211098345322492602874274505236530580943060, 59618919811299815715057049102330186349483736219047209691382270198421327923015
42669627759508150954083051382215919981828561781393587342596432262744691391779, 50129203766494679423168046635403906993397377898905842581605706196770447195234
12372449418101486743792020030589113127601495105063322680970740494662964367416, 12280669294500294996126332259297186074269633351661895837171903227420228934495
37183561946894716758503828503085108565071392443040199297403420836606071383481, 51163532758272179596914560114575942668261967376279723429828252666682753109873
64122467489561353145937745224844058346263970902093943052244657039639146164530, 36293116734309632334999873212411452503330815390482892197126590046706155408745
29243725758116736808941755024409947780170728572848554542359585997875108249468, 24287209716062340361387545910464530374286636780075356779460322186375164716549
27112834320773751466726467033805935101951437867406759163177973574025384407946, 52436878737119767155765206728366485041422242816067204501728289647500737227552
34446782451715804021740046606150077838476197732889370239441845621163132250703, 69446673277223380860468896422814205614644998284849928688746323679168149571087
3234631595780120275294638787178258203726778705932894990681332134064914629016, 43655707762564726836119100626452080945126661933770780351081239478674134607498
10820947644872943305004869637351062966354521108302814422412369662338703196596, 39402089301864469991154902834055617299684435079633998463310043209412532813274
3403786011898138351951503143284340234304846330649236056095870695980090994681, 11699784184949930108299818518473534197183787766053383878905471352290979876524
3988702670513411508891433836163672278975851968174522934411598934568562378797, 54817646025976234895525855792139367560062199299118502959806651186904584407250
41267070580704797739684894788935640544991518723986678318873585505599574268286, 56635252418376565960961698285855640099999187442104817330884919572593145495701
59590411978018546859620014472003929570641976059272424701511634349914834657133, 53026245322028878182219768006338881086845956091120010684254908557773021967539
59900722099217879443642223462866999161036753384554243085594086199949050083843, 20250798745280960917281791923596870562337070452862943616255270811841978093274
11345291925805723017133348033667381791504275499435935868583304977207339736770, 13196773680509972061649631375738266170009322556857178615372777967446766022280
41937059931374303671019939577759291070217118149621441207703573395881227836694, 31327887152785650958375744098121761326629023827483187195524066643186563840415
66973999791038364751450066944660590184348893567283195442799770256338629099402, 56193860046990488881261595681902805436347630862960385422827197826648177307803
63347946820017629326020260134124793486825500900413796863266030534271812893186, 73315790920404120781775993874412273797907024780485102684412380102763807372115
20093687327516156448320107556997404189756211541407711646016115285219712878267, 5852924828689922465534937053888664363580366583001177560141386407963244858954
64866665062148506307471827377246829990926279257662934811063789728298466080326, 11429588474756600405122875925471270727948569373396969834106123392431013331610
46023370665446761085850467536555249646230277833322547511387612418721273352802, 14968079099370523027240994238566094895478456782915591529602142678939828617159
22147871384466379908530539562109948118791381867614686412649718930754911511047, 54731482415155553022768163573027380674612925221433109226033437848214414521615
68136021045312330589091356395386814030771064219262411764257859802224850235663, 51213518094379599422357914426644372058082884764131058737864354508814014184916
14850025901496583383600291292800280455769053540639902216155492677197469737627, 52643078315196710815979018433198005879432058099141971374928570545670093047862
59934799047168054168019152593528803589721249614443606377791183105163298549600, 35009914483659960955999701313686757107709992477523967222184023452594183277995
23149164026452831862139467199632047322655881392869179372180016885388455570680, 30350910999769924200922187579053218695012170686273602341863697140300681846381
19994622517208060106511060381798102248472933995715684476662577895182677679829, 38687702322029709694979516805942151934806800317459274591688004889003309716948
17767338305978988006390792385980572668736726697324685610400133374515996005463, 44029185899166220060697353167644674592243855613304775901255401333663592862572
58888315159069005224786036955427089779263082015172329977064353204451552600354, 21838389272478039054686414600932494138678116378157214948407544843435593638501
18469148149146527643290577887852322082298185116903851885847239975715333476251, 61599181108661622338047758802722752962607767313444042786170379416011899403901
15011203683101930918507130756824980031948517665024391970733907057383638500472, 16244708251203902152355775719240042390392979988600066465422256933801748809573
69518423355076877241589089491348534198400869137585160227756010680665888235939, 30731701599508661608068175771115534050135529619800984632379350430130053433281
50299108978170224916094358234676609568717282352674230647568502054679212878256, 62527765504604184941125852756131303727755112592649578423130602356513309727091
32630152446377412827976861367998109779314313825858721568339519161119022485557, 34125736319743581585635398143324365631008774958542365500284661405680964760986
74543470505411770087000851972552006074808072518689523194158877486258784450462, 54481879952090593888964198833360425777260061678907628265441568697529992842342
51824610241834148037969557407505356767207655130158558929669547468809374920684, 3605161805315985518428894937972604228874295393437409695028520370266299934759
54383805922632231369146899458391996443328559361337474519723706091936908798172, 11604925039675888013606579741962984070608234596148616679231815544376389919045
70282433543410033988773028215143835627513926079424465168501198119481357746858, 25298668249317864861578446415845724215625970352094391799460702215518963893125
75286672091039925701115536875410870064774581185996741884192894686196273594022, 37348135923511318890365718106425467096260274350495861362132037756385387982038
47674552670819279533637978546396228253476070462361668223413925485269136936551, 69663988756319474652775837848284774126190343776353265581262336760708036730902
32166676734645289868785700634295601311528348134363926632496053698923976907464, 64724658550281164904154644977267075256359047437949084074643417646172427748630
41113569483174762143104692762709557256537076011700979351961792124383520908852, 14757612958241649407027376571482126241691122175756875038242021221393782575378
65080030668731824059735335778977334186034705420291935282480085955192796038732, 32027091632159031781390047687618319815304393264943186329799277455437678102699
44544691620552778597646448196772168293202211664908758397832222983583258177367, 59605657257237171200878572627380204860545329187606363243348911198939625386558
38196546184645666000307842431305010582565819786236700049580618291170895379934, 63964478172998461278154362370258128305744885025164072353397963255081811654811
24948140171305555981932841788151423146693806553291039678030953902496148390885, 22373338270023002437378202856259581092089181948788908494744534718218299045363
12211389780902872589319104966692076157385753711833417920954403210773592866854, 6232761368203767939762684220598515420706348468965668368960496575142763547667
29703966783281155056867942335839089126275470592138875168920585942658702527622, 40934026480240549621787960497229129778453256731278159119531618476953456363264
30238886887622377475441248798812198104885735092654951845749087486135856790510, 76474738857051590193585037696321215650370689203460976317483741678958692610314
27755620752150700592360210086577687862680542612157270119293577493693707080235, 59286224755500996355150851868614113916401654584484443358802625068832585783895
6108399197463757641233823200768491065075453874990686931283598377678907188060, 74467848355282641671060085360528367167808726306482504592919156972836422302975
58890741128888036778000260837405950108517194469917862557272475668766438190422, 16231665040455496623431587057666725218931338470942759498669973754644822008537
17245648694025679913129362557680180647999449320092088751696622327093256428684, 38274822793850668517712950524385660027700980414727257187807598707388679843482
16540966683896422198641054749403421698480135224014509055257337794719859109328, 41181957330516646536147604481989045109732257752092059319273918476302374365271
70919019825478210340365081560162188873294546745584301119520536362490503720083, 72892331117547077023602609055374885187922403766534532675562263191603851270743
9616755164540306413984147565580720681062651554122711418761609085963135317887, 48354989104696185074854319922832771856045628736086038978006364840117734753897
70170276857788685080479447984183353772649020545265838336852351141742133072926, 49905695715386868420784429404260319848052365178006049355896546161193032533705
53422316920075979260077882305054831576434586909864010294814533089263816210168, 8309446396272184558405025054568821313770281347238240664818582789832170326098
37203145896090594604483064079176622877738689854057549921436885401991047790718, 9193684344064967638954756383949706590579444669534406071689295066656611996700
38359085048150018905670344297735097194521413203046908974624776047887047010971, 44402450014521027569540867259766194827416344022990934678505730856566158618383
42130858409753332261986084499770837444165041467406654933204487979454844789604, 32985096456749106731122251891026186145028793275122186025910061512979790681175
18769772204728098919470139708753747007157224169803004591269472467434928397590, 21885796904415322565381654577509674648817214434829796999581082572040327425808
47640537395518686716608491353793572118321874193618707254181818938892325433569, 3031109057462675866766564832858362184883327304771048389251152753651419239797
8113204907285016415385603204747840084854574076434970300841209650095204578502, 67208127432839220592244260371415737069969881230678225923052416995355898476694
75009410009752127831002850160891229074422897802379946526859261585713484681211, 38124390029035869371256051747902307433970925845276810320157865865021227729714
39263627672502728613652947084827485690098033471794954166618515423418105629153, 62408763890805345597934196015434982510704429624208597216854859344434311851830
34288767222003442607432290489868916035734659161865103464240664660797507320425, 24876970366779596316259330514312364787876764977551631145968972483074692404173
74518867895930328713664599541696348279589690412326272789167944492370906803565, 36594348835868662152436781374328087735086318164466036195176822621502929611525
3994864695612299175989499172778831847961605732973593588407328062216997878290, 15853349016525612958768717986176897506719403326258039000226503541750247795749
42174751486886232324214524347283414545775659177509336322282454478068937288683, 34190298364142211723222260186610142013321732894164545822092672043865371056362
18081589030649046615591795287801486557772214594999913708971399665631833460913, 8911138287031478462157657865534576546597828394064336660795465897149610528070
34376508422415641724812770241415650456938971812761737620971301085475445121843, 16350834164998001690857665138449173169904662061125999643822007520224982402130
66543797566040426124360031624422784235432196051951045491603890903838164632897, 2506107225180649224691057813745487926323850135017675742195561992835170295913
9257712087813739962579986624398031125926598542196210762239168085513522293825, 52447618250285020287856687470675711363696301028674572194856600247076927525222
71910853315120231879252814928429850697879933589817054088141544012551734494178, 38282646237752445490040359641722745848802188329625445564408602111650099605139
45134527105483665483110704196264602561468485953419055228613681896087707487380, 22533788279166512820075286399546807888681572633229833882448424785766575611284
40726484036398376720758703096012815307901356095519938710614767710919208418121, 15576953348240607940870548620661910408487268259481598962460886091889728771339
67420288491440642542631735428464694581310662424834824679556366619218644047735, 61727130520605895293991432665389114056814540504620663620879399419076155580972
73259118688416485252719998176166593967526501142211670250695766966680446669970, 61434389113868135674486495420037947463759368611586422464020685416400474404001
11375930098181892850047064361815812369159886040703992477050645382674256969886, 14923945673204043694606610992497677134059033547027630619456473781557225233208
60866732934382524618454111856110079624540537687210002359760935764613481305727, 55906933085836309811286792068061188103926257604726886933850033294046308672550
19227406881076268184387585493728590621622019363622136752767243738576755423185, 59316633084827889903027597520913532152842719983449034580099927488263523693695
40633650182586138567406202619022100948454312927935494146663507157911649011834, 9189349402587539735711058534850248688548495295830870029424236685246157356558
60206174372594533380839778495130900480084307804679533774042121067763145183792, 34445780055116910292390602449366772017918452172338254247983009052254290649834
30607075290244600412828898613660637778290868785406644083852978933502393358510, 76310263393811059004545840204786032825449188204304761857993204580329602722258
21706063866696450627547347346136632306301884886444128932786625413948417081392, 51020102674520048657533499121095763074962044675885674797642394526170546019159
41373362904401189228022422361343378887989545592758973439709032643123598634150, 34087982226130907422982476719947287091846791728876126611153136115102010920409
10106462694848044221608395351765921809949124676695612900419863544033438578181, 1792012553012699877952844828276031723520294604604758229930247582756717155333
46733303753295205270753409855105274309614291334192524423279663110416010942429, 29542551183201676501973479464621586402669854551872232668795120902413000192341
7990091967882583054271910740248800039644530575222395347878836764838780675354, 11025734042567366678873123920768131702323129607571159516560809573505948235978
64077340730826429105526756242958509909209381628231280350245368045229533976476, 65643480166445920050311829880546377630062195207386519968096469943150784353601
76387252963940603156413890737734072915640661549925511986986240219910162308138, 68991336702779880401608018491599685709993247006979449960614031694166398208688
46607048087891258907171179022081183972139440377359718827581131661828861553654, 16582373502495530826078564158003527354072666143348273591389747310126022289897
45081411546997339432689709203773658448732048627546958102931415378005941400644, 33279781175091649156776148897834936899115541544474744845298639780579394176576
6254030796155956413814407714360895360271744572444172429251721448819583460268, 836926298474896609489186347834964536702972532656649409736292111110503644100
7309230136688992349244168576613007929370389827896494236631045010236538208931, 36048558265493712349313823908943711608941529347299471085078166011896525594581
12045364092733140998576475295852621738808515827501713129375804893835108537590, 12232144679555489435920260545766151641307311640847200960108807355432351191092
10050433546076593503584958807616604136362762053562012119380506287691852281845, 43328864714431133354681702163960779221425505560614104146275375433009955070374
59167480553301107458335133733380552541201150829249139059344323642779596196969, 43963825223306899022075924381203058434658510896985807146176775214831817615614
37015508977462313749201720870203459006102910557442832005337765843522042471867, 71044254835200067699584566450695711714960563305999570155038379709841856310965
17972488484794680570541265356812578050334899973824190170552353171824926106250, 20081935288048865592144533038150597423927663882860323254290362238996422868631
76068484507216690571344506088089892099169230587038475292457468074067960461030, 29301895744239593752811553083437850720898757997434673625121156931001050251999
73461057168042067333660127985716837124973698237970001626554508256563504954113, 53785200119196618840652429389626437919861894902994604777742894469625372507498
15716925456715068786234748356215287485190557579446791733726902410977381938047, 31508464701364881501148574193330907689862319385907576982302389421163270762502
58515290567180342076149623588538887062089584807375520098289373222734679694971, 62313508854708034416084969981749130786360694009522531722259280247788087924908
52057411177054873119229461937070160428463382110165263954228275446860986193706, 23076725031930690657422804195727671140323227091474120050459318759532485413994
20509935265821171762096105278831328921998268654966560229074009996297861558918, 19413046412012609494059795137959967157794569720971560402946950734975660470642
14406985697575690040145252636272242902250298639524593136318062866637142521689, 51259913871517405634402809111560553538112488528029356868841748759484433697557
62130916811948629526774338333211632301278641763132973050290955431919176526838, 50674045781770930796420962096277874746074307942011699798650416555747935712579
33222010397261039648072602972930666507379041412260905688140028167929306767489, 9020272497882528429795979525324305995317206198896491937571055441726288816271
44315319289801649159927680023254129543007941132230614584142502708068717802492, 59626954331735089857161768875309348219174533904493224169757931909261282406310
596158363185777056590533154351972751432388189414023404620488735194431389916, 26513536579674830741125990271911091347965369702127183026345882178305899186006
23877651424397477144988357303737638753724966974346827052386469224560801738290, 63755378437699664820054286008775249100042126742052807564977443232985660887281
43608355489222478678307153422410987614650987408281136467146294784952558137764, 47171225355905461194986708491333311412353512225253801728515960548209365318820
46569246330578301972704696009221671860645558935587596584680630202828635653096, 60478586700682656479190959307578939327047992146110976835995549325683169018319
33714093175677877756642389821498979898566663273126253394012804022173715025197, 16246657410480597819523407347272057353925771208987376577638371372889556880139
7382393544629334707491941449012558934306016648831189426280463801297781642059, 24809591876330825152996950381720513314633428635598124966328871914723444948973
25939378566655041501640821628475466128031511672982224919731241218593658419797, 19531634613614517007536158120841719898697176990775268211434334167128061946899
29114247916602295927301371899681095667963804623620716007597310195444520122022, 69467407165993412069752064772710044769185132779174179059378679061950070729325
39221349385057105401017630699031854183371706300879843518731610214580640072682, 74323317199624696454136298405717874183429519527171377308550974111495299430294
15772583518836779464497328774567908288092733679728434864380273471814282057596, 6056810649439517604652067133425019723999648377610214844672002712323276252806
21558344865448984541785199191546730703374901889844436666178733750314966237472, 17145007420619002284148747184704793336670599212014932390487683358725294567262
46546105183673740031770793987910665392472431451525167376641432892113408772784, 34668585063549260946246446722734825534979631923155369557423531646939674239436
9775803843227030868165188634680529661856640176439534017149318232951251560989, 42894620659287793069500274212407779566534713753220618383391538060950251788577
18027042401301535105967774951064269896602563187112734043673106676809651683082, 65170408142790745875755312717590870408936514381082806710774449682353636806141
12701433353226361853770838847328405959393176117649146454282113527114232807949, 4565105334580678608242362402398950787948138595008430301260301003596071010783
66592345550520465992852316164354457835499597998978347025388529758288365125740, 55594516679244376691995924167922182259162944815379217771987594573224303933801
29569124951448874668837196429608823357647617759221496612448785778321378691506, 32408344921758384989447223174505628147682097492844027080514310509307007293785
32223285038814400743425846419203050250055918179971279038322630737930546187361, 73923228530993042261071747551971563568568889260938085010364230500204100722818
39989858294228929113067918026653216710026645497916754060680161265774214257985, 12816020373766084786715528872480730547896334137338225584203283316488063861017
49558185140062750157677212568662031442272410640927753215177307179192732064313, 52438033608445623372370180501139790542509867951734094324555148168414523457540
9126779939360960264655590090216505134072034744282380700189797114102826219569, 6306586870009155913297358073776824812214365664895541915751568033439745121248
61334965851249404523074917950430047790526029656318925735333948470761075210350, 72029494571337557437575545552211336855877786863534783906303636404073485721685
30739768147903200817306000624239682631102992961979396774592499035421330842482, 71888129659638868301972268095770667419734626681734747317138728397669796965459
67590786622010523590975780135798672773710700209983306500000085902433291025083, 45371247783134321034894560342919704813597462679390846926199199329572991317376
56772002397997000006858688183705329106308901233446009468575466500166229760381, 55862123043667927500537470487244597373816800025210616069057774238322613085933
20002506158964479314589504718866060524278130048623538526792242538182585816281, 58103331826280017762690292323899830734791142753356419275769655088328333351418
23474988968908031564606745364160896691466205567614024968095218560589904447740, 26928732419499060474208822038605405463030314753079716873676299499145768654317
71108407880168095273800561199540634205759638185576028904332555353845585469353, 63923914982132157065442240720194481579607816277912970374053784177671096182369
63748125467873523932625341593210855055202821402387193780987463579997469475080, 5886423304146272473236790762372841544296208982550049580713630698521468680492
42277553611688916095941441836441916893465637294218939560296833226937626867713, 60756177509616137491177052167652165743823425875117535667813085251741310598748
1036424003033581852667651132333724578026195097173447008984197509570469099020, 51012435444811690129882879430433836470860720367768709361186888957412909616073
46129321563634563612943956361989930440991607548731300260495329598565111520621, 59098368387404309057876468685181134688329755286840531242845489492645707997656
30147216754267688908251682259639533224881032298864540419573864334323404979894, 5254792614867077457865594340695649912299231798360867833862475649657893737160
75171132931547796659782078092797895543752460889172702761081406501210935067370, 19399755435609470669204954208922932229178198038378359921239438092839623574779
14054579819399401485758682053454107130083248091494850963185692283478475989442, 26382839265530074639631676184243203705278337286200285622654952027752883695820
72981961704487875833100317465047501623885522173557068365417459081838174328220, 7042867840300689590513710492933957417250530492206754717672052016306909886355
69111376603295647407163505014313109956606847293468337657063139894668490099870, 4236118758429307160115430551838689205776875533685566900836915711053668662744
51463625623547341791812071634042404774205484446072946320541378191859628652081, 65174016414042700997026203859667890398257120350865754778321954882174880076167
17695801148007335358435650721904023611372491307515043863792546105297202441376, 73317259397862074098618376718296416513233590463173776803017511201844629797160
51640289967922709706372391891561056248156575928555324409703027010244214149004, 28172781153829976556106757971445111089745630211679393132825392071605225648786
