Elliptic Curve: brainpoolP256r1
Field Prime: 76884956397045344220809746629001649093037950200943055203735601445031516197751
Base Point: (63243729749562333355292243550312970334778175571054726587095381623627144114786, 38218615093753523893122277964030810387585405539772602581557831887485717997975)
Polynomial Degree: 5
Polynomial Coefficients: [44, 21, 49, 39, 39, 24]
Public Key: (34324754121079874708595746474505210860151587648917761350936922777341781543157, 63253054334743057408205222147785569976814727117620606274827938214109579675402)
68197334964853798040911462484322424454373815359983198848436623843506743377998, 44264686487756047525913641216311730124687937907463546508919859651996971628209
18536493020230808551580512159560516022211872815804685308585737601819777301640, 53342213701392296616241072979755610529351131109614244670123423528619600244001
1869327022831858476068189485841981240710429124288934429643503160882614489967, 69870822067113886562741212807959928550964171926359471108012494473814475440337
2227740363289219606638382727835734832868995809832525069097846194407163214652, 31316934048249756334577516224828580255865227221632729189444401920809857919096
42452010407183831837585516830202121204377147754649332199699201459864909711715, 61349053655026843707023630011377651076362984980180539988863953589892999710080
50224241325168392016541544698363009061578866484985464210673941170252723614393, 13817544282281169069670383104065380748357264389472144074253068202232247191857
62418072524513675595463185136470226223982569300126531649648433181821842762609, 63977251652695857453230454572156551129264651551404092918567760297110734601399
43498441446169970002640253651514447562253586100518874466708176416999886459374, 388666807789448204966717861587539129554202009366192112099609057459017171406
1600955776721098732964693779824122542866785894524037766898634303483431462940, 26626529952638869153173749316703274535203732606748888291108819258576241851787
60870627983098588809657288876655413422700833919323751691878987574935576952855, 55893874709089731476384239979370520505038145759271598614932706199952532998466
41003094788013389990115324303312721270477115516294357599221552523075089166836, 18404770791024590707169753334044546749278655035424039220784409894995957354386
30721256877610195388202084546588790412604821818235607139582274227732120787048, 69914372678017776740636700884983374020673290772850614711997097073125268724698
52412034251061072910825365875612681187453037667627506641098438260819849143243, 14986864704445905091016964777118270134043302639873866544848835904064187392944
66323584285898164009418796260616056778234148047541045004378906729504448260270, 40861128110732103054408347605442589294222320086616187693267553633558843564897
36564215982576962655927680965272839886955039719256566963780254018676409374687, 66480584772453350513354536985533919547682734599785820401394140551332562617575
55763793695511532179472043716367659705454993793311103700476866201320639987697, 46675337967309383680832764264480397039273531037107168471893847058101184902768
13913155991544955334896531830587461819806950781021004113257537003339140565884, 61194282375463830622123484499054617290688464239517350412627002561559440009781
22266372749433562347550530783163997975435269255431019609140844819210523187097, 13111796587474701665062552900391248690486583271713640352927251231585873798086
68953484502398882127972252585907724306271091857463738175257964889383219933058, 40303479481850355569479391819891524201620351568661372444540792603088337049480
69509215790340121435498880722958703232624831122021008172813225120785850766239, 9715459419671321212559934633595384499795630455401867746207522787504010171698
46396399305857853344890365348577954788482490751700918665714472838835996640419, 1681157882335007216035980412623845085311932786217448555194077907356866302964
59464291178260742027182543517618244617964488425256669905858798061410281187704, 5511440866196194751581704556598881949009834617721038303854202661848639802369
51285815240143145084932000214168687174792328700561473020955537359900712289840, 25336586695038956501283006361759108176034328841111846503565801606521496525670
42165947791633288203503371735846389707177922851932816073373227119770771648557, 1175667180090691852755296209519802743648934675994460618237248912772038578410
9037787101946850749332813090155446874770959097529461333543267704026849503823, 74023357093327034596343921165954061931244658984230114480252404056517299825235
50627989689120693191529144572810156167137564466102137622648482958615557046613, 26116805363210863232319365009365327181661682768395373623666780918454982931091
71817649015969998517299097982384254280187663945361431845788860564954902814508, 54757656628676386321330607818883786160489394644732947361825111999199312378916
74877484450513177304744505766083580204209816294446738438497280370080691810162, 31090219273621107738086036954394296643735942959298464262514304194768693719699
23481536704709415473772940905442989929774893324114849563084869892104212575198, 42534800840552414714493247246698402554739528768872180279668296539483371496280
71092703161961823978836334214987184607080809603921564638473218954403685017662, 32842678005062430049113706106361300897022751232683336855354655683409975345181
38026088207597778036093230671045433382806554270574394317000324384874151431340, 18984672878755614500623377341334789587024157368687532730999934759562281985992
39999322595043687320209454703282896778638140412515800233665360123256201778221, 75084697234128813395678343597660644574214400064490135631130869248541212669220
3923587873750897351327757588202070580321176259450668771323126016763039395233, 57868122873103447997865765848921277832087989225817739416223453872707715246996
31272447651435032687050268600752152696192229672151846618887318076361564425011, 7390131313273102141698207179886539326165397754673339177961271347060800754871
26272138276158791831326182149472587410995981388106474531035281928572173937801, 18611741028579307665441469624576505578783719024155743628942146423301182075209
64613080999481187553219001308815103899495212315318288796101468285563952906240, 30613866238170380149736685691278042360005811939175531079975485274357107560234
56757431713942710760984077009728765428660805451029222030047433771871626015719, 15017556917153324547613177225702348174032067790964664597420434635061751603593
3520525584753652385334148377187890193979767388418842731145994292575429453823, 8454003539335506287870471442219804952710988543243621377156659264173150531374
5435603968892696959472532711669265378231309716956511973479161289780404593699, 50688433475208703763253992156464087871242742430253214547542158613696754274327
63791197294744422227166435714689903636682485066956463264334401960240649793001, 48509332534171899986468224025244461165901335534637329796936818977247925928846
36568075540985451537223300168287561295693950054734770002700189191964997808346, 47826526028753092021844497777209321507197715172089775302426381813035354350076
3407465433175715575304075784461451646494259196413824721834267917558133852040, 10785972159499637731956755174183724105182871749658404633776854215918059756282
60274615505844413146626157059177136676464374775589231669647518813016048136225, 60630480688786328854831767323559112539749212721759900711887584216579346012676
42875962747591962890519327215657593831365797616104706709779246143324651012420, 61041031344834628966394614413495616973442711317789157270397221365942659539994
71779176458647655801089861380364316293760484116200648327199921285144993460598, 60334218471063292186713565455964495280955013671142061909819124896169059860400
36834750239916022998497326637126217182391563295584311286975348416769003711697, 34606667874725094033663578716775616522922373053791444668395417096979393497698
51276794888132226865538819322954713731222471143938807329849635739015392519280, 28655914424614140051777272732237597639810240920499391110590067061852788325369
8229188968659052811249038522092445051752669179974552268613360224428598360249, 70308379001633712535861281852862334410414931981826958380432521222875033187475
49461477112240946066800749469598172182366643221550703376494494708317743948864, 33355019233514013651059086753498500946829211760142566176255137113749581150661
39232831215922623628452875943558878092160717921259255644068877206620522381619, 26919297311566562201539789018552376597280783338152599362235053686804209889884
26232279558047684316044340915010131448510889764933073813401493835759653875097, 7488235248696894584727704383345461347944144017837818681582651910756208852829
76154852748105039189235918095021494032757174275420929175277697924209990790438, 17422838266032928660517225056539729822272319481753110517138900226076561515353
16330356289571195533911706395949361475302278818629455910124263354904583152905, 10150473895738919775595790863489284863734793067832143833869489547152124803933
49017278796267341594482220315697377872871996610536213938725728552112539400750, 31237334888128923630638819176663024502309538938580185875894744260528151596647
45245011802007535736379126913949038406641870477686527845640533983796454014271, 907184181460875360208688292712190970214712761104210314915747686862986790242
48139930598650889664467253129152354784230247923770107520217650502783085015165, 65483603440147071041715327911994160218054721946830616015111115119061169038892
70039251354967498542728128496147342643443043238479421981166951503029671803239, 15081447598858352337129338344216013421431410487901505583130973314623671649797
70354567418945801649415893941458162940749946764344766946053981911958436489636, 32730174008739419212436886835553214422800429555783183016367385233892341469543
12402375611414998273945204438212367261587181407907647893282087242971401906761, 24171140525924503122363668583778516474174736099989533442546151691124011741197
11979966117199420723032394192669094342698086564629059625313474751852611672470, 29100763675378576759987834836015902357976893476619323539557869639826282264964
51116181781041166964239820223402470051753291489857956456237450181208482895358, 44392074040716492173202197107476860774801548238418053268394861031477276025534
6574739726033961090631052654412472928647079237710799007476215307018421155663, 37578396097873127993833271520274761315794490963812860793846048887898032037961
46952660164740292624928219609807745878075528287203854447616049586134408883532, 30673156205369486876523891546912075572557399045423585144783471995066544350620
28591605665966307214823551226828953015343676085398289082320805483668863050104, 63791152730634946939550241648907440350871018552385665775849422800721268514314
115102160441908834946816988126386197859313843403571376289714917734346944552, 54866857351473302788323854776408064219126828690013038341258311136280670652587
8431143763276121713912420099032384204321875361640604701506206238858726876004, 16750297098289676633879610993981681330678863349265558416641459847339116910481
25524679662865607863292214553426766738157268517969086765617783520335095788223, 9228769397339573655683828373952944257038495212656914136836332715876007993867
9494740628382730260778291586320955553777716279723169902465022469420426004823, 71560105291677874255991775355412378066033177246449657944590978080470093820771
14770341763807688578764543858309855347079600133667508446057722591967387412910, 20415310145305181590364086833518080518844292055787270621831873678966306763713
23589733286569020308579352396702357469109008083370594884748614250529087600155, 23893557406714921513630648033913513290870868836604544710134556259613352940512
31642722224850152705889573063456649845099428283889958126439098813060271149943, 28861196970426059067337481945545387504088722050534591265360533468387309556157
74554750746102179009301044263073460098379030028946281898917249072957111550605, 70582589047242715166912594842877103596828973694934135277626233797016784744266
53117509864139126930713411262484470279773050039651808339077954793864123025651, 71566527795728541864399748368154635575567888340350627317592390019840745101251
36950780091341591005504417141413360161212102476028565733825340730059078943780, 22756502730906599867568167026493946909002167797714063514562044965068310470720
35031872119353478687202313505492870163079644628271275816536769032526054792029, 13826846213406927753767754822464970980872458554009529753444800826640777342400
48088908236189005152510159794924641638169547421681852947306333362855132951291, 65924154052465142786109508045466198973858281547587671312119270440851443991586
35986849632486768475283556579357876960193947241997335891091158984730652082277, 22164102612653171601903193790347572434329255737261555841835064176882306356325
69472781770857588028302536479961320545932417985744295305985558800044163122950, 13390450371554395180851815624235916416165920087069687404284352001913912341322
40330820372229000445105214382238892304827024180718212075882141202057135529656, 17283632766531934106611113971691229641185824678058772271924207890901093292899
70418244459533290048040267815571302157509037521485553649933076545021177955127, 36497408461929521295928925199679961920696967889111938650761064242612197471319
62930083421996228596573079095850648035405145224620866875984958660581215395723, 7926371467883087293573510034207859882267989267104737276203629212417957831121
16096009565850921706578730610187189013317331152865579878220046954513309042013, 52511729419382317978433611887847295156403993300964724317385952563966828177918
76120636415300652590305498615480266786629602568867643373536814132916449524456, 46973861542584766358323048514603793117820481384806654564929118197699051426431
44472882804163260698190079935982723145031418606306203666053336556409330056139, 27909156576816253978163757592314793988372887691004513299053988921465383142821
51610019495253429652685754162333357127222734168321685307259520525334385841794, 37586607373949870349092652031998136718337412282978686485113444396484704829328
56114142829690539127825413281593141046373919622574782888045485497126789535901, 23709520741245066584214813007218816285249956538432131957028480641104975791086
36992303327672555664949282693893505995546066923991945917428192530006033997831, 65020089551088541520332754798279521806312811285271486374525191328771801644564
34148628534407734004053359803195479498675661736592913308345953081730580258714, 27235257156813743165009993968008070780729487904303663883028081541201374298799
68875436195187686871623498066050714484581082969761371602627827826129925766991, 59910317083541840485258463506683807199758465181791307961219132163519501083445
52170783952778461602308205500127480729013497247923712995930185340390516167929, 40562354299897874765132394398359968766270270948692467316607633288429050380304
22706402007770524909161539612368798275565997841420260176210160349894619665032, 75033551118250071833835988246588261506275177506893074600027468824359161338028
3589742976535456162815496387296249668118009034147457459157793958783269463091, 55321979107771608898952804677935937671423903474401637059075141769621343277580
67076566252237930217234719479887873982736997645369109065354856941614303219362, 55351098043724855302607061279143846266461469296614741051365144622068845593492
40894631188161072773478620908131976664505328271699345766656236885083950384954, 53089025933425001384013440265705444126212144020154956441850162320537687919142
24766698145641680144386434469771645872251205889261778835063482479848260055021, 76481872207850762522613087621797006861341892980744794584950883245543632402405
832873457755824986451318049217292941075058400610407496141954987695150294268, 18471282942022134575806888405352746656787313752232549837541081872219027058966
10619567245065646983750774225671291659652191372968783640166599046998037026926, 48298132755742550241028578514614917582628882746102595541335642324786641713210
56611706816622673457232197931845338312425183310476704603358323818219036968060, 7534879391160610486646966070837124088388129581809506237496682649225239179736
5470293754845436889880712167354856007154272244695200330250740016026570880730, 50385632672564900965842511491707802460812399387036320228661198057373870342204
42120547622162114742610555859160495736559694909682717577847148298901549826418, 27416458287797938015032515530538187591855713179151122611317577399532643585013
33063380478520588721744553604324978342578639623720493216849695057562951352261, 42399050464645066961802229474287999917973947828625707428068994776403464290854
34251962671704342329573184922353654201401536297262525958775355420514815775400, 30433644914601451659072342440178382633503781267976399952823840938165806171007
2025331444912748407188758646723350689162320610069473793542169122027604974510, 6012460538500160413921695293037043657066780213064349181055506797300028796749
29221672172405134119454072421744819312426417549190613063830830943223987787963, 45762862149279557895506122359396953400288636552651647082405112728269428774006
55108953178137892688330072012462953549494357007030867438420868267973316677451, 49711021501437329710480740596231391008101836257614529432246525171533645570255
14407048240461534893643346074148491745663519326201499061998230520673350912994, 72998647906180489886411334351121640512102700671087537720280320287629659734260
26319995935380060028452626192929228111475798642205840883221379619456178430442, 26304160699908117719816985083288168728489510643757426648296540567784078716273
17335050188288046685963013639757149502227820623280066779100570699917434666001, 53195366485549743261639365119091615823486928514677267186934480017755646799798
39886046601982602024325114070935463243846953338336858427164810667749899613196, 67305122720504107835495073777754987043962396885206028917749814531291708481294
12962892563197919609004976505471674985572154998803229436952224776345531930216, 42591007527834220600891685920432204241189271477293069922549439625892973977417
59202033115898063851936377081748670911666752053215332859119104019816066427716, 26546120251918776754264134076719374553764711403338108800737957770568675510457
3607030275458997516995057025815975928525530417661700184059981570185104408701, 64660375121235368327081071156421667677246627616886930710950544893785154090158
18752318344233642317031724155313372616456030799030281318060445489412118610150, 17058137744139690035729602573040640294062880794363786254293039985795179813223
67704346701111173731603390992021787481125375531956790007156313313096747537865, 13272255561832176678430934556050634368488777578977011470350503082922706727623
46721440549247378780225808489578294645262983495422496087507718051552449945674, 22248069543333170959268255657775078047412719210619391825608952024087221457589
1392757845269908256570680362543835099745773690295984903422002741391681998791, 76419044348769284268846147831314076172011968974624821846690047297148680475778
41115421069567904790969530643964762767796398974492713419847667227724443579752, 42074941171896347804211115596249840507029989095183077163889997706320307746779
51884995644290834111400356100312328746094620513422650409912023985198249764754, 41600150335922081673497672793669187958582377188503229222955371114129178256296
23809336225315160382539401007783197280467534995416028284062110372962153707455, 69178472326099503181303610880317899872791274733268635159507360632215284101424
72742709587321758554150411224212148459526443626392872432032489377963433709988, 38627099049252817479445595234174983813530696598879659059425036560980464581082
19962589222799021665826151398325685702772562974564844486967117733337762909264, 20759284219068384321336227003266165264724594361653707398099892593256119174928
27294737070509323321755120792385693974424782765508858793871278165242101265786, 44620221661528197677353787441515077852452114040721656935213574351549392765989
11154396357208546444933731268419911170427569261865141010001705656473444890532, 49170680598336533499925730522250130034993606100291484138433934321813933658871
17149590104182398331944978767131014093235600564470737175422136459840991799325, 43392097270349430087862118630394998857598522920359772980603607851297899734404
43479493106284921943071721472832841730915195597118202603161321216841464276459, 49731750561116878448602649378454949041294645299165875237239580094689887210938
64883512203896434485261187471483568592415385579158072547740932638602285525287, 22511464237004391833037396700303638522095196812211300314402034146134921385981
42261455263671124061108484805988020457473461545840120571808928325106520219496, 15376547783584012630370266997687467993195236224775259952546906640896286780073
45169641893323563280091371783782849021787265785460738393365110222779684816413, 9717440124738292010475557142223918291424670423654556293086376084597698108234
59769913808739943452113422368742189233912397072225602617054048050877938969379, 27668779819595448511380086494701839932866636268850706461725680532783774441734
18089125682576188566042057013503368792661927381899616521360472206886628537834, 22953127539056434480408166590395408703842843415226235946046819507635910294094
51435907662361184065467575981798157530809344529977905450964813807746403169983, 40991570170340397876606905062254472654921868080434667624584072298370594393275
52275783850960217117944031106090581535069369535216238941572396090408941756322, 70932183453490054621189248202806781137599172634222474045795514893696231056666
15044351197406418443707891392924978467517355409925827390088747724666375360747, 52455613442712163060547339293577653014657821385103492931688848584711604801212
39110516488685049165990571655689149016371665580894794857384234409181935225708, 62763020734924947054324356746838550486651950335125533090106772335582292750961
33414299456777253241767524628818061519329846466595569715748335755112737423714, 51458547797497093150994092053456233045572941280709701885345480130193165594319
63361300381354198985922186295268417649845102609705470382958095507363806177064, 18941997417847375925942266486739328094522280840319172756857261027757853908994
50465387315982325187461944437444429120687640378796478800291130562938704794003, 14320610762412982946559554350026873709424066716763790253164120634918790135536
18689235378136494684109215793216141056031161799909819865535357513225439263563, 72589708890969664433646683511765316675512066925390371967301201935021385104636
35293041043098083813967060683235310055171097842349591705150359143594797574338, 57178308727805997481432508145042202042445553740416688579007925636766274471099
42583422696640527154374124154263748258007751890159531734651089424121923101418, 21054055158146351321849080806451354319978764192181933671167829608042092465211
25795088995495323427358444183924474223487705926447288442364697744984259467479, 20086258234165304846698837040945712643412589225503532587645053301299131095514
20846567577872973602548880719683674265362884829128805366776347232723835682376, 5474817261813499827336489190439495553589072738488054905761371126120909818972
43819614325636905262105340932134701370152113868303600997495284595376602805669, 45974097083503774774258238278190273538935666705479386504290637508763599118197
8836302024620981570047899353676983858759455197014352551657266655748305980197, 19898706225311878860662556503113876929385288208410705197638894482152220202325
9775919622783422537347409744832986360341705327607285447150030479664795605440, 7308003421907529756729120410332207170305971804395579983967890013064220245118
12219771444956788500553959157024741278304388249205387271032111878501839117410, 7285240651611843013852236290573605024291576581544052945149053413309371023252
28001755808891734294577455842795745278907107425007350967497109799413686940887, 47103487684962550495295346586359208656122191770681193923604274663091348349212
71988950389975543922376131770999185835677943730644294134909396202566403928822, 49187221294467678931226204138660553468817363386839102886568217463015020664722
36075357681588956363893912388060913332576437584193517069626718547898821889214, 53429442665494609727714575962571914973768349117580408743550424386292231704471
67192455173551248001141659220646021864099818341884818370436276981920177529311, 61511907806716229285088730758000549258981526407073062919433984615166475697778
59742184301329697378479690297524605904599264312807942137631436015588398889850, 69143304381318926258366987871701410677978981188963728147270590204794920462879
46747743077128100745189849426203911374854065992823121437052690663922912697511, 70822543590507908882682484252197679894075769969005091569158896369556087598977
60901051229541525688518162816840286091158004409454940816604232185233532006699, 57776023560052974024385564327372389728228395402677883559931731342553754867020
5878136207393412913216825919950089905631858821835228546727637993033201584713, 20015935026003711890557800079633267829294612411543537534683979976519247055375
55358498577348440821046665944958588576854888502028554639735682073889374376312, 22540215331160039765731093556033832144145782901026566310380301367795518967191
14393021896948697978252685094301194510475476366269080992588362638446932498973, 60932992256125684531070971942317295363150932570758388928127031558269620561467
42555945047791878854563336301025619257876888801704930044894523747272278419555, 45391105858467979711899529244050591307542584306439205021782253756096087092696
19931948949988563887083374400485967293055761577101490244880143839167709736756, 30620673716745937211477782471535042451508486008206504200485850583813087334101
16030550723613593286148654473173422992034850456811953434294617420131908353880, 59951923066264510795993559517692813593765394309236348954671701173100110072903
28972349480464809883017404630080691416078931796247806802643806997816042709943, 11566870427005766988739754180621718271105396982559732579203584017860288797773
56072994828323163326039040338209676946727087228909125962230033796329239416688, 58084173712217905388135710712454612750773848893393255797654394922225213976020
46912719071968213466242446472103217739670424788733192927220012603944288899699, 31568446419187905994741862731301109984902218125131617033380828638106110594159
44457985013234026018188520695561235012443176912092619944345662218630305138057, 10068981046488366155498882742449368763496758858547580001586715661888741194309
70768300767561700994365957378741485619823063592352404628718937111359689306775, 67272166087623601988939742891843651820175452929702204206796384451929913562524
61353200666202237324853409639643946535610628905677597699842430830149921600235, 70540635799448891808257752759344293263525610109199413296672370619759068176386
46823006534194261469437658987354272268181149637253952967455342494049283672583, 76018431430990286555922168447542928122092013407017030026367530664660350584677
8237600365152725256234434237023640973050572604791709656385167915458786104130, 25239345398388350411300147516408196771855832925617263148125735838326586880338
55779508534940539425104518281764664592942003139013962059641713554280126327137, 26355779906532884391703216517195717870381409098052111522161703182156874042056
53692884036047974140457563809234072554695611301420033714900391256416257334666, 33890673168884824556086809131938596803565836997241564695005528988486483072111
19575024357320607548387385558910202912360780086525710379653601946909720923732, 32438216938036198769636556867514874655165886690481477162737696766167597689551
9685924629573471010322070591427970822359555677737695813345381849344354712986, 30060583752636531080945220333024513208164560503597332402728155228717345759328
20098601866303314725525965765511290003962186014347032489362309042437012778543, 55707068172416023415208680932309670782978764892160204005853802876122259302480
10207971105049748957620546302631692532359991554208692805326016540634479068419, 20449018677763246961544135061175928263982225188741303306492222910144512202928
48212403475577408365130606910993664547728495177161485594722142755030795232183, 71923754319722387236029449171644678609578025368197273109065937632649127408232
42493780349294260803011755089396846657802602069436091064244372603140256200147, 7518158325839434404933550017056302459245916627096201981481453856092294639873
36042397531779471532215005517083548366160289779304011998566362489486756883202, 9994542134539943698322937749434914449974853332311989981983776114682865400916
24752885545231646879107807682999358310288157793015935813793266093819088854388, 38476539537947422418622500139661067509391326366930850687034296089441402828062
38764410647380159136810572380593552187402418884615508713261370610822626198869, 24749903033582305293133403935712427822983405224833280181579888434708669926457
8451588608995312236173307273364052949424032331416779337878112615166304504860, 10087962593230462241740454253405642691036740709451359030819397457460205840222
43614884839434636866747893753442427782726886281640940369509398674443091556866, 71146662466735360055050514514470038243679878968441832937945647464280776100711
21564238682370652746109901540135340739134745105538681329070689914416126502648, 28823265620463871917022342530878768829287390325852722363197537258383457100408
31206452494771187535901065275487659419162578598706871926887282841941105193712, 66902992901152265760299422106034414771964709370595251536148103913900717198556
14902256743109941160047552547505031968865635200096066927665023290098119288963, 30497037789506909168110181420474748939860120965504838509813948437229838182979
61874478169474436284972193900626970646905076256879151548494441280087010597606, 19232021760642533450338387481130486515676776810366796912841262370075549333570
45150997899023558127246537423989111451548947930976767901536557486582585740004, 52966773355390066426814529872222587179848305320802069637650010010076396024531
60010476037697658053852682765017065011061236297228246552104562124468962228886, 33359376276476142807138172281861650935400201798019892995543988731450156741092
64956170486157539313828509372696195040427784720072382141517316573263953788922, 40592873990318164914192608694431938237079257415435859732177927840118468304175
50849903079409330060126351203344124713601411829711407890433646091574667641377, 8154378920470728704805342974247624172818050701019039464476106827213948933987
8969337021951107329857971913948199718986034179980279858759274281182271227751, 44013299368836350524457538556131154934830120720216615613466103109085505624763
14375919596265792031504306488541929588739577213852530909090067676900632052879, 3923200998071699020300965910196203563757189731165401646146431196715170374740
38058203401719121642227214031103059497085453038997789664559974240306366060144, 75688914427556183296597567821118609293457793592099399129884528188315544903652
21718730342899844527796130891244796328884396715961476547295428015675767937682, 36074005959183280031743422107648291357877686933259912681718227131210694327037
17009273789926569974473314376813063398627727264457457557849363132545269613893, 50139308679385216520780391585752842337060931647238010549469776755272655531709
1432412129000528683654180446613213553249021136042995034410841917800545635151, 13939750804488038707246090008648791451450228322368943166418348930070073659338
65488829522513010797431560302282325713921091508335370134555291011236269932737, 19000717544210659344956907815243182199916022859750437930513211629746074141631
2939847341426881181865800846771121585116382031184013666257951980007295019750, 33466734788227267568419294572253399946506101635032865726114796523844081773388
11664410777079681497802591678941253838998871847363260462826326116886432746633, 1095142490888135630834556933390685311336680115533897377380987096504375172154
56774413776709043122079640503546994578159408107447187449869121268839008996185, 45333277272603127712666607051218641773156927309135480069901226865969647272887
5276419214147700935929291764531117850549302574302864008542192924229058329289, 44836979193292862165769848963389355603749822782806328280905687277295269899321
32147022330407471602920078093539240394090278657116516831096282127967002804427, 71554064399537655719281976467711624543095870842744121691046178464759907402875
17314055974698901711278217774985951734693632782335341029988203610017896911421, 35033814668536525158141190383416519734517736912226780394512220114033471030353
31132476028355481817847374409835601622752864192345228974252517181758252832612, 21889876742308247126966947270394745754527949171757117444134330422138276218495
72147105739287304485990822425899307094410674247272108939908137056135334287101, 24291020140251867028261946641803412887148592822407760868902069980980032120381
44016347875853893937987091275833028937985002062232524267587439486850778245421, 39852456729833860706597214521910545069727260969668410069177834066866787108565
11308568112912659416398140868481346425775529110993401553161586425124363742270, 69781147176346194628895158777311956801437521719483580495256054981410538541107
10405494727405079184641797126890857677148805156442399925711250367632499959196, 8703827063750251838381849188746488207925507459935222827529683041231773755163
72997818868122984812271289712496886533772574197831073608391564934614766158450, 58765507616106216745395857087106372355176599148190599054644296210965139139403
51583584406524814935036113322181276121709348739980559872009040985524493938599, 10825486094198747004178721179535015612533540885537809858887216456106080354237
6969687458268710976173261539271954955411357993054703579206073843265183473718, 41841694375811399086526942321527359370100453521127272784727056407033733425720
53389513023152601388865300261126505043002737980122839752871786162718513711203, 58853921276607749292699522895556512811334279252822256648508216905233933950589
8479575829077597568645262152595375030089888042351000806785176941591368957019, 36968172757674433680730884142909784680950489461451734660943032821644798507254
74792957104065813256438531698766927606013776875401948056077249481499080110751, 21124387993355056313139175878345806260097777937736032864562177581189048029814
3726385934857170671753330988551814100474353694064014179957998080553590884699, 12433938310415816471831353076311057664217921149505911491996034348559460276304
36440891747734023208077445940677758234980409600279332044847194899492236406370, 17336684425751481439282839604290404346297734620483691228833620156307421513357
27006383296248421562886249743873367459406302644593452399283043552413434588525, 36915633985388955185021340614498836955383045669682523438625639333736402274412
36813044017041085949220854707488949433994052475812551711325119292941941043212, 19825229282121888638145065682397373731567198119947525245267979913532877122972
24202212753556682797125378157567424662354674777680175697685739480126879211994, 24246841541353832432913126775716393978659806734846774620933402446576589296666
76284037061718524052237045775491024256354785278012384464174306502178625030877, 43935626380342438180825420792002196375533783887686787284756383463505340044336
41690182690123465791475397097411936293111844608248960779059311230034199964180, 41076113592311866203643621600700960315661596125187127818610826947992928057453
56428623845849728441932685168080557291065551641417429247955003862961159830803, 20861275342028453799539842757244042211031287642209912732161316181468728680568
33089803784436912467605993856146674604411106514904918633323430301403118140229, 34917221983645260465780405756661442218003068592656677590765793823283279670264
41751719006052407805919026904199912244006843889480127742938355747055996855222, 41068368005684915500771493090239102828967620378233614149096257447982544375743
36522340711742590105016619656037534103877262287327038329960550375439483753077, 13906800550844541061001468322326559853731894253792389164149485223464440465178
29947959652058783581051888629549347171154599053194328221627315477033385028013, 61950275047662935232265785856394717908024448952782321998800315628479909331106
11478815808435897520496005220998423849718957591418365182732865027580608183660, 40758114871128039178563899945214376235428906092512833451736675677856882096250
49820420902487691201379891658878105540553441400111060573065584728480205082721, 24002842439883380820866083348930067202250806603407972640948175383273577938513
45081380106444438371693465568516933138388000098007629927899330661529362163677, 50049068060762310976836957490439176834126222382141235846366049372396115013348
13726658158823270676765551291987927282816654366032888560266593898297073459064, 2379265905658182741263470231651440456745277623713291867721863062260299494186
12402154610886542575632359311917619393036881759032361819708263222787811937285, 14054563103809069288191694877330862215442304280932171016645308474453277894593
63117342944454805086765035314822357314576480274660696827580392643290289898880, 37315166706968117455185952195340145465926740360411083597523351797806045421005
51990481965661405642187402173583495415491590076542680413198935944741033528379, 36748370892325546091700280995005894394321088683486823371791463142490500873414
32094542939848085157794806888235453058304561304416565510181418345029710845483, 5387992429249566523653102449768159122811589174985556336354574231005262149815
36105428143845366221641134029680700428163816668322858755601651476214557999518, 28923058151288771021871426937039673088275177206777688522460647772812694503325
64776073392484998695832870271595522829763187089132286261876211212820875076284, 47705569416467388889069741948965827092797430367724304268673299831876105977391
23860873470344598863263098424679039704912680690458566005233302165402407107011, 63699124596083693263965617159330805644027157968318019215386561376972276968482
12541305913288614512858057245692065813140057590339357825273343267340626604841, 31940499913981902962834299347316971224282331881078630635243331064896218845552
47083134813945745715797808880871814570975042495504887996373037704279257568397, 14319353300485602179015327245840900172564998989153599298320711090107832510203
50723550180767810493894015746388869981064623030243540392935013420937278811740, 44779062216587046175499249491824351000238894784411613226358567348249450124135
18959336976142731730787212812337398389549626820671500195896786161324589024946, 39603471947375421219916176828795611011913223126295898934415541661492181389379
9892105793538429035302058773429359765444860855099663674450569303426225941338, 42313620109227057352824912450254594438277150614132743087037216021086157622135
4716253903001872056975732270479745844685586749583465390979927072062361654405, 68211845897260022150890884474716632001086194133841817160689470119561139506456
34339887861720549774272601846230537618231159929971076468328892266782726289188, 10701217556324448496608354976519226942500467709085341277797178888931903369568
9901632470784277627419722929117652016774769562558858870314663142124547482147, 35444919181904944714868830668220001581144852127484628491908371402108776276878
68934629019641157926499135962490005993316315998314916838103946893391673226477, 20128827789626172366637715900255865617349979802573251716361145112206935748632
26554633774174700897841353813890600945759714584009425254017927170844568534046, 9791806313738113799262799598995684020583817925166614826424426368214151302431
30215125659630199362338681724708058304880051838155703552229937033773291424675, 16536354776734410193235528908498830572796964205614069896174129072103719706063
2168860163008232731520735899961711398083249281076568170691724109513927455352, 43913494610813738076324638442442680665283642149755281481082256242094128226682
44361627327647684169446452467564436868291708256821687162055303709562682431313, 45050058204497141443626429475784357176767788932303666146310450470292894096837
68138555062262144154748108315201225598541713340390763169557513837005838563805, 50918790272124045303483573041210149982630854539669946027478588714737894214500
33420348457534227092288024126605442134402850946867009595486201389274105054098, 51678903604547466077412894167663060997172004270918213096716996967925487419236
44520725389947115286850611697049032485089848873299325604447030034198944253305, 19997878185929755321939655013669872725082715968746392882196050713421052690861
50304715274350812513790672531023388343558742475955902595913478949155546928429, 29377258218794693715370008293388797296180795170849754818549672106443998548816
41196873103006311275617824145163841224490039307195151114109451242884856600005, 63696782694763148900996467516131612794084674307306480993620092750735859774607
39126121504683179620642872457968065733510710330114765094917639803019010309833, 27817928997515661911988843032389996220713743924624867424572749729132639669228
61289853768901016993427504467610303405050804083820435627243285734848827900464, 21537902759841335812424510606755213785864828881587868331641708576645123131086
37858589503369616986208282715127560954972173889187558953614367688994426832593, 37297487741093997387210869260299990206869559637363324788651100892886513689099
39966905835180205578533004109292334758860607072425897130054924298821367451161, 29468032625331485283593773254693534972489909133853675227276005671932939532249
25573075087549205688467652422006483811592450981898024839751077047347043740475, 41476290486349668357974958535465668438456005340630958389377307722774850600834
10006031702686438614773639767089793205215257344112432714165760424240604099933, 37984766451744646428153261087590809660417771221155306432950544916818676376776
13020402542209687038923216714270889762238411459151788927756208036360663044123, 65902283093256005244979605497741062493566160169580059825532185920459249432062
65129858452058549106868822575193613233242860396314796986958624293793849788253, 36697801626111071834159114268497691687682455096993838450494861144269233351300
47528626873339727448844393561052140291940875019548925413234148573290099225571, 44935891927378769995962798862913240614333739152541929797710634103651062111631
20602417042479329842597177978504940526309281702479971146273102036530982385700, 60195813732163368638623561449259248632838856068013459784647562255615332787777
17607502850198371142451817266970080252165817114019432053851467645767744839900, 33230578804105916050131577902092090682395578483473599038606418681439309531207
43168637274217502407938967428501429869907185827481190416864737203337668035099, 51315477757407895190524410988064524487835084128792684979810374549383735027432
58421849489715965252374992960162267058809218094210453729973572593756943959234, 30623020052866464721107283518562828908514614408906467215939124998378589149109
31837968778997829340084730011189553953454504050618300366119180679644804248100, 22989882792210513294051513240828843257884405782030723775123930418362930925738
57658605559939204111615414097900188604772608291120511597935981214902377235994, 17225111358845047885845155454178339770687358857143390176665323173995779680420
6629651434053799743260791913227539260580995712509728789118653989473883994157, 68726791902341229561262987597778488931608028451926882573998286182471711236436
52750749419841853993129818906034083712862447364365111028097608901717462696841, 26875713092448439397895699539143966268942178109181190120486656132375780953025
30504405171383996289540065388825052096204369493006617956571654532625167263465, 8791724619992005591130828567698946293827726121838084237686846875557621469613
2748689695930268906233132799640831413506076893703403074155160439724140511328, 53785413150580205485197052265579411234676653176087792064719759625869844084803
5924251021187777229540774353762115578028973503268926404381566515956120009386, 72459748357113496525890811330765511360751470078734239653364431983213304035117
74105440451660449574352800608119796441914108457030853935307214066592472041937, 71245761201350866437862752039721146565399269084419363833836093473227893927582
63961291786498530117326090466005535314856542937115194411001567362712971481180, 62986752468511590772457549937517625133021517106762613516856898333994284847457
32668104716479244553115046967694276006529716102447655578859714377760446405666, 10755540784918867767237809523293532433091963638806759859900376591340742625526
3260444245936578681082049381899775790799332050230110345253000111514738438300, 25701853802162079853602587416938912016638420288430611776541104358737053911936
52283369686597678301016602181864230700009972512154425285075661866757989400797, 37029348185945919004577643508401496654341165259381766882739990854093214311226
27569608747857821363827946904644858885314744825845837622995938097427681571844, 22677314404330786819959089861703924399951253586351160521352439880386646750412
22865814450110403318827248940969806211052638263495613360235462020878028210608, 18084652568588180278980940703920381772900674023223270866757014465254107842765
69265504444608964583231339820811681464285902043125557414285867812371451230488, 41765886758257150725747919233456726445330673418498875269338796158052784046757
11820997382823108483463264690660993124283508611489295366746007457886531585748, 66485684687370851351326230624190704160543678302516832424327776947852464224056
29702802781938609972703344216060777491223889073773315028291975282282207248679, 29402084609912852669001773685922945243042944769966642849025904447216369312321
43980322857364243613497513881555550617467999058675503558079801758845073066891, 28719241931500440997160452604690539087570161071494957063718395231033980139381
7036466186924834606165648360232970982686871558446181361293370524938333131077, 37770565587998528634239411226098527525941588779402683751830245618277602556
55525803661139172077974535165464125733672868619448353211639645084940057970435, 42635989370909149628259294638552770332746067812599222374147041585561957692608
29466533572322941896767340249814673885174144645784182609147231265668168116593, 2915090794039386208967948728307999372152459084132013451678848418794029701823
28538201366078393641075970077978749088478981849678902745416214865461414741706, 4184453674042235804455208262153677752594523196390972550517062425482391221568
69971649381139726311332099240866481270774445599907388187463224917260112806942, 14206709082783610298444195049463594297779992765158395500029146188243985486037
21737020636713024801902280632927215664068251894107114164637570609890033221453, 7290321919100494422431406597549009614007108237044184814113636088130666842486
33328405948908370739730746766328039801373673985571826299873252104351776390014, 11777651465675465912672308301104935933816149391719444074987125239250245478155
16440411470523864703191388451299360189699807597990765063115661274337119648965, 23385361908301994771227362093199824630342667505827926034306043922034785858487
24115582974711629495995963655994398697374935313798439062325620289357793267908, 47898745674901601646429362581116000749716793949299041032614776584052154375857
62994696246097719302739335659586107460748134236348958402032235400389811745974, 37316940796545100981771671583463210612840504168473150380557303828492688750944
74833562063393117279570018314233219270697721202299259773512297860296893498850, 66177922124045805955597267144924267370542153447247476057122065786165141175652
33016050840506313597636045731317713960640344379719239127109973666249442671492, 10187575823634709690900405266105725396470704653482316310709094996263804669247
37332846925139662163140368481059710740934589873134724966457056873480622512172, 55884982540077483112963407640804722286616279018165435241705218947346458553740
42019359387534889636853965622664379953747838908806698447426215108787092611782, 14388089004972023417333766006587607856339589878484943841958128526987198615344
73309684096026590441396698956469144142887267134235152043322078471533268900887, 63924001046184965099911262148104929945636049993918948185083360267293059265017
75897947851119005248996346871080018810285007544005072117525471389711334797062, 62562887902906240234048333617018176460701226881947856802420889957780921003235
62806472066794110272040889573704638843022885235018764406587061374976634803613, 32668981787602388408254516932870707925673250983943326155279651819044230023112
69316033331028612662628415238444034776613525856792999636006271112678228209227, 54497851283259050321025369316103042652464471739318423514810807587863611428308
58569058828679244316581301386423396790829762823187879043208751354271527724346, 40165651916079228935723273193449931933854496435767702826964796551852414721434
33082557983924129501605292163020363414996730545224324742076239337490783997901, 26352403650208634265977660989742938725345322358286968487773441758177920042254
63945040036174287851369479748231708529971937364227215474847268230910658344018, 59467213649432118850237963277928042212545334591886643760840210680321228790366
19305762616471668352922431618604814423112929713692960918313346396001325794324, 66274798746008533619185815517016721077399374908587901178759610427276055847014
6766301623725591895317798511200330827362122830029458164194273433891829896313, 17347285715549728609578183004924166747363345936373038872671628208113403713856
47066190259746033065985025325139705908264482823257505198888152559407036926975, 63988440688455461293140617898336376154812435806693546548451251814967499480544
22289237479632379269958128503429610766353207581592692901901926019879387551579, 65075229765959451978324884633660527119341353242449050624720524626271231153739
34284304296606513622661202254162128802983938264537295477426538002649147649904, 43894263561922011822356081049439448693114655931908974992141234435839842506995
10147003582132778116568443845546261076807468141968350553348538068728594750069, 8132805471375000383455925686383861289376306716472896636850041747422399032224
46009615184770361535562789104501884312709681667422273652196266483482577898335, 40918017272289343234274111703471487741747219747792337647312654792335474827010
5248245470966858490780007827559900634026167942594796642901113975700908246581, 36873627235795877644963892156462359206415432038897353820323032537266062079981
45313841420534293222018258908853471469060744037963676972512642804009058610403, 30326749604196968430337001956689860398984647786647807579820469967472395365438
47468929045787794860509754901673034431737524849577478217668700259606896583579, 14320450045112418552955135221410982792434185137422335264637524725237626933365
28722438017780912186052775841072663331810653391083815212001355823027101431588, 158863850832942856599092357413241722237478969032152834800770888933529592098
38220855136613844911049725943628691872590010888596218663525532187416494673679, 16517083411345893320048758579779592723106687997192122453730926097629364735191
73791707954599117385073954569516791796375421097203833420279773052991951079095, 3501185909733388121739338714074280958595854857791152801296025293479484865520
59702611680869898442336069946502646151802523382668677063254782085608993143843, 10393216897109581175946964885755590575421928128277563866134011052572351918783
9206417771586720552363425947722344946168475297394176832309657259861297690169, 1004790378085818523249627930642041887484113156619116237613502558032101008237
7447960396578938761557158560129604969449745120862199502149349832417981785392, 57106924875597352135598982284731622622862347289279989093678741216564454067750
23417444303923729665247422250443037343927466251510259741575040333731505150955, 67094898789571510322768657869282621932344159296527793247444156478416349375980
74121946396168182806815318210440016160722970434986829005227705659402528446043, 10310986644152675155567645559470800137170991197949768697064870813295379755581
47805257279046070671821395095791939352705406326003607204289588552526618732616, 9223195758281727166850310578105824593041852706926747232786405273232658332637
28559065314396619291352835908422081627091126911360866370065505395292976614783, 42628055246289133293313904477974934196101421485468527000466769034211369299829
27675979994100191870795522334551601727820376431831304375206245151575439468395, 7140911670211904907560735474725186648865332264547246509982388386421843179489
69156240649375763314980261785016839737951201708129677922599957562965864690702, 45307201925512375351817526126142475802181901778637478373017224667864716758634
65063283356525026928247754673696344396422109129309852927673965634376268867648, 25086218449323873586867048847707601185320161243782947274042922928752434193011
8598302247958001127789507437703677567293023931567827603648334795057525177328, 29903930342098105666855930000309471090098582181970818409314577468409603012274
1660865529123778798154507814946797851091734840451149696436594413488753714121, 51016223337288494626190890985933191591517477066272272587591297451162382571941
53074209875761119837427930608575290682209831054937848265605445206819812548202, 17177947129201281112211421358445098294530753069858450274969259992705777336541
55765868028397109334350313426512103168757863943039659534847862932833181885018, 54903938583154140672629534957196170786897491658739622780403546179011523444759
44024563924649410569015682795864236634158052721649594898787141072597759571751, 14678348841039058675685478516371380744213975075134078218602601085113013852901
15636838302833923061902350813597323342003954320135668922176207420164040460886, 14036607122860937082994423611426645326025223337630265942625503059481669050707
42512829401166616645402139165770345831207311049953290738040913273313767492237, 10340237339129540062955623548317577378567881804330287486611056195677741651586
69231884616601240474402934644179243019980182872559672767050315724866383342736, 18945932486050139020529135091172364134930687627131575825041700551535853266992
27440510093217190101739672180383025231476034058909556911688783368541427703962, 13785097344336227059046876815600397597594232248008534767680183205860723262090
2931758069566906350764313876367654385876146225312757918263298596140588752771, 27663496710373707338984329603011301825817129177678284789102533492734769151052
11637554165084384092402514936837860504120511598261665037934079457010948710110, 10492582735594041429358379822131659068207110673668997465411749880523610966876
72521753323015437351057378187146784513641542698531340079196341729269860737717, 10350915683019693746104725469923695454482260504681553719090257384538289410786
43387703941247690917471783582477361987489049443975900271601339100261010047508, 75077030211865544906137836099039787207933251590546698578478008350445113958928
75404371415949320416113780986653670681646275069338819910684659395331954013276, 38956733329780667513700588043884583233234980906458571131122611445690859408385
29364938077538017510885577888479767001862376243130370179519846750082582700754, 41099395730502042851333707390308058918237317001300116487261289974143732598594
28427530722746247165682694175299604824879751874296600073960720259728467577982, 50447489904688174788928487923572815564420283277409082647683739563245243682240
6126413775031511392612951944131352527911776451788814184812369913454987706618, 29745952012067612538991392756584185799341329898085980124035880881308344026590
45427411282508326375895678100643470672436578888535737508794723840471246990051, 18666820370594552331956904953177003969633937042651302691697608686188654696031
32043946928751307473482028185322776562125999435752704653709327023122088063770, 5300932022283192560353814372972722135189297907850481760838010145741303544784
64616310422380342366708939134805652755583129156284947247464513474679006429130, 25579713442099277837060816280682239576499766056905644832152685773503731462334
5411649072910202825686364399654038380512912750927594542602036258199078562162, 50806567195226262299266886712804812521586058965559891845683205765419519483454
34694761971507395269824799508535663300841029819973383575904539273374363776783, 2913543923043735198398797648167450219940524067760811367937580298560462012765
42615601897656358544799599783768499787843909193379106779623016233445643443268, 52181935555534289084900275849120488028064152883654174680051030027449998796251
34989918251551548515028512291905448307344750137413311845433413109209701707720, 75027443162564515487476051516867190937795394906730358802192186372296907194348
70177611340033929655669244464270628207680074897697655095516101245345734063626, 1565015519991167759452420122952602569755474114126309491952595425865212891189
30661197825125771297015017205785871400184341738716338075478408067658198027879, 48042220876075347975283807492943267775782869837140279010465107361378404936149
74537857490011557907258524450386130202014544617461023059612775073068236984848, 23560534953644241545241035569765562619919719298463130856266787997501211854123
44797396804145622277956021950242280385134573340835908887569996725507441711876, 20106632455135465184306115998414964902861028384368545767370698222372497874614
23378277568879968461702825561126033296663522363324734183796973581236898475587, 73608605794661835357930857421193027491328335691691957804876251053841100730009
29011730834308761119415814074860641968061085645518188931217375344637173263806, 58241590986201458273754445814417323042207351775216343533745349604461173752780
54323308112432878577540302523656988132418469040859434007084486340334291754097, 71641218801842385286873447434729004527119539960883286163343743791241949847936
67793463167332470272292954856284192793391792755017065820321748247414070493831, 66566806055070041854276864920997323999747825863813377720344836347578556310227
12824443588119923182224320623810160914802531518985114095747983856025834313497, 10906238914748714518174051512949008129234979167621116043858550244642332197347
70377315886616618726908099211981057005654988794139360843712941603208340763628, 33113473289500849275289248112294717439587362140162799966751084122159405262267
19304298603346657339090548289650008962222215438689298950300937463255860236324, 74167849605115470161450441615260377545371778506430023846259085218789079139641
29564680470394518104484186835186604759921670705904751568045895650725525736197, 49472445734149809923651590861119929684973730225431660273349498330336663110935
42244149238462876572487227505926856573190105129260540315371984168701139593687, 54727282895739067373902829356358929678800281870457403758116101744293855627508
65151603590009423634528630928477929138036823642183272121023650032627265768824, 45027077599567435944868304536163161035417809373247126236041907921383563134099
65536774480667392170823635392033788522657058199133079389998077556888050373964, 75040836760837067641554926769049783877786914086481889921737860032894431282517
7817090202616968359101600117944919313826237075235550796263119379993029112534, 75160245278216215285088043662857715983432604388267190936165646698653610567714
2348930513244590282263453914177503499250575997907960328588540418421488797047, 48437312585841164401915295516329562396103242100345040760433933221539551863801
41738727499151142628283504879214993144386326030990246220965568056720285867192, 34633785804275706793684120619425720379664446890497658421302748593051117682783
50521803938993155204985705940646450886152517544301559371933933137970477157301, 27834415591776867657183398109729947039986676333569332508440771256351106117703
10252462851914222258281588953184116436319180806422478494282699772179998559338, 4548151993008383942454820385969182682226755144360130828946393897352741746309
18497476672852487602728391998291200822677012249605965363343956282083736475630, 53009153161277205266724034578599005844646791541514784265122077587008214211487
29156111077859957160094467127102074398442830193448321515390519583264229095628, 19438252694023434599572233333782919262213548546323362771356662095752516702951
57956257410630590601087740747105177818819601661082341417757352464965577196175, 75397497171570609607522913891207485957935435399253742172593807782565246266844
21636108940119512132721976062760925075128015197922620681220212037090400697409, 69438497928679418955830503323650400241599418467066255989690442703682003817611
3817141654276532298623596002509606840043245021211961369167474034003091517014, 69180095851081821119228647206643391845499543894461318563437495836753488432866
47399589348729027230310608515955989046343379568260290772121265827382719848285, 34394462396763085685615291767263732460775905211343435172054523653512119756029
72947472555654444168538755339148221037112315416791277898302182212894933092942, 65994884649234871935444386013689801237364466299241042774531824192870890276850
23827763458639271930079725124185600402231516757755176035930098026669003922038, 11386511170981325444890677607901831237643332489346520105812960186662525789097
56025357644942509750920703229173140891484510817023026166867759955142351997311, 3538110453729720015476268575789010468278551405167208677196943353330196142972
22652060204691234547914916649919899676999042999353749108525979596767989127298, 29661329934243229454908403443317623657845209455713616069757186776078794164490
64215621133338674290506499623231059382062479853291743084031299008633352093717, 72440419349491809387639698103831723989132455838442788295595913515659348734767
24774714462455759373888737177850877232257678386805262400494772891796463946613, 19465520708776128384205472658517008550857910138864609535362231842950367568564
11187912758690732576184977442257432227821611368328485166413078785711343869652, 51978045086344428754292210447869431133716650548945575688830845225407487225052
47129298623756181780216907067036253853057977189462160891148794057943431890114, 67161034044274135387381372548193820153648498069529178221010392233897261333769
23005790686566118966894999125901656972616714366248347312622716177140160666000, 64319617199078649345419869630680871902326968526665537268792299024046819288671
42360490794541560574315280654425259049386128863271903664946470145841682218645, 63802789574350120971364200253721614247992461726800896058242627047698649479422
47432604813278074832250889688221853334901793749957985191234550465894214145438, 76825522412263468181454625895282286859707064683272644776785345601853556822040
32883498420860030132108808928210265387549551320667398742229778641892456425295, 68750356561048617284526557025253603537585913019791349533546962818576636694299
44367622739397174829740569891753358998927787318255442050082957612091029212000, 54979678883067439297911854504304892530621723299185926848933302908311370050561
7590814984651313692908905923305273144497801944289175088325707012132715763475, 25138636113235241609222894964400400469565927993416738566323920750928640568401
54578159056245356307749221230228323281228155133960754744557533707007460315856, 67133745396765153658551514291120758338995423537509833622420242719447113181792
35890026739808354449215194053083068192376520402267934845048443835319874982030, 69853987397033249625863549896907426460643852914344058216265834700261437186461
59566570939988983244008729591672501788292965896694426041126437101861598351970, 32331518626359531396622730750487560158113742564974330293598863379978382627542
52241213188989453520062712757133878757990041348685916985097442982222410211730, 37536728667470725662486469994609053582597972038920584779619676845639895893913
39177655373531387098973349561556134942779095783736201054869233813399570970255, 19632589023438710696935786222124259390095860424769051875394953516051647918574
18453194355497255932217230449953945481900665318243438792753804270028421780406, 50069303658963105598427880392252641199545128608852870783203903088180368307637
62488199042219183892407214905436011669893579416680660679138884189585803364199, 26443271344753798899806700192697373130040972067573476043052394244405426877280
74895417855155312103431405478070954618863765241508941190140182358022773324625, 6973275484292805620451009199699053920084347431653114420773420148248709260194
38284933110805245887961221044646824156490472049963651465057162424352743955848, 2708200316394725587544634941110658295222190260919206520667788273276186389725
14004052232486738083684892765743564409298891374101466092835132062284648486231, 60521714611438459903070437990059174954017019140553499894875459129483099798606
31386974127207365005988693072548950224380027979734716860267914713970085288051, 10534820177131984243210936262470625005160875849342199598377647353139492530299
37793786928722741723204904668873483976910527008890362526021328098129607030631, 75889940993680514781377959568530638069950474837616495186719143554256459440203
20419839345849557417977749045410028824360110027463978907717615439225320153928, 940487846215635049938103710693618202955647913342058397190548457872380855025
53095507238667672098058771661151250149469059386486096206771808750272266633200, 27406923347594355740512320104687445977204123064943439279286827778132360192585
18734896355507091196541406844444564155965375911946737902413691268256810946262, 40194973202682922500810536049054623256585105454752842487495574942996035344483
70404010484243014916054024835627609418265321975477628461347121559998349253788, 37298666606271391165164797164562253407078555466613625240129224074093459746680
22729170185632728719559943918754256609498063414460661669832677054090778174282, 17160657304730960649917022531330989456514490632120183559530584923659719220213
37982215228632044731058182676014834343296622549461674389683840024999090539737, 4581546513866191557331682569457081683803639283089441397396447722288472701703
50176333242203561788537758579348296878516139736272169449667272749576234872877, 32715552337699718378581897907151970971010676973016603647943509473173071279654
6659407898348869156471072311710670511443070400111749230919179914919798281939, 66799409619166805037149268947553445777938306239370355984578938497674898146131
30072221223039616515534125119855455799446247991089322214318468449530633419680, 61880916389483407168963728448041266999996309089826740919999814487614394203559
2999282718296482899682080493965099388258890997597670538780486611113132550039, 67429946737127346182943414906126343475397389901866519240716834020861906574968
71686431802197380930774268521010506247312602355651249675346513898392416292075, 53511451055884861250708378630417432489348054804237681642699031807233271491912
3458872823036873305586186654489085577343350279232680648458929662787986151409, 36834367939585987570482756013162689810285879487153418733157180978475528927533
57913506751622232674607313472104194311522876358200401197565821536355772326138, 26856762020665068083356932611059011399175923553584293976758152636004947853358
11632100215130898389347755053507198244041747920204205164281229855375372267051, 63957756569104061928672441110617808303141988863974529373575221532740405809588
76568690899451272787902165794904647871088630509978179320397170724931285737632, 46635741521174975805560465899017740406042824749660638806685082090521501830098
4267024065322887509131062829837934487622493644203498749791668516497069280033, 25777768991205800907685264856973666906448684781022756701124343082145711499069
71423106569443907090098997852310544495252146389454122257912794319749101053368, 75088110347716351780569880850343266602256732508106063986678694381382202488385
7323856749048230909709981801251943487503216222046637667883086226322031604041, 551505104494634549964383361347046750084114317335674155717695286884452961140
35677131408478166859985905828365160407921590261999286369654891968160808557207, 75721302199413993746071430936471265337687047385381531920708398358175422280260
22163436666172991052979451099351616356427831080128313581324511272856314611627, 23884690179783310501913944600339950376400214856431153620303136984214420080323
66368449221767919443832077471796035839561390496266645301004484227293267264321, 26360734272923734383944424490847560803107605584110526564867393883439788438841
37040982175450790661493259298170311049449883116713145561016248472669152673140, 23531182203504682240423675907027497982640973140676744158882066577116471950028
44517598956795675978077654878849774940671271902681077656933911968755884242943, 75704398455872616871576067329366712675182882947635083686407885899265375031154
70421864686427334107204572242855368166175566257005435787102885298879018226345, 60833948384519873421644619911548450688396023189916025775881023977513708385610
63520486811006718033749135785708939937562626324486401549673138816886734659931, 71917307516423353182348005590058556238681992019479627554585107374077763563549
50705121015244550347256832378217005957962798889594318231992357458388899255901, 12760698601924237950579459090705766075696565680412540713697474279583026575841
55773080502530232019627685009810590921483830399041227867287451361867981043253, 17043836789796810159238558037842702365079330060671489154208092463386801749143
21686004563866028043580121283234532678861092292425544522279394496029950674989, 29641149681805571545122454844740884243847269009662182255951820975974589380101
25604776759194955849838871517473570197171066410706644264294125491762828582259, 67088493259557040263115416589883180578905354119574969728848817720150516965940
31018115381384251538696304282660249972320367324131269956528640679512967428302, 15883685591600429463954240028848378857533111178756914886348618191553351231790
47955925579342521477277236016025023797934482421532601885248360851395511329052, 5384119331699375862622987748969710231725426846657316971078765628217854461051
47593269985877399607239602745855142983364434851890124046642942122435126830855, 64228707570955010549818433913243353992825167555136833914232093538230081177158
29949567298602890477318691832256031252412941257270803455313522087119138461937, 42113744405359811948247388236188421662433115309104826031993264412040960174551
52333057993388390598107993826672276688328546679411439956296704047749263476600, 45378369869119569739095331854415240310502317636670096594600516916870701540705
33769497050769928357525203134677654382837052557414347445321097812701370796571, 38962613255891200660318853877122849091698263470480899837103021188016001083125
68420609690678147323694949418998963973972834799954297160572991030780238804539, 68963207899331615053494031728487950652412051607400642477656424116371220902155
73736065169046223267115725914077491199238695936353475588631810993705485868703, 38533790585544254305856001840089468854566700436889250500610012903358916410454
41674930467996977858150442731021954417479385869714223721040234911213711582671, 71530781150059626012381344966592380536334537964397768035561225009055405395343
59774324194891947360210719550269770181226782988425609923978178144286836115351, 40037723686281447670422211533805599511889186913904623912326847524929534513491
26788159911073181690532648939760663590943737727533805662182004619412577242754, 53220396218060416993777957024614984093778205175533802214383573461021653776525
48878324639961556252667631795927845351976420997797752964041485016287624048309, 44608822193417861362835050448482055625351606770860649830435776494409569576897
54887546331160752382477376582565715526319812403007404039319809473399193658269, 22395181149859286717054358387368659791463499449430817180843860427210222380273
73054279903076354571583520654290121886362833649251356697810551536052704616612, 15531277601939288337684342515755295504012300597180737009639823332664222904961
21161905130425736434253542777085469470597737449793461873506448873123549716705, 49002376774864223006193463870989938835707827320627279391632422609386085833885
19652885397136764420734699101993616753480076289413127999344253206143359382512, 5529918744438893137076143025052095334432316851848979969332695719532051684838
39320041546672818655682081255068542504700187819356714976196899504655592955638, 10281667041430632766349930541426874283330913837965332766971406322439814303062
18318853524154866656453601233723544651446051212643395166180291373569657150857, 43049986213136671345673576575539499945378762601910709207685676711050167648738
6465111028310533521378319331170700326385464420712095342367965812335276566150, 46969337242019461714723902330284676816151445000666521147254164394702788504132
24931788189555085652600254338933000413303158903475407344473149114904197926862, 42127018707928523011697839253407981903601667267423383866913531874983071371581
13779983407175470089130160430647710599422168713535532002211524766396647602081, 42235708332561691176363312284996235258948731284386897672686856184452057463331
36167981110332028539895774994208455506287662442622331110521825631678839022984, 14411755915135119605271988715369867763183313602509406590905878956218303002653
48914732828305370895706467968624601160633373695164032521879002265021176167651, 26152086501406432071192033419137157621042378187427782285697749402424696297303
3508491736052960762502494973307439695767581085942373110618670170477225603988, 34608330240607545226491868195472373669672693585339508854260298974781535252787
37257756188520780680245263758890604986541737829511518969762852009520497613721, 18652747047511320497638150661925142851536636851199813270075929285217002370186
19870809837194339055834287656259301503027091183738804929398089254081686572818, 21870629202383257543730713182886647988197299505742889429005590541963382663968
4365189709746131964516179956106759353340007066983754083974717970757317805482, 17865854302643393764793702091653208382776822385143606283499220781846219374321
50003510308191757436904310080769598521401245893464603561732006188770003043501, 44389641442929577363240832371504462215250911135741516010343166618016674039303
64252046926984909767383674645804746632990846704986917482862295051154675749917, 2500614060489122960954042890652207653704089803918816055423182372664961859229
34334906431716357469044622763836553985477394926894789173032157512039964949163, 11640180524131058765212626559708455850205135742724751066576908382653408936837
73103410985583459946979398084903364250900371432887599999769138010995044208628, 33520289911775175243963839022890719498306935821077822310981548315714747277250
60102638846693498957548578056131838515454433833953399180923124003110560427717, 40116229264454106814829119180695248785328146292864661971094587146418182537498
1817185027228674424381247909633790192459085631511766357022754094258258998230, 2324491127187534306334651938229142815386285855126444330809272252110987941772
2644886903818636657661766095937788124957751004871718348199868318675180089001, 50704774713957851880557649578422931124619609271963990031291084395907282518151
14235230776822571860317872056905650595835490975304107102244248018638701958728, 22721528779620473641449921989113245640587999112228139314558092357207417643995
37752310864007785406118023758323007128088300856908970025300002072390527735219, 16108521568703837031503766276005235840321175217493333012950248136342807097574
7103081349574677372616871530069126975043874491023990692611849621355041753928, 42585150143067969015479812939780237565394108943461445002583943390502134025030
74389901294763442661802436998875293976281474893579153404711953516598226360847, 54472129828228662839488011295511408022385967685673096918104478764182039460030
58710734929005896914034612134116906842375025151579651559842157774403442884791, 64149612534643733189303798869568609097270966415713723827907011181113846855913
62637370505812747363741941529540079695651942881024537555961710614528690487732, 23963424416923469604453164971291614359383749641574497626892636236300971334337
3876446197601702608150751774104526903754639022838627198573248265703056028109, 52953476406893552017848955301512236182360630642420151627394444846789761106890
4057188465701674661781196704369209530011436395430459726557015952771227161198, 27988106468322413055753420151786467093795373619030684685920119462398448802163
67365088698801256838996859142942683272700058355935252484325726040721019809942, 14764229747880279780994415760127207226799988680679750545608968744121124034833
69006034144562225029750720324641267062445114942570789992326885255282109204618, 5386025742426746200587987578639324558363455357939486953179702034643813843195
48988065661112427677458999122625010851717574929856066760422089003753376926903, 5368431436228538053886236387461051820815459233827853622882056656147419171232
28971025230508399987747832468640906931990042545910722484777228652295219986932, 10017104251420695071985299770896244413665166921370045485527122378965161690349
52552817485590255280860267780322434042184986571010891018633509216535979560371, 72130156392885210681040395467772421906188750815410602092931136430671037744522
69709735183806832521305760807664568048421365242741959893240980189706133293452, 29074830538925278347578247499821082141752728933823366179376635196659576196138
22025284096205603411103756576784571411050723170645458744709314567113088681700, 72857543768150966094539185712486000346809075397809756031579564484185474357215
57263602129957178017083972050168026176569394526287132740146992523259618688153, 19581307856384828247214856662517587199890187192799414236892069185012735691014
38226707331725756554740277883407107487319700295947395258288594256802955198761, 69444996815994803578184089794017805926039004614544949690730015672880348861306
33674326481052743266194257818855789770983586167344798160713541021141382593561, 14503451002245684514392797788627091095220737257168781863151590450325761504242
74907745416220409253039782042076775555100085982827905772159527410277790795868, 37529443580290378094506771245817167627867494505881057662050759364517224889331
9134740981849495644530032183591022120521641941801892490695118691479970132942, 19459806204960581675345054347540363780999334527351097202388744226528573276699
66703741185976549885318216946019620067231748513610067090782733519507063370761, 51826997581902122666610996242164704149024255087498059128666815227719380360450
4086201168373747340585171964028296625083714194774625952248799320329823578512, 51328203497184016768232367107197096670753873539872049055431962101227621720680
46009782065835777500904841495489795858347127570107312851726409342867368722123, 13201848788355813013707817980915567938630980064045595608663777845257351634798
65801285445688588896026615382711278199565878834750372184307914749164017842281, 10487883918645817197911762442813882506719815073129621885445733727563590846732
63057662898322860698512700401688482019122510062659384821488529019305069651143, 36368403506986414160984476323363684390835916981834288901550688410478100138936
19599993132633739177014394259439509575322593210355571457966880342057670950211, 44399326558919324724020952543986685438192085036090096133787182841410110943820
73461285135840216942887946032198986698470338146335367241721316138939372118091, 32908139660814022259927299812349935863745154193220758864913886719569161956026
35086358806258702632368280178913601248017781752012214172602493644652337055470, 67144344932451637482749504968507606088386700859103367846312811592889988843533
52422560910619902669013233787272825962440709038650230050644805497715439313820, 57800134162110629519753510558964987120960905566838867020207132342515773774226
69947840493556661513882007374195633012691992588435954713803066314060337957083, 58490912322508587995935317138618321230862195927876543304314809224916059172858
46668702051123553767820042879604687139015806386132075985906206637628364446816, 17766884154159104382181428261370883626895014468474723560366941386392695273776
68428106930950359210465685559791498748917988806528494701362679613447070484457, 47913438179299189889435366264487780102568704474266232169130295368050668267436
61511031537554918251518002123585884026809675684453364788640493687674560298261, 69988148377559013927083680292495650040915754573464609080145151776658272012281
43416363884161354775769677206621093096228908277897744332520492402429375517821, 67781144097737322750122284406881715409165119016369041074081880393935925160308
20548495186182904555909343248183021364918354127813285165279312351793228512584, 37476432003767216553847067234082083139555974340524993332590308408849836144348
61534337377433345491786881786874885461976460603504462509238049986014789887281, 44787470813485984964321532744360811104726845935087087831400876223186855672335
66379108321867886676795718628439277732515611494311971778410292498647975893036, 52801206423743355852021682994461779467601875771349402468197778540660504896758
40796523993486170449377768062241668073249365339172658436204288660927472396085, 49727688411127273030719306756645767092560785364570675959228991393224795396342
20213643398460594523680788013656557227424076730782614137704170899960740117873, 59830030694192923495835755435209190279389588711591906233964604282762032564834
12335107842343511107089134040865022677682877705187595999646732477143799055669, 9493396757460325464892824068252605244126465439226202316848175192760889200831
27418606116078275388324730688567986062781093744499909503274883016329049812427, 49259598576179005048046249233300402306710993996434678138137961835235192496917
15382973197650490582061586187643175747680351704866023104739875464101796632656, 64644665159040617695593325546322817787459022513572266173077562130176371048719
52996314648475202645178046538558905039312129044818322419649437731709988749041, 75594540016956853124934743958658464713383164075360126303139092007223790386658
38520118117854593806734982635154313140994815972942345501413581029065702554601, 62993415051808452332992866183798985417102309836885570368342377997071964789295
14977027385888609374952820056520358067199225004383586884851106351552493315992, 57958764914030833223667579774173754341599685478980437477250025870789916919861
45382267640512150615911391580768363166446321903587452970817334028603968350574, 60609497897610169920925698487141367811935367181347772618075242181244673324589
47189433098821277575267814903657516161958148284045406218085116265602848670809, 8475815889937082804863106836067091704284819656572290766492047590319996271123
32998716232023686705915506554500176644763685213523580324135484112998654906573, 51076280994885745147963237235149411327854162709980455848803813594376569282653
2454763788593460602086017093925040276908873276125072556026372988017907953138, 18725353970987015190071455360611827292054044193748074952569060274844807437936
75589262123247352385390665215724783307749651992473312356471216868832408339065, 14245870205753105215521566507309538757633310292865924304909154487089193169492
70600931551296530875539520942586571702300621748429991445170753625414906820619, 38159361513026661858200478222755227781167978538311809306913972187637027338164
48014069171434086732121832239594154516989576119260757036361183996003820183169, 10837591844625867902451738080553276885677044846271591507239377706936294571552
18456844518246544595063497319282488830015439624083661628223231883544594682648, 10154455241672970688349726274064051160400908186416387471604016230294328519503
14893390568608900242207614325080633239147388139951314288441477435750259519874, 41535086869654933785246901355492704339856449886410863183119327317167568472099
35709566092245431714219070278604544257239123431416581718124408092451151004461, 63893062268629345710896618342518584734024550298781777432141509782064444318458
29051865502764842852714592934077280560651834532131018501681730816886489042759, 20416723044715340721805835052141334624975716567375135988547449076390935240761
17534472912355324736807971408415853082531676625373083007822995169556100647582, 47291749885894919674410776564329940833916697760093575218961089795900382664169
50774266162073363379926666296518190155229730717376710950660173454021099259957, 26008674244893123154696065844670861494289234054366058804991939125531920239418
49330878927095550429649372343231352477312957215682775736010808779986412923130, 6709321634391035094934981846834400256569189979676317783147372834814969849276
37682095447592617001864363183528688387534693999716989061260140596122527478402, 64342578056432786425127819847901624464402951842645422638001367405511966862327
70177617659106437467463442164693642999004932406187842580639292885629055870361, 2736338991081717343378053135185996027337512564591295497216207313875345777938
5039824970964719927728108035598366281782974949822344585243943466306081284572, 58426914027622571069955343631146647423602536315870459457491658432233633934935
76381038180245836504001057097382329512267027270515434508859152849493241740521, 18583527745021726567969855593048815247353305935349096267750841961756806601691
54418192849992687139614632199298197196091292775397535560777164189235847000499, 47807459834111267202504386291420172032411528609783432718542202181379303177518
26517259666319244666398377404181156270597774241072985208005716612797642275392, 49890408109118135824618122044028738511569076958258627248511134621779832111430
70824551989302707832052197234744722686332833205963653258181840446595253717825, 16999457794596126774763259718825330907377250856542372698858534017622806645282
3584212366024321919729570797686889214095769227742224133335846478824350788957, 57674343167470525715859478570643417994214468378382543514487257683814913675336
42142984681374275215349251571141952433419184258768353579281524477733210173192, 19030348026840159924115106672250145479566378699897862299313822638635554418532
69845089128800504115772102897957790664022487938281046541712620809327540753726, 15057165470417093145633992223484806921998802510915679647880039377436772768073
17331339837709868336136735967799268809564314632065228868839652655282787333401, 28757110672579525698818454084723628075608736972688671859492444975475327511992
212292899628498845009568769103062424308843834442325781974245464506022703213, 74067100418812727450512754628647012466779578612087833984662520966629669677343
30722821604649896950118230345878210546063298964898682318851963983295874041636, 55222362610527403298745328693494777361932537849093296267830872519478945106321
16580272182428495764075234577082328009422789602480858219064304365997087574657, 58065386240501623925823541672665939223925927124174424742001987288363224440802
50598226125607587955331130176583938579211781633137625974435576745401833799403, 67669929082437594101735018874912666411601362551794285803500877494614500721461
70296619933603493777547837476930164830824769622861722321108842437080350025850, 19827569197984461836719981990833257957534894548749088160658813728484627084247
22624638661667856204860553554311114619827626515505518659971782536589523972790, 40779589078616315003243436707100027537397490107927399816640950450730417064626
7284116976005305073486524784746489663038419135081211533048452233637628157368, 39038383965102077336160025147041233737243502295373765739614998187881709763989
8413883266759837170317142759093047167598469569999374132620120043213200648333, 53944165107466323356590372177598961807344552204283049888177551019151963958157
5893408834541555451109480172158993639257298297496007128414416780554661588164, 792302650703098519529751327413854191926488255382268506040576872920989073986
2298534178006477374764189665520570737493851194106062652380112822577447522328, 38996099981448398150359097041407963711272426228483512255538990949898044446632
69436873552684557081881809155252270482396853329124561650010781434704188836162, 73800160881108708256397469214485542436276666032335596615863667854999998265104
39591006988528423230079404159575081707377469244438294974621888581361777889156, 27429778513245240592141175262333276045028487981963683106472765066776684269368
50502028589260943523969807414507083443937174154895222839323530655542888286506, 34689217404134856050816799293892764894009510738517432631888916848049013716251
5344703173611281105159298233048443584343803942628768289691991788673734300248, 16806352004666052749768876517297489557300055289768909106952212036850454122362
68999937771305980957198877822144401515004315071935554245551003324165100774299, 14697001259123460907484435499542940609296689547241978263829947006500999154118
20515877328900951727611564686620206334248416500101893715447640752992557209309, 28451096210780293253372449566275068854731181069759243273344587188662662143734
43862771708441469412569056104462557589348356865509269948520166710224767884992, 32671571566377552893569977023100669972950603158981860805952899513115756563469
69497600160678707444946609023807553089026634234056226394099452652905028064637, 2653055124793499483656064254342265298590034934965863949455126956626399723944
56673290489897907210336520030296793523112383483855919989188597563008359100708, 21664863184975931336814600089190140110711659810604073790041170161711512078050
20277462448617114339470568436512841191109135444192244786412544108390693466757, 36710042441475147490200769254884606467375687840441757412769947187221732212104
76182069358806737251071182736463205756819693460036891966459098788967186420168, 64258589503399215702405059015030852700776020089195226126462056696265631399294
71088849063694086871145773381957179515882417129434133776809655172045280532506, 71692374586015380055845796922375609361202579272211496093691720980560792611684
45155722394411038515105715731887661840773865958756707343940012924631298291444, 21948607253514625537998211443627736421729147672448536800362071810880915259766
68656613729339027099347484295318613816956521425903107130462360336481732587003, 34816993409442929904256834765578910452319862135047738029132043660517835496668
31638280664062976043390484755594045712082218495086371556244035001707078705582, 1311863687939576424592220479892070671553154217736602125737866437039498187758
69318935311534127723053370265653021453269717918707815607993907709625742257926, 40026348767313069475915062112451061145192239022832586459856636343928542965559
75382300124168165380196692106750123128351438298306270670571176390395076993870, 26572425385766840119138192796299162061969407528218393541183893958908595389714
37473913254451075391499161292925014511376737656265397491765100156902260704989, 2477881600328981451881429023293345747846831192124011458010169802700468361050
56887777043887770212527467222014523613546820556660022600174370238375081779565, 46685040277890326022175539207901753407199347730845112049673953395558027227329
23462456324894688234460490198169514723320761920478267003151062198302401667706, 15664425739532846530361811985050807217591709624546191081860989130439018245429
68996760108804331297049187245807996710367517160695224883925114143939224205453, 23886344879431211983758786229900816641173432231148669928318489972867320473198
56594922114547248535403839505671342696039886414724703489407367928016261150017, 44143769590366215498713751907994817685500006733353849696098450960305713985567
50265810854843277364708144239757358935020269114903832637767415131566704790473, 65467698141333015883218786999923432794433555134684385779736084985918353680543
43079020808284711834903343634389964853537690076257684993824456227184252182631, 66578194156179318953725804532227941042700027031681537440823733699200983920632
50054156794353923834680346171715349204012231779037087184357123578125630573917, 57372566361669076084547469840920100428128153704543960103968956111084853516878
56774311817991633810976288290228213557944693285020874815913679807684903357279, 40010398022563557324765456918346426387579289897657723664300268077093845091570
38731085348703181738313717088476451336600554511852247149780429388025969331884, 41510175185171501648457944289821991774576468219913377064706227118775643681890
12760903704797674648276716252026682498979454904819722133856077396824938921045, 52750691811180744686904709053367381669190747900627670985657591513987747089343
56258559143760229901697193756428903682020970125285609102082787852130529705828, 47360866327336213776055953671051100358284320329909195644091892351776045070672
20588218284783755365690143859921034914579896233110024780557991518642780921905, 3297999353545684403126929353651969988875167746929488543008303019628476798291
63673051820738978763344039939860543906632853655531608089105934859135059894850, 33622127000607660003069825497891897661283211063821707534574728348336281717846
42944133361426861277011590540023690417892864520974753804718421049725918518730, 17023548639642497697570751777311890871705942329231224523982866249773550602497
47908849392693984651742385250824142768584484328721232140945525587800400995745, 44594647161790115159810192071338213995980871211797338549472939404642556168393
34726582249647366724793730322344253627656036334578604205133775596553122946072, 43810330323090459734733766613105102515847542286266471252863689237281171230526
55464642180969496434444332846832918988390417180090895263986217022393065896961, 25987120640935759703197235082370760527299677499120271151354760968589086274078
56516702696427320616763317753022784442084687233903255884749874248193585450027, 30624500423811606156103389709560250762294933055559777780944975172263858027838
52870293135022867453711742531647296859015719020941933780575755513198329607202, 25638916048009637427008744967748012313741615051662167157534651440579592509827
26199001494983405017604524915607051431559165697858833266048079939119343341066, 51871726640517278698788354726817054920468266337747571382489250487464650778423
37203808241491923666969032142916275206157280362725694148421038508149544990699, 44726492355492598804038794885219695813161311863871991757926062016453248519264
35595509128090738118472656063841842899530498410225810113421784685177929091403, 55533146510447687036007482161209036322122959985303680515144302280370954570101
34208501707456513127440398300063269816094125220255389703137989441233695415349, 22528922424538663932961787287791107791182190582892798561548507803107556069256
73553446349973265225401151834613086063811519288345574507202922893498172793777, 30929532835393318279092406240270566943589792460937384835377484947852406683412
71911451308185727809645549492547601994948404220676959725794840778726088583745, 65600899268155034323801468021430691253927335825378630974265362273638492403929
5646880311801076590014925963645778640639130387748944737920215773880211823303, 28218666857263346476241145832785721392502751636797256633423500485448226392158
40207715367483823422789374541391907600139292094365763224945394123296290971136, 11250167343346285418268319611382914406108441967679351785450719004770339997701
31792866814440707644152235977509318691471496921953712808526923692078237472298, 43400366438952759774525329424973434530395546128711160030073262165871643711088
1835574479324272505565898094121799279034414147255674371683093257749514000185, 50518018278247882507731690720590387679406609208061706676947908269030727620518
8916036990954147908782517924513317842644491077600807001616308172711454913953, 62242935660195341712405857536401569312030246036864337053484389191986092850935
10774258509814007133202527124930945635761484444099528576712976600609878050437, 58201682810712081525289987491040586642290734713627842666007410894183613225478
69714085005987742046825656169872731836718346673394649929360541909486022415379, 15372592084040606908048397041854543557924763157773842758903378161471305950918
59090446556987563151354340782345732969742884927975108265427707881418426111983, 76553735304824003308199498744349983546964074974495069297703384830939235162202
70152425637762605309094896516645281326604546066327242411204755175440900136290, 62914063360600545724919685066236798445821054998739893505318988258425661280769
52457300889189752451543985389658227615629372683555579213199551265386274142546, 17308434825540040065544797876369103727672714003455521685867586071645763543684
20723480442261020070398067198092386409231531238997016064145263856673654839516, 70851148516958892667353160483953391998660971696512933272773033144091557848856
43892046898397880303384134441062636789387607242221040724660562121445556916600, 35348251885176038468915509506315909250237244101977483624853338867157150483177
62442414523712369526164233274142829731272586364426265742624479484924511551468, 52804749106162434254774205891654862896746513683626422383349798524028726329161
22848212537213408578074809467622034592309717573353968537824642715331102232532, 19852686329927918914453425094450105109366117903191639886326716964353415923015
37293172838293581544784931203676939540740787584584361220096694358627760319838, 9219957614726969117981448798993663861885385700589917818066238343915518573377
56185542080003624884393120183743121771333778850203855616117081558252516329218, 8546920577334857286352673987811296348072920464895490976992883849868678558328
54989787036839039641243438401248757017494814188050642241259674621218141000436, 27144822373158664893381787683912361776173360231232883479804165721556482148004
23409806167086428514447004989124448750046261902966806714533721581884214233959, 26651024909167673331994193050521342882571221397063777463942109177911626339880
68904144076476864084332150160600703596345370302483779155198001823454127627799, 5019072030349121507040136793611874764595638895800574274490097339692475688375
2473745026318688661707803036890080712792881268527371601640253139832350438231, 66036189357747614565591692446803158082158979743457009525193138831202331108448
71391617347181845446412920765407958489411083915136116137268568893496873632468, 53552068650939941716343715563802490587603020637437109527824399667254687562385
22527361481781162318095176738814574894141166337531680554895931668958013871716, 70788336712470829157673515544714924540234086354911520162345307599374092798027
71718539044409221580041129577999045832697002215949921875564209854173136437428, 3419871683258317467224810767076835325249399800383877296107641318189000034647
63553954499982424383344691854996897337896383948340949230282174861683031006020, 49905967600300622656317352341059114755602798021458638950922903212167358528073
61353526740280474483734077918765103909643079217295230910726588904188172485300, 24325095420186402419601666623282217452514826242480635885000128728492312607919
57561168480564807777839697062675568434368367754173717504323996614893742330131, 24944874980405176970103119509355869383168809184125354273365062352116228259544
66823568974439454523318698626209063010504325410544451712628033024644854625103, 8812226599290816498928768552022505507168579368681280992383470373364154096713
27365850889776712866616058032148907792306412875459390658440278264256237008969, 62532323433206232157445463781134367426506318436602683953120018395672526206175
20889169417764923471674558979828779640975531877694834535889170247650403863110, 57269223103438328350308412802524851489540364515882919873361297815375510038219
49759776305770072677523109541525134057201035397128362621269992096652174812587, 7400298740938159308584928782375162291944493544658318512564240605961605458399
43765436513200944380692276334433524339212836976640852834215604756423478655540, 51145023871370749733891666900595159405375411073154270706857259498663545417722
3214650193349336189394345128993517477022640782157741217559331222331308054022, 29056188574346479734587658186849041224047856341151132108866808898070391703795
64829820260131652210077168390636210849929341088979198266357099302277622061284, 64014996550546703800798916942549805405804814235534436001182420678837186526575
22177225172504071506824345218556964537825418418739053217227850642662664655932, 54313434173890387978170023276470674444773629913595685958586762746013505518849
57209001076071035780521050703244524523783536698129513801143317329154477890509, 53222646377116907468071410905518339516966771868025696785118761557257814439522
67089627471768843842196638997209987723348810119700343792633033974603083796129, 45059378498323063821145915549614560232165178503350591907169267721175701706248
24239046490119371020862835673945081136311907787118174725879852531161650523921, 9876534392797697674503113828721139911681608869190242227473142637031576959694
44808531094106912477478190760161571249992281831898730780047977848930291049366, 61881330428753727586549401406417255262285409626382646101750058520115866739152
22057108169936919353168562757759603653081109392897981895182528434612909898247, 21385196251103706333778139535946893653983185417051970126561317262932723007405
57901979907092012819048649475630885028454358290805752507907600133872263459067, 39269360224418156346970090757398622271745078492950455360575165073516448662136
56447230912481702564315108098201069423908921835968801446666827833630603511380, 44543199643611234777434505012491288140192657508651634941477592559595535560110
48881754235027223241988223697290428221871931650242397137642246093295413080625, 30503874607979884644565577846793220087507970901723611672683054002080847030844
18936478181320595499123189173389553564800739568513444787366175585985019956382, 56644008375427708411182904525762346149439089644650081223034373608826964530079
17312500007993370934339559154612383191155233304963982690833544119018720019503, 26663357545749077879682007592499397075479483427269925100224190251444366430325
28635825688099792999215856731837574640444439041032895378087379021091976285637, 39157159787273012887150684449369175283432511157925564493625556809307779190761
55307746141181453170581683727294222108552751343684364281773216173439113616991, 7448089071770534353189864281333215591918155711447727664544356838105890793214
33672430728348979888095568718876360389683602742147862496926602958530543092138, 62715699177484989817356679503811152104158630292813519853298095049757928043559
22498190978538369973802670544205995070057133524747449483835792635506592512581, 54791854029572064725593591570830788130884543249303956688689077823604081255631
45792635748604091604492437483293220532571876316321204231463259095172589562663, 58319990374115847636075174935026219660015721330890537694569612652587527868462
16984990374524538155750665438439814371833394928167160728474983213882861082666, 72699927796581929102162143260341680013424167593215488080658243908678066955018
51025165592318748550942672733298015791742479720163925198774435109159137128953, 47608107210037813077047537935507282857193218090121957507110757554050326505915
51013884370499101864769286404369452745010697568987377990756544624439186281677, 71219980051470191596541424104636391778286203190103022733590384331756041531270
22810019001170547997775639987040621174401125389343870870579725636400397908065, 40928247872561568469127988707863258363547406466241091527963588551200378393731
62019765931794103035500946934685238247090212704692922914974952943629304529083, 21451983086378858608810539142285528297012680445332134189556035280087903643507
48992228492564428751475122308217187829939083563131354265730739443761685258036, 43042652879383124413715728403699275994163112270791904167449677169548599124665
23626489641174426433319815443859615065654850096962244544593196683789407194597, 60083454115175885730287195799651879263935865092187811026356204587315502851975
22366559144839148605551262538459000380785927156492754069492578426945590423790, 66710041025053540867654058207658423542500604500022946313073875929198473301810
67772705338506934047475088538155055725838382674336928780404167486879892069338, 3082282365913825659250016958019231363810104541323823913629808889438202355453
74348566520057696377578342177211746474187985548297480399164965290171385263816, 4358937094343908742760401080790144141782720006165907551158202107159000383584
55884197585749217212696628195645180986660636805480732026562352631255186162963, 66466947068796727401713503732506967165764824808958770415384589206477970480513
66685020924504358195264223508408643375395823787708756125052230023091748737445, 6465554344522611937230785908362840158516325874641941475474806580604318599549
28531043859053087884538004314382783112634217250858773243011092188182911439979, 51801228339947120294394848722443974849824449597525984422052407544326838233728
39591899626243881248025361074585128444466270326773151288446886379088840692705, 25316557973192006879894216427181057648288440711950923666873433750448994271349
65261496128247820400229349520507807822418931411970488516704575295815705387726, 57178809162818825587490349959681186733439035654910276774090262556814976138496
4960417567208098254093940628943156043144725726646743694380081407389619892324, 38768530269354795543809684676499675033445721100701128457954734116643625424744
48114074043151883174569633951857980954140114185935178872059759827477614184957, 56798211956089520998214317209104673766408702652229754173943087623077834875014
48991656072032680037194464460926035327228186522692752051863614151882054246537, 57910087531610869193158327285389231841828479411596009499724050170594019102812
42576381820504416872776308219681199504862031168478982660594443910360862501060, 64270072396735917446120137012965337852826529343506447585796471071078474660415
44377614846054764529375188667671700575693719909125163038216337232380717271851, 74565233531789513420239831933816056612130851347538250738008437418213049946640
31033969346045156365662227166155648838916471025059871783246565173393671194145, 24889119050035866335389939324190078258580019102800027514165693682420369977039
69060225155166990656353258366110946082033804470627650581912913016411333126477, 61368488615275872317926309438525577619104191551294717489771722219662806260042
1699152733188723684936398539650462384267914021799321981862909943179231015990, 53446195279127033821846093586614755500191007134294566389926735177505900947866
51884762770649941139485722798873787035104674199392426030367626255531985879241, 12803588995670119513543755240117736398398537730587118952057220385480597396035
26966974993090663626902783460397424536205299900616034408352092570379136048475, 60121052760508970309238075209821395547967092911670721915060894584305714145433
54931806740962329192727099608607137085520448771296707959822811781154807438447, 74796932498001119132328807245609186791931228569944049236587289255887940385733
3061651529946642210844312131866990628350683968485470201341249075552978518650, 44402267069343410016895692106094949428874739424197947163828982068003789842398
30511743780238382200863552453969008031362878642211171468761386903974847796354, 65861510661306203352190007382524254179698977054801609912589520708732888529086
34716335247743339447336699349999745911510866218926245162009304151584516257221, 75876196172865615838324894969296409722693085215100269908474697768170770513121
64438583279133546659409794122127971093318797557885287229982177100523478845697, 40911088456648462049083259960992211872461518079181005095437780037319996927529
14894224278523998027632987064310485065634960713290596707877770604428255383130, 47406326183273201226277822642772210799808294014233016401512242208434143766430
5092182602199151593794802308623019479054344589665764909531667022497070855040, 40039808643439487266706301675645218986607450664588336034339892485806395570572
8455637721209836469287741461695498588915563169816662635259142568024189837618, 46894346494492299992572775143346738980307060158499436404872548106824027269766
36998162565334168411217201352296682624714191910927262351932958765027710703886, 29989351795391610113921626735544558807160542544212911568084110571481963342987
63831900177443952310619661816858133561565110720316936748359711836745399780660, 49879668535914249531331114401913122991806020172661327689818110245591125781557
70631978750465014126117767510600539799197510870097915578891723178704263450015, 66773976112795104975595083802408866695023273450643229880254165056047625268608
59758610388117553898653811340816562284192146036795775465441021448316447490747, 39571474088503433349599823058576063410136397496203241588037809956629018820479
9222107449176577562180964679178827546573087481284177577916662103468752339795, 44086289483992045860572026217872504850391203584187545478652144372550805515658
22327184667326383968887349252787832297388526567767761798173085735466325677843, 11490980945915559976992734928748459629042534134284080453630074491215556202235
42772933232285602363133113532644017822857322791353404455931628627293335544053, 62775812347657212275049017083781581521252224402596255491252061145436763724395
57170085735302152527408909777482285024961713010058835608355393216362765912335, 43796742690543796981802530493548364544146713874081384340867465676141343136685
55855693386850767177575340972285854051395166451905201289064745326139253532699, 12810124773795150180222017864992693027394435305565487809087939799022370760832
63008732163621128538305729980499199993592889179030427870396951786567748403931, 27684688498230271901230458277497254804915836475026698508278868373310172394720
15723357227188912010929683745687345079160561595380637062918647805498287948425, 10531304015019839184230804902791682064645731543900215675838038420352198791499
20559483632240514875346265602218503554040953501514833702693701920151709110969, 59287031288252537954698697865456695992051826531802258340814237742593648159560
73564076689271851460929309826248161738871631083017369508117791205019537553869, 74808793644128136694838279832587218784087550344909719643255947908660984740983
26970864337893391372712738385652869312384696984464484928398835192693467791682, 47277891472166578119731265547178669787100431505372077349529086196174276918091
55206518675879949661710249463808567585641965358589508071036785250581493538936, 62437166356946472761257819073072650689616150268064881402069074870822441912567
13114697987384638987528461709629853558382234334659717027589015514660975866091, 25876890413574658172789954808782817548634141374147005701325800834771831180992
51836316910071438308438181027090579203047721533101836317745721302233294818002, 36511717461461370325642706489380938337494135669386886368502034892240752818900
36083378723762656660746424982022829508997272853377518070138931224001103502861, 6967227289206971890729516950444980634133614134118852967145639900394368342816
24619719761118835326841476290948746201375406626347388261006736405361902438141, 2833043432983051791921280929168263584820031380099674656762005745738351716773
67315251833874470149555703595451755570410223254688406063784796505440656481583, 56127022465007870849735810232832891863348619392412641004771453732811152131872
12366363557271876662717795226703180133301037093865243467825735784005064107881, 26439234631546918985627626649107417489893559648596159658657376012056917399659
74559419107557857391718597982902479517269429391064627599673313031037862141251, 1576437893000342689890922240308034288678034085530888263974815798747485479894
43977874832125076365106028518084637682979963782193201681352971081120488595362, 3729141278475037445829611043375427495599248591651405830466268010403688108737
155829153944915435598653754591756887896615872545599400827549114396367745999, 3398203662475952320550292912887736476694643316421579324557526224056506497299
