Elliptic Curve: brainpoolP256r1
Field Prime: 76884956397045344220809746629001649093037950200943055203735601445031516197751
Base Point: (63243729749562333355292243550312970334778175571054726587095381623627144114786, 38218615093753523893122277964030810387585405539772602581557831887485717997975)
Polynomial Degree: 11
Polynomial Coefficients: [35, 36, 47, 16, 24, 49, 51, 26, 48, 38, 23, 19]
Public Key: (4869061961037176545792538663745196663067616384066372370860979130066220045812, 22575977701212976598084010125315389932605094259483800279659355442219167867291)
27420124573131878613425909118457832867691848746770319647045268230243794280614, 1078061509739704577257185080881248802659562500355877190919703035336627335748
52370345142912881901105408043413685940131535423375197810906126894465045247462, 43378748319456557551911129373142522468118513142535722524194179463556173673153
62332257053800110770392345641781713754711184717639103228937357891539065438979, 66637806219055811023698614482894595274054506710031662180931849763358737818491
18062360734089685155407600018083733796674844696433954832097418517975859668440, 44015355958151536187372743289839262762508533018015672558084892744695797232087
37408973430841939494961974234108288781195056379956474466032931027851747344488, 52185862751556388366331027513601584855518231513406317651584805107498306848011
71870831253193909441280491756725241749204143352716986562551800403826960138027, 25868388034635538337595041903206086555564737364410536355120193177306336181155
34231515052904458219869677632316127648368659411849390634353098430393094866946, 14313430736361920031271647618579473951771776962078869456297271463421377296290
67551709990592662242585298926289505507011941251759754596474728537330620804658, 2884725501807050443802622052800021424230290078807669909800288410086770813395
11639853764678304544841746626687576540513009099151071887640440857447767053844, 41353988297052023400143137237017378869822367549185559848234179029494331193303
12076921583504834727283896916642027760870365173513660028186350674791827164372, 29397432640048762357630752331324581210657422195693234587096015784526251441798
19669534017868186106452317943809853450197667261277839207334138444818665085575, 75137245112126647828067964269830868331425565091752325581814574724596869196356
22546748308312842044347472796151546839551577724281336662830937622506758358590, 68829905277020539877062994342178133540775695185248838208877682076643650752125
66958474667606140886149280839774620666176388859796378179413497025490357091737, 74470830839877989507238850914637833208340222473107637540976105641389885369460
60368407760764290932013623515173018919708054987519068127215246106073931195324, 21086903832522430959196418771362150186396406289500710538777808893714255301849
17723066444708757633153587735699581322563402045221982738602453233295413361540, 36814880004697185233758549002019322572392345007001112719926900788505077829262
2931816742170655431855877719710212826462847132406535626706036044047197670037, 72746252739130392296245528391220053795736075351810697214768160141430385741325
10412559467716819628540629962867568819800530855097720990646290448769067664884, 6521073856463367551811190567359435714028008519661864396535336561714428171046
802104359666710597746317904987770286435728256670285323992125899586737880508, 16501549067993335284999500558001726237246951652798737651567351889564389554156
35263612413251298563820186806248553079259497686534162469197423569697943183336, 12820192163192165649859552816271943699283958450012025662554526027668074961334
48668675454011645532431502657293866939500303550191683313264522332291071663553, 30447239486089218764653307796866449401415318729539781560951785456311395411328
59738640788306655464958241840056494322820032027342095123784065947071955274494, 5918157890876481175903431717428045441630560818132640017389442013079734356694
21478726149544809628583633820727690515771950273848772908618178216918044223192, 1927918984691107665520587758478106437858075489998862731572122219281888879929
26612424215667004875878351129772199282033779624136569619732181006567722050884, 36871209999924214747159318325782175738704911314788759727146830667415862835871
59648772088853611990561744297183486090561920548940913357816608512777977601729, 70627898983732644962069358003123344782402262792415298774536734413345114856676
3012674687675421308885000412995689094853341399476969552835998723433705115884, 51117041847196463732158098962830627482267832577796837121226685222790363217722
55778978482745189291581714552971830018663960413800876043208093536661330889144, 43425826317736136485761684076920423228995180576423140836455121327691236889447
51743288567089677872400210012501272454580853462836921618762419379381566258932, 62534157140558890049163533866318445741192934524379955529026361134315475399800
14222916197245293273016081535162015080249412173253983171825369500616391242729, 71324497118134025933778304498818656772048052695876452747865232613209549187738
37404041556785132103867640725842045038426097305495563528329330898944321112227, 22016413465918849079911577338801170478550866848292560422534680963037424735254
57875334847729220224087925355288458236396110461787152646607258397074023903040, 46653547955634462995557794411174294519757442117539490983247577312794469726425
39874737011962813359376595492178020723080908956223847943496014998291230514168, 5601812872178740881704092901591284125326233522041769548175286882326045229055
10987808100054871465162532368106133937359088361624726845987919495957115503893, 15185430917341426532150461605977077579568181872070102487658397236669520584699
73630904557049214768681710453882283345862955483542136256558756174109953423278, 1255525447910150878650412533715559623820083853866768418933463539785428055758
68332549633936112578916700807143730357900356388947345485167010458721278394432, 3874138079272273108536827179934912290292365791169920790306555687750422959560
58473220544820256486861757715266988337199958908138420733553860177754390273634, 29609200331973547954795257997054288243956162858493351369103636348135041543921
54864398967663982142696063643021767030307230769703439972733904350294271033996, 35506120319362599014935449368574516695706653266771547957306820942366904283164
12251949452258887236638930362151920610996294781201004671494450902388632009580, 204843372581362485842857224217647189222190639393838252295689566723733511454
23741560559077357210010259193533686210828857591571903508142185923758005030368, 474749953070325536040987145540616603688762667826548948857094617760168822967
3343503671235402092211061086598846088907294460856072752798083130158258313225, 69641508215177602290312184111920370524463266454811918540219627879346058595343
12383339590852422273785918488053785466888111368180513353715379916095861673258, 867478324962326640160258417826392654112178049358110607954850181405485344803
41165763107125002257968063368420936401420763325190258315715946549381629627995, 15563436882092434788103766492180884827458573673971067843018779999829865789974
15943149424807198102078121874731607915936787340611433760345615898928904319618, 7696085883160593950842887540500634760559727632616172026652749521228072091104
126111458659362780875843223100159217987802373984237068403084601310992684600, 50941419681763489832829103235244686682239016074795121052900555050590334306929
10805009044206157546979352349904061588694206752640978114212808693349158293251, 72282303007047703907862181673190460493821408209638722951737302880953973710999
30354805658962819707999851807132174325973087393946704605488684508089342008283, 75151259467145920810212044269933421820376489697437741647304889297782528561152
19251057688395373004722451503371889172694496424044401403955340525615033012096, 38741850635575836240868102707041432953184143757280713620003860484356996971178
62208715144780926144361027640343979081248782675411282104898851171333373137255, 44200385610924061536583173233271367274585169725502884260715013659492815059948
63848936036464237916816661922573324685471087138263705115444202961651678254367, 63623305218099428476662109630445283928054207129325827787097959057126735555281
61274615667675794804056917317878202430900936944710369492087964224005614517328, 68304034336141117535885785327334376827315397261399722334696816699609985473353
76796877603967208368714882405325847051595016336162949673215266157126584689292, 50389243829063846186708320269102032748985832119649230569296300759464579186523
3202845300595965942240462388415747264322399481911792947040255726373893975474, 46459483416135313789883796130902443758514233475830727463431827996142429385905
4637250822046273737746572318097212713883628126110595548307006871708745763291, 69656482598491466748760642766353125874825395276949025964324348588619251007289
44119872457197932341930436263475434911570357314462387557277477176483498483728, 22742963704515610947190930692627062722552165984983972267567014995874151481993
13750364879487276351438512618933232019393618715895606802058716902664790982762, 53917342542117458029435034754159900298524388362747563290833585511200426991063
76116033079443656873547031523730265904792654218900700567255714552820381163579, 33818244389582165420684544953773833388297379353434523505527132959403085902546
45241171753052326253438536815856336457701436532424002971522153502941924962978, 387636732219588285760727068486886748532065363617405800604310612399501388980
49886841716823372512045235698529191089098941451948877732055980777227425469378, 47916785613170399138475023591625110347359998115566457531598221487743280245923
11858711849813129995688364991389130118988066346416019222277566325785811201814, 41210658855076578515541441838961810075175026707182203652508573679922971199000
2644987502724252066736502515168562051636438133597331256891879688705712895276, 51504441272911691558986185358569810767358457916528078174777332273614589092956
36280047047570157423380094576128129327040408402614290988973476951470148654116, 8562882583502952031419113135859163017830299663377189908379641107755466073043
31124755774381394874806716830256049409043066233489979984329673570281233191, 47973015418839621375876656119901814711146748873091047802638695634024769916392
76050511662704747924472342723738406918861599753495917473572421190027797564979, 56198592361582668463809079134001245696178366705097750805544245188726518215083
52192894198293568729178782064469839177380835434331814400064130461681154778322, 31012419018371215538316242837177910640462823064721239592784331367208931704865
19336547616726514231652646342514363471218532691137357702722515142757789276956, 768533332808950671235343609296222482967520054714185271552869639353889421058
39035967784835718649275409406023530439201438165217289136492770836889836725888, 596663614777391860409434600193700690156614344750188552386906781882034121727
37957687580684153121171501549266585388451654532574840124745476018835439584869, 64982833226141179592605606890279654920271632399570797588658852611679890562096
43504407646966901248731801379238134524545636694946404388301670080426579768496, 16334153660001600189683042046817511673195571825390651102135177299215384026333
22606807113577741979062183803306407255613998163881388462261423080874013324069, 10931814946064912895357072740493921008755039263935405167335068298027997289073
12613395944506903448256789770957067232128897751454480305137472677323659033991, 59728692828348246004376482538623061754969993977310365283304909303273396102526
24796493348732076520779565548489256453983500254939258968887970366412983549460, 71565417846160952638494493489678227234195325611317577319681437005372159328043
4881023095520485528721081741077141673148402268962166745481735116562842411173, 64876013747606871357296995402601768358801861217791094909344938563622315235003
19252647599088846888353153722221325816795632014741912218146582686111631622518, 48854145652748079189752167595888702793459024688993803606598833195206878107799
18929442366269140433300346034424321439734011726050527647228846985706663954026, 8682677673313693078488490810000417335524933747400186605401952537879297663014
51915745974647606268042297248360195644462808061338991281133591934505141839604, 12842846261986538999841983323144226940605621476691439480585329610613923825675
41680698558121073958890889028940108994927930165026593108022022864347610125408, 537293118597679169290861002918581059029656354939716238819025100787904299882
40107965835291989239353552880649391416508986715783426787616158043448413420591, 73224371240486828229707469739138954849373183738245022830312523685025738807707
75295330764405939844616692038998553283643343189467926301386682778616442270373, 33118339486662254948345976848986829503509838543796228205958013636153705691605
65408557513878580003905024580095566613262171949942534342089945486578137949527, 68721252731891446599481170878872551632144999420023230969563430150753751107717
61155186614257133707413253104910117993539977567689810312855523475566937824627, 10686361914695392716742463901741495677021885415440453330882183728270228114229
64691966424517916164769860186389968446606490420502626253719243754376104669139, 39026907160570400435081180448481684340759617940876393266760577589406760193655
40705443967608226394624153504974410347002592247618566150849893947289503856764, 54527632512156098651191883624128846799754018130872160552570140226143625478519
30814170860789124270062722278013454394860568978312220089317464708593755347265, 47492187431449988451600812157098172135570853549474870494659539375231801904780
28418604498712932565332777429222564407336247081450296791443979433114042936399, 37184742699994645724470530466181329999736335595156770505917152652500456156228
71307309930370440781724345357193505589478556228951987037243526122273316279324, 26113691033563299154419890761742660429083510294900315082738853268640450384586
75445412733990646934664678029957856240991059042755901205038911694373660235226, 54837685359973069817659875787257656232866004911324328004873001983513108518899
2509895340975004676417218697891085442742819779261962814971482001885099671460, 47992758518386496025076838034827857552794326901229832877494085497552324710205
66132611201539791573273701949756717943776941121591361652772807076569117204825, 49156859386422261111996815485957997897696826391204799688253818451623572965021
25834961077853334842219562974278786784498110466470650080183601146014538265712, 74582095030961398842961359298633936667192225308195565842524126485210775366890
17713589187027982570536431536383588343157092309709665939384516972513719258109, 14734941988073563273137284531252847971004497224272084627186169029732188701188
65651525692789995693764567292718767686356303112258112422570955527297708434961, 2278655710108332822819610586370062433159986545758805357999802626497337686139
70671587054908201489908236199583703501122617742046422453889439403847673834816, 41797735456167119899507276099479061913486312488862112766471772274720957201824
10125220490119516408070214411173320305450737560067774317453192759722846111778, 68403602109040474556780496983371406754363226450742356224998195992779402772147
33768673899135049086134352144487383053851417765224100721808971372356930526611, 31484819691561795415616074895915785521517634173335842040143940544268713099906
6272393576024532695801193729888162026393936767990155457869119045364268095388, 7925518848514498479326817536332022576534455169136226450117911670470993393882
14625472812042008554288623738179186352888816506326243748704199149845193623531, 61989076033867557218535719594907520812884959232574473935897030748586477382835
23232940993392883953801618267286354771033513002416580231342381135907072582328, 66153476163882666078454620227379972769162355255906379088080084561724268623726
32599883629746317017161295803871141884373353660427214189788137198644134554408, 40867514420184971929866044090149799038915626184504683646651369448465240103368
35347127473782010215642724633827055303155974724594375978401085575601044674983, 4942413592624266627867236325864544069515167400828775110896449383475561006862
8261588901666420985077447871886118433743354138446669240948431549164331316950, 48342265039485130970105599348495597113138029853033237087658650025484739623158
38603837853330732794736219887573220505217035136869314829726868425233353183845, 59576060497554699623141819902801772791865249116791306836197314314279717545150
1776348687573518546178521003687496162585786370173643591474070807729581331827, 9172131510079757318994951734604763052598633627349302684159489056222943892469
19800852063160523641644321998923937051756216481089432333670904396151869927840, 36525994793471679938335041510779746428617943651511501705247337114234886765226
76466397655774723192206324473199528818168251605444771482138332954342872898018, 65267673576164316634969565506862338607571292380460288142278673126313294926787
60348110852968057994692693066232878940313319042876317136010004747730479039219, 12117865519040899312193338092603795486248478231905693103831939801046985292941
60269782952623287642595815938984344730159806367774926322029624507937377755978, 40503003303291714857863788883125637670660955442259642868559744308416449984285
8022569677351256979759813292409790925837610618206143300185010168846510256224, 13997407722140581706001039419843768834760815285287448878788394987210332682332
60109092099346365877348234514657567892393127359071551415254921648443797002824, 39807251760942304812799560271357005798619106914393455612191573384226843829735
46891730298925831733686264891082667792616011989532671437869374025271899829687, 61488686768552980838912672424891354576019730101739715420919443238893281524967
17807815686630038495209978121446113392453023456591886986585740533861671530896, 24814541783840719131435703736701549800608893754114709835647209366480270354193
7046645899156265805987519326001810669132291043675252914888333342210812412931, 10361746144947713518735654549447480096703589715970686753498150210479228234442
3577533613530668742507687538473239899911571658432207348474681627620518411125, 17473002742377716801323575700542401669217427646812049655997820072669361544116
17253496102140327204001603256929148587271309960961207143021800089559038629443, 62073320112520549923102068346357461287185942694753316695973990418470108657522
8976669860220785338799691215964507803211794950402336898623158637348850691345, 57324050928136891227914463351567781672583494836800891439159679921573502702004
18252457985758407868247703418147619733485932539497181691551775926140592648441, 18114090405306846128042669002417395888274056206247307547224116779592811826589
32516155800962154080263774209202673518692472938620059907405749293237470610859, 75383316414664725920800362857294352737561588160883390013511535065143061330943
22373430494333555704037488883606650403550287584875104748154780699438038260042, 1530297127145764303469802161148156542707157040393846014943440111644712601567
69689368170592908965318208451725323311048334112995743512915133555896607431756, 41148275512660558985046078268934593738172555347365558395437606163363805232760
10934283353234456377690485010333527660998202156497894121766582794318017885166, 65422841931645847042193549571474193020447811765873301966560116185932812254113
548301915686596560627886802403073078261379149736473705501430232242839736385, 42056404830171928177612904018458738003946982941864933075029994043002490689424
10892829802912360395946592358260776793174748990480921991819749226349465763393, 5733052948287108123886472395391492103461311418145895716132721455107025173721
75680742522829354210668495452082747371864308535848004104398573456433996416434, 49036306763852464914579920505324501665872550824687231615709051927452860179116
49502110593053602951310603935600900445688765111610078199799737354195602726697, 16554213089163104673446225397525980603793333830995335588027533710575502471385
31240080905586779409716431073702924070433991644104114432028828785256398917303, 32662742281593409688552972879538674480461883931068797615474290926994941786911
5053408159662302241829403269999059079545388975182048962105233071554004890324, 7745855748998099265553290967691875776560150587468337252436205891976449551299
1777581201170777467599350748551113156895385928645054181941135277132028494439, 47041517306028009936920366907388473811920645484006776984502565696817296395324
28188583295684992131738991969087250536581641132563418658099815806034629701271, 66025659174450212182665670053605062659378565546162489246475195850355312635734
31292489242471382464314878452083276529512245332583691124973058042062855301315, 19996806075942949064505230484212500679169983669520888939780183924697092710690
5567007275384419261529109208498212983025988462282998183763282897425733114564, 31464353350279271923831625158364078744195768700808491145066653007780054870062
4663511891714701042337405315408108823525408751188991817145624657177481319708, 43044561335083636900242164207493485615427251610996889011166733859788605723646
71989953873597125817190369077485231297919766539037640004918193726418805974293, 65696199316316983051227542399024855660420973542603408351883739689689175665925
72945085139733910171332423154386166006847657008351585939185249151140389918895, 37093045268154940025290841377973277752472405441523349531227379579723271824337
17824165231068559754339908719418218199739488559367585959529896291398067485030, 2455150805285431937776717854351411375567515739152518311004105112262220158300
5927206477701949454174021258874938317066579462722087066673825533534277042985, 75068068180663109462484611447836776227084312611493563151973644484998998240155
62832622039155541489618982253956134846902966144843271271421132877586476961387, 832983693615518677560833014808658482952057966235985804693558112939233402354
39286186691376079480285843475472702549681630979591157106401980531693764161916, 64747261006715584044377438886796299847151343071796054999608814155550513650650
26550111452416597203431902571501374184212257075575717067928136052555962686867, 441935798158380694825607182118081939419024549502726131509278792436507297074
62475816071338166149694310552572759876461158830017509661604654651786229160052, 24504380070392649736175011063533180020376395703466871207041011174845909363567
63904004252707597504651796063541947645647232655619583656540310700594731882400, 19779805655844788077822118330481346610979946626016629542993222220505677194527
55375447865486922952768290551120695874418757024556082047317305786240066770555, 43082829993967513548117321632701877090617566634682538281258732644507299266434
29644259554065065605182274720971021378112502262264301694115664728454145930795, 67893347859460142351718951744920670621648037326089846365069723145889003935557
72983287854050408002525094549933828552908622798449378394663970797257296645321, 47958496303137107317684923201301459071108165326029077360754198746978651692851
56152954481403975725368503401347312817311564618320803928779554412813964609414, 75690999261417714364598799886426105451646540559847850602389448143424489667217
61602137349120515662145041358970525009141592232187048064866832611922256923382, 14752379097806299040850245431116252498791632548571793869028318004346274685452
9184148508380439632986246053475188107205472491475096575833179756295494257992, 68129328482559470737878503334785340836814312326068003763669941000553603426819
37370240816974327560058651951234069637238275071688684836383005161756997660456, 26705457483922916253229435830013345447254737958197767269809544594472445959989
20111365173253607501411359467909167495173891823434525603045396415934531966028, 57857369949532276370613832457477110943464404397925507826070784108566518208914
73348422689740974836156073888654023156438662696681328026077251627857394251342, 66895345735100160530784614679582258579651901773535295014624817994791835158797
68254258274303068430044219329119385312064612608356080760902183634272786087970, 15115207137331159874603183939918705834093331661577826860195789942568798482179
25227702797980070657894839574014533925668496607220372158633696186440221220265, 7979743854566941511566699942052596802642126313880906198532671909630133839286
68799577628295689715553849753290094191752766992546525652214702326200083498197, 6322793396263707425394407118902514424717303098036681721144876351458805689535
36415152116482662091364339233695188765883341589332439501050056694658412141695, 5075067726225981087417672759083390746187614567571348370133007277206182873486
19091879973972498252386650708730471060520951516573084384615868332630681613730, 17718622880267482312389977046847366318270017087487177954477233988549182586222
27492691866544849285143481494052426325209303493059663816821439128728206150331, 39206194148359704136585518902770033874639549883513261288716445670956508218972
17667547609274265714552697805612661476981603390594549606781278063162534807356, 28773800673433584049740956209487419604012839520322605562993117213044537785991
4725829804378619959989340239797518306219522522841224255087755375423238861576, 24641563777486897586316605927682158298800101905344082992552878940953373783970
41255426250254417300177030646365698664033186450683095441870728452071249778583, 75568608382817054345014712340922512696150463181946019390924345111348634413369
71200826212563900068414853566797925281176699730345628887126000675290471470006, 70001454721672347662970237103016703170721176901873706023997078329373261264397
47093155446629805299710026411276622765820139313933011709140680825819511336049, 16258665563523522632717911953826518779799523863271482040753165562914285002016
16708703199511533528947686447429762674484281219964582165335794149604344862426, 52070467995908988700620228413374140926197350724631935099551775339299563964893
9283203719434517496958923791831851572545890059764460135276647009747545153237, 52762341132561619511520052723426944768932985129834650962150744832520151232422
18888061647722706260652096848747648857150297813882391591012556396034411156901, 22555829447089734134195715569848375456716793445575028536449456864025122877578
8734066435060503105445341531828854551786591175829137069933949133609006564103, 20731610733076517558583110077803992193352777389002410424884650971349264404122
40676538826500265437190935503506610502787371941771799858895441174356097717271, 58911688719480010549877095872655472449117286153546541885996527836019551726925
51996430269926339816968584757934582984971886841496416689181630804713452222473, 2617927058164112091256985964908176453234131798779749021302603950835862089093
40825546504049303224246753348285744691507055372674791117767092777708500493358, 34366069157693312306141098525197367641402596050141863226072263487709362333219
65833497781427644204330951427057557726924896231133621091170831817721097188283, 74176321006335950572212535180479011462498640609530757399809492272377854720746
45162355286462257295462877474156848770654969302168122503524073029434293228412, 28500156327703407682688924661837513301059746728025795905881716942183161783961
7806776285635611585997964253956402281922503085287830881120212999039885232182, 17688834204619994525368898557603637537551338637500817057412964896321407922651
53088148925618746352699632542228772827212133674325277266497052021877068498043, 31303857236289512672890016128105895816598984551875412107630599322719630286742
12734006040838008317227353703250928803800988200044338015877244080670382087230, 26951379955845425407112914255139001737734745185030323182656338796797538757971
22278878647625667736803418865989012997302930072625650116340384936059765386056, 41538666466363054906978310100098295434220653389333476810500450670089056278475
57153451061953550731533221062734859911689441152827692977980553473270246637506, 63277306140372339509968594031081004477422882086804896048222602855261647212976
64368074245160670670236535624360102504416808024805881572631449969338213167141, 11004348231937053359735338645117053409828410565432248009561443498190912623089
26945672483402104633917918562993136410027938864122209394512811398873319927590, 43569286558506105762499952284361822343642512122484352245418669758287524144091
33977511557605468253508823906459470068198668079065873637136632042236044095057, 45827009834053631540810382981176231589155435568799586990172638113494694516461
73083697394890716461510514832491774372081995207077459328028628856741068915424, 27402536976410158832687092211060860923577188517855849018919670966411334140892
22323811395377542664067384946993522419638784422812499029601516681285929072177, 8376372628914512847032038340154319213860156282904892266362967546523030991460
31540468185158171939285915144887688254550269312364382779610230542010246349055, 33379173869213924263678386587229237268413296606520512152861277872205405887530
4582067532012932258511733029386821040892123829117508609517797539645048000456, 73198403766527152543930167085764665481459508666460612243635018460806682659881
66285811153672270219062491232078342261200393732284148816893884597952106655054, 3203073469142917056878198847964320685118983411546199710860691768820760305300
54658555407447901142358617158574277709944424646510316868382294670429383854402, 33897525234708752652390921718282118190211981350966646171720339465449999865460
24770529782511640860970074307068529993349527748241527256639908171727791587193, 1400240122470625795978146730639027887474900194218332524646030196697243839407
60593357941403809891179482963032434457256043682067653512054307295485909999231, 29060348627971735806848247935202346818578802522797185596669866845505374325446
69425547320572098703850217563034759494050629490626343311121775182078940265407, 27999279538528574300815137876656049008638105650914023614524964108070036257965
16881059673783843051151499778410198871668775115140178382065252376018007073264, 52456017931382977682138991935085623878424156806008550595140670441938166748696
48011852949929045161825282845679926816694857594057242102562581012097717268504, 31949631702730783933335672066535897023900990232221516499406426788044543738000
39711346588231518161270144137852106986351906453554404012268895859795169390742, 3291461764836247852129849945822475862355493507053837618194603606328474158536
25834990569594031065202939468775520148209577707231760007002610505354955727544, 42858710551937255242400113131229880682227752738502881652226331313012549065969
29984311627803473772202562500540222585154169974374298675187353777239465298077, 61194918075121330872225064221263084936762990619432418685358642896869098288576
20541429901724761884082746279754604307176328427737556380238683549047398237001, 71260002174005935407276928513612979021558231022969510787784488989673704382456
31209026906715850097672891419309621444722458937580151248031695217653035236086, 251879938751837011312304489236970234658775740463088143559620325190591513906
51749860347571439081075382298843244581088281417039543699801738237035507841380, 31835914228290304674225797234536146501962425326440370271214685289858895613584
8032739500644923169264048250701159181001353196312043538135662684659117815874, 36069404250670067508362977810385859533420404440106643529648582788622594466441
39051315052098548503492008469768602310531750162490603105602731942744707252890, 21650067676060500633983746452897392571917709130361586410933046844416187411468
71217514643362405404357741638428537860248483706165064734995679081382817627268, 952877883244130145876819289251798412939257437485262537766325975120945769689
62264770877886747246422343490566261885708437018879349351028450445571870500366, 44082061428303667531477416435327903919734420436044231267274837880992446017111
63441838672924087453928164595470450279759161556320042314455946668387521701451, 12987739092822664465759636802799435825283488014116704946128623994783542164291
43742508433659767009883300767787553135328557380777490690231036755264377227561, 39445504508345515341689429627698981664693914930453074772564277845475431010365
8450041574701507745580506993803341386340017809278186809467631171801218819175, 8705683092707983091239807490560695248034091327288032145246128063064142904586
57161457190530736283159207664371260075253724765688992710450138866657641804244, 39258189904719412544742342807111479641535434206772161151039545127190765593158
20430415236070911464758561205267295347338401547917664802488879837765126962190, 37425893056353191400039538917825497786995811403620579304840885532642881932381
29300342407791193763621528623948240016881510808590780034773359159285410296284, 58765193451637221914740555832541915610695031562243489955749905332427303215181
41846466954882749649743841564110452088075964538081711625367599807831588284651, 30125047468561758148157745470816266755815071370873574100224887765892543287189
47553722824967310264878881018972383582737555440785100434463239089177384502911, 13845028066428368429967738494992724783266226781326538202123421184828228790696
62468575740068728049418298879137149794656443210173123125847742037955161198265, 13609979024186723272018916177572227691396855518006946838830252582018258834533
74128438690591836593175716777821583967485443409911382813612738079269144973877, 59000234760549014913826239107322716481947877518021880611604684294021074927138
39104765039667900170631679363802790265630794433723943373219852613167897567569, 41679995655000586966560519671467914088320307088138857143636907213799586608297
53005720671626821970815536911083666085796098212744829374027539116671930808628, 10522103300332621128883665151420109882826027797828907470807478723943038986377
7844241331577547562137048259497221614368500431639207396050909211567428108582, 67551397145180425828880573746438825678845520293214443727771614357764838243780
62479061546347618902807280737500749165490583072691368879575577787367204037127, 75154719629478860186460540092307760987408179954457274194516400203063545136758
46729019900622042157199881553171187720980058157077662940102600272758817177025, 47316933721205796809320875305061934703730380197482003046524699619209696624131
70509980511759380606921227259662497542877913719418745469824981451132171830245, 10251540802963691393209912274929843002141878279182488270969308272513317555237
31733283317353910982412806679127899306015231280722009309021549602616571237157, 25542970915534152552222680448458401111121303287267157100059072060661325913347
76264076627148213196918614343600493569359225373930284661144134850740756857601, 13256303007357712165896586334297529207720300819110642171936352972576781826625
6916711122130025972082654617105253404043466372509442508442705443756304817432, 31140192268819173802329840807691904341534122689852622514272522088547453444882
51880140665344087109689599197199093473707823448781879861827388097591775449275, 69254156779829673392778040341378856543157114955774054611337476657767118300327
50282876412025992037269353042729715216366002898816491279431557605325715521775, 29757627935033218000729641748476696403181187925077246408104571010140920470374
65993051814921519285000248635405279227264211291972202653018724368635841741132, 39564385259612180952320777901307309848609528763594945262839315772332687900529
16802982256379729565830116679555371402198288838350343973214254650275578475114, 26939223630747396737323414447033177576854139958666208938067054362156677502608
1877812500304587968157043391983614429411903950005045974622970656521608345197, 59626201213240380194263846073527437043155622664580192168866738550923077654992
65762408510672536815664792622546576140227316492823589200895748513694588308018, 69055800277724390643264099626825661177550115620515066332334214672850891751430
52870662031897714376968798544630537668901200819511555988888572940654184352160, 28733596500007573873352314167697172897803607417935712827036830428425274156564
44659009245485517962385844356413690876202413462959915445083182991950725116949, 70746094678657594155161941470233141509948706921650434852673522248335759350856
50156049755447289372316628857801417209631673075268794271329557870988484168624, 70981790742558702799359531909804875010833414278571062126675585302268420823765
64464508759542516243989889122942245747784784619254441731949952123208277513043, 49197871577169944669750193235972502268416304350729034745094676391404618518768
34029859061858710901343876276639341806488981361607336390919144896042839731860, 5039898572083797467449716415565774426668656998704917823309755918455482131988
66664862865510421288394413203768575904459858064087944855909945812515709668922, 58580425481865759573433167403918279005944173833207940150904432503923497057456
24393852824478003085746108170967832883690190097702182618393738044715987509629, 57550398591753773359363828775196626347585197672796190802216353720913519442833
23297499154310584269075852079669161745472337669721182933589765095323727573385, 75334330095994307859835582600453687108539932401606771044171545873718925929121
20768499074498515798772803319324686899822962112796357533317078329300910793841, 12394636466729500789617435425006712401903006092644619536562907514854216078481
26122658549474729286959790189918622344877955903327177870136821220057338644308, 24462729052655040265698900563632035158622369037028964944267440595923839964831
59358395233545771326900686819808623379824054931781456162979972743401900129720, 57501391224532679906828103553553179091983689230847770897576132778612090410773
32520625157156205885492078280784904275984923612505003550757429354382070027797, 56139013206030678643540606217873496637801396796579760956807409024849802068621
68308883907578971298704881850260563909520179919045989511291426305818682131311, 31748170286955104796129246667190718532830393750398298124709972621559746855714
509805048895131256029243729579547246014703860510963836725121321572643288443, 74294417645343349716583191710158733861413351455996901075104214909402472899170
23950749354966362428177128784881106392926187279121199131377418695517887767414, 63179274350269622600018411118389219333999210645281001190733687273339187593488
42403500293515551672149021766108307513250738218473863944414090454237243881289, 23305846206328734241521097939204641978352923593027338233581906449433216583598
6529913194408576911871761690670720885870761567527464231568566685693478917798, 51013273361399910589390664754738650662712570355132826574545185220482458611844
62853421426416418506869403465287627896599596830538114661962254473876159684078, 73572430269106365100553104031841304547751038553703913757873583671164936780602
26498140842673876364011220235968972777107232914570758509264663653754645240922, 43420918720388903405105870925349749067306342656838481751789477859951100000447
76123913703898069477204817872135957390692813602135481755938237131760537385394, 527146729817817831413136402121173961624040800085255425288478230519887673892
73550940861461419906645960415995497806679341358807327867977075296170458773434, 37591123805734504501511500942798902670343619219829772533705052805493162094959
57932620018919523109663030934711566807475231516249978998076850070150528917004, 1365102058157388094320398608643276207657347235049580556723373661412809652584
1170932228277998732459939311178928689079694921903525705780241731578861366775, 12759831233304832539489802759907864834426931456935772797660371372803784820216
24870527275523802158145436058845990236754744524737181585118912977456972898857, 62975370132121362144795408191375945416896302658000079823417461795426088272425
14877391256694292293053952230428637591676355017613826684667900355883790465094, 52757608924565362913152758109462529476069572899772792204476447596977249052473
52005680291113664590464371175192794247938666804833266802279031870852274855600, 1166516681392750302414055808366978788642720947880778588040049640297424533300
72298815927070404718209044806621704244855328160078085038839397189012576857001, 22239603268603942738558406681451030163001547002772480843747260889206168506888
12126246470372969805983525577106825921683944880792174517963620434885633795494, 9619120439161094071112154401396517744612201305855615156913819479062875128525
37279752512117723726179735661065739428389701825423354246793823762320460074445, 68336738664382629200908386132084523021861575299720911830749801736239902412303
50355089833789385992542355952747602560486010446314582144796821443043404643000, 56204461233008398223604366582953724262091795582137289866197228331320112372383
33936165086327665542985621710332539376150952622544274294607673080801998264144, 9521325305520512104712014998566326652734992901965369417733966787871187889552
3236575261513374388060033565924963738527930101846543511047088074400394380140, 59727454170577675555957497697388855698981545896373738482047728860824048798757
13024763297992337672100395149170034987645219493174184464938753950559300834032, 7936821566479051987859095044136170107025379630679494628461953065757220832678
65676165574610275980922156699136653088102064697715365534851224410278117564234, 27308416101982738100591046717594044692705048049397532663652145262147895212511
38006846104456192284379295324572094153979774758358964481173926395553439946248, 55674529704267279890867005018779416787214426556279233485390074733457192158904
69271634807111425453828443782296279220641635935849694830855098856883377711752, 46431539747716306522914323768800076642144359403706425181214948718556320166823
75819635865506383263512457359025575460965078695096457063618092594879513000152, 72373847238681977911318165675575676003097552454065501847245674974947470767508
18805087014635715686679507019344619455223157415009069550432109736946490825742, 39562331130360140384925570350368515568814163536623073308133744169770181519931
19965841847587656794985813869023884475328911713069085028464144314748558773771, 30898245449791686084299444107683264217301836082049807718530394604147881139346
51566733606869911307723078831600373994595139779152133060279988603446312023260, 396641561099860077346966455337685885307459351713578954489926765216988287832
65434663931116334722578716323896187763320369496953303924028243112275557528731, 26649448443108319543160303315157824777697131156578377337331630529632044847498
75070501384215423649146245436933441601838458192449084676004144218072964592901, 14042023746359628869393190836916173283584449739275218485179085459497262292318
62966570587747320562457182996750094356353387341849119230009157624570152708200, 37490922043535383523724567813212993225115140347976090555225080526743723806370
60399542784696906052610928793543870629904125130602153768065932271487967553238, 76406313682904485421679694913000878301834643536854855962977520428130961890184
66492431926814092172348318024693653393893121261573054742311372801866684172567, 47269068685843374965635202076348239480653494539504126974295577809606008707733
25918862013588878472994563685597596668406885589188832785284358571182600681036, 43063857456989534252680125058885253570947037312238949349608710849188509502099
65534267739477663556210233347849357506608336259343851474403099088863124006759, 29956096904888408256296735632978801215225660603783897187350116934349387443990
38601152228369268590455776422416178394994858213497942433340133691977089031131, 76811264234668245303377021607380666738542249762800123667308191508670552478193
37868721692189722573935259878260114907569637035692359113635696671656903122362, 13559684209090036314601226853130548211858947860495176034868474900043327496106
22361998239694107235592001400871387481742231494186768426912392548529406289921, 28382530787933564007729492655165511610198764251967392061104404016725139821145
58352640590938920834362254798508774270333429219246557064119193109210864533389, 30057759996941465463707511427695039163837379400791449514213302625986828056737
40045182808867922819592262875985491004207498147736677238568729256619986589416, 8341430241203433737798761041470020426142078580294147189870929238094149480586
32288257356321783647453275873122612458816715462250307876681411728120191554189, 18786608271760040130520349910798566152201174981405909218151298485442731618617
51660400838823242125561093922263341357876433345197940409405118984938933945992, 75477556111793036143136136980905115596977570102593753518132674323141123528396
37706051298775999792090515019085697193123398227616052492538735081936841347619, 6015975845493108611099056963003115758817474361824851025313340553412527037862
72253563308807181856353675474473226809649728758096959073824551003686338547566, 1496741223754730831189960527798899434427714633695412675391790136604296388517
64880917619941833406049065560232346555848219326608508533014589130878406431573, 72892456471650220356709996825674268719421782395481872833515325964959308928881
45776397645197981212517337499087860357887326604160787283110006265966461853997, 36669167726893717369344959982893447441634116798102624967170826067433541778917
35029107747487794247603482310519608101170902270198171709673085468615936372441, 3111013561858216748403477181196693683499073217354725176352815399756230025580
1295452290659560460061867634033001114953884666927602528393711804325459952641, 56775244723748163193883516697658604695293276995255915717294467658913730493928
64653316867667493768148998299460758812299760029300021135592078660114412127356, 31626439563832215202778972517870526626270695474960567213582758426567407189561
52674450396790939811725322168345002140980610100076051191682266938337937218385, 60624334759641656647380174516305021275559703958538268227336317203552275238144
16693541691111013223819353334031003501250876089549101000983016208684372001548, 25206349769005679511295558394510441693492137458896456158728764750623673690002
33433021592995622800001623109271632883558123178226410763646546847790157534933, 54680277738923235151368298871829175289714876456148791959485103133899963242435
53865809265582756043869003921867649882812905391806527140214568422564308109100, 49719005497502573742371131930005942975916291640186685306773601356614795318705
51625140718961005067958445489129870604017314456714327472915124836475347223548, 31436565804140372848967702653198152167525411461597250916763897605505809558333
30387848311923564098102056075105081157616332056776567630768651263863546238382, 14619963454516388178389141229796792598430825477390713418319681287874546578836
19705660986803222119966071952655663396130533196526333427630805107571318346007, 26457911148907968273801453180728329554907161405606860890851661442903837416359
66909563242886052398685751486715570540908970958538223789152907750333694908068, 44389444264899134954017363472879683671847494735337085260772446643960333685622
40891068756082331240885023159423590500671552696676311924354965745315265688894, 71716195353014564953800425670758135535644533736381666330672023775756760517488
9822760902990688349005783159284277399954247114912305273623803986221747941355, 59005708101578510842647089672757217882497085817546747575629749985088565863668
50742398891011209073813317909656554259357444345774737270534347770929978731967, 13127086634710501434806128866878303784708098344783206676150084023978373168103
60323287179429089751216861053790502755904398871113688983291302066007518550682, 12387445803706687785403004685999593244939002454620837552374380328328917610955
456385425595279855511889133403984093118418845130092278655671197304251095233, 71517722318100249136020175912813474939818691382398396623705986704422157896814
6494236953196878489788674441509771352147424844359099356377879634792402972637, 73311010360461200793303020042799051115838305303154875344544284895923208507374
31150377588315384959862385063963811313809257263534462825488588884201461849613, 55387606203806885286482364066093792425720313251316309110530324628727515316389
65244546662851911283583977413703680321183648870598835512357335125760491764077, 32182987479119171643690780432538941398103857828686700810000596201370473895630
61149988969813686601526578487565029607168840734020491136948568901958778088142, 8916075610891799323583042630825489190424754006320165039443616968263127451770
14921057662502120240731931125683274346399858148274349486303029409239438409832, 42350406183505036527870413149883445267005075219119941916019755966519091210529
27308398438551286384936786657844013273910999496014261515077464015781276808425, 63123806711097798079976346943387483997929327244262504617976827170804473758273
67441860256165982963090874443515420992043920655860574130046888004278821802870, 53625934603797191232101152302851142347366066946489892493029309643310264184934
50729195017108582862081345011329293663280933187616364358888562591647138721643, 19193180108491522323610771360096442883512646513247149008167161187654397290212
66553730492616901974336619080065319405817711713219887741574057699474871582115, 68165498516861969481160849637517837843430663429334164067053071631103094652869
7245238304549978009363775264090416575573062172993142366861406135563553360424, 61631684301636646199236290282174480253639077307063655361912078724307738124452
57384633433854731425907618031563353268834099431267884092345578337473852580919, 50687684467020584003023012840660483962231993148479276464855199402154862742688
41206761965249911395828632909358642823108247083296667000306386172341298740234, 51797705083308387055479542728056586803127746667212787390209391869869241809324
57695881996801490764804408709938718689978858567126674737778738473749787228215, 33156412199569775454319517632045155961282249227945179625004881371073424782524
60087700684459392993925321541739231501123587806780300534490648666140773692265, 38050399231408153730462633246197032021380382141022103693107682634855063644159
29287665250296183748525054063573219440489570369084273507212695555880390415774, 55596493507559083741586110205096029649113404400362502942668216588401113931255
50793231072534528394688230985128344400123499907526665613327099778553998580593, 68508088862834493003306381001336358287053678118961114201840657962511260628245
970028969660732515527864709427231248936322416910717957910020432318131258294, 17438164441850968598789721423245484756477714501208414698428763760668990612929
68762361111241235340279719378092155228929663720736649855592379507421597175682, 16063311380036501439548642569082108210892998781553207555577153425293622692008
23425072583502179801556792996385210621473926327500475710294498627916934412879, 18605705689389682016764296055660737435628423475060606849627065385738610007164
67036014218083489066017933084550264526412308883100336504973250843559777645294, 363966570352873820027796259734450113173328727764649390006756446819954451312
60100061059607642375889184994454949939248852357844919452737290680567136201496, 6995572307928221388651674470813549017518698331696540954735299809676921514329
63924200612461251985973783936140339890655291219509572433422567458393242098984, 46772201255483862158273115962409431391150815780488041309848307355847678161738
74654324523794588458033453514291838868099276036176659175289173218484018191573, 9630413993388279706762011241017914047402864664457997273264390715639621653334
3704605407612457104458852948276679638014356953332203696028624862048859210818, 67845090393785340902812566694528367453840638770031970997166480382350550501922
74212381460675127001805155774946597322025947446577203557071957475798734048079, 21494011056021965046217561883337947002902219244115423439761168319392448410873
29805065345882572182836110997549245527830598805419900282660382950458306131037, 54268150342895652958182023544637777672202465758497906604086813782602998352070
53707562127078492386161251401732945734813494934976180776826345419040915541988, 45274691436534382076177340491154602899509890772410533186622986115749229221450
4339382286576079822123210284631512782996727498882404311326959580987953853579, 18326627100063119078791154295624874490687546433345691157479251382768206280923
11814763255165923480359846953142054011139161662056738253998028056699248104793, 3983698097360922719587213669751188931062820390170673785270764418426931336204
67517013033105440020239167837206213895696890185935337611608174751771083970288, 61540739152607813646678862177986420673587266609360360518491321648463126506301
34628829663035930842637610065549458040138062442738142094589999451098334532765, 1713256349805734936381972954194983425068351633280483991753048010633341015740
72526032516558774415789799568138097131390522964197875826484901927998188240034, 48579734863307538860525827488805681284980409898379186489517764895121908889179
19255028683797671049107102886952757807512353549458413805102586171577839733, 61394513909660223650649194912371470226224200607758067592555606346093180155212
45228991818883874368652377486958520245306683776660512658922611651555105473267, 70839414292086849981554163744531577944364458042663414008920722661768200201248
50944199382731775655622094254929170560022578194059458398952780421736218686065, 31276491853770185848893608361943423097424999791038089995629487923701246805080
23467143956892359195272018463535396428242131431680320065961311185728706393472, 65415893773608547099106276947720862932608221564177604209879324518042796302321
31283243442155128312221657564138701507822374071710907205323174318993626552543, 10931412239405691994502677637527878658136652944132942868936923428235379985652
8066602822254268070807383573551643061873247048085770869818885822499762350816, 54525464465598148309629947472487595260385069128109224717527391856801193004802
43489231950684965147077486084968295395285043107054406337141916929546866851756, 32708981566758109091050295369694500313797491246346695946525367284494220715570
22336439285817606557991469227284944616792677567844615411262251788461181217802, 46553354765776184702337347221659376084932797287472513721545519919021797206347
33448578307187313877750063997731958753779626521066800144400809099085132071414, 66376169046234966520200679115269409814301009067353999947270626616179945101752
44751976560998954710808054122935310183570181464885687752734711654849980000691, 22255227930951781409451763154359595624516040617158822569725087234042234141704
48346700669245379800628885249307137785265915165311091929749572405123577112892, 15985169075108984020820300220912084445310924182610983336387148466910494744185
43538893126072705934326515455801348505144750930825485238626674885949254560524, 65501365764657623206279563690291361488417037458983098240123576485728192358944
3083063805487245766947516191688618229127581294794595646328670086464646368572, 63957325623500762236701442286177359003857920572233498810877154627453557469411
26942469398257320493283438675705608519212237764509111578415778923347678163167, 15478296430105842845517256255538302772182475819246617490835278037579685350760
34391242245514982897462309332776648381124415927449260571880688381535876117134, 67098033143225617780356317169524845952295998922131310339394202832456953756101
64611325445207533218590108449548320098331318184093952718665583362405570757558, 21045876196936944748655341081738072833737235742353001827599850044606283217524
2952394789435539004265075110563275465670685419847373845464103428614291417909, 76527305002745960863373288495864565829362314170544715292638091076998049472368
29694775817815248753348745667359239694966175721421718758537740458566428733287, 61267311376693085303376155643833863416083516787093389949034903527719442505329
36312445708646518091205673432981225852568126252534923238011032660195251630279, 27247199821584330779022122324372381653875772662986059863022209437184755995975
70116772587632824430667323810518003631999150279709638456679949158091111709665, 24192400875400388287584664541852504766858001508937953994026406813298717994766
44671009120777175223115420633753939051509899339066897560916578100309941308927, 71500325264505075089655971546198788638077431254323181466489697828221961039443
49109619764169344991723573996961862731764214547131021272512662517043158125421, 26634116384713758225331614709704151895888030611979615877927262151810625095612
50710058405268150909375632857527247546582772673876912942533558083535107726758, 54541724003627395351717892832179208709747716528358940997102944056902512287154
27190742233327060555218520930321613686024409076834731822176332733780484945847, 34667662344606317191888486487410167672106701148242731868103740890349160297046
38817301760657514804816933881254176253733593142297348745369391615709890818697, 40872261427649332553498224433639756593995845914466104832848366207269376944029
33958975514151640399433760310931354522550117907040081516670416454720849498733, 60486602902693004371237162729963507966317299285429255047449163405727070516012
26783457282837793806798815761304496635296792306042126533019260755726229100537, 5726609194601646295664647761618994588448537125472122752651634506243391657707
56520681780684211973728400349105319420824608764961806483818374163750075792000, 29392993136020856507447858203137910336554377514121401827319953838509725226548
2919421300212943254874538393402483196926260402894367396794819527545321216004, 11694206063424841160073884413999196386382303069592122103296087070772594941005
5803199684106437661423731627263251219226481102801347801406611048889763915033, 45117388877771843435757105397949706834288683003227900930386185478263491849635
32454706844469326425237343312821719627604223473370597085285932978540426430034, 42383139221332171560108372667336039546968087332761809742682986494087957384187
19804049843560933120000278460302558554779995388839391799308479224957793432893, 15755659655553765214235260367802050598572681221146253407558105619487260002059
74651181940377097277275230315602947026947516264851016596494711624684073863837, 27392286563776040866285268013105146270647162120550884413301748591560442925933
68427906872396156027686746442475991761514269428491608980142131990863213714000, 45939162206944920015150276853746672572614953789395623487514120999905039185815
22798525477571987735153749751616888349132370416759331149253064570786828142267, 38028223962666146049338597857862930994608996604855870075916429413290006069314
62600043771897845398919618619825955410751416633807467252620611172358081417247, 57713821939437325102484103658107195716188118836333714398636489598536295867789
60882084659943494315833534082829770030608999935780957048754077104306907806808, 65301846854945359668042699464816453180859016962623352180510673140191267654260
52472354368274245118753355492490635738726814700141974328941559403789112144439, 40788691522963183778566331270467831102298872398733929586185732762367316321763
15415737814154620862838826418598064225345389318149658881562150137836456567670, 45816580118546164390869263876294105381745864567576907447164859198230815012451
34227507751603668752667699075419524223005299325219291975902944984838343230769, 3335924123202329573889290709683430833178350670371474848967758859382235344001
69461518423581631463068151342953417776633587910029849061672018254512329092691, 46843937490291995140109473300926276288756951372959234071453249576236017840205
29764330549533876747794427762860248860338736922078906556052166622377728324740, 16194746789374502018605058395640133165500188777065999730323412991225115433936
12578461036922477547252459048035648267079637981015675508329677719967263232915, 49705113158997226905322994173907056754703630520924619611924861021514891902034
22287359431084064700477711359337948879884865730546337754845768645097231266985, 12235936784899302447285075105486155295337756349670688764041788593848424991659
49901109955136020964386771365232539635380008324508027937551963374823958049024, 28055929848681334662917157901384151065294832008041345352374781500076939201743
33688571882196864106793807220924873166824180818398407947965797582378181809453, 51230395347484132653202923499677276354402319989169006156153323851757422603842
75455190476465191380952132595190186916594733848244237550347067389642588486342, 76487164389038760878266491891603469978292730416445316634111065885423530357796
4406735436474644159402743918504286261398347051919499597289661611030033967767, 1102013049727269847210244501097753914965179280093066400445169081327052424881
14301668647020580309628298265089926181353863576839950102910632127026453302441, 49702523079092554406724387828017365041856765344099550572267402724484554369804
37067665006301054415938991892655330457417825859279102715894140903307343345224, 886537875484601484853388280160473403937166311951711872341565819680234689136
27126223694057294713872569257729537611979111186970318510482081006798530147319, 41699046360268122024778646891415394302027902756644549543397841807496550085979
58447433295507472283334074769274889602994543044901160634176188332659589593439, 29761108639938307995360087969100509027685751189162588326508009511052451775553
47402513684198299261997449654588304720155825196665286324568730158655259706219, 23310586429649114923108293991362535104861287238597471210269180211509750712973
26021702060157474994100094439627951798715587559243394197061273884881942056286, 51515349234965943356225992513442921397348031453033796385161351110933490882969
39733400160728470802661569151976386297157073829892956700169004844972119926140, 68112643978495725478759769906156095411204034913656678392240540329618962892243
40338691680824914908834227265738210572808752491496157727827670474765243623704, 32735214715714297352413824764036216850352625643971627607190055566183054706510
20960138904396555974873402366101804735936696097495337826665006087660504660519, 30151430447282410659302988354872707712594594504091761280908219535053588720733
65185803245198898027012183045395996272325892481736510820905027924647372492658, 31457289644628266621817685542105184431519137362110647146995058926058718222098
46069733696881031312565007405842093920311559005626439429757859256057607586035, 16138722488104525698281691466234062382317518591901711354906955740061826143473
18745015393323015462538316698017147458038350365138692812773422741138786923649, 24464333698364124938000317736167261141147265535318674925625443762764543348139
10082237672434110742524082659211736637115707625194860920369717564102381853688, 36792932029750635102382661849415396045700707789406133418782041400969798825921
60298293813666424446141082126538247429262380173244736836840121152917823082717, 58844357823554525500138144320669297258989039046654098187272581592893718822058
59358922060245607747889414200146021685958754970422657078940016559996876543462, 69925931820722319068459045106333970440101846146164688760571681280492513813792
60727120452582714100735483558140879627895992201959604481120267798018339149333, 14359745303034306937929218514739929285511606771286291166793185803049246476026
64852477606916288082112411582137726854276228483278768391193697758830974849010, 5276992337163977105368756885182240733693089359827342823920287347563040554984
68527125728072496355840703604118467971898503934647428582967627588428880984996, 71673436149464462973117928504209632092766298118048509747526368636178940237459
52834096663454710726928305270656151459440617503748680322654173989990380493785, 62084485961768558661721900267368715422479560982966658079343718481368950684772
33573045481587163582682048261290521598506803227716104644037891884073696144235, 66273035040369214214297166352798358867779878114537752025695215928769672427543
63086503442314036190727523741085449178641680306208542084375272904389584051515, 27503054066202791042987723320291610312100008277767260006157085996805797916647
16880602889689402080056180413963595046304368849459178362267315956952765473453, 25537348651915058261615440773125037658833867148668240565405717922937531152523
56447000066266476501960775098519994395521143909002413253019106993579171931965, 62701966846468532999168746351940314757050026619756660288345254526615385923714
3764919244603238532877733772025728802279048757356880275852936958006010976226, 59680076987954510267034345762471670245997465357532496650589156010877929694792
36934435368577616531882113151871742977859432358863370399557498449760113040166, 70862443420190367491692078329556660012495003026678673904490522625302856436480
52952391611431664185794278063896322460184975134814245078532968433594845542358, 32464130037294649357430191772827015498878194093848188941319530329588928415756
4720704917319273018185659696258021593512211560963747690885898589459554060623, 37992591339572167168088159935771208131708095308602730821270632574647033530778
14652111050859377557623257358768513042597638651436042165529970188716503944117, 75091445336639073927058840948849319406317846636560269311750319737996660836394
34114133956508791107589065895902477568511094591398822187990334690634240185749, 58593625395637340932650811638914854289520867894634178390579821208780898097357
74539410075841997581006194324522399919084265945435674592881230468349018938054, 31463292005588608414507255405403188555761691859451096780552690412377372395139
63924775611450932151957643877225060855982229547658753732032403408814378877308, 76815778626405133867826954172500899028015311289957652995781446082091950487647
55391039776668827650147714723059782169268947073130572261473158117759176947023, 30478071281148799541769858945990677955937696618942291441291060238905839530809
43217943424241172835625478397085662404124835610704353875684168301809539698379, 8136319773032212524056050339432596280581462939141247806543705753585823961533
7555695397326951428024848281869397619788876205062493333802392800356237239474, 60017689735276997125270133381243068826741753989292218940868022854862902349365
369777903756102051974148429505109250081130242138432780708172786223982814697, 48724433364512253019748982840995914840099480384872889457561806516697740733361
10565300636947960004043254794919069071401942621833798898898644334667852105617, 4693475520988415602417084582436623584592990861949785132276237991916862247828
33051680824188938908880804921499751472039701358640465419253480862194724254366, 20629287532157428789914044144130290476227947241539782426263491484258147156159
53682308590232374325299524244752028438315402504465681735730788356554569367453, 66287260784070611107065724178157818505519251781640761457890389334943450146858
75888051311644628064267597930885018519612099419701420829912568009289780986030, 25695669087554163334789630396662003438332723456246660888116323614817686345420
4852752610280345927592022511438418402113920736298952089050493140394871677144, 23783344860286700186494269166458639535218437757905870058278763941721693823174
68973287479738445200077992897931898509072083421256732043331606945925113614281, 13544243212993223903653914554970757371216692451016915884783532691469611940785
11856050587733085210326491548696057747034385790225118417335447108880326227819, 7945532960484859825153620112279997685903947856958327826769289461742918010481
75838405001178276077964158108239014200052268418799618226195454792184082672109, 40603025742290262596906908147627304324925279964939803262136579879276533579965
68423902940362416884240663669399449655042130641912600732528130776426425812986, 51766206977752774001032529325438558567355095356737188394703490408313136893432
67184447858179756619332493974188049138932096414061055755590167999093789516687, 47433992459926481639497191076698376733619216852662918827812531429104242414222
75430797248448483139264429321372140617070573884080186638504007111589946867093, 1973128445671414694662453712685302685350874261455892949974505491457884897368
48974654335943601373702009645336772445403391993167884976216983259323713601031, 781594356190478962371935712130783470546642467016863630800303840413837201785
43337781655621542188386452856682243511347784010645354617866867325098564043052, 33669922319334459122568082543351607307986019273442586304663538835001925244783
10826747148451950475253754762926598974858965227901134259650507437591277097467, 22510217927906412878718819151392706262519153958979047068733947760188525855928
51597754454057071888353658599180600366953032626623741102970503326455040177072, 28711266835621402766523409689550004300731773953455367418805216147595018820213
67924167496455032686918117926866528457380518293336845403536805304130537787775, 67642473894506489630077056710840128800748800638880532261562260183768715350690
20075073494036686011619453397917053951330437794550376566408091173722746304541, 31883129990681906797769923285773313723620150201271631502522555288373209182282
46543403257216559851121437132497545078888360924874836735652757156953961685240, 10975611206339966266177791680158111702457342979431630484076807976521236245922
33272418016159737617816770363860783736013855595847180249174033208835921990007, 46676276112179202445383983932058275051755476318724047950008463182030858579094
64989901078437466984820067891632960579017794876313390240191563207486530044354, 15008416221890497305838664552907329560996682432221761805740121889829376065569
75830529308609596020073001967895960073933008605646438354354693871359380179789, 11898677156725528117627253716920804758009603293414800816033322906315964167782
22224803606925532116001535752239601266279540479415730249403093160285110989733, 64425560605415879384575992196334511889532875620255019958755632349383467302617
20579342079971044552187681917060152119327875147927179636714391342753574221990, 67962974997162213397278500298289933245743012048028065191323529560202620603496
62526202727426556111048362599863171445183863248500523234172696545802632306221, 72876624232646752120313878975136808222799774765521672546730717778006169161224
67547064786675523452416932827933864262217144793476763550456364906393208321151, 17498708666521393262427763477013901588531315731259062101668358587951803411749
30846786209019938437640861726657410460130387761221102975635215326461213604295, 8749377506477586274613529454059128677860692258801972486726265206215068132053
37458867374624371326376288797110057915517521847226679228205527218581194514074, 48160933025541875126095121575406022042303701449561238059717401553860367151991
41899272139082870930143115763511263230944047621221526863498365078459264005842, 6700831677711031406280351973411918275278817959268698672361038824857708476399
58277683543289894022278076619641339568465670629651485806180881092590821159091, 70618229034868326642510652500131059958996861680883916918774074611381695174240
57060996121842350501250554076966133331724032823743175584887085698301977602632, 22541542212078326496226726272383908849368123794958787760723794024181338845494
39204255170593601579184634618892738016219692122499624535346640415865375507808, 66422637205777719097292395470391672200653191563054461923305265062091470497253
23338237564796112336537717203061693758479648631475241742060634685139733597893, 21849915284285605366269438263748842535374648388443081578762230780772848318809
35086434870596425173662941641453482806069419023503184665104885682245301603630, 14446562665480608709603129910022771098351377037800185700093311285313418141778
2026126118259469846187936538998401754716129665752918351707159028574417501589, 64141437728695866772127215996006046778009083519841958787041439264483062204428
37840417497651502838670595885336590121737943466287445462517592074521161191983, 49557420113861896791440668910426115816489234915447259344532415472081625218610
39038556423183463250527945099107501572606164833282000386399965378404317486967, 60316240675479729732692798054982004990822521841532541293724922398315816863527
71628179929130519279446403241237092694325730161659626121542472812842085174945, 68908389759138310411864109650521898689477122828870136440169936970267955706512
18401451024667103949593715454143027518235311124062487028097735952772761211417, 39583702515323505096841574912306051251443101976935824382205575913949702148149
45750190248741825178095408455665139155359599251394977624622426421395363519110, 44624919823129498026783604780866994005062795036582974064898574443968800765262
18159795149711268460206522682196824022445958771275470323894555029722707927717, 43617374199324143659614475342228199281255859519348648958511532516576852159226
44865372439541342519691518693186196780674913343886459577937037371171546780661, 15172484004668633970887560063097086948580669612957324329887971953615057589335
39476413171491056025448530729173085730601353011310190757110741451200423440689, 35029347481058019182749809066157894189757533215012235313039112435525251997331
60979204483316007806789911969492535764232569386167506924325728044576009581, 18257728548563551161693490927752810352237850470206014742722174100981896856226
71454925630891524845810371338507230518348359801583104166558105633714242056958, 19265507916237338181353591969010935516172593628612632620700955135447125365192
62401739289398230498575729242198282971383923269355219277783801899478484690794, 21496966449985696467055680161860662149763142555298974291127668527054269150334
27222710826829159657760895187581461996862011284114757129380006630448011799824, 40650059070248426173912750386494744866960422378002733942711540923466146113299
55727723404648678423990870421142978980082905708954250958622219241339475975838, 4183644809915189046407300710208027880914323824127064828083822387887411327376
9471570903304065556020773676904318990490772468252758037049325512078450824394, 71639413799891773675353075878499198004016702915891104369219903367483549230102
25518604948478455794993224761264787638761033824819718860687212572782511439614, 41288138904691211197960111184802378206692239610778334565806173448090437175222
27249232418494354556458925946412314493371413696164823753263196098323128872245, 70237153024343115264114802876150726530947997298801139985663377142562615110838
69837349982282373104420920075999556811753932505134056831349076758459598120439, 73647787279422292522581912787955632869869411456959810213118941891170833532986
73719724242545029270631585113341060342221117521310747175239687146551023804937, 8641096412015422834106007050774451890638627012540417447937525346904570614924
49389945748383029671471244965565236391023201052547234896016709475005737008787, 26141049328447621828869866243838707379102338409137794197144897744758554533614
2845716680899354189989816466536117090233617664904488643290288176472977777608, 64432960311382036424422498221792899445400282873835647682445922452219258692731
66337064160329268552992873276186968009180658986189440586130324230261217301237, 55198638812513485472032908556721794958402167561317905785194401037269330260445
53737809971668315694095195596915839857941592593326237274901315961132900614744, 58790465106834377606802546585499588020527556528944587239675995470034549611216
70424770493562990817376493614418160753301890253301323653488912007222445856940, 47819841503990904077519128992419110166369987050147108638312672973356810636399
55822737928427967456368669338828678971111660472522021185476610158066280119015, 55167298330661653829525756690115130165977070391664472725619857976251195600995
17656157832093759734433484969976330133080146399003780818815248440098922898827, 6590759659625114154173995410684986045149202821450544150131829955094279323389
70516064704745867697896245562482677066739117910724370980757912356750866036964, 73423802959382422019690716185186514205144143077066989865451644031306146389821
57862734224269485957784355692059719736498139675891084805022674817271348713131, 60714090772137316229486405403262810561278976334736001853704610615368954997477
4890674961868258892332180525480909149768053001832183221699256054555706434021, 18445972462648501170232836841486531354316019400426945724964149159042748996178
11129109100179003226447332642103774547594583814999459971315172024783587276023, 7486142965699543845755729316703326905545884717377626576515756917803172289110
50343499093068196559204280623620266871795220565942533241985483501228504359026, 36869459208231767634518193978037418806491622855267466352091674023518250378542
20798932373246341266555117172402546034584091194405683663448986404441264999363, 75117137545894388674561477895737268007352000668969381913327083697196851495654
53389046679163089884317303343003993009855468634844263259492021735705000811618, 45930142570732128056256221390956787410735977849663934318883335010681565273240
24147841495188723119602735503940206791600290415694754951910020093502503995525, 40089663010737052288978335752526078694817630631232888512019250311610023154670
54590197558262791663419029253500510786822782729209733738585459483711850760711, 9125990156865720831035518969699384923586416847629021202208110457121383338208
62005227274762968749535040633829160456404261188163868300068658899427687100299, 72992414918347944350165164493877091779590030017625335251012331020549630929726
54094694573211017584228173957964011785063745481052771590360796999826687727088, 72927557196355999857069878148150130732718219160787428674524693984476434405645
9231872394054341764911542594641313173306709765698760236469702024943425916402, 26110430070703543238765555579857993779272539118399403763960239385124664211948
56949737692034420858902038366844925480440059517373857845312059594844787439706, 55890807906975975737955101538287472360142517838486550699724327866367532668243
43392420591879733753405321987826668304979129163652552166971349533545260988149, 62988516289887666390447143637709678687970128145890790054966011306945600007798
53298100667193854758219842476378354528621882995115009735507074979854457839494, 27860391631010741514305574771557046690477611438893599795627677149134144807672
27428391910460918131344906288369606844316821855594869286360767874373151008082, 66504525332237681398341693904991625059829727969990214947150648263447099335054
28977825930951299744714242452961782943119378964015587824212831674599414562070, 20024379566521574143498317897000951103423298492937806535532145526885044311347
61068343141744283184183876880105177106963476755926372492731029469255303329564, 50751278253374190577630665423567597291212138026520763721353971301159193094236
37649488346480851600885167692427030082729617069876285837050343563598244083652, 48139110223850577210519566036141114132388717123041067876761992256479136033090
67277603696770017790881346176806238092618016045652711872916116134082437498338, 53238009115262539026009943941267339482068251127224960559849931948543426190928
4357277298731040827801917348685718140212221032602296396907706317956661317757, 5776705227592437535134781748116811516346724311104988625382816904024734729136
69228003935832496706259983518971862379901549877944017447884742304454299150854, 2593165265522688695529132986779160472387415590419488323959055107888232196809
75972250572155823204640182286675149370666361008562235303641851203110470437346, 35008073222292034453940889632083034729282233938401469252326632098377887268167
38439587730652532793116733857086813849568908813586901385463754933686015613106, 59292633910953343172588998541998627655609079811067777867858240415373368170577
11000683872400603993961516081920507533747601075821400344884086987190899858590, 10745928766468380739635188858376570256728885713897743998918339828648332085531
3393974279819027326763933643749205810602240682128177946739288770116758932153, 52718847981706721745121430376492802481675136342533986225525993316876644632809
7903401826874844611724445714145976741325365136444780781651763337815232151488, 48769438512766979250499595572923435693890603559394186777017299972883555369692
1771517257793679461932439498918675076562133506656400129218537315668503892965, 41515197353230826178935377696502820902961331313355657379695112008094385262591
30444122515252121706557243977293666787022838139100395631389807282804345472075, 21407608048831607913335549530934121254508711672154161630647424639646105778412
20213698559215720605121871239926113493012134754500715477326253231217608969931, 54313172169346510755865850490093411881060197916132623000877271438291363900718
69864466481403935488305827601991650020623978031113220275710086870223013029921, 5544453430003087243586502483440627468222973439762741430729944711345864917107
37172574137971085133818126208097034588124762806088947782409672399782166109619, 43523736769042761450814956922676676572117748200134041000203364024064493038153
32806386862230047256177308633430341881074810946380494370517325040190872071079, 45406246966861584751225730717889825579866664525818558258159187799661030290108
32949755130808239129489083441425214920610315070282595304608576437012157929771, 19199747127226430345439800100096969616453866260764152962241716546433650035531
19670392905265617882150520266274392621366346756458999510087130773435498706973, 15739425933573261360733271991009253002601482769888212761307810693882984859573
14469070862042036191824541283604366556987602675469708036027678024688835963112, 10864171025174816055855161282976496524879513161268247291745414782678509374480
55720825366523576380638317793654733126904358511028038725560373908050879099164, 43708663270357728940138741856745911055800944083873288920814754772907364484105
37379156458143335850872585790718390582573390621083966930382334988351703216247, 37089257861607608059423359971898512485174765186416901126674366086976301306942
28245430651599898821535278111192983336962447773747329640671350979115834666380, 45812837865773615826260482175110658899490487421238404145437833468568067216577
5720923234944940403110808183914249380551807113151336743212973020833954551978, 30035308427907550205323783428785412277254262878034923461250071751568890940914
46088520894243133168964986867595192405269048856212755959710320103077995740536, 57038840405499902423416720288296396034764007388093636045284771930958031041694
16321960495310429066446994549546076867280825740686744422289619116372516657627, 15990383123432315164733147235092722309689392507383322471260899681019788232920
28866543844124919693464767645082189490467227414135697401357303968559972588570, 74185261364569800793007098188236639608164506785573472788766605847706047070051
75397058998433477797327213329334160001631691749082011403146353345392030070900, 23438553107304451844142951795215764212071122084297769916812978825976657033476
16353443288600893614841202380113690602482818053200237346766157729270941264751, 64241508377298276401781629547954309844033133882467521116919161971043459144846
46251532880227846625600484916911320106530587033956671387450130815590149023508, 31677436422203635575634272758317145333633982406368273196265727222188034438270
59593631062872163737712601901217921038162512946750095694141572034932500742410, 43011170137965946330468205363512233190175334943942158095936726663406048832191
30490924198003406421543950602260110214624274019637099469985958934092098271954, 59939358956544155337759766592652979268609069788537590378972810554513503262328
8435584747795687069026155110973627371995216248020543632299248704888248307398, 6859120322345587492698667382647703342936512421866876579475267266494762276324
34146668184613771877164799872966009847516921789178861108533317905710146857875, 6913600038380441097906835911994712315058369470326388131060118454283252039914
44334069195703682793046416594828941085704144372942927427078614392167195602293, 41248545050347169672227944312211485249839074511835842637472100083004945319035
50354438679974118104446981464071376633200046905718089814182828730212345687351, 45238945471455790532746266937883939976343277271943197531095687749619767752445
65752627402674331614078375394498898824844213738405017565630711667697020827521, 63286276222834148376961284644379752952870269724832787796742824066914031450969
69779043259612411136571483132042079978942171960235653919592349897404074375418, 17394043758451591657275673855774634493184485170991514947909277092657262070113
40011942600384748941675242185456585017534731858307919610683800924315114961288, 43812016545083992706090203379956575672943473563175517313986712950166398815285
4816000434474985146472527293468159631684965124234452863692474821547287221140, 52504911487514140728913439334778780024498376684325515735275401494496461761717
40100241006563115367728233449020709261180441382019789875075634451515131144385, 24857139486975368248497491257627769371262195176642830256452896281503367547178
13554473343107114288293602004830583536722277364433885500035769662208771736555, 34745045355215018436579081217162199665610768855079869263870167504112763819483
46514120358475527022821563322624601601486758421507362250809238286813019340971, 52531719954826745093520149873112018297796250387581238674565566689316094162738
70871076773101482776639683704115476849627756729336458856416764008948979415016, 71677996338560291989739959009421170118776950716977141203900513253546189928440
28948561431391068087107855106027228930655043791968974137901164858945310323963, 22164804972937181424487698480089194051761324219424759011766162127742202568355
61303732217678385653577163422415409705218645818834195866182899170807804979227, 6127492902860829855252166556183448452252151794015053720530684420141987215726
43107960299265521913814547086765120243543794801939993209874720819696555327512, 26641037834118976488918079083529241496467600899693625895090759182426314745307
61964659628292399519813434600672537665703985951951661497748956005920786710426, 2924821412204728489147479713677339882687331605137938136031004819149396960930
16069105169250885480589926245479031983451039574677493367327853431227355287060, 21573399685446793355065789784380168186021075095780533078117109703272330455010
50344938253805840021256541116015563114107938034206800088257417641319302801637, 23418905407474729707652472408539795409353416963178558640073047342149415899229
16787159296996897779628214343704668534422611299171124142079380470303259514934, 43104209144454988285333651396534557074317988496437059107019296736480195437891
32333034687223097484668194331627087584061015107901210657150160651158520651898, 33470150460916683378203810876666684269881589113144957800324129703650709777728
14172317605743024246840760224889214654812143300764560221700925364424623801043, 44890992100089622716536071397081879138393861246106639498207283091993920230518
4775971833627573251949988871249242355896818908959941615120562748335924278676, 24729396263358483064391492184526340187569866084615792367922739290597113339330
47509674662855724356364476257194679951556669239781421536750209537105472051700, 23086307848581107427373968953453561090113756778801253018714146536392342790901
39720854792316214343976111890148691350876167605371455548161457074097953216652, 20769533927382520669457688099388202449069748023706537739665745836563106518979
60064027240914644810457963302559669896726615090971130160263567301271186528142, 31308967612405961112141150456241305890849268734515735344553543497960404470156
73808536382041383301167595941130402442681235478970172623676758289268743698436, 46628097401983602689503350490355098281007007175723330189668820569353165462497
30495312140083052211049461538425666631659014608487409444997740995976364026439, 17066799022446066586142363874371487362484833456934669266246892781599316732824
74776978608141003523957922247897496578441118853873957382794721451181695572736, 30259853126953006076995561036096580334213408068765082361506941537068396437609
44685837628878370339842801119820578151992805173150526025207684324948448987268, 75221728216882714004991513375896879541266508810198534267785141711431347901574
25541336733310790531829729306360849412080265935295305163585221238480764159781, 58293538050926046917783379967310448438016282859481399907745426459314580167875
59840718754342620002105710482564046386424963440081394727282628972809033716191, 8202796686328037786855923910372770058886223690114185768523538973973051399986
29192669510188278972938800467101320213254420663185308230981866849977636789239, 74902075799150568466230461782992023570508509441933768407251787386293797434345
52042410403160895833895163594718305246640410312002548637519546076481725613782, 20516603229734865626122768630510825150040600086336247574129029417616043215105
24575615666777499444150118086244215608084482202265427040388795465361163756310, 44135426245204025156748631590022339246475964059420286941590890919843150116793
31081162284929045345859144667586157874078506674052034156882585765446850681054, 40732272275409535525071583400591241370345264130272572604967214299298208689402
50492986332591726804669256219898662455609191527729626324433646302016043505225, 31691122766173092718265877210901897050209052506101254241041662102622744129824
23483621377690879262050476307300191256292607359862107836893641851966596614611, 40973903751557598303908337474065180571746693087093200168925422989713463234977
72069941977445228019384562874135020669962979437538077937845855588620565531376, 18190802554214674531796659190419161291401238060794596697217819250235532470559
17757597533210642474276690342987613444639574891235045549719368158337926357613, 37673699755618954590981996836608690608158629398748292830913013676021471854409
27017971756717821169949672269307708287791819938656918447907246366000400157502, 14230060503209357038765832478930336454486924307719071118691319939238878581459
9775822827737919550292460383141706949723849712653077250503817498943953480251, 75182556874548372606091382408614056667887117068711840361805256443264721840518
54034611733422793594735906072452134705485851713973498667588243498749012829967, 48238541451068631828938339159908373300617994811293254256243992477717733476482
57559167174250992736358475377823025607484307044299970693999305533696775696664, 21617232939358275646960373013231078012384710151354771715874946281176613646492
5975226026204111367145602819276461725606915147601854021210792108685806406723, 36720637909814003411782777464719013365559960280643228376132015530870371073700
10239845716832099648397129373723199588542281266320112998399327951139727016318, 52336621046944851329667199422855909912891578935412601310332625155880002172435
64555136364250256590298604213343930278642957352572958418451845437430144727532, 60379480857105450278239565592258334612346634223969090564755681834028809733737
49983411433019893240706027981631602103628503249598345903397168109520461914757, 26481763560045912351861172237449267763354633525720482927765909912326943578348
58567780103378915381253339740230096693548600601437171466936951092830442330174, 51508873158161890254736430340515962856020919936464813557270519035698842642727
41119208568220777787132304494759300770574100980687329164375418746401388987973, 64799522130740801400929612175873648338286527732878233380260785798039079074981
50481751939361973796850322926758012771340760328247737396716060519572660158284, 61123946015942233464706427440528384211899506713920015123426669713476695512143
70390511756449608424873625517528087326673933054435972356820880990694242916883, 65200199454444245056652406445421326626625401863895932150038211430524594635100
18423952362514425885145695048785839297389527049839610420660391487056935318452, 56224775774363217221875104095875937814018679714509785604323771207249969465504
21754076742917556335667417154967722446072953703189530547536189523479490272794, 42384996579999351619570657569168855106452273584828037751950650215214433070283
68786297404181992283086631854721931736443866857182831239215220649897557622824, 45925969917773493912891625479681821763794928578310465738186319150913547262194
27401005771542819930695471012151612312674092937105612935614283125544370033950, 22515499940335567784937346749123320973550261382185019733898968188484366780728
64127499022154819735003594197957571483898455693834155738915420485021870644483, 53128832897099949359203531879101963510434459090738817920519131388941012087374
28960913897689514058801819934650286434583700902548903824851770012043687998202, 46928961076991084625957655996490933184022667509730866510549659503157780458308
8790141909185609001779902935219966342171374877094198696220601171576757390354, 64061544812054614754456475604714470338010890641108352516800604635361434435897
44413381432473187596763384690309593896689179385315127618917383284280529144477, 54273721553459772521526892891563749371806913188133630882207533209243323137777
57249416932878416140104712004143707070383766103854217141953334305767793456349, 13541221174418116631413163909908329805207425144753882667703460240023737577051
52733563331762440191652956589770623026658670630533401437049382258456564026528, 75573969822665261023996734377949746310505154657781575354994734794004282161351
67857921449879066680531631902899289447628921059941271887463590077458368915864, 752213559853362932957188941009445433127128747850737005312194296550983741356
68982732847563356889927945044332135423284947584860682059404653958449596848673, 27638004212394102020957158730322267083734994078930900502533588348312334552589
36420006839611544136861645980134497171742523630183143518642521636322920590792, 11622062071890032861428957340269428881210469080780236346556992832669197954930
45944523145291628228212428371262993262381706363550701428786505666128148307523, 50713461389817431569558462172930842955837001854894997620606883323129935713414
41382715928650906046173365618629219125359236412393166220906818415627105797531, 61267221727741418618303777885397133092704852719612439482371354237191065645227
8569524680388686277094264093374522622120804581921686742376006448297073789859, 24867396923540464327524364448606283402860793978800114665452473455878189658366
6003433839635228297123032587405576264473044248301989545999223978477890055042, 73763552877994532776263419473606923058146292159367238203357327308552174657786
30293100510318122615954690624809767646062540850887771455001372036436199823601, 37212959781321307121201181121984134779057011610931478504421088513318684054045
48252906181080332885186611765823685759741640194636041304901218441791734406077, 65553985859576966880358181249783106455225192302761439894583530692801905684353
35659749899846316691446636581057894372564571390534792740724372483912812070130, 31003869029585073228215090576502954493143800737666411045589805907929002213052
72433076169202892544199828483179041480945147864849327005238383180529856102405, 33500969158902430989417168472431189932812749191625430437513936916330276649579
18243603722671313808565202707887977081269959230708723054565647514445545005254, 535607075327875071716305126829089115315436227833388297351443891364953444724
49827773127014348516678152550986532936691393806625311407591940642528200606604, 11007819926803668802074379240562957173949230838735971367352300788384473802361
54680027388401544357678091304609135895746249777196388831221494890887473685765, 10570420672984000260952558107195713517214076730637977568363743565947145768453
35444722101786631498471684756118168384584246180046595845180493895558910174202, 58096100382042873854751082641164790393438967506523404552998191034645372345518
37472860807888299103732897980633845475950922181281728896163031520625616475943, 56736343318399991855835158280839355480011106611813045090678736723447680599726
44043849705671438526117391000158712146801509902255531154524569846270087471349, 53609955699918455414629882421027314972819000833563831324679044454720949345926
7589160465400062826098775136653908077472308871126876181840610009800432569733, 557073843034947608958403156611099777547885490517065483436041689175560652140
72487469513555328661149448838218176849072886291828316604187649387714352066900, 53006951373726757335298134962735682496281982818003739552990657871557481112738
22339211126362227393750279902864959738853916130602410867013353340923624112204, 3029667848682326300035093849980386623248979369781970430863601766559961927278
35359625494945041842835325898687149978721375955969876131145249326615318218664, 67665233549277379239177908580455425733404987091439190125079019980622154061956
65701517288693818891499321309725532361271230374374063551039084459175652562209, 13235559034951454915900749164189287144708891419120674545211001348328564356163
37753658558886064252676196314379664427563370061776176904366425827645974911523, 49558865285952702918051750357874231386310016288170628985826386782826998470206
18431101162024675435547484145025594446019194424034613236489719890686798087458, 36215746889905779439915604625280868771429301346847227567578868458005298706341
58089524671015496325684395594683916945465743569190084587924147052759183795107, 67233005019536107279336078750333127985123570390921488418159232880447694398194
69588463809983213551040981371649769977733674823185712373842925911321273471942, 71699431355785238302754927384593219931121988900531675433588776353760294689309
14386944392110217946972944382488049462495515880989257878787305177682266794942, 54875054000042575309559177374980971407189189025027714317007966981921267449255
12392001568195017036424436077064771082438026046222940770899781927725015744916, 40027512068362169435490517306653545144705526103627020663831098772737613569690
74087880619251665602967982414373766272946283465906132380349546860701433599660, 46767379177347655478397852836803929205309471182902619813552576190042898008492
63591329702682253993050025274283725750566123671042019613645898080354558330326, 26904033440023328475554755940354081447383465402018945602663929078365927021374
65816235481148216881808010006822069397975528660264250097764860439987810838394, 54890421364983727855265889695100105014165018552962412503053183309730306079594
54858261917279566150532266420102062278318090271164522183939043102690973356307, 33544066350609738970317920077481075244045803346562010901453596325871537046650
41271591183806851557076083998675463797330281844854234029255732220431203357862, 3841526934310730951554072706449393476968575064883645235231960923731308788606
24034729443803495057661020831686671236461840479568932009365949388818453522163, 44252976448697595384346355463616792360687310330343849420976207172833900388787
44047516433534490558008707975344949266726809763825431000460192453612072465100, 49512166369298523841846340975179627500542185913697102717505966160270256053644
65897141043439769474416833046248074578557040975201924334924499186604528636511, 48227998615623891474024674667122047309404527592708480312363055113051492779584
28531157108629756271756345606656565809486486241193199080294941056913962167021, 9854856618984449406269020551790569181120936999478888352957181168124609152980
58077529026769810574992397131168260548036154766960313835341774215274154369524, 67624900507101906414215637359306883405156068566982323043504152744608717498824
42645977229517495939864550595291142773268007972940205880325748264006523088951, 72762763061674208552724439590075712933542820726650644184432000938441730244693
39889032730193269502446634413077524846443675491339583233771122350579440844838, 851310737024030286741737727866619713213233077163923992961169717407115661208
48146125421887030268493535477440990259338625844133193381137286410640340933215, 2637013108481029864344114646425466527898266358404045898271919107879946308558
63467482833210765847693361630558776805209431186690030954603660849358099807651, 76137622243904734343214150307128963208388564653221296680209638640458713043387
16387919838689000291748482981199381964209284977835791233334536502455880182347, 47061952048136071913755026089770647642537983720970801077065126467226885832745
5586347766643475910419087296604247850810779687188791722045980978024804031457, 1376259896002998770944299887917836128677812924005966936339749752700500837256
8587253704185505589640927645254133045206218562176921005512634970936275067663, 25309495591088300909302774722899359167009547333465208056942572929200189522182
27322921831524014002972187268410157084967678149407535804837752190784465611142, 14218012600889941214372330607329850987017160858768037672718577863547466970678
73508675634897150739344814855633028263853504106861917784009527710857990337998, 54207242655502906627504672924570649031731393344630281281796205820711790572688
28685774100361930331704691787775130728989148401553334251862228449927197953354, 41684620307030855820023027812440142558048672140081827107405399512446484058430
24142462983541045547738268247189124162500882663779883192095582128576422124546, 59641601901684075392791488409503068133655845663888381677061779682874237245945
64318104722880389818280625132733761689891595059753256389561987952188826978211, 3185639451056548064385216712909134637514095969936735090812626563291571931829
32708468364021998688440104927408882461201625628083556326694240397763320738684, 60984574954695161045138032861363566293735933416031014028871796830492012316745
44805881595725704058612878798509550248125904868921638484080255415025380230546, 21927941491782792028095299742208493489767777918859560921114614607598794157331
21613196747389485296270558658786130636356333218927697563641597645403162405723, 48232112697605232067338127755231137955413020388826747538907345643922630827579
1150579752697357487859639348081568877039022989992873959949444019222194148732, 3713416538546738799240483733813777034419633730043013594861741072415605069104
64759601307091707447865861858250233770287250514266023240356209932663114018627, 52459643933852181037732860390744968217487593279259784583272176382556915604778
49547288545700203427472029445069105112076689565956918261320185086887166452263, 68590149219775458326497498410851054674462556704815099559245619247726153278938
8566502957911173965942351749946141157814115183124339412604893761235165989375, 24779790679312155920733093735526288282285785588475180803961894821763126595499
57401976728852297589090096521200463256842242236858018073023776397851636021974, 11713630287186921018262335241132086177810405833891647892352321747725754987052
31753841610325423241128172319390498161581872122734256733361759926763571508895, 30359675238236197248123435725615465154610124556520971427333008418241769259797
53532553440699903319397786968781982795297936745646434077592436849326001561357, 16205400938654876512133069467194314861031329530241158739590145719494297037188
64886431963425091127561409849359257675529510186933503813318567336886167129434, 59197853837035577031252238314583996730188984570292126465340515742353616773145
19545076148719083078307068034074322224085586873611159760631084225430157009740, 70936373306726645526039544410981832591645988761398108380420999031592809727465
35571996171237419512418548998202930643203798544641917537806513956333055577573, 19904975620036776130602686510492048675733403745404699063004951490403744165124
10091815485994818456214165805674542672813125148965668101384583515612945025247, 25261659390123080173909208255519562941669415457195115792460711214726929497376
48147951952061247129736555789855096351117989595370879942772934853043370219691, 16585998594487470806934834942448516099836789348939200269737336333726306727364
38180561526219364110645104219611818097119758777837281312654059904685720804377, 36556128890527308616724956958456482538603804718303918464137355865122497815645
49164838398191499011003683513182194364526623394537566399602047741659694021217, 68656088268709868442169773087070142265110733151456169617073326043109033693066
49479595680691931285068949084898615540808355664050035223595646354070768856717, 52359191437802917473424656148024209209161536467106986993163866869342804242415
21824150453625211412229396831638272976591050264355002011792804792286698282749, 59872178233889549477365038854034610598560233456034985415188328061559426097746
60538830666908278515273798558142644250767967044595069727108133223608119669973, 28811565146458786979921671869361770805312585336973242986067845950394817210699
33482338679864638610915378203027439671676751761895005039585054093022654902388, 47918793521530372770592336220128175133701774140137778102945583284007184618852
72630557075944249933240796939186017533899565622990997028672746566071409296697, 13670100319799623611988751700118109226898586497612916055708397131046600587817
27144221480666384010912357303476743779682880097951773847782653166732459655296, 40522388898622654675421729703169216553544095330738914485773760505477866759057
54645525645662967020868698788546835953480075320434125164368597716466064374885, 20282020764695010841298671082683167542530352079241743580127815251549072670636
3954235331344770269944265632007707403794461903438074539868543184051278932994, 9053109428426590013982935918480893875800296005026858673690137516809578224373
42059617142606153434483709987287636139917230374769959531077335029813441751506, 14322182033030633990808043295028413655651463851579931319668353571787784775470
73962713860883297327560568368244362033881100009958473424440507365579011827402, 1322610209629738953938036705551391355848951979610301703529017847915465098472
57069643771469250298999785309784028155146892036480703057069970680459070716609, 48851063448280487150217263907644552976850845602594728324645868183348766889881
34124665726688351187269758611016264644637897256228853634918912592808042353160, 66586652706388483645624100819872714475609367322848676209579448386901818647778
25340831569648027177654652734397426051173436414171568580684885647199311353518, 39611032473990841858842262240146665238708062087302325666994995021206937869233
31467214416960271462421594252415364002858016983487740908276331703994857030699, 62576633763318555071410938866031999226266288663924968932095463748973612236494
67686333787117424109439598622077860891649020088997367644295380252604458155521, 30657222015401173931931186543534980261547603279365202215777786953962564075390
26342428024485952666004663048563435507955223216666362189605523087567647708451, 11451843442428981909903656978980346846860816789039265710153403529759937122353
24675672659463610381456080510709638665861976457638401225138577236502646044121, 68856793641808685844048248469435835627065173275962354515362266359313885041559
19930832823514724870931782863621310617400037535797796915422270659340790418424, 73109378991767930134109583430767960584720841911861248458509514487615465797013
75016943172297710642568569579529091302379454323912500390508434835458996265367, 2254143921626261734303836656574065778689913349201703939878892694181728110504
6600309008034514001822320911196424025293807894482297206844245951957074444619, 72432992857878380820413761658411836522291196545222915187509025562907375027932
40169594314148408064665183189146752511682925804156656683903535113373340860318, 21183921012060933726550828412096853913093196103715155399157738008921562004566
34938972928753746002841732952122013634603357729666289476990320149760835657365, 5559274936157836252175392549808824512324363836060679872550733076703117740230
10671827882334718710670974862301453157270036091114965745814064543457208863413, 65488569266237199427554526537661230669885805528474598218355875200761371042748
15944754528387601593903267451765260726764693925979253299054397147865424716744, 20168621466125964159672670374614593014020617811678618593407576934658109329274
37001285611894571651133560598942830875596598790603554706150818168720410909440, 36835321770364883623807974028855067033623143688766889719750936693176449655959
15169411235299662560977668160090545805929517717635647997376642642209448680577, 68826177538532238802919260745369094152802915087554766220835162148331766153105
50630014791840508175220220024683566695182200736635464600328507260845184861018, 42229790073501116987228113214195107537285656576249085101202178162562366839301
