Elliptic Curve: brainpoolP256r1
Field Prime: 76884956397045344220809746629001649093037950200943055203735601445031516197751
Base Point: (63243729749562333355292243550312970334778175571054726587095381623627144114786, 38218615093753523893122277964030810387585405539772602581557831887485717997975)
Polynomial Degree: 11
Polynomial Coefficients: [28, 50, 13, 54, 52, 62, 48, 22, 61, 57, 28, 14]
Public Key: (35166076939978735830905650423066902590476596034407497097243544477864238969959, 26208667046944967660667957432909483416395587303165510775005602323617287561994)
61913107694658310122687241470943483526119051349502677978479941103518988060348, 33881425405350339655465855926931377567145109058423335615426086455023269617225
43527484294719581345114783563902158302599675729255496124926966461780363378365, 57539043661386655097101361954648359868881057385446223018257180852457792859931
38589294412698450270166700886698520989565842010426278781170835820634651704262, 22197378988896759871084823252907450801452617623638071215865651487142630611819
12184345579414608855499393775484347289387290212016275416503255669012535570715, 29977917122575217510835872884151924028947503223381639061075014570619994984492
9160398818650802978368103350421939611734782636846538687299717843409877621811, 40863855286665229236171173858761353190363393467591825381716786655577246262413
6595896315669171370660059622997820594985921994845992440171122364584823488471, 47802251718018055160078744828325473204569995790889579745773633815903912354989
76483493747051416629553325656042893017528401791308878728678385389690979864582, 9324150671801593725933710491717320068328782454712328243829326846433951813849
57248847908234769384154675138680399830458349369660007566694481953464152552212, 68332330509474152564407919033084548030200718341385100312298051904053469449110
36610596337558679962441661395954014860361289235040671752830694714635035629572, 19158116885967816974431431410329408243502247952519017341339227139361756077079
41818255421086585506184639687989085895182682337133334561718750602860462359741, 65367489205158244276171375129522690259360082703915480933752148011628442138776
50258088951794996171005123642944917626593860998836881578894981106664599665581, 75998837184668166881549258314122069122340497602891715142404340550056917618103
33145183907076332088041929250990882264314136607400146522377637982107600156749, 57850518502159648348852841991647802156916935949772408533157184168127421078856
25604401048313229178122369357050181701717022062748338374828844523802883187555, 65880787487905486324280757765144798175922969516748128790668551367526629633653
45446640695217801037095285741484450166402797541197976551155422631744278917690, 71871412546570797165277495606763465570986004140523255513653347456658816879256
1213901090540998807679684991524402503732780468904635733171364243302695825417, 5502628972183000840521540844507655968449204156057854707751558322976125079396
51406141675566275513376097908933120737893043071463904729450225414172673780729, 32896840137489222910604017086785028779939156136307450585370989523424125170776
57821564162826565968440368485370384489931123318346554425410597552959991457830, 21329163597815381041331725661651287641053118734533959964831628728115138318721
68966669769920519403766500027097135710397377560052996810550013121668599172986, 4345153511554456140180013016342634409126406772187166591924867888589952286318
33390067572025825687205841445391808309819284913619309690189912356174285800188, 57653798239093119702677215834420182430493642844123322030552166609883404519976
55578820965453483170623371100926921940591138899108567230559743855207094998626, 11631910367146465683313269175940867331910578631151697616017767110238361892240
16640589811389557441507872384834361302580035115300677020104102415670224603322, 47533360725323541965139898091124021051079135451860066032321478953381662927662
23204377676053339710519661468644927393221773673212826420045732013486636802457, 28313258513665214857979953894874083302458874445985821140785185125464491134943
64348389207628956515468006861977420374131341752103832765906534589935008503683, 38215835183444544507872081785877743156075046463546636526783834314234895451572
76558324749938778845263405716964055916125709169631293054534650657651090436421, 28990812812814463248409743016694025687947107039200080824056751922617318514121
67905660281080881947071330508876574825355614013834727294438096526519394147700, 18412287392655900068024140904997792898558764720468563618155134029076127995849
8417563976363951667061658589551548326011310374758713084039267377463298049224, 44436721505897913007399370999914462564486433050398302808887453759736420995724
1201846834297400099397656941098921358465896786343052721287534766057330201470, 61708353645911322657824541432777589983883636134529664540161391161917355967493
19353204603510515830276924337055299243911438798795355955804968199978926731116, 69292541449757343291421211719521336272766465570286813637545733858912192817589
42151516465965316217086513389327288000852743125235345806496417669762071642784, 76652596116821474164740388230034610950238009402243975745854386955976314791237
42165453557775439973665057739113543990506786656887060903892857120788628845832, 72688329772146987276768198461997671542766230875429907153771465183199990413395
41588721907688096246979127449922695668746606291209999858939943758202299769560, 3630690211695446425646803810827499149421634026872799482326113729811283642711
19470598263763709631952214241425940934213740289927361433541512582725731911317, 67902379896246718225364844414782989706509460277246692937614936348171725430465
58796541755626604392217579651998286870454023352550694922358667780910943178478, 73972635177163096950304514328860837215526207807684939672555889979451621188563
4632629850208521507983865286071264343823228075104666749490601545516587603950, 45565564633818254996802147582167245928341005995247924423824001127495235419079
14771587116795918539539571014448355248238566870158247988980706094315300944144, 11793825221797456070803467109216240215733661363232080035245702268720479263718
34645975503866795558566117658223759657996698706904838380243641342674107960313, 34205339775229482831577219563616445499229632563192279898323487123373328024369
72876118557757431214424842577427597559860950522430634787410290369602466517693, 39200938275604716556130920067917042962340166400952141817263430103314661339361
4249615570312982930676534452784188159112954419394006329895221880973598761877, 75717376972823766110625983262680671505835851031386770041334120061498610366772
49142258576642644251958031149525244036422639539049486922845246642429201189211, 36472078437633564159447597879477010623487652470328410987565150180490809737084
71600270147744231572671177602065996982821595197714447236028922466968743187814, 69118768235860738113451449774325971463172820719556152936144446755876072066348
39811702574571891744346658104301734576515854632186295713053389001489509587045, 49032599955558228986694446677118376106863674796812748797992279059654678514426
60935541825103275842035397367261618928446113307784132890964124258588444886055, 17351825031874914002515716279499441025974663553838245974282523651538007972831
53166422385619228773154383754495571822220780617467585602289164440779595795029, 25064853553133659521607607243415992382195968095613831283366809246687644171133
59008143178984000665789703306211244001671493029825518324554550575422596671960, 47347608791505045829362372067584278088589321798713817480569110666494254462975
17308228516980152526956475254620863858864073259224133648850421686954536047474, 55563225717525050808929194687957246124722745632300489278219249692410491345504
37985094301263972925726917112650942832945833619297231578080638519886618371928, 36007054724291898726988415059134742380186859623290287324404514068048627698378
51799009245285417198981561873758667832567837545487723471707782732560077279892, 13470040123090054194035437348051315244241431090458686504518797163063085699707
53764308623387918481392700841417641625700692656380454402166663793679629027623, 767981212968279305478348428252817774521778324326768405948855670313144038422
70157136582750160409629542410694022702944083575904179818930430745887547130990, 33958970509075502633940761587349137689110100512152613179873176277940528858082
39753890935021339354244261092467579222924309723059993047888610977190603745090, 71726176051758890861707203530934136020868831888783386201123399442838543749633
61880990755106372946882525789409771274680865957250423153490079877779429490255, 24864401097149164256979805122652669816542040626465840821522660545510426890565
67998677832287083044851837430743632026627970754956260343850415831238442250941, 4944420895578217065542988372469453616045430086491699631819302044636247867092
74042727452275923113887598228842789724496731111076094185225577522188980975394, 18651642883145556374259682928792006052790468679835457857864535853713771389258
18197959687917415747846241874638807224502031066085417825728156648243333239749, 64288062286352408285720421104384879927020861999345968862472070829121589743707
16788837545983389574918658754666092058694617434457120836499077215165266816532, 5177373982736701400565155283740039947226185367747223974558096593616389916906
47969554890867629272320479891743549822265546310802979056955401422298931148701, 18593317275315542763063622704961144406682983384099720138630032442613150595809
46904914363226117299188978455023899543759099503338322746123399490391155675914, 28115147150165202798526295219108383852261461422186607316130313515888169649783
75356690467431345984045731122737325888419768413283793265512774906546716681692, 17489511664591531346103092336224917799467294951421660209862160212902349051214
42269680090588078751260480834538778928898239593118821975217950336516613442456, 52902636673707288849439025085798504263701204853224778021101620541834352284221
25412008099297245873846783636256283393436160663003224199962131239407433980915, 74098966570942731559225595276676328668225413546161419077049238380814167488660
75669831947360962836708716818828024551340941050010606009929262658795411203629, 14976548644433264549972218159225995907627025126774050370525549001659758730822
58780899353698471975913186580041900341424514227527496842073556958348390849716, 11509133887212958159911821758165193452648237944804849230417930658041855191515
40291853344292358170875997208940833445941208367944749518888502302502081843314, 11399234476809054282836426053368244001703117539486255411968374354385659105111
7028751332747820534750154177340883124654914513473686040878822924061385559522, 73383024292453075133904137226181292551653670223821643094171966540566799569406
37036529360748257290299321860665177330017967726959873160570043624034869472577, 25915517708858694055653738412319094705633912332869230513633535376135033235618
45250014945853507671644500927862079031217225762591549718636909322980020607545, 15564026179051634881963120357183263555470273217119987494785471911421947081250
5088703691677898840798271295915922459358553311949592142830353712854517386334, 47113462760132681338100323450100977305282522202052126151732069044946791012084
18761695585329810825455602934054327194135911774875423664770618745264965399486, 3587396299959445859234370544922910113014533681475852230075340659262124766744
38392350534835105599738062319090866578487189630309680913229650956158602142871, 24483671362970439595131065834388212960315931673324965785236391794164376346231
66679753333230436599202032135095070521371254783701421096340822129672291043560, 47153352050952525057641233284012339742097007562243714370529572587849127912429
890415658048712166306543650564729454995858759570629486983124791901302488685, 24561754489927790281578026111774438571555021298396333933516049082003029070656
39739489727080795392879355508782655353472630887573055170320542665258307164934, 26601633592337022151348643400980713810948863703521022595149737790439438613431
26204544620268695978110030630917831600703165870470496515078849285853165875115, 52479646904838630154077648676166470918872117049055030275312557049513954684573
32196481867022091449401951186550578894493059648982044791136100213002404734013, 26276676876611160543710755389071589472255572317843196546188388521131004504849
36882669606838895763929433119482626091160931325253523683186741794672422585838, 12364179025051221364877359410255407800775201509096598407766508968809792810251
16381311557226410013222800882153113806246632534946032866896933418336432205504, 49921245148553179980618942939335117509360318309291799919947673573097096533626
44910425834903219639292513852329948433606992326526473125104697524791086277930, 56583963964709571305221207392466834369258992616557131458052283687277180755496
60416288504679550891728047839204673920454533958101336634260034987510916128170, 76752076958053856939781233904694000503246478143000375079756706649383163186800
52889024060819323075440661939017107458472714926181033492478033150973482726479, 46346274192196740119982634610784963777050850128850666376308466941763827527245
27919965344031551108182533689047446198804863322899146839032753675612666900622, 17374915527851868457560644018832183779465984789123925818653364421771312399852
4938608089347856682600515290842498975499378189980643744774084385122927003388, 12596238581290791393990903096647258860429485918826916061379591291010127890616
33781588297469164768716065118086083694307400560824664829094133827841537303156, 31974742095465015764413997029079356289817977794730276344408441947850962723651
47345958031350901372996482095700005439049518393952410899196974907457925619017, 6086702622612929549121603063193182664471715186420059636831487487176945100196
70517746557468113909884625727322255923015534112703691685640577006970407793151, 37592743471037894812044781413253728599547017416969286553503044198378234253834
14760515518030004346552684418832989429471145042578226671865526888761152441585, 14281281022622689768794562570832177462277893398515934906703046599271105512682
13767289043331522944495934377453808160971308103826659260025940334766627696514, 20892975477010937571931656966270877749514666931598379267443192428845361084370
23352542272565275618973755424661834873628831056030906910950751269096612544101, 47679487953858513779048696299761448304413635738235786274392656994096127732224
64221391095082414254020834151382010562768544883299052447666236899743081780328, 63613741417559037155399801766560979096840690180045336579211185818208026379987
68159638281983876603553800867114417788695099592307110915212528032730115209757, 68045433547409707272236239772555206039490952259848152159850820093858395907632
43763293031083710903872389567533787041152194761076970304399964011442433629121, 71276525177035295987958719618830435184221657201605409544726013026187117669193
27844944655236803667956250889600739912884944536180606264032979440854264319273, 32373164333749366273173580103132893659833664841376357891590298517303202798119
30516045280895161700003254408995972458992418585399993163826115497556568854128, 43416322525544508892198059370516602044074530308823505334166617692118107936995
64809709889513766029009645124852771211728127843760361161637445703101845495029, 42354847206312763396801240814248574367327705462741249957874952926476531827893
6011514432700297392158877062650897051110561180949068969331853715049763476565, 62996149595360966212752585361511381107305558324097858871788179575903823736591
10208962223607220541791850388627509043284463611629038566836887813891390672725, 55985365203673050828390287595785854748330670303158123971061089278824162909082
51692304487660429321195637723406564447434785684560779065815031712000681578041, 59071759512858696810403283769021473015649095187436857194064845640290015412489
21829479741397894673005508444472647067760700107128811265061435805186039425435, 69660163512875485412639295293913873266373051450439636150539482299257107836555
1935457310358607520559986450995752820174653490128779307716300484083709640909, 57688323093702209879025618817220265382258611754789311498253687440083974424429
35470356394594556809074263907299049463688094295486641751374813358490915015872, 70130451421555743858875311685657208578711900358736115656003860499010611711780
37888291017561454672252590633099421686854856346006216196306140527112723910798, 76308444642622869232511213470961371495945836160501745233227728393129642329922
10869661769139861528014324550052725410074977936738606724423288699190280947228, 44497170619554758250882653974410645057199236274220478974852000765159552452916
71912179576995457913607318028002667836811142676407034865996557866041008639917, 35211880154072095164965740486346107337333978419669323424227156576118780207894
52249946042125591951105185042490179458823988008268889480697846079638080928727, 3922876577147882769216941487846145511087741176130277074025705521655957759388
48622396822805151635321073849875014724993374509542732217268563648923581715221, 76021714622640092056947619035260779329416330291510903766617467646490789571879
76625668910889882187353474823423693583175161167999645232673155805143570816895, 14992504678084173721322278015613760652694490178643168875838654765352772958635
12930037666895956803035829407742993414236354950018000126077582596746287815802, 73026405497728656219651323210206057384319609369069110961023161200238139588113
20854862706296205054937894584587042261089322720660595021149300954843945157474, 31574618750898052690289091556753397035701472613897397448037887869461480065655
28000162431168727131688428704389321305895642926191221839236758214989431445083, 14838630915635097146086246409007191556676648131660430724137394928219787984194
57465438590954988218998491972429155171849368268610627182915470366114353139187, 4526375016499620794608468792222227203660140027470942210217087446122247340461
47925480150833099063369326718082982472177050454046275070947229647515222800502, 67592801766598868622850323056840065615850398611596176105829092847690452521540
71826634664102863280496808155736350096170114266983910761961911662416470263630, 17636622190433980642165938148665388674608532739463029325130758560288921264869
13499761474981836904943365883164695107838883514640819067992960612097042227919, 64788388152251361949682074436609357318924436288944177120605050932495600132686
21799250671197109916709018544423427145015507432325088475023051620093427519531, 18909209288255675836027687136235493223269523769375777703235019238860691355068
17214699805075797573292681775201015179893283582714018174188744080730102527591, 20745795264964855479924434454045571953962638277427688816279687569597168572167
67075905782383965716717654242197074225389704867059574294421099827250434016087, 7400505685844412816458642110848859996388945629711979861525768225820368251507
60524955957605458742785204724233185328779511628835132478790562716928648963699, 62638158279050030895163580959746123805044419901639742042060499610371433891612
69231052589073290847545321876221403997795847446608860931162188671116149997453, 11259288278240864016562355314101858505954281500627898617612813726540301737322
35406039351313265544425247367377998200558955334567857410965408402102896767018, 19628407158717002026837614185084294939194969118022777980557160973160099910702
33266119619826307435201226176700598540899255295051526085525565671282997802584, 47049511170987705009106331101803494642249577217026110418567905831115060940241
59318628772203653435611938941608191816034787824324573035629107994157998276966, 29267298174810250497342192159990950726837363351566563772227307287582286390051
46325179074997588286351557803792254005547921151495312884362336246938559419444, 5520855014474554795046253809422917573329087267498175237945665269841926195550
64935550316976023883138506099530111551383169855303981950856581707429676266807, 73425403295358491846502603737265486904621202898317464448552374559866298343037
50390230996485598719659999054986764834679029947359933823274903317854468350713, 64015232543403204707608756884797818808338085280530990526474616631333086487235
16041463684096036311143568905721258942706594912300350843978515551221352069796, 56020688814962509614272333813714350968143230230944036585667116568177859172858
11491097782013904620560052327563982900131859847563047477337310280960274541629, 61903005941441439118774661867714417193681056774951035253503830407874980783357
42140054569885713525601675019219747058146119479857042191970903082579646748478, 33972896974855180133492677270336419779091066231133672372665120500119412448078
9849019105499804484151067009870481336004813414684538943084928647838967616566, 71392562411428732419774954004867249467538710239676849324332051687236330937154
13031726625438030727272450212440073443782775462517675754708203364100649265500, 51028555776928625060295754848334010912798561014975218205456113642885475791327
50967550791735381090755267190257864102373604439668112511900941473297942845133, 6922473459495460747622476948167309385911392112526140338931340650600782347852
73943284694319656401939571613286666336515799498631300795540072595790187629244, 45612102209451219712024523611287496972361232483559783211953863850811781111149
55002348284490141398178377754418746942533842917065180872791301158459683572599, 27013292217466471632573027253652476096562765944642512364188290011172121015565
54052936609848752908550623168093724537335781493623465881939182853186303237185, 71771407544325190644466499611695059869642557903284945209005534397229480507850
65945875917425090060764227702231645368708220695810898553455411782919314327538, 9990385867145331649140248391221392508794458206737540292574802379184805706036
10191997640008968807229764255756373122374412708994104194637763406922385140898, 68582425545730805158010108844843686032775844743947699873406599717880797402946
16095288979278159182585706183899340583144621163321288520890988004466387669016, 24438752369217208158492890413093700751899139187726601736005619386155408902820
23097025557215981643997639362214757577744622677992431219509388866253255423664, 24521609579095448112399793376438655589522612631507293385436038407758594608384
56312933238749753846768591643993703013523189809777930123865599778850563773895, 16196567031595615053407702410800671552739228225232935211267185021540238140074
9486101332077928596782161393343887309480645259809359530919819299752415162215, 36793445626465010415563163699968239100501863017381795983084987433760475983526
70344113373736324883440682431286083849668956010073824135782647926971152994022, 49469745038990116367122463627708038211893889914062117534278162127632616815415
21176831949591534466897169633095088680555316217387502057633802089510992440403, 32969742284716492078402913537670792148614551068715532984863265102366174878034
76255467453728932731209503246990516036593286184152976359913235790345970237700, 63754143794287593608663941053575829570573352012657797856669272238194476890679
12814074560893460517377516667696186809889124630581637831928960472320923941663, 14585524212278443090390930259197137460143588462136814111559763077710509346592
47835604356759129671655206394330238337971082388595594109082355137830279287065, 54173144667923710840027416622848251822563950770646149607683873389311715614271
72819327387428896547485599793028348127072069488191929509778590235392494293196, 47577579544803787932787508932820009056259828040847741074158039006267819116646
39214616562449941593882967884041836588190443350964452675994108431254223616399, 9443600080921935924519269833131599217352813778212084419457878152126323174565
53306174146338874907022755576703413314468439267624684450722222257407747289728, 53427226652658925655530600098692911590697370963088930438594543200217751685009
51839708257022199110152729117937804882059369909925357452192859995862882456468, 25061962619670809592919307387794250689183175781131585373670655306273531538723
26494053693026243971902993991178037793428651010608475894031172914631327981836, 75520665597397183692894001274376676398539651077171554764114767341635209813400
15157886781174165360738489146403314178175347450918307514291891375028005837373, 65829389044840987383613153188997773742574723754509191713531676290211898617118
41224892230642916217295273939510094538931544339170696563935393805678124137086, 1576286339157125362900101309769734947301521786573631183489415657633678189817
57121400053159077913607191376613586695507166449500875812267475530752508839789, 38161410435962694123138878562503241945176790714655090519300812719006814703918
41041442882804053059122599703381227239995798774526774814017228373524565472130, 2823397482364611541301972724048819556217752460584154302502648054554615388299
55735434276651143199377214526061990952441575358000508069494698284528045520555, 63932416420404600022863554240810193011235374974036871456280226802539606000122
51859973329350149642743915016613988164653805498801905581721299101444839675274, 38985294951321004654622815062625430340943256632227089116350751170460496898619
7189971625551884870725693002262294429145740351469241625311599000904457075583, 43489939357191831575479977392217408010850201689392659421246142654154961570608
45705268411289563713647489810986449423803931541140253946708583756074347064361, 12208012782327303368482466363414699867533133617494295611126568445398861177974
43338137559005350039073510847296543352384025261612690656160101381598045752086, 62937708425622755476151398111657216969173659698392012511549937466559724675937
16978031416019422556296845754574182269077201775684744232542314728155721874775, 66081885108647451992086759839558473423186652825320573225257111700442387121697
46092426971084562656671110821291183040080962072951812875237601040286076305833, 66888563219077877230847615463269074826834562695822670162016880097776534185471
69234469107684929031478856754904541274296294390892266857026159209486348757298, 10059292577141839613697609349824729726245105132604683059689702016022561742369
13900616717941489266152836557158200622001979718107504125618587208016815815195, 66661730027445810985058738700916235020265340892572309052409495979686353213245
31892379399862537170142549160905907951078081025141021431018160156079417533335, 13122099752699594885815510244742001510703974637396810891523916781049596133514
15360297536747059005596078689353091533905843027974475834067306428568874205264, 17256867824212078452617533879657161504628869660513914420756380812563561693137
68507647984535746718099174788814287998916667335493878939116562107144114734288, 35429215931425634502675809144949105211661682201010083685872617464255184639763
924653838883808405782554597531938275760936307763808827948123598359488429204, 47635138103327559810095171861036315067646604679765933422575003057627139288533
3292730529891348354459223419790351811892312243947545612417681326830286507551, 18459538168746450180289782911190737068957996181922854869804007363097182321182
55007281208083926479599670898692132623594367562924810642471830205459304937086, 3278004472594447991583651057318887892523830918696292658447363270691362979722
29177455064571490566916096238214223668370810047138979749836104331438505186697, 2376505184133646472429480123876394536205213031117480378109305505492814098840
39903642112542967380161903148284231238748573240497898399304833769508516012804, 19453277052889149431241079003116754898279027643399345213658418218207228906604
75488261512262314680827259104992719226653753049928617037719368692358144948166, 36841202638495908124309099321559013928523621629042907708316984960068389836707
49576704181932326593242832764869747078686433587151604357135538781256757356714, 49811563665978096893935892386111769804647253134443179804893595808848594895834
25482770714542603298045876388346469907187642791498174821577748196180780459058, 52404986281246904022345950878118794992006828827299287555363814604547404148452
5703290068993736910043605222054559448939685679794553008189899235397699713167, 206360770424148277971684586929045306739662575324975417217469473255275095167
60486351861209991953352235281647940087246323898838958652191592426135553933410, 5321862623111351876367379393791666991937970667141253495772428074615290692368
40945102499185123895702742187782917332263468592597188014570104960822264894320, 17244582298841626448285952656985740043863362875532809594514372401568252080765
35492124158310144465847038652164198839922181260837493108353515799174052856425, 43118693199734496745298833738545165252673376966417583980734822655153606304298
50311697544993038997901149685552365602786060999157960959674107633037986035880, 1571297223660876097481891091075723834283077536056804657862435289237401342512
28760351416406037223400072718910224575623373946921788982230554291032107886287, 56386895469086612353153076360807938322430581736459477863233954459791619794048
14606782747382611959635061521727988705523778243538339568853263082954022669667, 62348791964986598818554262179835818829688588307169033931800563344769768334165
44416727303310512183511880791704228287390564748505630250102380527401451407763, 36463699659068253217740566258859702417215744647628826905537426829299603066313
2584130713637771367071732145543565326554556087426713380568012347483451110528, 9570762782367451911738607515104887836266277613943251076765171121674269863360
6496886458795011103952415100561006698736513496376997704728893164194864076446, 58531668412270100117752993540958190798662553875069400916631647490097560990653
65037109041061093126691358809168594391784790419632299628412134934787171118875, 76549447237758043667231783240745136350249772832524977839540305606239185855965
49808446006529539104898156798168658103075564447139043003187823484410324353402, 54070824462719646616705675243235833329244846394808143388602899666551335301930
22341112668743732395630824206634429511457358222219188854251319077801949299128, 13195686736737489501834906543986580509354294038227415108417133600908639236510
22070576512238412251322810515925817254618863282876272532906667987458568587831, 23359507756416829066155727653001383260005754325800519206996631385736215731898
10919308626712938653643032285142445969691635362629414260364967318237786873943, 34067601888552533949829821837725931259283807895639638231131356811702553769786
38703401483605721989258245568027840968075835970312399760640553510816327162968, 54795408597321476965324319434197764671142650945946806861402845544104849673627
63470177592576514967375278643129870308345327744153805800057618580079661499504, 52351270572755737257165938043273415978383848659047159759137129829114288090538
26054049441407606182359507136742293424842111958185778792807602744111392606721, 63040348148918121560140782717449657681473205609720419962161537513643883035579
72971924200729889328089225298773325811757642547677500843778653944653375038809, 29015014463875864923636710026830914354295691766269559391671346332185548292535
75170044244385687975885031503283316850229548490157350427472870405848818912918, 41245731936554226656671648625870911459746599288711360778439425262721424214007
23035115600213977059643889270984629282472269328550133755397303222530703012752, 62364397798185883461237360081665796948796881445860675859326593239899334087743
75644799848055796418378780880272829461332816208171384362206228367662838448967, 35276365259543914453604905607707567065116396861221831593786641461836310646336
29514567075959433583806003246108860124889697204879694774764398676844601741902, 63020778011630687641020354585768234347979794915869437972942053892060259872221
28670921005970182600137659585889807513998811565369080485889515816881668463112, 35643259759996350402459666433410957004545886326709845258385461810080305858798
64376514743511918584537572497622654771253724722371891710660059611826933765119, 40769026136067301981892240972610746515015657812921388799148511438183170065956
72206205307577336234106311038231859292318747965176689515044893886185201801777, 71796983785702160154885273515196839182909723262093311077185763838638472085968
69648481275880439842543815714985970751193076473546576881758276067979980273140, 68970853252789133805066803670530971094837434667807350843942857662047731100571
72573517781471375772533753635944001116220194366427180318537644408605884134147, 47212552802413880197174709221181255054261385778271060346304253809150120805489
57657427177103365284280604281463564480386222510655899776856548123287479883401, 71751636933874186185758225830419310517490424788425792078782551891691141638791
15146621577352842367979696918181119569316189478138236934417724306454206616349, 48754136554529490128246328812873324559774662772899087757076343849345990862150
61986922804282245355925779934108440335789652014435183352838238358128711365142, 56913475357351299802440700285273145315500904360690003808721504276438435476742
43878187172810863550821410538989471247480030300614296685034618802267014697178, 31880666683205451777801607701848533104736397061689577547839680602918541331907
72356626703117677073031467521699974641098337556911630229812735001913737665255, 74593439829901983039343970567682685665528116846491924068364876879454836206877
810057131212613260323942614037779326025586117377035287884630853294848966961, 63695798925369057902898667025469886278385387225488897458163700945942824920847
26164865232492221737526872524278605937712258580786901751322651635955446676032, 20418245418248916777122701051808712225523250313563424439613477749387938740287
69306132411230663095945359297643755295673856968774460680629378641834589493298, 72468935513013463748497276867576609579156998178056156830547038919812359803534
16109355156001035547619806133931036612211854334695554092608620015906372612129, 53429640927662219462710038927875156227107852375827535859008748241143872658452
26318169206533995914717717270512905874474108504349125259010928638211219548665, 67376485523754337041619452596909611297157318204150703294267733257578657717298
67616457038084897972987602173914542247740797542822823782070077386791419818205, 6088599989995439595868663122934467585747081384735497783809554020247625497127
68114232980623953569252896691725918525770893497476891665233583929581602728077, 71630518023206454889105214562757016311183058755091816859034062357506883064476
50334957639597436569517745060748918986405302433558781073719489759205657367963, 60838791085462188214655641249529013277077852965089142375162974786761218706399
67453072896843502517179554103213449367456911411455850308564682327224128349421, 22063842163891400123001917151521445835628979112209175889574584267442027143856
35371806667158205570282770208189971781715085396950053022931044061439486146685, 47170702102897726471299330696110461605456581017245858364481956983166759646181
55585240484394693966161976062988632213735002723176891108377220292528670453873, 58107468837748898879800904972118982979363054706207382234936133392943998345173
73782283963221309838604970518805871533787444979368359246060159652307203071705, 14280861119423354551573423313360388703593837018260506230224490156043402889981
24125589153468472104208844889577872862523647994712379766137517354135174415230, 30055313320659292743934480197002989937181917572184045236603910206256161336270
26947617323301653671047490469365182455463741897864249738195911683833078200276, 61129130914828711033019806618430369899992691732669649380611953825946732803277
62190806461672315147133981940695856077696083528538711270091864509695214969675, 51377178960889846426999756107780807850463072786797129471693277635825714939099
18518521880135549097337660421748643832037718110754906765642026769296818795021, 17220869271190775613755893010804813085664442397288676986047417876716051018441
74886282649435376635076214059453380462489978629248601506700988158982750148862, 12567275347849835082684097614159629982608245105431893969292799135359241032869
26753956254821413073478751722932934034532601200332407810986212679806571469989, 62484754450127545866751135512945039230436887543515373041741978121559695116805
65920131912022177243917384557299272452112036830654206088524384423632954785473, 43057148259558036481251268752593270971137249075659609557902987439096984662644
37513609312091742366174185216211056020284748884045421777945755218518746080961, 1195181802943195499225521527086525224045941629083019864457465807431590088522
33086981019979525222194731428145471321499831806727123170267469677343232170733, 76669557899356543670544282585258854165385504764596543472755189601232646268019
5028491538929872592841586735205274404905972209672665084305751023829992698324, 66384017770672031140076582803855449424979198901980874655572478321068897923694
26916923753435343324735717806903770621621790531090167799265420916907813059196, 68605523923114093562343105651823716737588292916251071504377124405799133168312
11292471298263488388080093476486271690795706700241052173485064079560032371452, 56530177219730272590714303959779391702751103382552031837052593613679878750240
63223796929631088650408754128159036101723667935689938378198850446008894814486, 32602307432402811296446613923755129636339200035325691566783225593030127101319
73553683039038608806185965384766241442336604436920547491416500749414080983829, 5841289420185961102093135465158851434743955055853640199850132124477154140099
35388131479768452222012968131570323295927311716805542381783662454385720110638, 33976597244638729205140251496651577126520194589036088297293190015204874425623
49837054883862918851710902792333878253764907567688729989624332877282175774523, 15712286661214170340492728273186348782821735676100468048237716522995787397409
6776907402383299592071600167384762468342446134721802522167925978616539941795, 27835570685207212213665415174110910100738913717866720654234669685456702668767
65297473453158601326736113736306962323242834020067764786327516486612291486965, 57827582092010974602763251296330187175921176671758375733469362005768730190070
63500062248627170076414778397677120108170567155146321635110225353937737072316, 74927937065687574843036914456723782447619498393388245590267359316805640948315
5016101582225265373349348656562684205324839722174738266964578478468216579900, 68197834204861530885463183722821234310373026341475564870628743003478881132850
61727539736207784411687920919575132920857060628200357351280622933234580855863, 31664836949626229691208211284581996967556302417528488569826486120886193657335
4026587247978723608208170530451702231878994500108027252697610312465874002069, 60714045887421158283941418313497238602129741078359710781304572261215675050604
39120158527531967747202129492881596962817993474626145781739841977332397070090, 28218868728539019196487995100760079666983287482849292349009924851450098287876
8028125553011709375764345927745471961826060234846057142119672978252001530899, 33912998150769742498679518508900834190359565309054295355276162084238242851850
61425519913120863890542707091556949911228327319466481583311812842161364667652, 2197578689328956393021570367113904575387061389478682245557269384622529310987
52080746457742785109055638372040574800029239389166821711956387131337153693572, 40449449623742988122526098309421902750930171176247787415752272440112032986243
37283771527557273287418046471676725578296087416340088183465584388495876817733, 4682403872403256559947983972713468502086089090372119700540586405140779064965
26593941988502066007846304489905879087059834677707696062883072440621563153395, 9988094991410117947292623261919824736675388324782173066896138833447043040210
2722637074295754333985817885164411407616222744741459222997181983950694405631, 23438882291530264658428020468304393231275854196724050035017350184035400209940
52854825705622924780150662352546408661449483448858504035766693455468959976781, 36396802605084461148661054386326763481605271993329411436562011644200244553284
15681081220689826327337830627558507893012007479382504455757842678484825542712, 52089820828687192169537648959110560643788687138545388816009567603036111761570
59198802304364602135679813063787812265641366120996847998433115405341578660058, 650237556168835537057777241180624023953368660275194453864820933201032257223
18328134284822067293913833090733782441812563907287467728265445398567132188143, 59082545983009468089880604878909497458723284552480902752055800391694652823292
38871411909955531070671803337528382224075460849936681100369705547840630233273, 10359029143938110020670991376443738666955602136807074938421207172847496830840
25839074418651108468494401051023235164999730181731737798082803937965246842588, 73279486076715550650931338721189668113544424801612847666062960346308278467801
54322568356040894940328742317479881807527743586356022757220663005488546410895, 16497947672324712969854653932501444715799114104840271766703017489239655369919
50605614784005409132463065665707323851481713371840569223673622988880477118132, 59719226057239633183219135523869783673366288721177459925535763932866712715081
38989675583803422070961352380924424445750068278209618503400649759279870687818, 6131619245323907125903688927713821839070418573181141410058033633460908889197
8179272792556423422300439352557951281493201224317544056324317723375482061509, 16090136696993771637427075922053116333828483498205686003910875755151541280445
72706909984965486456500904328647779926334934339553151247925976845748541532646, 68910300291358548830950383598446993384813300706824892885021661125230953061841
27906238434724434967619206514017411689560111219026054062111448006871271720885, 26609786428249578182636989987529640662970229856299319478501883604514147069687
26602755304457907255750614489191133899928613483637560510508322545166422096274, 28198158584550999366795962798883412123206397143728093877287087753172947132079
73608815858198470515536655683108343247294611761936938783141760056585438060298, 46722367589081896920627191390217010450347747411799875716028583380913742482420
18918294136241344243822920902461469197254212373269209422861975385898980657391, 39520310687982629302568869435823582705777995857998656921318417344416592691770
27957548734522573397440190810765087215902131057525722524899658031674977013459, 15683162954842342277029645515678862630776364795633041408215126777397331061495
42389353395092752412124149716711160621856476438688239447886257048615313870291, 65083485776565146301193124371907109707193738459963846370240284845857484949364
61357768103916401845472282318798767998827169776031737054549766300890842901944, 52661418547983635964217332266410256932424084009243646246197227819329173174121
73875259444788395386275948152681535352963115705250540687318654306201963539629, 50713276288289486579212220988637078845225052628254123271506214416815905678291
36048661418804902596787946049902626449065274055404117268319797096415578003262, 39060539395354490567744243183359642610723033738161634230129207159627296400338
12486770528203864390060748146986554098720174562425721490336539877261065233902, 67605361277908110046058604396191061963662209247483644758666959081640954120964
71847390020443294968176678248095456539599358684292858471830608620216569605898, 46066330531830873308750859494701998493084868676014357235764954387418384936751
36786887733730677850187638687989113355344798126231685681155806455080503929826, 17392774032207879620349309900738321514857489676420408786034185590610002516177
63909143590302652434365003869046443009722463972323005616412959485629879526514, 55483196554099392174038021569061401600072884715428697323446278586532878437421
50073583525473027232098020362221653992206080801210998002517146742873785811889, 48850685590613235393590353468212296357557088755018516412606190282066092238883
50879191738302809855874715253257776444356932468472949768643567285762401560868, 19751667467771271870769901712806331612716826310054546866099718975099577174755
6964153744318042400214109968370463168561889425431347367701216335484924219123, 4634843697814108095370160199630756584728982654510000443442927934460739646829
44952089089664848172755186808783538583959052510189132479475966879361680500640, 63075259701847971378827046624440288927013586909925025942501981141325227290686
18523925102036134510777608913017784808384458040685337020420007406487341985086, 5653428654400608469919562904382111020529562978616210919704552076292088223134
40626122497880894746276576561905178039763994423714888476239119880408133217005, 54581597198637881506603886359835626780147843850209369708090351449416862107580
64470671703348243349621822979990979640381145232711655369993546622299218155414, 76113452030822204496975013501173929871818489693754386560191272321110459426730
45811866305127453956153932149903759066136840307972391241730240062049197286596, 18942870437486636122666684165813960071802685108251428505005052409538900418676
21534860124227313297610708202990129521895694521049004051185788543456969252137, 30149457023294547449943464103753374974725020924523235774917733903271829652962
50332431045347023707271530014635396085202685793583470746094359465385544141353, 70665825201304547962353004767573568680211577574456986683070048673647487224926
4601188736482628075687553195820325735619482142400681781312524045390633029968, 63144512363142441389455093299801429860675353274432895070063217750618791097405
43086087152905460986357580935313259026826209160697663695424538367655086574577, 34066332267292432791701592626759467313891033474431329441622939774352340143309
9639498127294549331296619829569901122857078961549733280886043723133430656132, 38592530161510675032441187483249779932381995400215801492713529765724484619396
55550851301768032392726654345270856027429930829310246253818156178628163688721, 14200355102422177296942867258848147448457987981247307484030570745695710116851
26590970661552795812381846689670452053740111598127367192915624475589017992302, 4089668934741774227667094345932125796121693500151727425850584066164724270671
52584557607986823884818144336402735040527488180308343002269952298574085502669, 20117964208253169680633752428579917118038868177279652734756681861464913025705
34063275463083736602843068054256429716872422554244696875822352071318831910693, 14549594787184639808698038170053201519797034740230852678664728838683181943449
1679894833165212882810463627051464715990814054518036680348630276108122437618, 72745578452610224120588908298882162150587723911109687166708048785794107724558
33192875104563135507233130330223203165543275474256600572896042917872283787904, 15756433859605796353525209924384235449915458800310141547518203832451288962333
31619618851831774485176749737974483961986192504498025053725787905367495486797, 12387407219068861756054933200821661458320211307009340447783914595383802445582
67096966546941157772412436357969755761354524350366390319456586491143750971323, 71552462311959698620534910118141536235618555467665090889132386081524753815886
24160853740783447926304906465159156286349497552886991469939735308273201697687, 9166756752016638119462165945892183353925353709030979615362067745990542159603
28257991964388628055440769810431562285517061769415010424833190882881432479733, 18290588600566528209075387442660018264791190607006210992726564923973149382445
6637814169887621856515821573948055012936830844203540239054154311654826756374, 40437898094765573311309994081229662501638857557467980504186781821862021686313
24550384493630666328319846444344609752899810630283116400380687548486167951631, 39877685863484275464902005538453557729456928758109142307904900939909726737033
43059183645367658224115724990549206449203599957688306436262745708493567636972, 40559728316946532086703553343887231697195511682308315263704736894168833139865
59010676087512469400062348480164754752059882182522542092557806967067094902693, 72625671178050431154827154516615807902557205751282160833147077323008409773933
69446106219374060984995554144265483782968702270613641486114111650850349132089, 33578781013339408542072064016957900689634989014337002957648833034155126596998
69609871966753062181342137901016950746868547891688603302042156543507794362335, 64362302131066391717964642664293643767816291003081731169822568056760944460429
8829626784690593628839337403490218704593639222468191407395680583648996228205, 23512819483861382838916541002130743193424040382063083089834978900157459352607
66824968060632995016735287897805028405413055554029909904557463260251510067254, 11042801810846705892106262696111117524523814355614344328192236656003882810461
27590696679527251475181326782113791546905291339258676269783452323013107955736, 23345823572620134278788135493835802116062431657248459727788852951534414666647
37553952408527543367117683456051458726779165152047253061353751914003052997103, 3290684766124312217283430373775388994352268632010323022366213667252659270480
44257783590225134955148442369573535207619006631817841067537611119440028962053, 42620021623383741018765664084046526569655985404165130488720704745119305355142
10700850026631924029733678372935426152888259835867776930420240989105324760627, 47071662980485769738099616673485410602886436117072206098444361559492855298245
39126088899750281199036193636705391186181698355044679589519868082046110795640, 26502363401440481244854105442057503596371456491436286519854289522153782920483
39100440522541178117828019373125910098619357371581471481880193018115803035982, 36018669791272200036615679821517432117286897970565717748089197262067053484327
16912312856501866788061481057311721902228085441389645455837192670748541939018, 44132641595890543807283437616846368743538155617277232015495655035116771751288
45742253603336776954156163347556737600340736010386549382822499864003618088385, 36388927675449612819747741933137146099999350617643448360240646625020746540940
23200764176379610501631757638415891213782471812148297934712344743928683172960, 52739110716115412561867739921063563402305461357094878278371749434038507362344
24266347240238371912482917210868229409870385220475000497461948798839935678962, 54427874596319219360915033558566871682400142103301594429105489072815426987178
10745716347969700024490311614977508925942057884312367207854111711908380407933, 23758003007177022520314382035924362682302576514008078691725982725469777625464
1263758628921030999579216009719835268532387569431214860730058411348891539177, 62305138182981063201414862829126750739916308706032218984939985387544191494068
27012449854932194645969160150355899235942504164371268643515914796619905262323, 390279094967709084006438955939791672856189942365048096668012572671183132679
76537610593513605962425362639518227882504044775587215605506401961913197150413, 52845424849737808967661931739894503919765640926919250791173754844321890744304
70397772398621070412026601937460197060924800178265879992093816199680920135135, 74245724189882934936048533582743554796024361666304770513836145450292291534856
8483287400857236089058787038968659838127265480046946864884882089007957285011, 41634640008242476597459340241987420334678256110298820453691736521470403099743
71689726120299914907171380800907554934310848833731448347011153459053417154790, 8446956675335665078265454909737192379612096789489861792246197201827983531296
68200718479998479891369457877711197317415147492323505865531663617322667894539, 26512670119373661898899581254758239045233105695023627134448787405310969408311
62772949961452161772329036205870996668905704397827017010812479819510181437881, 17414667814142498192599203416502616657086531796098344095380878451227668432190
69548017152374238797409939404233823740342271066313296346142991961892667118681, 35482015067192111777155551965209870075576635406775295144169616895939380697667
53639735975626785197860552105875249002950529228438120722187654625691622513367, 15120710954939660301382985386083562583777009554969183075265653847044889085288
65212358111777683851451316524917961509116885263972077731434021754447691034909, 23367787014079723813310333859925067821018454360291321461811174525765193489811
16740629388174032234729377434671271873670867636153786799366209464395461408453, 11453777982983653607450054315667813645258143885395824389973611177416752334091
21679880270408681356095666559001938211529511414353073401626076396170189065019, 46471759445969985436202657701332599515947535423056230955010319456620339713117
8117171831167836125183740147034940790532500759924991092265939416514980496901, 1691680157204179036969709525820478451581896054376843610150413254420913586542
39988604953779843371665221292141863548581548870806250167358982666750447047020, 3610740622474556629334097441042290213762936149299858670931028056383034745957
26676502798874397683911811025336868558500342085434514206479215338823016845963, 37292346121794851342110630927802067405925772518496777571812528424599269938513
18043523732587142569749812934204404347571696712907247658647456815588581763259, 33740779623450616595323666931256732054880357834325033880867361140319887066
16021145204669468499405460424175514416268074974791836620473048917015155820637, 61166259934936767099133569432663090631230128310265468528968299959191277972497
44188293619044195932783421343160915135202936210438598701098170143863064260564, 59066839544846983703837735344985160286457588560933462118564072065015392834595
7103631516792876466976556500655939806667415962120937952093770415632463127565, 46387156182982211576175349624367521923066207902929395776280812354423946429681
34042600608209640528517068324286400385988299752791616121394108249204673617603, 52785069582823483753803981348610525353037132154788661868007409241648281788127
14025564237855826571957446305038485526732370499150999829406693050577533772206, 22546396556838801859330836321905546549829316231663712553594210791559333352117
37751798469368940290819474187949968571718144296445423727641071768610848533484, 12678292914249291778944006803222291451042951244036613088678385562157585698771
42295883015628598662358375135805218788473980643776391203921629184483576712909, 32148057458221657329634122077148815861413304416969302186853536136878222857147
42989184569419575434622548729377010740623233082955602099894491874422190954569, 6124556537505653417221878356375646449064128516606473524206079914351864245808
65796404967249747062589895632947822260541877294001868530429116529245761211125, 22213599495231718054061253952779287951318558096147585435880073497810638232149
45026994781376090764892952949023418446702696374191866104603067821892904556192, 66988031596639765632953326992707106112745084204405035477684129058530973373897
60016753641476444147171459709871554244643007562114574803991858488089293612674, 1414758924716433013364808394408267411163090207659053399380914409269199890090
18783587855137373313327198675655488278352021966696982076542176401384617243441, 58715762142711684413211637012094488250805247729143694330744142625799171137355
22163307375874115278470690174517904881712215011722637558840753797525490371443, 37514522293500522245485570424789983235258823669645342865834256059769903730472
68495711614750835511094763786143168251891888805813179881727617499855970050060, 44936383529649831918557049575932969903570398147079805556411391585834723555600
22745051534057382441322130731756645618336795662534855375799574842665018830127, 21063810763581734167607230641838797756981961412860144873908433778186760504787
37862454627911309508537918836444963511971502063564853736198297048463078585514, 42140466153641012936953292394141136914218471938161538951083414085954117040145
1924700869241822487169950767780685284464596741092767071961793634247550660253, 68400407680686921007173232200556411967329296113485908571968493018998730680948
32763691880043316892855180944996202186429314268383152108998819251528945617554, 22348500392387341951931226109889951569230300582010474706831442703023743660024
56936943724580116934467627605045225278155154522658260014573833880517475947607, 24596064633195086046788625241922965160146348607409967730482445072986296310480
65699141664655590800712342557002037727282753815053263633791368469976953603100, 43155019692992184576732232817901581563365202632404302700209405783864449901877
57427754813155911260912224138855163276445794973733479089765299622759492828510, 46549113510982670052050329530517785198812226800915348943953615843608330522977
5616325103969785480793419135293507013733723589489456755031579080818363523612, 70575842809027330628369480147741400600501991032867673164933007011187552746454
39415110237691638429711913767697252207166137590718170749047845504920244947225, 54219725817885522844493855266480787044016271312681064989206296613658567640326
60464868689561590628149435794306021331730648917547030964529032528656954443936, 55792274565359167368550557999396642660253167661497717945883758844914796575581
52072000052284074070133886517581573151979302585426785461408949822364831085109, 51040582661465458152331916295180160649628979789358601578251794288825436216884
30167672334930454491624752575890334183321686478652921810739356641497421375716, 57841318261759329910114064106559063558164885092602232744157955979995837226279
62817103702894822677671131512428033780206052482975042361590451990293491117263, 74043323398200885302723217191298956678073191803702848712146345088418969222408
43084183738283572145501575018628413720229598905784113010614401419451530007695, 52589323058676526871719912358736703651127786622982971396877909471619923255694
29379036902942844238112061465535696269375977258654548545231335227884852559554, 65140697890335595202014716018086275173759560326605107110053302790695991044388
23633631898187702581007753829769860190459400677414389816963720096352615842443, 46264633035676864874841926096628966102763710391445820590933597699171233366424
42350559994969150027119567269571671577213918291616889562259975414027486184362, 31758510342110185857540817398347026951096283855336384779806590253126793263508
3387702466547096886860575203661817748051262064506953804243140602271557063850, 39053512134761532450477530191167944286890981005977234741842013786304566077855
15061033572087314713144555171202055828719300252104113944926471646116462321605, 66212038584513031423155236224243973172463625342661429189223491647646055813404
2046102373617696893606717089167243465633037243101181508705023853886220720738, 40588746842048393048866056892877028880441623672830962045409734304243149368037
42402850409249751136286145677637577879483503410815508996528905977438082770222, 46962926374503549750951366796348114722877954519087561490930052913142856380276
65354791007233712978434933975044852409208718400388589455237950895379046015335, 12416752866804572471416312640543294054669642121549507594575785148072458879489
49689531994042125493937201394950838185636877689901326943399545686534552409438, 69642608167629770138460174179681832726470672925806408360434896980141491360940
70369999147220965359463502015904376499687990244567255882181721685617821290812, 75335902438589666858282236096551458625527865272267245614377880895564722540752
14511751087210644937824709364916970182335852677894931208493879906509040761605, 43404530702869522602553494867818207843356091637609520130614424875283723708211
23066634856952348438896706690479184459574269589571273061922632952281119850878, 66267040105042888568063197536695322539218943940185053505516299446180936188512
15747441973370262650466919324028976437678616617301813534467020821883367444787, 38744833135781883199637313256966352281282935415925958652048383774396261540043
34729046281949716804996057584075380454690262730633391842952822501708013435532, 37642117924256776304049781469975414718981396347207530011457893694533999987205
71134793356238764917696551717812721111997402704486438892725576810697937174946, 2819452249691345319593340716635192838347001043978172659807932900913191929918
64796434723150075919145980573313597721861247828625932553696651633467002206437, 57626130063504367412383476496599285630671889660630481293572924631674343664223
65021183045205710400229114806127757992522830780482794765396367676591330968947, 42294642032726174015802765322680144126676827596023748007005764868590620365534
64572628222816630041978509694849552768749553904505690055655377526595725095980, 45270947171183235894091415445693938767644140329017214495653996375274118789245
31668335085794156690190474730582427266251483352346132588795249290562913468550, 26731175261890507371147579420041191394251925773375333045085557225404393748884
33821224362795635048046987015679213460127547778726241737924950015558339397830, 49798271238166127980944392807678230550759102484315850364090382064582837391977
38827011872776112101144085145323015612814628883674753197882526153325969521958, 47252155626074431895924788066224323622169468484216990475415390627017579677573
73293644824465277911572366344159184227355705528001577120581379356952624705473, 66445384647023881508598087875033884051389297054772326268083107259364262420668
18308355998756840187956054961222781446078337834054973913868054798373130959423, 55321704048953143721351826720275589884469341091787380851190054543269470802989
3794467211753807489522259704646637635591874153366820461075316803061688946596, 61043333735597049725207857417865485455988994379677688389984142402101568433319
52785449097903176110504037904162541168141495175621866704986582139504612361569, 22626696059529755514947435710784859646311287182903253990161002501386665002252
73842702436832042449279031988483977305802692057756508126889304800224794429680, 28085274618156991909057318356744218155299724380880606538323839181031513660573
7721198456473230181581494349684441183547835762403933710851122470852682533596, 26242507024752662655302376862371059098956440742714652546960821653788599702397
39996235985617751708009830554716035852077583803332425449299118831982698454971, 43316986578550739342883883460022560157147903025533814119359215012694661988913
72048789501619779923965994075639096690053108042487387555082965610124121059621, 18465533731359171897493540366425464543673116121966635309602400219502239791193
37299411605527148408088415928303012867176750860804258310479422806937057872534, 47811599219680587962676420372084143183939650910222754297251913973708886511769
18538806813603679487084201940633792312144752267860302662868583976051691526975, 68026346517376300068105107692131296834770654387453133273667221989452249545810
49367538656038883251709031555237594867579890557813815404083920241086445907469, 34599450491383340299115426184106350538994870031417552052826668333093690463435
49049879164545694871164796032761712650283324861025961999635711971448800653697, 65051622666476939416333635813580851395217701560823564872820391537060863252242
9321205025005894696725770750768372799957780195986856000724859813863232190575, 25788480129199494787961243705560560952847484069916550264452992134015552820494
29795365141702359868574491761430233972309711354205927412813179339986522458138, 20230627570675535746135640860881624981009705782434487788097250087409875622053
46151833415373767986219563237429217583636850609944002676505335311091553417299, 22124779106408172739169527616223970484364455345342169528678517832940482302625
74062424402016188580311149629058782837454867216294576789186213815476792923974, 12626246116892492041370934288192931376043898820683155943228140927538648323695
3488628913376304802877115936304218799495789216602819906107602013377554786861, 48935158682010535383638193802874568752422747743441899667226923063514718175075
17620575736677722104115272755263990627634283402295401961165384674770593784322, 41339928620783049959280642680744945173097641676712415682283781520409700431001
42091818248613672885794771320511470884220452677147194997834939257297783626318, 31042422744644448309042539232178010528722317793490677893394668971541245214530
23108333352617023673635796989466551322726298786003466051658756794675401311744, 69307667447093103233318152988384737568438354000656396821005024207674681909328
388371275739080969661834334475501917642326626678444087808849053657847728580, 48423745572822689704051328673106652807816865217691507879370928459541481303099
45938546685679121799726137398373218404404932449878203638936507657311377526843, 12786780710455740254804838520008951948656117668290777575087048513191319322901
60138360515044815981964400685229529428328603549141775169784346319870824288325, 59837171069497800954357088426787693177726253363296804548476835685147908618978
26517793541869642579632359893024453101163296205852382115430489160649467356484, 76666681871221779851214266090675118975895201374726374487769256677656550658013
49213062963729949788603967190194593300525157557850884884375079431324721516055, 46015540351696081798189970493782094545188985610105601692560348075721265116764
61951423243106761651093676767000235055731469770502877120896305370671638197807, 63249448555922713339384537615907558783054083271745190371373354213281454897903
38749850833828106888439178251174723777403883352009939557920119313598064572205, 38319987882726191534531069114305945406537000578505783683208779658696498706891
36453612913830557360005327892378063422317345133269750604971338058173670179152, 8358606519102520543188190496059593797355586947549405841256743961667906427749
53004433480674779279001631641890104416871320662718360307977995330686845804169, 25302242277698861143730347913554728453309114714119891470529433540778653887438
23036596762953590346540132054812088396126388468671217137511642951088691674953, 30630182800987536161859401958059877871749205157836327667596775640588028916316
19700137886665942855663316484485552732311204774901068827365425920213514475245, 792533697412699232855995166134804380876739883196789028270645195085951666156
71479720606990078882921051828798296391663584528337500861081034127034014446840, 29988819339220705278429814040980136650622671725547098065858385834694054183247
7474269996445492552370299070972813749512340359446237740710298289789077523207, 22038384255662497566731479230677970084779563731018435275898263951202034394486
53989667380327881371883176450608361189894990957788231983386161817477331035679, 67733565997271330639006595403475559152051945134823547994971434757051699477355
5590745459671356370363628083929120529140094461965762004354843035184239850960, 5019274494823672060009604732895140234283328840432977504468587154902233270838
56779779551713516529736806804152419986565373427153984323412023331845358001071, 10587235352427272572283339165355911144556199042975188629146971815467902301499
17037821069044816868042646757227505379518240251767078985504234866975147354739, 34719874508323035511155100285256811391288233534325029272993876627961117397265
52345271345376779309093061934986631006205077384102733172033058913590722124631, 29560184876282351973915405951519821701443280709625411659052393036862423163795
36474936888690742718487732167583702611568459116265591902135888914750348804633, 29476674127385981622479743303606107981549339882602307413784129127300455129181
57203707615231580889010731054484610883632592636101803009292716603962233712606, 52355057790959631835966048442897239491147155462152339631690347796387809824311
45488916273941722315645885719761719653690333854954549936654923067141114908515, 6069730350456374016145530504514731114657504244983992746929488376656113267349
53274422746241224068679924258650973499376243002005537007942739460649725534337, 44741881366071404345111978819014714362036238920978859778202170081121544937332
76222888205777447778821392489714210734867891297565429981735289970667344671151, 15783631183150746372540181695490932059417581803194025694516040988710788098155
21783343401802910322115116234880390467317520300183688870894598726013981355947, 44444039438588459237180979323729368793852963651664743440559983383784003018432
46361968841318877022800626034998305897345225933996282716386576302988069231224, 33394417614983846420112026389636784075422860190072090683181814558535962880182
31638368656489932628551583243476047638353382634739025915755738069112878438356, 52599590061271912263604045780648198811984491691371746099575734519186286998653
4271590441226249557479429902110544931137318547808841966788787212366602824233, 46003942074296734216820487834039736143219770901978196868485867618604300415483
17649338123479350615386457095826589562338873581092968051883246407282682704124, 12119874280820910104043238384761871427107126973035712749725076032591414461078
37098849261617091221339875478950601928088141065847742877094704114643124196618, 23637930513920631298996752661373225114254256654996159465504564366524751052708
46841800067957286425514473036342733403285159542377750168673087130160719824397, 72810423719279040063071756241853743351805595424597512058895343818640074608895
45277533201061139275303280633407502156425366479041330855092839878091612513998, 61203979616296040990126687299170605547777436846706010883074977105861261986726
37151160192713178024882626080124480893022323117962361109590838297651164722043, 73397167447472077830098281777488753217675017041774716556349998667788295850589
9083004725198135592467719338263686141120591969159294173945576721301050926162, 60086775380080277041712176705930865731240219947901358580151888964484171127016
32477346252876119363616633876257369563718428450670735155002884536625859181931, 65959366492923999549923370557592763792181248838898684193936560857855990525660
63810548761131509610806774117551416444319762637350700004930249784517854550059, 42254962075590286072554575838090497094904482693819205981879257658889608526036
36059903996665550513060688961710325124241199421609233217694674292412926696399, 44005617910496472321964693414226507747098808270862772462394441201173640636777
14263694797538422727493478846692277103928963979155388283426637087150572541431, 67545416508991561848502472799138998573194662504352644904339824558377367312755
60960353630403608504216360317861990493037904125895445028215219135574969360699, 22256963520326301073845690113060779925820409985109468212959537716787351749085
37973582852551097369118818548071773673245491461648253060399242959569012900668, 40647434211223621943997127696533850862600480428396271934648411574558726691101
45887703629109168201032332886660041693136052863124288662009483562821413402361, 25812499347996819377294239116830953752653013828109045949586097817257807425288
37958491101601373770422926155321634017622780087173000158700042847932801069852, 38130427686427629656266843171871271842897341991233349224357719545876061114876
58988186279357386708460523791199765844438901902246527235574517396397698590728, 23413591526899648950047465755943509214364131701503123801799843497949859638427
70802347131118862283461446737135210986685376642264279588105281712696324056344, 65453226196170076868964048085177650761043729331809720663203984730793772449471
72507050167042834389985631755428385241648707297609296140489984859114088566453, 74421041706071720083809709727704747525295789979706782065866818306228365409450
36192518030939999750123201478963786594500300262333750184365369201192559557518, 29649782884241570503255397110390075390524203195630584412739397703655792126932
50202195523215683634964208160918380140368460829085465561914987276796686420408, 14068738642114308704686087094986254963001540218283912126737872876746291475696
76394794739722325424572426725192654177910346110226545533147850779414405740715, 20078529956612573151841597218548887125506377962175615250512930319953790439293
5731150169648599143864660642725579692741187780169992705176387227035050611913, 20022131782737049303702712801215007584722850971633250712134473326638440178241
49345378132456446934655912871506831909902382045131713830077940242402470877425, 28702244780691129251512661634442929040923914987289999656374382707555170833485
43099910317534710576301887787598430167601890490495537532609785391430950521981, 17819327421568277345372451306173899828599579654836021251039379513138413495330
66970944985756968059629808052850363374496256176410517058560277040868724458353, 12492737851676898937476665326935623136210732714966586159225599098758630619598
44150883206428927183016123862153353461461988784756165592141741684306657292522, 28032401446188002958078029898567019807270894921559661905219305130723994384572
53652770868541623973894292758052206565030570219718239026522320494207793228674, 33094989511397505670656861084168264705658170785975221206773242510825923616069
33289969294542194405347569862345816771491694242873539352453899520364233406268, 37035742936325311736455115782872299459402119272571741678533106519707359499936
23980243180681466120635529337575053992053420050258521732005036877770850962482, 1870233389480602312592990012776259585710815921640003771175066741578770735860
2734551479681700320801631122758567866996724048319561290889670072790781816210, 71260821507452815217784735785907935750386391264829263264685339663250210111082
76098467833476647480610527507635661308295167492795511790978796601792385498268, 73570614486505085915251654835300029078686253607562074370284506662977989312435
11530420657377766260685116230196765462500989982697284797719000121976809528852, 73332666184099614675651452644924922697817511214750643133393865840714097218159
36110155192924566543849185338177818094815566434002812486310564135530252082283, 7097690995400651566555414094152083133384149352207853244632718066029845552340
7003573560556674684584939579661973125012819621652649661875686101220724445640, 31106553301241926918384078317013273831860102220020952222511444243822525383385
6475856573644601018315207071282647525730655985392346942142883700503564147070, 27808467339843754884870290658776525325818273762493663985414592824082647592338
44660455106140756540806278407129512350490383193141862708280297137601913523637, 15441191843405790786275804223124718067265803245508170240191151359938709387314
13482997367725665766158351351262380719801970128519379442419960390009283307040, 51573657007324715571981469593472738110687162810870538604942417054776169757964
43883770257796792497824899731378312807294297994336988668588028762772825796550, 1971080592490141244885943934092896770985561087361081767776663501712908181310
47126076683577492779904531674373680483042450298099657307357796851528546745196, 2824409399257842848043979997249941511704738283276436077700255270547547941837
50776871604330967286946317553354826955539194016576471948339802663832791230789, 42436661939248544779279208089670111777694959587658759185532068910468330732724
66731150135801895827055571437530990317774506272943132257402805197321784989663, 66863577540376217899796079793881878290590254953441417233281524023900863242904
28710366232111677703000909441664909000165552410607366982226748281573788402375, 32949921674253310264986771503109201831333496509193710111171174765124984283818
4528701152961559960616677208019645103513277771590055480852667620217498855654, 15129454086440800988779226871335325178168427589934197223233386349556798169201
75981840275134695061511775381404804186809889675899564484076825676329463437029, 69811236641253743521922105230364156296935559143034879268443336318404484067929
29383182798011621792272331448822839684763379100090249431377107857968253406007, 46735544105676241547445993755801436917836047401591916979613856742941516843124
35554222184218366816466306427961855907969099773179109437856562955533676706309, 30612084109226539930268468612833746404306469887079872159444667441975082097593
26184782327027872414204317440127649179140035150273775892865873435895059767800, 64133552506460422440370869849917897923902169212869885941874655547482346594084
53179701392382158685388159190042715920324261314802267827462699609015932962174, 47165264366785967096886704094581891024211452764581869791532533612884971136069
10569381058792747915133404901528548046259099463385969907399179798196681303060, 23896197231375447220396003339452429585993531473153843027921082788833042943196
50119989622232986351219371876052332066082601205186472287687564269670355010552, 26110372181677580960798009572146746885884865764143146809956053901452464040699
76419534987807229806151510450931827861365870353654634424614678557125061756801, 11047138073130065350210851560028171312146528952213932784115505054998934925240
39922101017330686219831015676902625769862915177799951477649279093997459725198, 47059286932701883441337240815478473706903708313894677222422444966581503144320
23959518501020080589113286037080190386382310026468899113929176290091605071120, 59791880735908941462674065690209589931665820599463595571572439163560608629635
27128068003305056568044936825830454285294339023887963746741530996936260255337, 54751248138242128813276456273094866584181932060281558034640623188274974502258
19688439585007103112418557306822405151512012199409021500646738798028094662199, 52627997508531906584437419760210760095577975961495595339885573471582503679970
37378890740136442780745642734420973875564014615761720696538490485109744886585, 8580693509299526184907163518751498646101434947922450094481659004649136136635
72121330726178894596939034021530310673782251338777108968850124411414757703111, 57342278597612852871220936858357054434022922663198100577473987103777775740991
66084421784883192259161403908119570428638339161587309382791010078002667408396, 6984335755157234178433223507464441655431686735984892427441922485454561687031
47751032697159621439004156755362778383178906419061999463729297351894770015224, 53465776734784524383645097692388609360767606582837017347129641877045185669292
13967880700823960114102395983256068576200548462461069927669938448922151012047, 42589824911408733831398532963273343908183932479678420783860279636225862086452
54414542690496772123163878054692153420841023056038492424389596006384718349945, 32618671417831325389703417549930858224845731740321771006059946278264766709276
49339149210635303354410628135030568552855848553473989397605253165535430493402, 70348737110641557481983442699031430572708528018049416583421453862528851968802
75726698447339416846747782016121803866888302648453270136921976312768029441635, 42251838842113677519690291817976533796873333733783474861769509024919580750359
22847050507758936737950408811561601441497847381760773014598467293632735975573, 32581405872686289224657581689244862900191802608873256551314463832634645485721
48787864016293180919141277565277362263324281383482300777857367333813315055400, 29783145183629321700066365615334648584417205214155786346709791316080173107733
27207741535501504409269382023111840551214678088989728493048677563768585235472, 47818472978885370508695817886988796436000785043728859052989005740667351417160
673159848361856130990883475136352658004007717991490033275568967982887772989, 14347355958209719519042951199244320639150346325177812006015001575411369912195
56605862836981684437875817531510024650551479949758015457006409391354533138933, 62794321795291452582607149483007340163370688834736558299564359780350392236352
8020737193144325945471417514442001393755740333957005736423273866438921958732, 64643362407605229172361462121263304948429982020482145318848475450334507036862
65877448917516507945063518000378465717452570517696892555728438855500866042979, 4251396640932063106057389324505229233375439758636349785498477386799159890718
47604585981415041354966413707747398097154319637171168178741559915325638582113, 63641571298095818390703350862455548548797156298369258226435639092895123288319
7636991141500009567481122105072826462515627877745728038795029635774614838726, 18747923774636280889208404410714468210127825976548822891871656358416233533183
66048718514846438681339180260275303703982865647209123091632029902153000056158, 62390752262979752445545310542229737663948139317416401691097662648671061640798
38284399301520356548777568171427542461168273486881987789644042135285242289333, 74315997468386880067758475571607944307312642550617497095116394577914383708287
74758816928947229282713831583376547500565321983409051999429150364223684254076, 29298183833572238310188312220577290374408051953658902214360730512103677569869
10198632882057680371737546357552983274924372086702259574126030712204064199156, 65780575823616993479462036905635968253719518162238789361392191317204615589249
71623391295765563053045651717042039712361228291484253933246066824352034890508, 62507804329777564284647094379819933861796153697297822403413785250768179617821
8945217305008455834930705424418025554238017190298640693850993187965084222989, 20337852156450735226093009631591041319610871854175640852312326098669241038396
43170290560627531061721021300340567580510767140270376836656041788987168950807, 6024502246095139508727070656873325990954660933075055200987424118186767072349
62981381200834286121000105025357092537961867516995504774298517276550283267538, 59230411062789063885322405641521998686580989402721764453546331047705042486913
59959084301265416618879252619966933622610261057528461679456226783625337092095, 67651086385062664115936989040652544426937767633550246005724720437634003554716
29709259580220631973993756377786597475581320744892915321049936490765323527111, 29893572905641726806081627676409090828461847035503688265620962446542909949210
53502158702504880134270910560490050948322227686832180102063135846067410654482, 15905572302814847132815579037600964012651540692515900070523765696949151543225
58078687280863505822730520891440455304391732647716932979063118132276342527876, 38859544302280885068865819610309993687975832251965776157606500582330778507418
7784140806892680517110483549362176361950725945552804680135670412722034786286, 7933041811071809589031952824505802026658151027491675179274719246403672569985
5597565643988893637517348442757628779677921334247342314667309250356476229307, 19881450546388264543540837761486382730245454907721245566916847490589260978131
75070189411035573122920396549644460323599432719123640512730651374975006556172, 16427759453521145421245879767073335857512603728537460045747366539804252939052
3400903440723222743212128991515588869444459402409554880047502586467056749588, 33092251468126272740260770299877393643286845337383917874449954709512936163267
47581399887000702307163997531222232202633667349902801171659027189968839711698, 37401692306518225019477144099663038370223088361485230610614807348396128231491
58709090950172966555011389877479611753290837446821817501083944465894006092729, 35814827552753716460068022732089189068006240662678513020450672530812894553103
27588336442959670437579435350052800332830906750117950882878991171140123142014, 5365583750063189156076369245660919917261214418695056509863361198770476785166
42801104090998946603670492850630772959649368082026486365050743751679019843203, 48695042213582355156896183922145164024634426530119286742958771748458425985449
60530634214552638523539374088822804226821324342581177190610860859958088547393, 32781343262136201981340205888701347654027006575712029170488033914180358260612
2834652465606982356223613884182944838101973072614573529217836095060741400703, 31522028064480754329221950122962962760511505363610188747832887361125605257315
60599181481477700601384945257221436550332725358616215842038865896303137303467, 59879235529689209541966698012645251989136621372540776242532986901895748771993
7771154426619915648165172734562641397395866643456056983591745677295809773478, 12172979985726003129803426198208547722485665217664608140127104048650085207511
42751369550499744804668764907653643592276902505005709908333923582127497405744, 7726295049612512023808391833192724945195973212339919900619885145966252586419
52529088384023180318192173829885957802883177938024245812832416363279882537623, 13561251785467253404694691482561354151686367730971176228843268437500665677650
34212898211614695795225443643347881438038601662655529106545860313492852610436, 76256471344330059973200784631362286808127891831468603378418387125075652699240
62711059903417582317991446349805864362419137123572917862172861725950031233954, 54982511920342805144549125682469421180001675456887138294751804084876500916870
17608722634249822140055650403608820398523760222135205138517224953520190260277, 17185558757045548892703214061989287111802921824387010197446415760746334678599
18594037511908347579440666772976424225792844943958547711138796917844153649564, 27577623547310661420493697357518737847539700973398910355854779638244808938884
64329875502722020744670930367485162323491421403227506468621506168030163632592, 35207820575879008084340655810960465724463176245089096991814642682304212239559
56224880299373496677271860581180340729323916681486525100494558411147278630132, 68497622787694536634421740146827965170267659556892360495857521055282150400930
36178430614379662883132766790580068031820953589224835246693263975278967158613, 62230120056133535144790636715300491724057333210779360246141148918607411118084
31637611724607470058570122373929891639133858999908307229893638847344088570814, 62720164848772388349672441042293879449994514970489731376403357153796138741971
40610073965066749307134592012924874774160985487223972138558159728510004389225, 20047201487316166889774983456042393382307619990637168189089792230163465753246
28105716514228404881445936473234588330960968997962792973062168030138525157714, 63026737828556741617998836650674489114386700830622525975317980166876134149340
56224574558743047302802775539644025236581640444089508622512400682469738641370, 29927081838424033309657145702479008453326143454701105968964678202431434072845
6469119215354278108406424987706633620629751345575302252944833236145484694187, 38219942481618982967323601679795242406719311752686907335506435467724515853563
2530866132124175932817664618438471934740649471768356114296898074876855642330, 75600704958520552032317852354920693780196825196114230556790505717304391728553
48750541831855136894047753785421673940333982267989621266784136122243288825236, 26083704204393506786048832044465328675811110801552499918099003854649200733376
50555066783606767537998093133014993943797463097513415440112595016591727306164, 71295650958044201408446136722586037432249004122386779086121834630192966009823
76002955809761313638385847720474835975050375767037186126127203443585460666267, 69536413227970086866857355929846617143138401508124302337507624727642870495399
31510449758044344370353780433537376948164193787267980618725797323349308301306, 40485523286087671819676121314753828530295365639176500456535524173690174910186
57766372407171908554664008160048603251790678332687846000326514160518871574371, 43576515342914746676011341926094779960133786691943579027648594731632793563154
51488992972648365579912938801706132717488633908823418998106955464763957230873, 37063091893524326332007668780680274911624199819049738831812911416450882338504
63682032596872190683764401355505967094835916938004377264109366643144080189506, 22813545589931869099874952480216412919421530318645665797800173162283095422928
25275590785930801389597075922657193925265641503824857003705161211849694302962, 57761053539751322585157924734832055422557129718036923763293893855301361996176
32856157692235277664911495177838449682122656433989114507241692315979655820902, 31163661069430211162564157688646515137038809519456272757900879544185736158628
13676892165987617033544960046125419285233382800520819799843357117536382487114, 47398483866824864714188306932756556327318568998105048448888867436738542139966
57498943235263950254344965824296588531637076459344790472822681829255257696180, 34131486350647951295400988284659609106500547290253634692765515463354461960663
6130477949762999852057497720102964120734556313616336137531547122405351024837, 76806361964757472386591684385868357873489831725359634571644352902075862467053
5673822643743466685364362129491080449949442895729763948600133844055116780788, 36537306248589270098131168677004571073302543264325616135817323966036812853027
73103052788715017481248933110750705422303620216236738443473394885754172846242, 25987321127907258077244888260188052114573927309109555552051569622798504805246
57645824486341969938717102991014177291103690515685072828954205632928216020117, 17375011004792824999180070247244609231908076369779785509821653355591272523884
19241507906321869516243740071776658192992223289213825873444499365679724746479, 59886006075093086618012827871686895351361218076900502605271002299198331631719
61107211435735605758481766826578880126463253321742121885127150427684134363938, 69960126832094373072714501664869999853012354882492548809789819520401114698784
41203256297601180845176963824874127314697242480505561434561142849359966018647, 5260164968392973613295260633136503709735394291648264929820844545195187281455
12812620427103222449827131234423481714572129794993287985959031734040052417011, 39373188103048241865785848860094486412709928589094848327189550093960335977017
43379128939856433010202564405453361030899194788768228101642795110196710730715, 12264335440816402565582903557087901426324372915345215070440250179375311082945
41833759873187582237469947084239871613030644525912806842128299578002702481884, 65222969660704372925063913820716629431981661854266344318785487981623364422876
43907336510743585244391326595372456814668482770261762661882261563384111510577, 62502481438541342225750181384535325841449125858949868625616686921978483060496
39788095115998582410300006498493535622876632818299822693745380742849358261799, 39525502677316527063200850139729539661592435989469786341449413416825577645903
41364334777405926375526076195556419136573424263666801058162071885008798481903, 50775020580170024934423096716135997219187817306874648316138885419569584141771
45910585313226262047084255401697010010861333776356394583803802231651836990620, 59167694227628852235628517868086256356588099464440382439179486059297713134095
75637147105237848538317417722442380425886678860204197816736396370807536218923, 64284913551611503484197511834702396611517153967096149643471886309390643959677
69147148179518328578798698238663997831100779828756858284638420023101231378601, 20845999990113754992123795295819156781461844186478695956848734517444660398558
16712410390173487580097762732366199832621422899484455772452502150740062727465, 47106694455257497762567089903859450904196355490148569662191394730604228620945
75934325231444340841763489398806739742364974970550458571477731130341468695391, 40325366691630295900819757585169315059914769248106650323360230022119410363563
23541418858649105768068556153849653097062676754801007152223542484547403284317, 29515231181583110882702610935360623395178427515247378001972326224807004893990
27712012157059548222797634147106969167697213955736721110824769565323976484350, 76691482724389192900365889995984650230832656497546540439913129053231072166424
4091138386502416899394083578414666537486749974658684343968499927358541441312, 1819411535283073242585204203672125883989534831568169462012134885378024240860
29673951791919354237014081447895780054203736629658886493644199939963911161884, 35560035608496517968905857794744319286579327581345129123411985493980450828933
2383810561576968545448693497822886914546211237054041474335292075198898374428, 12761606268328377478680176895045625696565254121414777926028219521592363337805
52608683139240308811820072905714819743181938994836923981626130239481374880220, 27116088628755999052194039757032491199790841747986060917716729232692541925123
233391452033015115009601244791596139370000956310896507325414282030550683470, 56756300759804497625352494567354879052434074118417529584304084015834935376971
72167630429190119251448414803547494569878553815812564023973758004632457497167, 8221144024920634131062584158254491662891686027796018714115622405469884128676
49843051413800142386178882122467985858681002958367073949330968205490242095610, 57747381058274521394560936018903323835706370431786004670008411569980144864208
61523967534334898950502671007749601983974145241196951707366589220596505096687, 30835699516646196942865165783076663401634521621532908793190201102386771787198
64546361526076840583289386683878460294438870931312832841604063559092305478286, 12062134951339560422340170057873272542900797618323089162746474758597944251484
6081193905773345268405845090204396682063879748911413572494165853478596808337, 41645217021812594605012139787420415047895164429670566570538695715659203475720
51683964965350953110720842506883934457114214713809415145207375566536017413181, 60584481796180209558841979291707155387817667320431924287672763357694093731433
64488960360667461850612626035079757938253807857870997920527388834465962918280, 53172875585447086742326383175233952635934064157180511981193249729899367171437
10437381636311451349806820631676431145743300869663647225360580242697263952057, 48041993131504221570668542715181092458375942530286912060005647650298953711358
43615908784503621274870884472371088202710559623718559407872644856394047599555, 46265015915214552594532451024162293921436820434082494494506377541813182649325
63243093130603219090005175039966106036843479450062326785984454402290271892323, 45236351267587246590447709616430774054094856603350402268994541683163016444582
12318317112367819858444353421606146395035103800538766059979884649944801232243, 28408577223321001985748519063442175951202683647347053087956214566815977130873
59756850644717014626799246546173886357542631518587824196221628131214043318767, 69226254564769679714866844884936560778177141060329250010592317841368734481876
51641893934223151699339712849505168219807697996700621199947234341349027322810, 36260870650185614089223878766917292029746187604392689676689218963764583877513
25107205671211615384299000911159957005543411886279310542953121569108497993323, 20060539379028034720455320876034812554292073581268375635804615332620211601589
10027874409562541439423615238382059873970551247547482037286169064704829451572, 36794945020248299941178821935321955392116049104140655836813385804249944335492
27419087701119300711984237128826390128644846224242434131748876449547435046113, 68502800806284243586624086923569783988379706919580846376308192259273638611800
74079664547543332808693292378861293242974726480380580503580130775353795107625, 35750116161232350136268587125607229549963948020453432578479375661151768800120
63979146235280209805020369690060841734094304988002675340670908065320839159306, 74252230130001137467043857664533191782518053933476596052667275675685041547204
32056886681944574393608768932106247023887541670392911366000669419026869152039, 11585516848113663285393215730299843871821486192513647705916504964428707509940
25695443264942426100007374218182511609175966993346309484914367081510636068635, 32446435455838502970388302583458020278491767348487079972906064138769989756851
62883036606516116495044406235920765145301467306330584776681208614319777990679, 60806339078253467591771807648463437633192624038214000145731721962176148152158
57437930479761190568125033212206353350517142305174311943727241323451315205506, 33315607060632495205840033992568319640234424755312457303448031533036922511100
48355478994783067330110824738068784622797463099029831852700510615935389530316, 1094568222586037596323150276637500024353802676996205215304902821204769859095
7154443999606527366140619343959636039326533973301562286654924793504023843797, 35586203012603953488315488970106104481375852695948493912048299679848765783855
57225376010699047141169253530985036643505445304577928631964570891668942543490, 45713332873191318008411111456522314660161420861238374762956553182713554813213
23523423058629000228741436584674227637356336007246124230219845645865864009857, 74327915547576452130739839848838649775013659863625322538459714901035369682092
74899187356635613572656521772390556003230421693005793768121798248856664633785, 60237519713806565304704701711612314819698393635624356482697934285065001185806
35261512339265750244550290472729766500580971051613728945936852099098802468843, 61301023694214030311602869281259992224455138024717501282743279448753036467187
12730465160541905617302032969168900169136051075104998465690667311921021672689, 3015257007115094198946757427641815310657298438327521544051719630391373337002
27251887549019217584558221433366808982737393985769745156957690974546596137878, 64930437922665817565952993225992706802483018923371847073610263528270121338418
43942244983074849148510951688926771851775631357290250059404587783350920454323, 14720805941722483820460347628746768693645883639409092702578297047261526211986
60021766541929201494984254759327735026786250837446540036780294255110072123762, 6923000962691305730465966265701921365713396404506000293824787881542909409885
70506164298729276755954515847645257513547269551868294018085424023439549656551, 25210053072565859138183154292678433856633158011531956397360115004446475813488
74352513877264965225332176032229228391276153651504955024924164526994315545264, 46602569959295440297574304680657427508121995010981407965379285336062124642442
65920990962064607167285039433310851336496861926585000135583822270361224722806, 5342256936689752648582511220368806535373710312311062263756122061614415010490
14798484272962133404462753648851229798857840864029495511660147383099564200071, 8342449285452033893899453470742103420147378258356596537801903033831296799406
27284225339740241404325963174394532691838067031269964578432691782464462485128, 5831154601882295493470618118191712936504160759018513273868889277962240845615
74390499687588769820863968936758737410782270704944183267150275061932348440573, 14399272052228840944157673041730590258997821568324019068092075953166774820658
35451537945596390054163776415663164012975883403107484311671920689502685616558, 13285046658771252528189497880851962961848040264963876054222753628075261554618
25280809305731956242367802025689293058176238209947012269349695700314530962320, 35883912436089270634366500861919089528815258293445651680805706840864078233905
5568020375899872325870663882936665215704479744346703889793631611324895192563, 10089833691105331938961907564166222138469124748926856163966263963622128432129
52924334409411568303328858049042163994419854186342095797741788859895055872112, 64744728641022577056839329793969819058621385717248294688327748063300182634765
50438067233611817866542469322409778700520101339039802186397107222489201381014, 23350532169817862129528965571443888936176296583269700031912361949925644891304
57693095648157613442198384294510435120338367560314369141729324585672953206899, 53475054829611908817113858753947988816939473572947506537109702861250466729289
36339536034235075970263803988153750772777810865607175863851184439791065547641, 73598518718257200209187776358611565385547563520574044278073701894324099080231
4481620280524062679914165948488129029688023265947219954125809041799409993851, 71722642769342085474266692363789151945091222926025127266850224279322134824907
17657441782578653395909072485103661333453430284613582686724804299234199290371, 37955389207144642523601112829644436017772109331412263574466597671951452977971
29753270858993964967463369906515020871577840302058926410503779873053740026747, 58821560049129047368005545475328348082876335377771186432213398467832277482878
52583028042911461070543321162109559364088727924928757444134631136349299075925, 9262914394020476352087961361405069895481527994141498771475811852820093234985
63255106007161338257328077245035199684763535035400264921785717235353934862283, 32662861057589730875965580674860567365489679298775566066454831101055679687229
46821539454410600305276794527539044947471822525641197421377529783926099302844, 17284131719148835273095161732846230349830407101554517781938893014752824276867
28675910571290841439412802729366167562439386613167349235534005548918737081826, 26128090883574263241383242357395613158303347055483132338226642446920698715643
37075325930932509546600623220664820263235757753013335142515569079069044518945, 73419885321547786271214865776290271567802100039580663244293339360652760716967
7189800753181722257144120610916609708987131119049536892392460666495750860870, 68771248749259029191914900107959768928304539399880720090472049700907353971425
16240371463762773113368620342059883834832960330713214863282623861511837755132, 56140001368173854630863513491241087121980735714812045519465384317946441517367
61888262343321352389150780508477175310714881034070975891109404061694409161413, 17285333923143460934207746347646622703945851951168985501707719445312487027798
1863011708222532270300488281751778187875021236249567030244445769511004397311, 8150657562342590809842082270497937023824650382660983282405995897383705218763
10672850331263852300997587125577400257716776202875145429530861887920381816512, 18070457286420129214742526562915067794608913112423985829279940868057969104223
10364752120327469171279063416713474340100435394102968007978355996311923574040, 71988411288733100402313223295778172924908901179695462995728157118709307088515
69727190724331534475874213801732365802123303256302932145224412884837650891513, 4569874925150320719706891623736260210570490910741731511712262166287020221537
68273883388598251578273285014134092336097131483019686183769788705648100068946, 47614613460478210323250565026113706007893906831846596495204423481285334579318
9172428390339025265753460366992193321761671808108789871650169046785760612440, 52636256931875905492036937095865318286194033238840602504481854697232177857656
57980269092401696844104184000147286595717180751802980145819313815582885457154, 68150024670090127355668015876602174120011458587430951459857499613228995961000
39214156690715144528001400220462405918135179004535378476885595119209445783616, 39279100929253876697881951790021387612624313837611284424720361849489685533910
48082656139797056598512998345007453383415433249891698213948554501326772333448, 55259212342421102784427627892573412033761777673192439410068624804111583999069
