Elliptic Curve: brainpoolP256r1
Field Prime: 76884956397045344220809746629001649093037950200943055203735601445031516197751
Base Point: (63243729749562333355292243550312970334778175571054726587095381623627144114786, 38218615093753523893122277964030810387585405539772602581557831887485717997975)
Polynomial Degree: 7
Polynomial Coefficients: [10, 34, 44, 37, 16, 16, 27, 59]
Public Key: (40465836460100295449995714925895822165395832456898991099171499212417965160193, 65934364687265411270199520719416709271870261193217431825769814861179743644338)
70090594585016237290727858650074461475092252855853405000222138799557196809227, 50194512719583640406581873730648165973539591138167994996788307305958462639722
73515106957223903777760496543316061584164189713859005102574621056294578636239, 14728400279983511585685874214831799276384998182152134754629905233593861506228
53649921245443057739494788646694457541835940428250984779736450978909392764079, 47449605918315548535474957695884878690054211792097348356650644183409784325638
47895533797172590498490873029932914307072280038771524889376128526789403430034, 4052863340484584236176195894846350452017174928191840577699358116323135035587
76465995087160517964721122199498551300124212760201919164788755763205963019487, 21600855167397031859010841070252695552214524311142607255247002470971500377044
66172956936675471105155443524284008462793087521428185321878363675646148085285, 23699477822267428946465422363211909081478363535070337430504867953473692620276
44836692694714187068803961002495309218044061502855057916688956441443417007932, 4402280467063267496085296605198478478543310806113825860260406411220153197804
22900876440046083314145920379837615849515746184287086221225734837259300146028, 35457207357707056226756241336926909855015548312674590605839540924564407459777
14026700637274600645715972837029166370735820327973653283793211819941585256810, 27884046030159563341400784537500446887208649225951833405620027112371486502566
38776789493629662944277615745253206975493825599010050409448137903127005808622, 14652097603826780681943098065372152526326136187062168142745564209916874235169
21997909395194760638073115430060335798512370559220188973790435730624396943222, 19920254546663956764688489643235548175743783550399795174000980767444621445147
64259837555050102329275308081808913490871017136729902316220146620480406796463, 12142555395849085783962988155099803946471232464501775880292790675575025438024
58233441442519103517595402129050552911193072593731718775286189665503857158672, 37577128569944680400746984877120807926239683264617104439674623588725706199347
21854793275656704972260543394859983094929804102727222262116613337239030905439, 39580703705028796516007451186656943128742975143301595812654747932466603901103
2590964518172276700256121461541569798354973379829326057494189523895425169677, 27062386738869317108921272826032713045963479647781082180351192446351922333957
8107998803226129249543817626704851930417208091190222040167527372696132028690, 42641525909908776415359532182785371446229958226060127501516541735727934038648
19896947534174524707533684499415290191254553700838202996887650397516888331741, 14573662917758273888617262411622800008103005851667849972529546584571436118721
27818911148102707118051439654804547024493196458068025391865778608051448168878, 72954576418264286115373615744203322437260911175042690594973322184262682980004
69016494929616371679460491531732886404627962925351119243302089419767084026199, 19608728717037690233050711981414692454470739925507517391867477912476882724390
55440700144098267493822339614238835393032701467572389397193747352484123242474, 42769758989927164245775968170085236227651481986092774346795724485429424166161
6861255794437076494870574513641487090101025521100853721939000701761239603070, 5952141147867677066915241294158520891269078850715752337094296261123679329135
38706965184487657759747746740453485775195517644951843783904340591694553604867, 16431593631379863039811000011109778658395398805640897633748449726375292386194
37298961142686935543382054309747879804041337241399946416659898173164922265398, 40200365832065042082768753306996925684334814131679614633652195755913636504001
26216746911959437090236078529410708820305720317475027492549627517657760928582, 29345499295091468055018604764435371484878941429140559530674245047611578287306
74859127664207143034212743195050489061525739402647022833472961426301012168108, 151987208888801777384784977197397966506290836900390539801084666454992274321
49740865078430337953327565870940097315361894808739272307617421942289022838984, 5509594567641248976258064925667588702856936371986217421869400267696134692151
735569423167695714458490668205936601443782651348239995324055241981167396195, 16686461509946847516909051958490131050942517812436596331131143259771359505353
36829338093175850702460496685981328410971935829228413015964829724541508733615, 76040305247193571225404410700329301562892310969830429246410174835808296536431
29607526004554260336342566109692794304152461190225709150672898970552411065420, 38053574754703212224999269384549995884282173070775352415294915090578208634707
46643953006940601180443416306179925455439947652145279693042017912507027580289, 64806696558669492581732410631117548160212441378724336075293819008896435777931
49355846354959749094770273515712687645087600798357139877110801478257251109268, 9920731923332341708686069387957250581751002659142899176163387977976074164175
18669509165128967031505396757967208970493030065864949283597591191096455053308, 16902583705113534908782326736531957914761727833939761150044222015502934030892
71940231827400204838159034908441202020598845558052539986957318925125666717802, 42659521832372452198343810973687569452101584566849490279748691010021677892776
59836466406109456715604251151510495574787934301561098772635015007144363549460, 29976126015641073928142482180188861666326332715767674602908855808505079700604
44945978569548195422885792301531387298425198443475851378422317171239434922174, 34533719486265490057857623843975721181438562803258552985489007963704371741305
37844606479732298577240234621057162831325885835378338398500534577784362869761, 39416607043168432539379009929311284788256189043018152353644499721662679344121
33552459674801994292755624707755208801459237062471034250635774976913709148371, 62381175521740364785508890094578264457936029814416957394137380204076788525492
19729461889719962068849298705986144108553229906861224866284404455539290585359, 15008237340846339541168064236774455549165966303513939605467381675636697887333
28703318999031638661900807081267215941389452915748948628634745358947616190350, 59233133330898685861385018810422554360750871475312717373830034806686537975702
329817392381914465128367380318496475460967645053525037902433033892256218267, 4225924791883315551029185699868767992636673071074494375354574571346389002406
37300071184403226209291960714356887682575817012839914946295925748670378148874, 14111473719684433385535574982420397676841197229227437044482548431532953343912
28890513134760069484187083292864169017136283228603747534490731375523928997333, 76129584324352436724199878648260690283687318700166213144048097181374928785426
35633453284807020031885202519360839036951728032332713952031569063059115948924, 17290855217277225005697247523317295532447578205817642913859215407959125820145
604288822456032595344164292457882980130528493762825918507123925003232388664, 53192738213762646401756131313558917132360042663303753288173123096475608197759
7814850729167598591595610694169851106293900471659323484531412153522608444418, 38259473234288402466885509146272622024252014502282122547961604258592213788562
27547914026507821583350001789049173925615837500370463027747373790283866834457, 69519026070580440354202882540841840205422757243637089131352894745518873186962
12905631161432478502837633520701682238352791394911417532361056692305078187932, 6020341945987045403118117983007503916392931001406750450417564292995820128656
53283818746677663138697112135945397133573051428694571116253153949863679397861, 61777901625979668924522581388252353859285837009859906754014889170955344362855
1737975245763494569698398381369951877926112862176631319177781422439694439690, 71378009824303758273518395549136872393434890972070101656015324414613644535746
63198763794385626301253564893696873069154312560995587140754728920877610319244, 61106361833644707606474814552664069845855381217104487867367168954871411265883
3407794062738515560995867516223845099467395384512017834570758249773145816600, 16600517437653226706505641937655634943042952794093887003157024710352709124201
35967064693039861174140295790328706418060144059265854608557889522652614073013, 48091440687627995471007510443860434811814159047919697450374332525536876351143
1520542491153540040753269190026225225850991761603942110540376842850044317225, 28928189176766625585214073460471091993994104955282739081404619353583755020192
53778657451435607168628156407427048657892725171356935955685429049585670081698, 66491117821440131926993471132148219955785145867625065015494377522068549836338
60437332024294877825180191226755571753222746432569070808515339626209070712564, 76321219988336167326302487052028066253643974057107143177805838641823244883620
72678551782312419215694616664749234508103877530771684509703691361729097200172, 12676955934870395265424627335281315350501777694228114720668309235000753664845
73180551334025793300876958045315239461464767509285560053861796507448888542121, 43875713676931604585907443053514609503159707679383293751008818922871686855143
31443580813978007150786529653180169713454466065676779200420013164997031578816, 34397747670680982254410172378828439755634887569539099268555454762984691219785
40497221115681651555430654137754634686055842638111886527363438832559449022532, 68976654789078287577790777182064985415092743280459891876274689900951317592846
21781044986910634697465474070082186253506938331517772810734149946130295277389, 11988949111355912859560075157489280281220817463704680098083100013146111135578
52171988449882285565386426698950460407485674674588860903645285211864907618464, 46969210049215810147336866564295275562216086149709344260048215355660609582745
7731855429794054423640931637534359094337289703494626742624155795671357732689, 21593598180883997963531857467475313319937539543242448957953018611645355243285
21621956780895824057228914218282608477249986227992837216288634291683392336730, 42251655080796730003561754613270134467616328338420808454359444688325818333081
48650148783968584682648786827915701779846471362205118015248160245002776710461, 49455098601291465988798021856947637280751201508016386033431538671844383947112
8343467338871114823538485406566471768136474688628663027681125494056651742198, 57178615619028316126496699386263658744733924691057323718500559848625956282808
69755060059883287921737295956697105738693369912845461254646177782994509520617, 21969413299597018385605879526198950584036146839620353967595465794922173955373
51076914837164547455177823479236269172365028820939549303574842914175874229283, 10037649635261264627964836067315562949676286207468423717831304141093192987957
12541995019766957057032001269324555572418836528517011371118343934612886835401, 36405540760592889403092277683761219530274676779376140611127791255362737590768
42201171577238651871349897272619385758925157480342162513812336606560321634433, 19785681662197014371090698649592635102242656210037030151437267704502820253754
51608441145045782410969199137737296393649547886444629831906628281772619300138, 43642491540318695175178329135148988337489380658466090061876138617409976720594
24893260701563351801440696388371476757523292327340528935388485273633621374988, 27715106594784738758653567900345853668243836586168151565775756957109479219660
32044187377013305604734319253667074927891947904468598522101891409989617991608, 76284355009501667412884823691761533077311620268226956692669597234195168065478
196150803258992664761344165406928148446123734395988665460261269765571244242, 39279600034225804284322509365505810480206149403681299281812678650795558155601
75554627741498931808463445629819182530343633644354809032394542102292709828335, 37817762224845584971157240571632136306169841234868435325757895526509296270675
6236017640759526342652496162367580548038989065225992452753518369398131612207, 43928620208083001440662722160621221186041563222969430327583644696217773268496
34601632087858831662783242363328208575409926447682622675149117052669092817193, 27812916068285125854572686752136912126588746782837030633411975699329231293512
24961061078487308146417265259325214751789849185346637088773554462427505077231, 32422299341789030786426071427050516516130526389179667238637438999946671334539
17852976573151229720143679450889232710883508962120451183637793045041060425841, 1672891882837220056097528850249099203003706602685227394792956658018331817342
37154144535512747808645932495795956252769110511635316529472984279678247040601, 63326418408476477265531279688111263972775508738184291136708529832624695331810
45887796183528927339850117709813768720650499986616858339441502626562812192702, 65384791773332966206919651920129365670549830327618818592729254621625849459157
45867198458656321830736326366633722771617398443867669820100701865849278560221, 4592386662469034072293804316950669726217427257936318664127577188782526800873
52337807131474348616045922026908042142729734098001876773822043237418148931997, 17314803914627456357660620404916008845778861193125247041384714389291440998341
70077867551996747125967758179741476792661960276667877729379978539883784690364, 28744792541696400359260543275483724823377300549705122782270187321376316620372
53778018491076191842507714658965378151098090624349556251206761514880312148385, 37462014000892425302974010619731971833801668758673855939641978205852520067069
2220031594602080902907098145088328367936395375772401357232621248370290603087, 71380091052492855593181231892356754964903412539191191929588627250499196778977
42589806243171017348950836179088015308636922089796052152894122666154537690084, 12818128490963903170432247857994895841371096943224522766485507058916016491776
60054684737487629612994438881753363608686888038737038908665159537621263826648, 55963351794966339199906407759911267184731529991466982876270078108375333411510
50181851575491449440297327858887036002965893651825885494289073582237713374093, 665725539031540354169145092174310955461920969786553634264441410959958808671
24227042339218099079725777498383329648908772967405512435941809025484807167241, 30079042009827794081845695194316422933253373532934922980419368596192326039990
58919504223736040715792895193950732330513902794680588810013569909772616804859, 16836945245524334502469555984301794463716266787935944597691517306362296809164
66219057396563265950478815513350623470042532432856986369557670553248881155083, 69839278507745776182702059457317357887641332815958265126114412173189037948123
12643685209818655330704937609552537804497142046452154839803792631362315467502, 55767156110511178994473924697618681507959996881921200106567606321224608253061
57886271085844860207507296189413808545335296556670441260301596661740578368640, 26900057683549715000951760171067514614946411873082008069596612751867709366862
69369234291185701402105698472949964993618265229431865359058667558301462935401, 32781365713179816174655717838746795406476416694854524503388343465346140933955
34907827062059526123206270989430083362412357137806390708609839488564669353587, 65697153799630807983869748254987722102927238054289894377892143844956589197888
34643234257823970478639849382990638903447065821618546606057398969735645202734, 45563153744649956762834610994643955257271109804976971465701375222242777467589
73370464596569679280804345841353913230975618085864817686381887957864335665981, 44018519205675382780943965375878224016601589195155977860061551100247101245735
11533219409837544444829208704881004896874949106316986649992958462368788905259, 13187343023862442827568067714160532971203587874245342557389206108664423636801
13675121251619100306659915467138122400984000796194373780526876985542514934626, 70299203652811409079575284219646331622680025081266115429025368825597674088471
25750249005299593323225097570655630220353993357610939818419281458276484754930, 8235159496553846023472769015415461379945938070071927912894664282166787323211
31755945267381183651916423028582297965298802996633073848964405538072557374434, 20732931628508121306072449420141413855573530815061023298570255653402509179130
13248859576388892747753405032519655108840462283620743254827987985094198264260, 47437727749816594796087380959614636362855214377964713338148484116919615878007
49757427561697215255710594073394070685864985803530112724370348000366760436391, 18343014666152905051776647500359380553183759309086621910299647370204220178508
73889032197276115139101721590669486943074252046809344915644607599977181189012, 62348166024286331452283478776499501364615683248569054677170043809016441492249
11020653394490182951672476438166748905951350282276155241507458881235883391937, 39597136485652118240332294117654947557085279805479228986145983553818002707701
41069540595608803561399577741289674147853829043023247368762569588755078580238, 39814255513417279783148111828759347243416045348702854445870225155444622544408
61790990596923209609293144718242094599952537885267295154643463094743145911944, 45684532747216798038784423978973805152240474819082507394332200478396333903559
6757909431742933764794280594442984369773194106449861501648922568259720673859, 21252013526731563530404526932946151571402086125173494993742983087545066111492
39599075376071848772810687230836677327419234819728894692249756760236978706283, 71721105950787978779218536148660561436750357091112082012723773449196094545330
67564018861694112378740533372274598511131381169437999532238723116100043398742, 25976103575582554951531434132673247003243498173976106348609164605518922037479
56968296873167907440921852168129439425298254181500278347254278376311558542748, 22355451398571013843710945093185731753770613315328616753200112330295483768556
11905370142084795369005984795409603639302384809806419254199924123826510422016, 28379728614212754683136124666502396611338898134854014718640013524895194264700
66647026751326328789940692127930150817737594980555588820447086888895815851721, 16778719309639601723693086577183457222134360829919510415185038640446697636537
68940345151459287509621468325981268689373136916413783503627494629629691539730, 34083817757588656814762234516650125755301358957615735920169720307011685982436
11650105736717778499156156065120886569899142238424660821974208343284893687538, 55288082036440963862515190229796506989520102454670482277671499644418077705228
62871539499165042588458461972586049539712009577437867438167746557602310425443, 3316057156815797592064590994220305647190589263045215742985431940664246373546
63571318345218389203554571993294560556179527237299559995859348957025234412485, 51408699670183518160167169141388162779090618567899927141986849887040484416188
27273375801357023075018510725443318002055961059357122040355059821913868899002, 2910196279824521597818946401478633593563039966217905562719497297166941551420
37583012129864411284271484803558643083913781922642576885942399363884707876398, 11872276774001679566533871371621233744851330652581655893778250617456656100659
54840375689725548197152613733353790963700370254274878102755717906777691889105, 42563666423044203925736367869534106376101749483864752033425475317024256047959
53701390574318936006910059928334880313752014176650321404323229174875808487198, 46172220259401258331019319118038861641896151581221500319167216878883424157607
28956988783134931363794022585859910619008762234413208059533882597136434306431, 10515244387643692409604921281052126508294542764910434920138972942350813550376
40927398861789580442835156985376213687586264416850536068844228452948048443438, 42361853660340733092449558483492044773642603933667860316273322780240961689040
39560975463688645039508188072062560280271324202674635280800171699847098650408, 4380575802410893773290306296432447853098434920050267415949295348186998842747
37662613129923614960055318704926668775846611975178025808858138142786376789847, 49594309194457362448326308549743590269746192664789891371698352617589467324597
3814899462297620565840696494472729870305270412770504942086119521603794082638, 42977478017563339483273213062044377926128413045494503428886427635200397401372
23353904637101111432498018032290364037006711320519798729557041279978608526677, 53234795548913947169130182641064907690857085345191659329525824412985502346054
3717026971157042380564940477484523887678090709531158230555816684523804358797, 74275312679743270854488373290015462599877518782151415096286272320580830414876
44618988253847905881277249001512253383267509790426607740220673231180795275166, 12686682317876290129936869754234648781252834309407815173010320939522597925717
53394558938280835324906763726170515525705323373351137927454460413226854962432, 4479365609714116555954088831680846967791856154576359411760863933740359837203
13370300241436399259355190325791777748771924850237650248287858506029461453897, 12760230539569945144163625272501820887698443339051747608235734415253445255428
54823947387146039129197200701818545552248753019866915167569598843940404159666, 6695656366484878281659465874610631360128020475199596020818421272932497896796
11383778079723957120260798783856534511990883800944103970808111900656497562734, 17653713810761702534490020193040921877963670027605814167004835463820434992038
48981323514606741420011783793975491035215381082953786634199068498910585505232, 2355884883908694292142870964528066442494525880045272941454433925688126675360
22076887292700957086802008358388435712194601722524255481038742425759649539997, 45161945192403138681257158992340831839968202743949868486699909643606594863085
74641834787464272247721509414010157685158005866334813922081512178845524300922, 73779249289250915344849623163357622408897189540952466396186994296940541102354
26581367435293027085484536491601198662037390718576370258074851025759037405893, 30722019262607807198491105272586802968168414091632889302993141864948532625624
10177961040551243622450338812999340996147752404466240315126469723526637421020, 52289210698219866221175990211636444185946059563435658548919331175047012276072
16790799179669465753408484810312379905339338182675982257556075838091543201732, 61821820775501658946857049836384546599392300883025431037852847318853370326907
14727925606988080619304106919846293874509058247230096621146342989984800437684, 70182702858328697056222470771460003437774013987549448248387422604927440067737
62986218341506077566951362022366919688780847336011136252321199207787003318189, 43519378923452218554499325680660710286900493429946594599483895096998484489416
5182038999467743297549579723913516744341467098056024315492139409782792233902, 40448089650926016549797472271414801988814909765838275519744507684456041843147
12344519972514042632635505448245843168420814929458896075164663910356797223826, 4717506335593819800939905974928588491637100241245339092786218709811335640835
14197352325602094789235392315556704997259196243083749372781239190782034640668, 3097530098111866580851429685536270909843562810678180123667658032065428878006
76223711624778340178600358392149280153977730465303440956325828023243560229673, 69119880164771159500817681367023520628546979383916342164472956207916213473931
38625854325270267325733926383205944640062890672712310086525055327342509241795, 400469597665363334671017804332539607179980182745438499368895693019660032601
48276567390408148165532875546923148427416237411053456524424855653624667330913, 14441202379110410056297545888795806971693997881495547989357635370009999901321
65862376878053056049470356284743666978143342039319055156510452462923244223843, 17106720048567513461841450867856962740928695976749291829229495249751230272188
20951574963910428867362792994083586625223884257828093787268882202412083278400, 4671486331609717175449528297562636541925744251774789423681596875214502439645
41048718163354256723369116645599486569395702877227640283666396445856311020538, 69475007604494685971684330741945535098515807036957655361494388279720132125399
40149628836560689398390149243820567425119294422000546914670116555259690521029, 52621261021675305205509647869387483496124029647885212035106270407466241078242
71249629675164089308584267729052231385966194282653953432966121216229918702100, 24066423999883311668794865946764891073151561272193457404556468429082554027500
13813981805590736370326657836488626238339022512014880318488750807107551505604, 72038614678038969008072651566761502074502781134577719378816577933303430274570
76875551692831258428961365242904188362403737304848614549934377011369359786328, 51950411801720474994370187943643624751524091297051355914635015546653197990597
60783355477068341457127161998636479512107403690967137154047215968873952885346, 35500767104078786967937281489987698549872804307935053264533012120112213129070
67758954188853370226415823722217259279736282930575024014239596955127247660420, 72382677459080289828569655381375396388091878951263205485817615275083210616074
1627990061724626723087598325976027148926889030399082884344489209714149645810, 7859792233987572797791389463539143035337998232967077646974016688657258793685
66988257079405071582174289277476491897972654349523752848640117485392317758166, 2304835534759390557410307221120467343647671591515902670316728302478876014039
7476717953991007120202946027534999526834585364664849442868686210517824133237, 38025504374944911762398847138411635664830036235999737954647148328786130270256
35365738518271994216201981952253856151639712198138245708773126274196654967374, 11408554059033405085078538139301858037573192168093376621005232648247390675960
17889941916835369309609022843303398755710349220576451604827380466856191340590, 28265972251987609772457891334858996375346308863423803364831073693025459253355
71460508009071894597611391841741606586992135056015905638588436568773059273581, 14037225647105390586259733782311441475736373503998894956814971757867964212521
27161275785650745444969087011565216189849307030078682558775727066025521565187, 42402967131792481106752115372174720956802098697281135192606051580595255908685
24856089184983844599437097982209972489402112126453015469186881152542811375789, 54378649880594378733372033604050462024163298980505723635339106341771552569287
5897794727628787337304106646363422747497753918049783635768139215748191672031, 6676389071428126337975347459965458408082387634780981349525191670235041573229
19425986954945225011493943022634788995730506632968427376742439126905190930783, 57476730711742900045224467169623525747810401437198834262250261183054190699107
71478849854719442353320426459395338070866811194832148080795376224419643053399, 50610744451352852488587531397506371062192185346665010528519129155333394092037
28894021031384371923232068647332173127649443387723518113508165704535021581352, 47510537671406324486976610928389150375679971110231673852022773304589103020770
67835917378035444881020552264759796705863631334373188878970736696436985730557, 13851413379638730578968709382104160645154113844423612520541334378321138011659
1537792211415816734537838643032160062764874964015643401088060114127324437774, 71841478556405965165098012018945894421866640245736248604041334828305760720470
58786710855943703589431446797869804171191483108487946661085312639559541119471, 30253278098299226827000585583928903295626573595272041748189335101612540788986
29620112997439581530821527226521568285850807656843800666595931584359565239754, 23050478459236124946774583394471499425017996955526016013865352576169465243551
23829587353920687346322926330111628693438875281030901007241299634305868199297, 69196772908243325294426480490436862327632818246134053292745932260563864224309
47683465560604295071323169089190014269135834042766176615186839907606433925817, 44894414454619766036634096412376132153721093801473961955555851878301462238478
5363477981404336058245424170725035509450619807795712172768421679649047648398, 46460695113747194558405173656301333481290578355405054959044809268114673013788
483031398765637896312045646052246847919735158062987623611203047286404855327, 25777282704997273639247002690864608401907203384250340311549889653768754140891
29908319945786832405434973438013293784722771687682339718653307982791951903539, 29717399887276827715927035687797343230991810190827283933723158420619025122973
39304036090000890772253872783140517128737519751619079248024380944388883550499, 31996334613133636889650636275658172168575868606828491160886726587286185331298
26967795877489064602667361307271850800449635637050273385980180912376450548542, 53063813115831099677114808534801831487638689260031543351863125678855554678709
70568872315682477859518505142355506525885780119277643383342475387279906126769, 22192442049959242207921083057311972880152502702127374716516238542037886736242
44789672370452919185162006098935615662660625954269182016927513034149737141441, 34013779878594211306570385153225131505324291450775134038812709398261066723678
64069350019177868853223454645001826951501250826412850505879954611980919442789, 46659425516932521092651526264974351589057785103070913107384772026787952470027
66779341694197897790063551412600724928528866276531653982843221834674906103405, 71622284110405432525979589138067166806606928889927551272930516809900131295536
74419823483932916236910619805216435052715162850910611187790035857730228696586, 1866837798225553776357283988494129979856854204330606602826654003045392261511
3784318869116044295622441381082939731931372934090106199860430351192890214853, 22933742891529596494903520966262713124299668356200973283942926559174480404469
75843563834430014720435777121503038612382695640619084646915234797952856235480, 59063083811988529962120712950521178688774723174393966927350741507975414367731
44730706661215369437256784946621503081412497316560737643799615899633590319678, 64164938874485891425525671959207546136229342048366910349119232548671779634079
38390069384599714636691485472548752890330176272482200593871768562047249845741, 12890270727279042545364734486121061846253059161923924904386082259428454626000
69171095926384018623771116531455350741761841352242920706613692586191442825523, 64508929724033003645522848365097676688294432041855166128145117280813938231308
40188195074376130413933168580980135880634773363627175236243631228110797634245, 34651203120975896869084667555646780633723771342357717888102074226367340953606
42898641880611066424940867601792846747391420443721510063592185120459493434102, 14276761580812018198134687287581461219303312297251051937441840785782595694299
25902981519237860515384807556315554643434922481281220266961844313501966313333, 68306703306129906483257065682299002507325059874116550638146442649829153025753
41751780578872545883061195578025680890444683129441976722326375577014504213379, 19351405224787318383413453658429319975631100954982954283107873120748600938585
37848011778120967254882247170981802424731943411039184737584905980086852532318, 23146747001455909770094079702569897166798625786301290955209818210097515001494
63827975778889059900421194743875854155239577906097694459541361422130010201824, 44800309050730940558098142041515861654413757820147032424063824996564313882943
73275027280342307974026537385061694904525307157314122955393430560639893226132, 4858910179160674356206957791327281950595996768371523467066229648951621995903
9416790041679704492764887918179167204993542500391339063935482632770895309365, 7759213184135878345183089521809580887386549262766990786357036007632869827089
58091139898981407755405615598848256054426598510173783057272759258059549834706, 58585269646948045783012252318766868106047712918282337857612197913980265489319
8648663086184630440297010985558197820379329678289741740970439859932428828182, 6404965757551164240865393643773784819801265211538708912968863385341637487323
21608838041706246257338584250556829558112314555027744658081851015291297492695, 56313328462896130769847594382722197144784572958912187234519159992838522903622
9219407557602220639646575638761108020745752224372295695418717420581998689677, 61370366713383808929731208809198135643578370959587028370195186225692617827959
4476515732941761869362927897527600852687658711891738642032801328330730405265, 21964778991334260703740530435858141309895873626550749144560409431012899281301
68767130435849028405527298767460029970665501700303490693059127151313299688152, 59956463384918763382025260424780429209574692258094950339464003096418333712681
2814719753512513706421025566906521156703531562044388602828493561611606132322, 2944905391976300611469628287663511596693082997550547769315891113957012749054
9564988179390054045404630505073311525767003724820091555755831935442176054356, 55368667876308741882920136606062518243517244677223488852888678979668155933515
27956764056406486968839365324661498546390513819593185321189002433870158031155, 23620290641710327595958718677361651082587447953965506731174190308025679789065
59715346366531838542680638779136730734275580226282224469729346353853296674918, 22229461695360714575152437868089891856989473662614740755493142025873796559003
64323565881490382589296242152117873033628919545850404236435753908782468990594, 41357312784183800431982842712797427325352085082050554530831594600923984418993
25650171799324585378000661003517612418758880710654997227913323986818006939729, 7675222279088138863204247311409515644983759264143048937932960784082514656514
73283879083520975358083704662140679238335945296364111507010168871827024792333, 64504773319492522746927985606738881594187122681802200730330777769056323671519
35486918646054266673539992079470410136635734490680759020456042830908412145934, 10735435224321463330507291072601686109146298733261675221551145906566556355394
39905530571762638214127135680803861409349362114212059370128506093166823620490, 65330877699546353140686642784705058610940832899202811772191585616843416703718
51223072672654940219855100327462660888897348261048263815160966637158984643779, 54800633574213463835331532393085142962517358127563221903640389442067311698361
73441861854061584223839027377429137633094933837372766482813547391603113434480, 43894914380149297109846164507215050180325073216903589518463453166346198394446
20211810451398190559573055749863401647463344414547955488780659073451841967032, 33962399286476845823994719963965798159368025050570082849887014653815484784582
67671984234317781300078424197207888818098674363948421414743628568859987099860, 55150379625483855743774230856221496311117733270135254680077220069785619939385
64657814875033753663010066092187098101958910433286663518879083318553695506870, 47260975269304808814132416044782653719679632767352414861038562869585432945799
15316732763084538919639170310586015813951431498292625250973957233755274985555, 11315453609773821130061654288170563498238844111541634534071973093993460540420
28645901682403339643042163088935924725784792610062453211755156199675429577433, 5987714648046931586232680813081402906383925822652819962186434956681030468909
10759821057845966208096858070341742618285463738355281018356471299753387053837, 15441636006754386628116689051112698501522816612262983678009222051505998514197
4615745617343582966001862535269217953273383181424426417366697928095621459273, 60942016531949766427050152905008464958532101639915383079020170370935481113408
30240302402316008109193336631956392458869505753563348871199292522198984086205, 58468357932565627796913252040606001849640043314641453077687763427931589801617
3721991906278710085591130505619153717758963421916500292135753951334146952885, 64237196781927462097706936744216642902209809278078201499836586382312643718867
2189626236562166019089447836472282375922598558690729027929213920316921631179, 45306629777609318456782169041540348130875716168912017592841487920169858578633
26728872576003636446042930829416984980409502526727258282542527001694641883510, 481657822846372528375233681223118920140046003533498707302648388939960849286
64987684761221184704666253415710269098056790335868222161367582989671964061446, 63046067901067834440795739299314613073416159950363051320628161133684655106245
67989076912038963237995456460046056121633156290389850818986626104654463833655, 58815023412560405233128876411428778636704134570633427327976652144975715621342
73661648464967628186118157212043379623037413252383238914102321852793125019913, 29434480806525213884766947279348764148756607031587733778862355173308828062154
25870244560087266531971182107899600469404128249276781853518290955194728367426, 75831160346287443787712309216138802766098655843315954986687811263058620917337
16903244803173728982739359149780645442012096289755898036205183495605837045870, 66720143235383575945806046056589644973220898948893749691680453409594134337240
19154241260095565711964851139964355719805333876707862518144357637534912906260, 36152256376689034300800254013312116676289269950055403210555488260334739530913
2962570771560999018068823650450332537739284300561147135900271859971018503492, 14293709570039143463776725932761171851230717529741551389051987956253609646641
53445146300368437400103844143015378408316078784539209768697945875485542888286, 50551124143994443989878156245065075924039056812920136009341552724323325025180
62343336973583928487185429473779151863108666865086748209671232902172162340172, 64550633020870459516567586849108156460203043654788876604532763780922803047400
34476859240583659336107678091179501533586932140384286531356841523347308579133, 41384452125390776367933342461893492309562877530114905597861349927799474883918
23438834751809782601895325445522024643259572392911607964011370679716937725792, 14483927557616281194091887611079709289274027699732611507722721378286520163352
25288345405249056199650738564327955791663820176812748733271007618789206765356, 49046059941100921506491419201112212575917013577516108944612719729108216244230
13601699049014047137936627215769951541317202865534964593877821307080194071652, 64131331058333193770474409300237498994542025696265582873336654493025210599434
31910444817877029691620750453948331694315130150965565266327463857117060551668, 17223494027956486318429017364495032341900622469996328198077706975156879985121
38906960821819438674634931222879810993814084651000768257605485325198548653341, 5246115465656573003575581670603467970846908528783316823283184724248567449035
21490104570311987772051644317301232133206668446864799407280511269760386874590, 40034902123173215384751119429241709947343259191533690722366609257140102746172
4607959390065709994148508407044319740256887947173695341051025888917511420734, 50591631313441852477795271381927987747785387020090776632869716428286790875748
829909464514037363527575418902281963892757327392762468312554553426592284442, 49432522618713990794227832837868110252411501865088044113800347958448873622814
12262429662374150996911838996808673719910504937219627092194998602521888108993, 73441404098430007575455947154663345042072264345924943115188691013123865237945
43636889006558027707951594185557440159863541818708954167741261721930168797311, 15636790544369413930096988234471807185811879277785038756189114386563863337943
46877880955792463128982210371645391873551946502902123579346564594850866435526, 52475734369288771322596946765088997888820337138465676075160064416880309006693
64553313495538841576126664271020617676298472761805994538431521939323336375339, 12118745228601810500582209682107933868740969177729178341829630359884790850242
76236173661545868759981335018310627460615095126873686094492468284185384706358, 27363661870153953192874523290217358297034042347028736351091472017107195699217
73246260461572838179518169728898312609250008424811920125945038981287426542608, 38643014983321474881720727204656852654760742059251948328812127442107417257404
37163941294462714138472149641309636771326635740073670672361645378537778583527, 44905207129593794913061050864737059379265806201439231565191800434779252269769
18688091937297444129155721188132639254950742825469880572606225660402002686497, 22142810236640971462243791039503610118063045977790228331001830362311822885801
34921139731826280201113594947274951638132236043769667772792519136772979155777, 32690878776180949690151519437385064818363283026358700443077788064833829952051
31634412286586203534512692513601245337818217650313895778068334136024018900414, 22189180692765772782247047227182328754343637193649951023153311997640855640718
54317077610302283015408212701222906739183373679905810269812360526803335339639, 7929652311187414776736434413641305333961815552692605392387331955904606167297
46890954509667087724473337094882381125720338572706914506062191293593180025357, 38539118377359946493259534461241678500375644574878627918326805130082744614818
35133797382888076491083894490820270526009535912871702593528117443903189884299, 28715250577433820482590779712990806688233679515123843107307866221333800384931
42005489829282828266956233166183351236521124288459153975552267549576022758662, 56373928906168331825608584045548510976187021914412406544868047966774500014912
13897605925956255884572688043584664335815556127709717613549792754370535776731, 21353655586966764871318308509801942462980928322059774337952506753654639764631
36463991923986424484221044073444422954248669160066977770174047460600312394328, 65635016135811594664999973034104721208607023573631275356672657725443864562229
1590745102373360628414608328329681967283550962685338976298086666589182750614, 56949129604275180944697215257235039580807549372406704565188650407299011748101
21987770890536380392676696733118579088843440181785551995055308169265880749920, 64913720121625459775913646200145860337717065368885376932247486322346644363171
61619509751952312127262301682476875072157437316703954104287695437530274354012, 24188616587905198355641421262035058291121780253146227624020660953455885158906
74008564112505930362878279030332883851999906355846184111424769777875418168631, 28794478829410229023092613201366290141011109153268495376481485492952379504810
64269693934136579017944133423348422682574611436209875174093082416759624693870, 65120684132826642148969072680881205494348350588680976801700261295431020835223
36719366974944066492495341646082326741734817259546226859798060740014167534042, 22102599056949602813105857693236638954767029051487489634121440053819083403790
42183402784504066671956153949127143296092415538025705956933401577485680807310, 30166247346713888853537527749047794068466898091288392094122873600335738604975
16915215258387087980486583788145632795051207713518243205728995456412971132563, 26942834734451579746760163546884955510927127440619845368312202120346996593677
65708010525030975414285311891736657434211587961852858672818319422466895368064, 36369836480914338361360157459714205084947618429978721809952648514189684766886
7397172252448669521104695308503505471023903309766973789920744844534325008592, 75395899014627860146640335886497742777616099603585361904061510707829495757086
67328709149049392600184715391730290250909116600458220398063305888500240235371, 59721989906923381586934047992994022623953264374123944917186279141593972102833
26217277553627906371181300937772980304975775808266814418484867182648659460404, 70870102167979701912655597153175614311665353421875984937676156017998793309282
68947434985391282346383200726210941521768754829132416174885937902829147936211, 63781496114380589485116828849547886141853124133300778278748276583690968639150
27213921969640379222980139046274631007570250741657560019312591597872830567466, 22117272830914807338060042028729991139276424574169407869299191205923600806587
59950250841130761490175624595896336217485158229476443951836116164539188000661, 59411751848238071140631652361123638623562411223309151793434183774001581536008
59367374205661212780160628857696269831049378343537015146504536381618721059530, 373264658836736384273127959440038572921206271084865395543639994744995185044
2400937577376414448728583338065232500081264945220466821696940353867704647163, 56627394789584836744480845525704330598063473092754273714229674781619606988906
14896327952374236034990527438632923252524814161699288199176658023060320924341, 36152575931297395271960535431706854386397545290937293917287520289499167667161
37181130226203151696844399325659987120577864353297847585203048039787042256280, 23924028026810505224859645437091543560107102399842627165467372306170313961692
74854138531176216397903178350640370430831735059862216060350371753784047916900, 74940174902649797371063381689946636258323067532447514122315603367298162083893
23100809699091979434230388047579688264388233653932264377603476807357441441885, 5389679201934337462132516477195964508365484175536884319903186984981108270566
4311763778940649094465004645743343572336262785468178509105232416045192768410, 24566121724341661859917790720257507417135192533749927565191470547456193036414
47181737777276872969033959161268191434617268281240328368891518971320813185483, 59071962003781178163223455457594580461418944550866537595723139490975895431851
63581858511408701992265607178843441758349027324218096882293965232444857406126, 29334578770525421540248010371033269209519073466317930966753707272981863298545
19376884134803069416052351664212982681339391650659586867589181125687508590310, 36944475820531229964464989054234751298838453037496860661808066114710359831888
33961514348073189814421712988452365014698769358930470754658784203633934959799, 2632497914701025902607083166946407244032951768198028287059059622815069307193
63102576804432214675724865201966879100650020280771120081743102241006767859370, 40079376709998997185876180728003694301242180237761690587675170337958550213994
15798668168539111012951096200487179266771396900735722839319715038284345223753, 36897398361368766802773766859694760303219905009236005918705043376756324045775
4462456835572377576306713769531984797834699910776418797205340038607534781613, 71695069243832958849795522196088451431593960029582522383702870328533079061523
34781147630171172638690707292071362509835087073265333866532136664932829552315, 30048696313407516499751986392761803925354191423723178517671714771407525271942
72140599777035492178042170557406074987020526519753235869518429476575223828933, 44584834921752040906483743008154347837842821456220147579860753347897955950044
8791706380383789604083965013096814444524449692711922171893393355475106639785, 36024163629254246644251985102383964843798903224115016456880028929189973836791
66970541022914815667071767394632621050744439822018648981849882550495848806719, 47497685934500057398228993490071451641180789304415237039986396968694441762179
25394502014968584630735764753201309600141954080762834102345496149120526500963, 37686161135285213259638855848637810818733447325077145960041343767385983738612
76706422819264788526816752446413470658641893798924107435370877662524811372369, 47983729625097918324248025409824758176923101659239679111969790427179185511167
2320831790247205944766325333620871418530284663538157360647196683767569928324, 31969551799378195978084290188528446310383891905746725408060886861715847539730
4990511330025859998350232742206092353833067405773477791853975992888129073763, 57325407311925037913793745945368896301581540902078500016276852483700330941438
7877197299273679837983723009571624561752532431160872580336611802518040637396, 64346809853648195194000561169046694115085211397654394815086500557547640739824
24938857701472450828727556334438214161336951946837026531893199849894951318690, 44680356522485002718642611785281454523950618006316162508274207364570418360216
10802210465419001366815006997900315298180685180277985827345486179498565540612, 61214334042134824835034638721542704772410215452422619326796019020349738558886
5784782871196644518954929069588437620766660525803641347910730799815530222967, 42252596818376683692922520184614876910536395295674362865339367446399367036128
42365531019101341548657056471644182325870904332317803393647430827794659354790, 75109157751469916036148383530303227040915194257306874862433760739207403542825
22957850104976719687531266549678110831673219708675014560297895199561399428728, 14284364892989959645794910851401860947995670392539696631623089434402839209851
34376984959764784523303658531325408861744836200562690758295495253659084017942, 71585804966428442581857351971915033439899014350551658785850469261693277284202
55918103413734266348421657623230685789853866593223024237572070154973935896888, 39828233109023423926305139211223351201089256743459543950855717657633918174365
268430092106010342066372586768127838712311071511126985428313470806741851178, 33727464553757242200693175645535017296003646740341816633751947844282892189313
31166999211382555758957288750082934351120901588672118935579467183549472148334, 19254686040143656069355119741516279669102010572151510140675128615718640100841
960150457512119285674440773314496102484607258457669845656249852983835974443, 22306066798233922107567932395665389735362166109239346678570115406777502043316
20080793765711074325488282110014127592416379526039176672710865199294610023992, 18244196253656661769440428670508169185025912026011164098386443431200051620987
42863012931043650757830652276890090708479658530788614785359112236601931360672, 51885828368561287149619069711708507888090795287451932457578479983077990114053
12005691780591032370946312089042858260993963601223014916992826599204901720329, 6937507051320868504366030948361075671354256395984797712830617765463554262059
33446393170703166018187328877672540031199973689876135406937460763162287066659, 30195235083666388436273476074309885566506838709817522693191108048037196487237
32389497863096356306864965238804502580901734611041640713121774040012675659129, 34654781550312860666173722410892692720789626298325166821637019408579985958110
10984818106831030621999281497851086080727192880873077943431171639804067556089, 70090669545427910979869958174643051385281638074850141748820035274288410636454
46472989919021419901999813976461206520642682696659278070839619934145157559414, 22605093071827249645324810704598105907355106826922162060233720263589665168516
33458983007728463012617136059019753056020611675844327574876298826245086350968, 32348551696277490790969133078507298897888506928918213920551197912995569146067
51028347637079513947305900521850503941865869699238214404478918078838617024647, 10361021839727299169399713173432786501853331357338606959113930736919498760188
74122315552263740372183567497361073375049623504358528816828127443487279744853, 35618446124569853638830355410950362247297974443984327485010700677538768494138
19490962598741637740211757354617010686506996627085184836109958515032190710372, 3483265621340047090139774456783342579893083115095905390747155949000643494871
29514534651689212750281804492552732484588137084221304743230317375969332512340, 64836486272064531738124146907682280651212696906538805028455117010545796517309
41391626880043587511401247610472211866026049895636218921858392461547059622870, 67737432274688892419028800516976099222999314243293002006462393748143707842257
67821359068687062075524940732443221532685827488348238545831618914817136397976, 698846333446334368553983513753735400184453485428033042871939908661600283070
60468904170189943818087536743493321013683017384093682849503319455567867380256, 45499404220891381528117172036292705676840946555733416550961068741140920389268
22595590192105859620591626832801043856923629581053260143275996151036705482563, 68077908620406664829282868690722098469188919725009951375713091573275734108914
46538022511168708211438247156802887426945857317481884658060705569271355113584, 41606730963250628040241628029880560058091088697410842499957306199624302237355
48334926533339954697057263041460802177103700778366580690856260982239554140449, 60713709063278135205702799099882171793680125448371116616629739763072962191338
23242821728104959957718962416346129216110914293156550723200297979951962685375, 59524484821104964061178954735489167102708859861540670300117660893011188985454
40469127488947098221272423713067988167362129776000780045849439794176548022736, 33488948626190673568794643494445093949023280709202860491757570921202894294505
72723963736198006127839627535239128954343632792916131150900697844645881631080, 74279560742847069464526431425795948787116302342518948137137717839586076628940
10102164930132262642247713966965278741305754855518924163790430323815360868723, 47872711842906107252465346378833385299649406888115800268753761105114978017445
28646042116749745884278820696252992662316638159069947257539575711673186994989, 66226450970767515772358773770577650284950967228948993975394278609520711790393
22673539105749849661214383834092411303081047692693988259032987532509495423290, 62947823494281034828298098795001221524849922963913578858424154151058451869606
4686400214022028002681808493285681281257630978111109441655606997694990939196, 30733147297348414807044652349858068825649467336327979993517235444388313519256
19042676181117770817209969683051221905530150121922010526672533388746678677948, 36951379376997487556409124119177714595948965537748612809175304851550931183429
16861350454882739432389991645867993535293891778379025690891482811257779846464, 19329507553938268034058220392960113833704875229069917283130574929541761499470
59104145289529461352475588772848768239092553506257732425192204167547124430895, 12499144515893621291150684693615412095374862632155275149666849230315627248790
36752938804961366393959881101981678951895959790569150289328476685319506519582, 45270703983205040466340744939718755886438064246910122869303471528102820221792
44230833200096482257991497756177310245219696160843295067687895188219449915535, 66359083281110019028526218101297207301626304162400669798409647453356067965403
14846087460938247824229608364905841733671014197306974713670334345669082205994, 12231699888901401524683562977878487823546605919916025964758151698855512319575
37407334053439592112626282739274280279281253470459945325965593865646047794058, 74149807042533012869970373030125428956626509870742979323023811780648077027977
1846238709153027676426006949018242936956631885426464880646928624596954317196, 64075941401081203439120947265230860662871777693781361056242721457210965417389
15273821878686924711660093418041828426791155454125871464892532852742021900423, 17520691249198534583143762239935431185492750491987554677455006579929959967651
13842924398372759151803185451224609060034697339962184867024366822544459688394, 21694941949570353049058005571337467966093153750693154067383251076853335994732
68906714424026603210227790404239197333342951000809803722639454862076472903906, 33534373567097513213647369148017659858651385905114367443947871645015700847166
30520177059787123235485882678001422470334169983114095566460825532883054478474, 54915916825090724882390602004299962336558456596400489291487455312832114341274
7114751373294522305783544505781747656662937196957483251137728709001193867973, 22080863682723683726378338007316579181045707269263460199859593306304799817302
5896347238532572017613286932699628870629883577728141190664164552271380454768, 38121387030487217285821059368390273876245018866564649627963638244096780402040
4279614612337352739842236675489781987176223496041807980020586132906103914175, 26858274960967241030996508999889460127159317062148147411423674146498555542847
39152432688061766588414924622665098358724002848266759753217731894908981632476, 53003251624104878249238617436027278393304759548871471651364351282908198908467
54272447733404987507798264953526197962183453678486898194402311391947380516666, 12446090201054410140329465894225905647503551377986932304720819888401520226451
39082020355508661819771612740057084170191145708031315269301461456011703063385, 25131962947371333133934554967217103465624328528246398813694830811764466508518
46914490526857464304754520909545672918126632910058374111281759009142132558349, 70765839289597940052174188177328370268235579522030054139539806247215283310303
30088608792694067556403848865736295761670142461944000018085315198009501344773, 26444506893803775647715811805146575470661636551620009264751677630566677448600
72982705800590118919449129941338913660630437276223174065820151897307823498661, 50662244080989350747305408624126378016807040759316398566122564202772001505275
22108747389958537074994677855257853437531776832592083164203860829665731915627, 75285070923076664066151144139434598533610146192269337024708274477951705765003
9317414686174385448203880198470513621969636846093137142366164020695366361421, 56959188737687734233540864461072617878198826553241659474028505289273565907088
74869986817457666337368932150086487477155263428827787503163918784210441465084, 33432839559359241913486368385378209277410047428302327325777476644775249954365
74366105361951781882407644444393372236685988515416063651772553246338026874013, 61339768585782809151704182617500325987781350175014257698837877435733861845362
9494289739483768295281419174664819131010717448910654389570164244836353210268, 22337262021549725990080102206836199794657302221799808977358669244399304149499
17493155058555850954560779171365116993000575601351547598185014373352881000080, 34229915359526768726888652389606425701684623693270245278892844949340180607610
62286229378623819465547294805076217589466503616807720498889437248312242655199, 66440385043059233811615755544164001926516112967482848421065080695255328200232
44030131955603158913652044497872865906955041176186796764105111642828248861391, 753882089432428216166760215981608345231551270981372544546660822129339556835
49379052953214802754019270073189415770530267455017515953474887408636567158912, 332738262402622540142714094911422842664910806311241359125456958362784515251
61640409162327748109927271932032302105557424424009630156657506639490146034137, 11709996936410654864396981508796545376843873328516399552585796594597179152758
6793735507077966364180646041406453027395655033355593766554901615572878832198, 32734092395805109249524256636069166919475738804102021967904523101065505352931
16381799902672913732191262301533503415277087471271162715163143844590879383974, 73997875143708307284401017514593283967466330626342017183178759819387855185545
39205731137166920781818804123253586799240449144728309854757055036694818160835, 23048226236681029650928230744504113080853849595929290150080892714536571465958
60921244476676279458908041226185649705515346694438990520328666131963731276027, 63191576854458408127436929955891277179767945185898737129824630699998462862532
15101809014081259363389839633775817229582604377093673182823538629821004406978, 51001511800649938078915596884333110037879017485174743961266152837767683416099
11555890027453750772523641159370963746468157905746770065041014401884475733829, 47031183703467627108335921208564653678145420231898197205480402575109982400325
46566998745310552434524895176188195118636206770064574236725908542616715102217, 14945896827318962594636416117725530876832933436606923726433778886708886544390
56326501598553230072809191152764871858841041743981510567883319854203184856990, 20754516844781529905109946266623394990223213877448394896154657442199308690148
4728218472609810489845662525084584162238061856327130814104526492029008536865, 24392516677219724927756453221562131753853683156230958503052266412749102703073
3636029238771785022206899595458467123243887962241917091291730322563324916303, 28754212925077261224564458739940945819123370829491406385600676391910290636432
7526289286049185499826828872677824699617348405115718895225143052810221191144, 23761628828721892544911217469712596681475549703379301874435179275710151538525
32930423807262403603342564259015519981495615817876795128862408382298740448506, 67635339280763704198190562928474343782300604683576112737683927450134055862947
75411833795185182089659456337071805686088336175839027201440040705709608428830, 65913620971629565628853449182126300948857264637597922733848601433988964229770
49331049862246902906356831321208152150383923818516773265174507010015610612816, 13792012534728096262706609038052074268008272485445953531771098370068532838051
53434310671108591233364164058924485495832673057716139989375096710392701663777, 13725678730964211206747647247835438420713664274279747147721869631169231423096
37006749283239836888431354871452193601167630197606246738197916979373752151131, 9149588022595602752337389853003529569995008722121333798237512900103699832569
32206297491053327630058587700989737957322221603801700314506619907970650426141, 36000111973649943679830182856693115550312086335062708085352350233634023883527
20956344985589779485287004072252944224729361756907753977332230985910225601879, 9558211829262657274038486981758278949848101512557469595611101517848153986935
6959345625490435277372041070417193969258472233465910726336123308757735434084, 33173870967443811798101738185151585475588537836481613866776634803517461215389
18573419607837192170830536359983865849446260982176822614874100903014768238509, 29978364249335716382888917711107162494173274679015438232324332855233191688446
2657379546194207122457954907851052120520717916571099823966600116481183479594, 10482197612498676801086759857693680249224560855436362139673777683539875991509
53200312222443349998401017525837711247433720751295439636391160747008730661440, 30333244987765057562958897424492636463543850605237045711747768660692450986920
59410697520708599623934201800925150467616253513961363859167686465846716302159, 13503058268681396857655563284544389932352345486389349950121315792052240110412
26555532029458468964359453609631167816232948247246297445496933772043144455596, 34819884728594815002423927844333211722789932026804276316791918208377073863067
69722203607811980128794396594297621540704135292388381856914235221023554586212, 47415832698673224642607366827513558386535168484349688482148502918527299507132
69563600994631677666404688309751995168623626159745629366046969606314240650742, 44979153174015278333779575260464279356504922934453671004938265630227143757555
45721356768277806902408458837623766526139458754011732095671365552586647083337, 3391517438777784442964898639275688368221546470764778520238130080338693398856
52937420190814694959145049676567497209161209245622022035353785596767658327565, 55582718182090315552092338448964301381135878086828893811399346687739243056370
15505511010831642068237391275927270275493049799843411180425667951181890371484, 31003763784796140034382843089418895111507776414829344468620756392772120337160
6824014948065454931268408012344512900447212263437824028649442094297686760934, 57471364163221607017797194551784294554180390142612762798784398430880488506086
50800228139101523262382335589982320445687869495576466364259711169927153764685, 55679175637332406805745376823203552088826762226983620026100430088907700770026
60174197216548447790910570123155858019741484441943918003429651680683398694336, 62099035532216850109751348443252172900036002735184943975060154341664118779026
46765740247775449285212642191732444345335173888896863677550941486122485904569, 9114629281214557962659327111357113845672991936293855131324394433159947643534
41986429898168245900336305212710076535553761552936780016650127066803764987614, 6326946989111791486004977502985385330760920010681670254397300703537304997521
29550611260259250895807176749201337026851937184006005855534777053589982351350, 5771584178009746179398449092630846619143329678188808181053825262959270498985
25767076646567080715810829788101427255948987713644121310238758096317625904, 71660988297336828085849905086369003237632126881472082815477076833201540394105
7362345356378269434017715880523829953294988913018931767207215641093803283833, 20650328011769577988416148976967553163737117777207653845804349450822911497811
73056756091440122097747721602582661763846139192906026492543181115659715581063, 72689598618613502434424437544149288901862498649818719252376110561304984325514
60841357595518156849516807398836202222274705992885527827921966605660734056824, 19980642876704518926011289772889661464248630083201370412308582634705068524952
7069379042709688065000183250125793828939332701370855040589700922321827918849, 50040622021192191272872536456836903343516506946178610232362484077974760329586
13149929058249483317298132252252991261956844921427451646115803802530488535500, 40033358593663792967580964913179757760294457335249787398490440800541887987989
31270962361112072544724954549954643294365143597292242693776151745892983722220, 26450221262835741957738235878406911474659520490905057972797284914898710779028
3956275405376391869770586885607305744536046403179153839155226132121168449300, 73360064916127647030094707659751964315824495894798983053162913074934099895803
14076751117749450060491355546350095279013205896652505780723666978611852304807, 75333207281696563808648657480795120462133198859468656177963562010009848234779
3040425758441778150201556934993825798376901998196042369643820847200369543352, 63191626938595916263752567607967059550471079641690324729330940428163108355466
41311467942848778835427151024842723033367970845743009591993844975299406356688, 64456747579956239610931457385395854954911924373269383277793022285045149009082
65336429416530149923256169891606176026970211545251458673523922180042634864276, 35092811882881797556932674609531315240411165675326059499468235895576507500133
41155270717669306994347814264196592862784252344379796537276414592853192784855, 66984221928828790545770638859364920024990373272171094727238868823972884999800
5110960608840565214981385030499817888055448029003605773426987714327760701588, 9548574234508005736270752076084554067282432717806233458896736015782061187201
24646781891284209181778155898778871603915027921583119300794234000728438831497, 52772467369368982811590706837599705425935782219726810555512151060990064951773
13549048535332347453249134101836000959684691124091946399602578105823700940468, 45881725357094035700469116793288458986156206877647976326364507121370485736585
43882511292116113913030255518442875094857570116660635519049266427100200605609, 68090748501168678958401100323607502358228347062553645396658378439001370947477
6235636365050648216724053197764415519735583280833009029548390983125530639777, 58198323137212636513667449220324603184010650821666024342616387019624316528648
3877225552076258371958444403977633911043330451770408464066351283214923849821, 6080677699561738768155386103361546267777212917672726026496824294123699969273
11062314974548593270907811181012180075862164003377934583229297046697249046438, 4021951860841891185287495656647803474602105855227856192710228124783817852128
49320529307931539609474482419951819111481466438884275774128394571129176417107, 63819698025108069336760422105310006161970687587922447115191052469673078093035
60009177601971424145144415491669840811502346843040170179076682384617078624658, 29646110944370634752667620729275575783164115972820862597453417721423706463469
5449997375746644931838955257836889854392842450393778380672959691046293042737, 13134337788266302039158786317093733985037094680308393573624566127432291713794
74260660301352329716745601169197524442076007460492870883750613831092109891750, 61060000201753790661656027261755015733821181877887381432139917915654893566023
3183152123045728036064846203926544839054615383151895105800191652699459880724, 24350982865027709670696956785257495112062268142709424434572561240190661425371
6017367577040354649816450594304308067594854318891713750891869259228164941649, 1543444341680029254877971451406219783558009021460793659401252311188941135103
74320753580193793505664691921020859679497296402355154902788057910684346516750, 29371795569644843071568515418324643149028942185195429490620598504236182655974
20571184702958583614884352843105523161318742109381727677493618198260424720678, 9461138635831978523887174105804771079134917515626077975244294364769443428598
37642209013256754346635488843301331560439708402676336301493231505979770352300, 32148820466820863969685057767636977174955409502150171731907557178366683536533
68626713794918345310699006269981024648985830987505249095708702862427534125322, 64549685910825305673484578943510802242448661194311398895254197847424923759914
56494361443496732795606948550569486086188326823543968591224516644061173496177, 864584648801053587839821762417464432503071905782749476267082624125165606758
70574114083898309622768246637342012579319238639923703239067227200426153899341, 21190587346988576801210044289658716111427509825515048004207523512082108692076
23544018675564406651679194833685109904027848175872156750279253295775930714918, 37993172167560056699017710447019523296353103093726624897770871433211710662663
62013823932796510483432182963817793657262038726955560975089556729138186894418, 55275465340251952831624514806213853976615922487184275958426970714487454087205
59848822942842348928778758545478926021762891430947619038849372880378061178078, 55128765182772616746949800329846448471496413314520333099686291076037310825358
14330531866129347917766342298192369870076945506557723435042579974586167159384, 4618653091322282180572251500803292869923821138188278257506922061707881520802
19489995248125002560785464798504741290969913351777862323808166931708823627430, 75647211452519550700504718697256820092115448461598106812072764685587370459592
6155354940648778438438154732399356470480336129082488238200949602065138778002, 52155015963292733755551085794912381886530341051260399135158770153390448449714
3666533354009184022509581884944074256246127022130482650180205308856388205449, 49591685414408336617968120961058615013315525837025085566263304652045569357797
6288677281792880072918611805921108031823189258717848298154181319069522513878, 6252498683489600900843657069211750975485237882969437234418371023672006626321
26534490792250140541990871567001653474990426868915152471977931664883182016388, 59864271231988834080408660870867079094985156294825446248078475649361448125126
40209910917076829624893029052948708465302680004631928470152782399716869910366, 19181748519411946349329692560857500951842603617857885561618407272514937054397
44598824047868966438267544051274931547292989717680840846852052820275290313317, 68909580535087437422812359214772371397378600474194460901069688549475006220147
13969194170352600600270809618246181687744340928557663221807148406671324870085, 60550735043115050181584162449180112969877055989147088109141838713825635402106
750675275869905921228103255525503098475829152600606558693330449838595900273, 64699275679026922790767899320612379861962133540730053163987340072061491147452
14956729794507892367752630614379604326138579425339244869674760005018649649123, 28306126166765836703193644094347298934837338376062408677198570145080143429821
30650034445110443840766686538784934917414925828286834509834075519007208264377, 20410088741763859253781069392973989294534910625569826592405333398648248548009
72151945763905869894057471146624509005130034963302090945938594541618237649087, 68124526019087752653200924100893288542724774135284566782788889839398765108063
36368466700506150099454045973801565207880683730534421622552450931015502176315, 30153781205337702909419953653325817436987382871158166471227578303309805904600
23362006880233482582067338181722389226725372684947278635550073447237356378421, 54650969298907588892592427090568700582915742727712537752503546866933547625536
28073656065551345606810835480095537112373259868565696819653041721318991625345, 55042000030353027412712618629726073586074896204847426492653373050018121277136
53777879180435544415299199436135906384636379402008370562498241619929809021543, 43439964519368027976893242602723778777982171078742833319887288818718245673912
26005923335331882567966830866746089041801445977983510591023496062962855261729, 29828472652837214531280951986525085923086737875321962293124432808986476888479
39017344060709804317364454146147305605126600759757876551863801901249714132676, 47862102015774856055710262159710792031358459023086119544868031229255105297580
74764347719131261869195163062965888556162888769874087132315950629997003191184, 64318064346581464179227782642226065460697842567516088375949993096038149741971
5908049156402752917962272602087598562936308545574884848432562180225588804744, 28823230291516204883420580380515755931023579140794531723820179117189462248056
4547254324601067521635935419743900202325828625934501121495252551615668733785, 15256416468382777075273302969095273342454610363312356231333821568391297689846
49803098074613548883072505319643650550193931547461616553430043933105879940403, 14918718707712492635407001956708106636621727733693160336386530266178511553045
59140180019536840754204187695397516052048847292384420838097087986322200339603, 72897006122578898198245965086758083298550043348035417971971783284768365829362
75568188598689280537982894191446210504552400557438187188652312605734136761940, 14882617817426372394954485063316702419438961476897927580472419455286944238227
71599370145934051100585789881814661840078286452250594221230365913889077972753, 49066232384752999607785170186127609101015998076381449435911025436954584870025
24537661859808628709886455608128854575925080506670280290470174348996088031111, 55059113724036876603425867438342802784591292365025514823568896183869161492441
22945482857878810037874076110637719314697902052808328433510584753140568573650, 16516281127798065238634620252925405031647068538618193774140315300178943027897
57745360323716499511977865547101899009970885968914220256714723231203700978683, 4527567452501921504892884270439939984997004292051234683113182658966808449657
32863882585628889689950326755056638530676996065403322182226539754982969714096, 22970335928896548716351909285872862987895677233861010855365602153985664729396
23928755337998527548700159811236264593208613150280619402789610213671457060168, 47211213569918293117772973993647692205641136403314928041944010168667890611189
58016037736278159818482867283245174658533826068826369731550959060719955122301, 70827390723192764623306591015413703715869404865827318677409959735193563523987
68734581398962451106958426813380499775234498335221346765933469329238472418848, 68142551256138041291464618589142711721589857972836876856877763985461671041220
6060359332446406973667307989603082578840474286513477887813310124922271899789, 67457820329385806116277617766256387839499888633661128449178754730365624281017
27015448343214935202962917987543221447969410805612053039978200734195480736728, 22058115048482690702188741054485236733554892648492537078056686591426097175272
6516448764356811188774044995174805637420016499472444418443548797686945775521, 73622716344250409502273014288399034523002986336481012331010417433992235616894
40278360956166918009090387585494022472949443929827028473181144141715684085921, 7009317317940659104535937038196234325818915036789107313402117804385602827616
71643853037146529714363187226313970491115383582789760880241249699060159142593, 5920207616379530267691509674430683639293267891722170503361080916928740777678
42216343823839120871174010212952305252457635087480018701875637783515651772471, 20764963971230295570753981965384074450249209909121269220133333903076893634758
18225283381431724106193868231404178627485517296876552778407961197872012230898, 34670730535829936264152328699995434769697602204840360872705039834616046209330
51003791026433165692592360826954862306207369326034547800623657802532951205389, 44012698473288389772556688721595834932283637832609503219673762902171049600032
39750350507450020805663203403409952355627635655627149723506238142000973814477, 9581424216444606204176536988238397948051263724300181819740972835416532861047
36626377661075334703992005532549150610312024953991162267771103495145779473145, 25297183671069986736260042333532262880870730713197501405175046153068729497305
6939536484794432684600271999024401019727530569979837342559131556538042355860, 16868288706484804332504528114575479229262102283686545181084665291678374547537
67606825488992448965940519996522632210515172689238217686424809410331520509600, 27069914250153269413063543312400036443933717394684906401071725432804832340559
12795431576170544806432834246308127630208128433806181842472648850620219327360, 7214405538151290839749081350189371281849475372793148388549937780898611380123
53101074667341293080068099829923942544255008691857489880965652493354223406993, 16482867098766017528603290957146992513864044776171713245844944392458560084117
11614621419430359631064818750558277064994627474323789287572991058411488619605, 47608581516821722201045260854995593458412770965498851727135749045967321632799
45909666277278572031836563547192288041234590981191866400031174237152624315097, 45891114565383503771514418864231203788677498970163133504894458567440114841118
52790709476474200604287298727410273280367784738204085864994565502546151943438, 6877744930638653076863092910185409091117959427667150191619187058364073299167
65337004815756684601061780979033075778842677809634195233914270793946169912392, 34722078533043921941976256954746689800486174166735258320075648722072789950690
65076797700722213474955429923989060430318656027291596216662249916440984079443, 48696656689816241277830938259449620804570433097741010502909627642409352869509
72243167628054173777829038142385775793641691478290665990787909139451748079470, 30893263487150977009323462920748056623162783089568685861584665341498039564093
11964624322883888568229740575122636592061435023773599746514971796451646361754, 21483245972897808142081333927549462253204026689941663481998994586365549626978
56713806674199460253502651184290346046464731319342350606247265958440597003535, 68904504480739541680050154689454768768691162390141500419862700293051329603960
73119749283436924204200983982100461873050496510631005551486400353534139714191, 10863733945036559636141946324632518905534088668332795518365346691586809413992
12236191972180046357221021142100869361150744466682658783945607789512376063540, 43526847687415602615277879510923288399813772550100166167862070100644748480383
61727474876028132983788354218984065610900083614549339755001054112781053547182, 6141188364301040767975633190909258398718287537067044671302367305850692668414
28867315254838361855578354260017835352183024857400774701825350000047428407307, 69466829233269581243293063235392965692874196399992816805708784976023622890197
50517216979901030758127624308165293352003555552222234449407590842299593522081, 51065687009476208427210913654179966387090753421876568261558892369172799235415
51541511276515540660121531186323315968365415378243436293954899407002572170678, 32331747562398490063939902574714787082121869177328765016196922991851937168641
29406286230733244443116371749376368258620219195417382701033664567062765643258, 29148907451533326279942597855942489025656770952862773143208872968998892801009
12235066024816221352692018613961516694817619859070652743810228131270646886977, 65150342789483895979367626313288871574732785031599410414118274063554488520924
73418618322665949795473789928709599114757909182419680061050983852325123315120, 35862007103901001888234705348669627205101628171694985192421223131735835959998
69265184476561341335723067643994854491697223902286666443287639073603994185270, 36120330424873574589363812455011895508476403824784528217125248615664980199846
23821672126066747939868650740278663740194000224781878222752668207507549643940, 66982965040576584468110451945355884944918901913747317177271777348784784253932
51900054313407186450601577378028757850174114519201940581776083953537576706328, 52358873506683679638688908400998457617644326617520261507041413929018959114388
19762901569716693331699148131537447322368695717572893342923808740083623658650, 17160477450612725544549792689981875623692395388482203186784085026495445518586
57736554297215974420972249108602341602129881547006795026878775283239109629783, 64437790395180034517423143888034032625489612418074613328852119217932353969919
12008872010976287034653197222696852302433398643034484123260152724679269291103, 14188081350669061931614166930784602798197051636908736175787532987168381304167
26825367771118136662503851131362005002981980626503310428721280459236623793619, 20521346423510359888393152853319629123268946286697219835410569206580399963514
55101210822900661155328515515761904624975592714163210314502859951549594267058, 21548335563635075299471758039295330819707795137021504550238962629185133024416
18671285936173120503908313135485166514422530369048186821443985187510150135159, 42439387563638558472690570509869952855842382503869287103947267865140274234125
32927507456619140088455275780097670326478567778364825432790959022581359795695, 6621632864480109252381556494275088184560201093010141006120319031974820067710
29764965694062465077917443642998176373096536848236809091849277916154830438566, 67000320166244626618440515836238249188209971442689114184573082067484595779766
29794312901495708801175346396667649156545741814948909760115732306522399748227, 32581780707996407519148964255668886344423324955568579391935693459092505663430
37056980398648413290337236729026679332219278183394418883696449645892804936008, 35599416651245858074754445668268364870038924413840002327520053479448641799565
28653568483777092510070107061570776321142031260565799338922719845438363860114, 976609720857337094757731447030356774008491651603941895606311189040618610068
53811382090974465237691381616537143164482971773796342060162886700546001880538, 19294323827451157749975961092246206520811082162075509206043321382025058822870
71145620943937841190547393455392411851454633454453748933466357780990284311695, 42024985316042028166367684990680440190628143564657747476539966512962058313762
52177752020515934562231428413606997886556609732026582870330317304503332345218, 41066084197572982555645923341991793921172659771981201040142287309140341122218
71907542166416893191035141402993373627013223318823199529366614218842708019981, 74052734905144075758942831700342549667923751456217171974906392396647623455058
61073144264438995835113340473910636551098885586700328550747264611228218652157, 3618776927380958430572269636471917352683789454260069634209226136723953649132
12480256271548172968615335543649058469989228963047369088902782531547921236666, 4299777721255368452111991232743989058101471267385998796630803941590007851546
73186179122946032384225135965344203019043096024009438932317155704206686119141, 75231911224221191610861168698662617244656349542344914425038020542529088696640
150175895627500436637787503381470040504736503052942336396450565145275647225, 33644885261190584542925024161619285013805274386308871178955462309039722156398
52103846219442827676539890105330157332356839942094965903216247327797340127209, 52435128286154340913954131048941129961058817561417989356544774800108427284765
29513852753855974676468132339329441284935580273109988337532911839761012493, 75524269243071789143696818200847816465463325547526382160556779122130409000330
11641750198088285856503247309157479184416512454490568509726779973384344288842, 69918743143613141879608009775964353270432298044955799421101718038644439657457
24029172039626805644110938693663514801650872584277076586962068429617778846042, 43052319777931769254818954264868064959933936954092465132141257269701606645813
54358450927688421394366472249091751074174521251755753454279593841708130525293, 58795384516773906974619598463976742037551255655777955083963010055862957535202
9918139913312803678151165857839717564180938453600118806754783068400514951931, 50774206932464594533252676918857017036776957263129812213923748222891569141599
31965887347295459651596884129601337348842011657757778565484153723667392628647, 72561253035881471670459327106208920867267682575385528849416913017451304890382
36962509143121747297430424810665289484118938364558616637431712002898358008823, 45367438498381915257642109655455445791151445445315817916634614485357972627668
61192378301961304468321207578950695992620083280283888741539242920216634646744, 41344944208169489895536560007242074452801572061777051791679156701109097536283
61187434744856380658794691838412816128524243478567055557695320288870156212432, 29994927904649962941861464867643882928693889379516574857561922997259065982260
26022150583844114688672964597397186177606894905766177478271373024784035184181, 58194353664457424081857737958638155908992485568262934526917248870823494612795
16612890333312041161686262464813436475441942280394734354410585252729444754089, 454014258116423214961677415191094161627426083805930138589814939256825396434
49353615384047972543344125497661901399927951456668987142627823766336210881633, 74255526080433214442559811323518219795669193231995434581270777293724975110370
10304293177994517857630422880540656362019979338997822426242773333017960250352, 50473180495590988266681828647578586200550987481393051301544904191257884490724
2452183470050385130499878659462542298647543766738502242029727925677106936972, 71561874029636416588476109406335992966960011158926252466009908974124421504172
29288149591154078956741668677934638097456654167015944018218920393053442711303, 67535578798094569466753040680627589335608053682666392777346673263870241644112
250297046959291139165569259434611210848697808240649934308664091929714960689, 46131989091084025960901344432854574158810000506842746463133329680082697664697
53569023537673881740061050732464629063684023164811120399606281349404906363279, 44018390091988203522234805393900399177333397658449125982548304620232626952022
25779839390441588177483550130795987288649689575958450863833382423744402004232, 8981372371437261376081170454847159417847510654350662264692576560419514663266
57277194789231190835885482609898702098435410351494101845715023345402920335501, 63017337038406445115753104913489422534927831541185746113965176655794572186833
46006139705267975643676191234960265088898008310926888694170705184132869952282, 39478867269363134092994342676044746689588306146413596329729978734367970105990
32798627461494325548328575001053126114838845389234922772052436354904708302455, 31280773480578343274370814685111768836098070185573381828717424878155363086518
46291108140362709820206709459495820124212962257333564748722966942399737251404, 67404335410768383870442211027359293089093968402302744528024990961134655170894
67683310434826369222813960630276104828870694755223729488990883484732299900460, 73655185444840699416761519737263235127714881303285320137197476779500714496965
76489596171315372202521824743096503012499953372716930630566270989757983451400, 503847227658285380400778294983543705297588779812474258261593550950916191468
57720340616275411786024779901806769374838169044831940175740760313119474838487, 3895620270617370488346298450890793015044815260961252705796539141471722539143
25976849011403278912829332501178595009032249172011967453022584530739861544431, 32054897844740363099134785663416515000853346916874695092561557070310549480392
60952919549004960802745905986379051061159788701494873978211441070700841308877, 69820565920426504588782906453417658945718825326804071182732266263294090487745
11562811442685163955531556525481568259749830494015540124098210576064870627804, 38418654424194405185878390310819028678169621704146282187668655152934841590400
41018577570213699857389613051983991268887342058556765040420601572504795295983, 8877519833369723116203070105732865838594578791664708078006310522205817488328
65875800030141089260596483703641535880958501437246097289796646633366785977651, 58022616675261148054278672745881373247718190618669575543505077908002227716995
74648772385561991977592032728665822839210755393040951111511674008008095855524, 40843475143366461058754632817213837279645336267129065140155154300469805109634
21496230354855091522452987450796722119844778722081161158883944833360561592164, 69267761873538966024025460573953499835062759073046452711331274614103058899705
20121653615689067342996950452764057968916635547336030628999809036478945082015, 47700482254880215100107160841366883876566692434331429797363148206396352723715
32281585257684071027464985421938773618564409815533465560486274510063807573069, 26754630255847677988612388838920525479871437276875266188255288845031002747208
63477509839103062906766402337735132584305948846570017066889035079944847828721, 21798441531525897617067136508219836028848846074764069932891518449013033763365
25222347060311177808887533494914473810159925428934246199847364417121605634985, 59522462809929012869065829017679554989813075963243156044129751194399722155315
21757823092955228027205119587651365025447177581691837726086561975462300322104, 21894157205278175277781878278501527787949551719563817891111418046001343710256
12817856316578713548243444582568727838837807916655394536302636658027632284625, 27495721437763466194823604165963265143740892090645783152815522484087506392213
34736547950006317099044141609386231356233825404798862490876760869986517382938, 66526974307208798823270769487077910442068396921520870691282965786904373398398
42368874063111534974509037836059236829826456991011354589702157456293875279500, 73094106155580366464667554683598517109237315002024940639420313540370999913919
21833921070537692258644250218550632084470185507999865146703180956841869575890, 48953973050030438801460221794890650192759135362763868483730367138163912754039
33136472917191658934651515783801986791041965383681276876184232340126374703027, 39466698077159562328776713619156735551134161650989788908125105492779690413285
50467050438504295481406594473777753991072047408410523620744494564585263071242, 75952828575528351846053631502334551032671229288341533024073682431188266804214
44191775686384692880963270048437504173370893273781169621242544070098252554302, 47638646797705735206400059363296510321251304869714577857577524141653604555099
66593836216970687635918462643738712946847730057501958663049098316972010316544, 2828758920449801273378870774305088113439029478807885555621566575755450164438
47636155361883467064637897638061076038060601434530520134714194498760016091757, 58974159410303186681116332109985918713202868514433090758529466164470814071455
35803603698718274414638333571577775611191123982472390391127636494645427560550, 18530328708560554165313372972323274487950805453703468980092369899740408141944
60549774215618780911791550178701545299144835769811047317378901300782887583931, 2780588617805478709001121086952574713777594911168596909384547396707127808839
36213504545956236139151641257768469839173208701178066353899754891233942022672, 19361053286416975409975742419074579120875070233620142380823999626937890624695
16265844016316846154437685025383272321870282952114501669171508679438399720283, 27777987292843224050858752681579976949599166770325368579545995749320116585045
40936212184092344791195841435354364412666163534763697739064851519593094985115, 30843875323725378197698954533107138092815393477762973382339109405455901549517
50628005079981889252843124678525915795245209400774327897759905222785630410364, 69697766506049506910471459763457898097991136851485916371412193866781947081843
70075525079906683483879396264048722685893161901245504897699034378580074498087, 6901840338231325000032141103299351306457863074647551761230323564744534190381
10881459212034977903632153378115023726181854975290069442224792220302209457392, 30602498685604078018784479281367697462233083162966858579110338460716596650574
60799480479986828082262708647417624276767077949499855662757536993660667093788, 30016264335132185798008855880465838233387746070500864211985709717763790656977
56196877963589711717736566718206979210113814035844437250310461762408094559173, 64103430067196710603093172949070402624737121378786483105946625509344949067542
30265917444026398084527828140362330681542223077478052238882261809186719666326, 52291819593028311460337515813069473069948659265262933672978697070464239213573
40383604912022133488833754003267791515669209361666164228239957477232444424647, 10727634328338883851421406560031433508161330482613232735637853454909112083318
62026597390219090420532407334078775822909680711726168236810461350939272533873, 65281760131816757107301175487231070470425098350059978737891777128602720029475
17308572215192810512171611700609630856137226461636423096394894407294101418631, 53108173374380161510083856814267378522509085419830696600093613558945499870200
12648193124072249219422247492012528497610721220627785917576618962654464086112, 21623375101296257450745312492930356945411958724131700516856863124881972176830
29935250722320897631205395554441014999166575994623406929635316981465849582358, 75191707922835290105025506187768845735557403321216135195792327555428839803950
75089403458437136000529482539552896653221112036031067723691671296752663988036, 46500196215393313375108178469282621872915766061366061953455836930546786503296
74676348710429147095426971639228093236367119916221881815321531483741496332295, 38835931583127215429153295164807280767961606394925006673528145338947376403084
45931756808608410711772183805322700680143746093820865314772987154939197191620, 32293516543869621330177318043242748920817214855244666928368354262054461958952
33773648728439584681494856186707373472389325124674599552780221777529696939463, 68291962657556298003454260619208085018494457996133238770520372771258525338697
38739739945855137667568572220332489389081004208464466775970588056166729392513, 25822661641741940092770032026736420130461543577387178509924929682363098944675
42590306387119295960956550446257838995993309321995324059308332837015365321622, 42530169224521690150395356776052013545456348521895408723040469520163961249503
40543420601789255467276824100553068976311608728380517407496367190150332059842, 63949801807597328629035654255475776486962477498565765503794682352051368927202
67580982064903679153854569764707785804960433981035962654518329699416335657797, 76415744792578856842779342188300330538490654368807853307789673138862284327711
11938428796910952905471927605359682447611974542362979040995829967499085267079, 15059387784487292911094679601007136668596125229481187887974345627635742246524
19375430408255983308698217677319015013104991800095002606597176927239992122601, 14504277504690828190204316577966238298798210477782645034978006989733507721832
1143323667898042226092481936338171585061845110025713486466234704632500664578, 36769071016661475204129895335287654603333980085904734891294137098733193140566
33959921245074857006493880019622043063942175138670402643406079011554418670527, 5281956284149337223759249613699870834260668123358018391078892139468215918705
48456574161462835735234052588537106311954388853450147954371972567177219999659, 35541548912201208097126386743531743599211099742695418750882632736827832850966
30592553585561777731502884565890586497935377422673336851865972539693290161075, 26009984434858173449873300671979999871305262458811397200726169452189776750308
54323179787404448803216768228509804248042058156646131504538146635339930962923, 414419509276610538652738217712804743378863560708541481606351646039395898621
56976160497630247011301226768090321370871117520773384993419069718412878271258, 26328830360020285274195497456946469150237961963895638476568706379022093533225
21073065030514748924762927953003671395080178168550417202072492012119110738882, 74104925884882967955147414440586579852161451914702893623065285864602649080809
5983254696632488403052688469972280698852494797146679616006561641907004122359, 1222316264752704528586834421654536567475457123443666012383636179888409156858
408239380717121331257522355338770759662377671581035523107781104601859680675, 37413998857829813878419407117200471018894385332541687055908042885833240463449
30309055469877516643304913371346810348324992659797556012634253013612234709967, 23714411238353574611399395501917231722590246885224282697483417249796165749841
38068249083666560696008786851362715288495363720030080498822241390895339375003, 40832272680392008995516554578604562727285675267034017726415643564828795643575
65234472860761881918882264223568747557200747746855762513049792518962969949747, 38753579530970314356669227653095439391970818350256564306678087902063544472143
44478005343030429022369176413109609656082835311418355957983675455899313847528, 74716333830794725070460106083516110150926192499773827645400536435604779094043
22339940572741659902629640468956451826820523252714998163647302393531361862800, 2742040859673310796399205540603298194773741833562643681172021314207511814103
75554732007116195631589796362611612218897345942843222587477554808358101943115, 784753031968979405172311914719334836476321792617438855221867466998313447154
76637137159392048869820310361900429507181774671576577882669148463106827337038, 14417479331285544871742832186034128822993038519081419643250235823256968829091
14367499547116203986952908019773933622890270416959141829331081884635964763541, 17783925539305594391158910497201543794559461925319829885299005576014457071580
66822171153564752193452610371399779207608791338816014778047369934758375548917, 48080045284850126490371692170231444342269313690451674825200460920544926496296
43199120675423682762619518880477345304395443385768337599136654487943103990549, 27560553237695328238540818024688013763915313627642357548453070211493785679480
24917366700567748498256074872473874982573523746435636457578339708008500946470, 31578922147264138036873606309532831254718846168911301203541557699173398166991
40390051994531169298231578596518647038607686275228405991578802409071616791412, 23502068113124380307622010824731148985172477110259423579110505594770112103301
25642893781744598767468207077626235079861819082812990771031613748193803712314, 9035913839500039383622456593255936391954578912889129299865118189132146791018
14748613319854318617986935340239146278990701159786072646098233362173966530733, 68819274809050769378002723703224284482725165365302979557530214488048920020192
6558004497129238643558960996205193463546564794402765433425967464503124228780, 17870045187984095856449098148083266965983943070479135775177886236648083928024
46811645192948222246693105095508352069651057933553290099986019266254310588927, 55769308100804935439396027069600397104309700602082025201760714535711433825437
25219648863123214228788203966759742004526489020390353420602144518468275675576, 74720222552709774953649879572211617377928083600635147809271295676635845434948
67628444445200248916130029040723758078958135311892158154663754360926532790302, 43538238190864117133087901429368349801205787203731387250585069200375507007405
70920187647096282023237132250614216039403985357755417317453720241228699827248, 24602456852919008120138243611822344154335955687892379642775945671481878182893
63591164792338735113876744511185366832077647789218580326962338910206429861597, 24088537710610114656969342690436917151908816693239866813820986794579433620560
53427625160489754002095244012011299319514772463914596124698814576707098811684, 56153490090786295573842958394061322035516538625875040619075267527358328383758
13408706678315341401808212616181680951449113451121621581392255438306456617646, 72887987535622547632976507825440154460628810525642306529868541628877213687424
21388679888857494877945473458040906443572766700965705228988287830025498487873, 25301610985346748312560097727877117206613369865247570941939684742700504225820
58877981143052280398536665556044898837935243425824972721086787848752613902877, 4397604038951288853352207504846567480884365431777514486260749845040837656663
12866837904148665469864243340018166702207705678358303676085972650639187292028, 44203939901397684148996531440219215673234648890556081662804704996329246486406
1631941417847128897119371483223309255781734055228556842448647122919973721670, 17735546225778420841868327863485511479468270526927373402284344567057185303239
28948194272518928095610226486098082915186107988563522046559409167039956226372, 36197277916497233292639122367603047992480380839306617940085698161638748023044
76832776960352518178969722148770115192751098782434044924937690687916060068963, 47163283187800104420291916750232175813924034227983628030874697938682191677880
6640087771906765060525774833637700225766527110470614047892352787584728753597, 23053023777284635140238399407331491157047578375844745902691188296773765581611
30416098644145572533801145574623496313816754096066530128298941582496187086528, 61066474907816791362951876173607602382286605852110609108796775356832351232013
72205383096660691406760123844816609357495509369350515034124834846668787571050, 49652727905380681289756150853843223888481450525618125593014882569370821613222
41055025504743735174865641440292611527283840996757856147651921348058490355906, 44775398957267211461833544993309141537216187981675412506037144915968033648324
18575391858756959459726186879568912798879889282960886750151295766905303289128, 50256411929660048728506814775989000593626539587911452778588413165395782797807
46156266919232215177423954148083522379984880095077659787053701041547602911950, 25594956758299647744306897278489740825506490721061761113816409221632134674655
40389912053851403480520777065053701074373889101605871957502429403851329336095, 73331262907905445882658665766229707006743821314436495187194581247813656738980
59054892119838087428369399029436992836698270958270517052029335904301671357591, 23085651812985900328383278038228166883097332742714538565250296742129980235615
21824240190101033761616158870279654134153944299393836443828716323997663230390, 810399725749983461197367229051485097348942118235862064563330508050054966922
22807513921559314559967356571800830192725636768252583577590456624778451642142, 49142293859363397746199437522772789232419179447265797096835588702299812619746
47446654071944758248098250977221540579989964836187157919368233323592918426690, 64344694522052155323737667331749371279211785594126688490059669931718904890807
12364454732827272044579032390173784216657189044669936760607136862554881655887, 20625505854099492014991804910768954397386965629643448384147399158709766658697
68666988226651005663984019460760198929791677628233930101525867304980499635519, 39555853270710510221585661985041286631922260389908436312350648906752575180833
56746866764440681204660024641088900218384322701141014429161034134244096931319, 56639277110384564708597371497447983838619342506546850012352996104851187946850
2143743696046588582654401369883878957881804897084922228494860059999287572892, 59159805436782729903643192229263194939242074628627678548217768470895461186780
3295232762780593091883143315678922605770363898410776796605484106281443591210, 34623912970228570966916811276368003749962264089858718283764660186129749599720
66809553689364246077813575974266387926743387442754609145214722107056316428957, 48717358741356320957984824955739962000226884339396586662869780324717736222041
3230998166368607494231807999732190332720494934543657672510779468428022754593, 38428434448034843734742758808776552945842621010437298834265257433409308881963
73665558128802219082818529265343213472870673313557777344533022764576634424671, 17728253646278410401384957387527789239572381819444694661710120482274382679229
48791740580957094923538030433896986220421273360987134309333646646818052875991, 57540507538006273503920837972686110046396019274201787982825039100889846557876
46941486187358397746527431084149764169949873140413983433213487933259107169009, 38651023556981310615802246960959518957307802639142209425678985950860918652733
60006764384561202487449264999403854817477079460771027257571103222626552732860, 48380594655693648566081904488361609047448385335882962509020018983758512201213
11804196922494377093753395134174661162063030079971478834132635315282073182832, 27535324857514698585808679680418095773611230006282659389822013303415141362003
1275354540847809180921392005879785647270682018800456482769152777824427993875, 7419304243401810927902825399729320803846440909867994516423238614686101750229
13295691462360616609816314326904296908444887413662498841260402280282337358762, 26761143917837288162383943585888493234872421094541342911047907913155649262018
36955096268775102823393479458666669283773127746858379504338755509360609471050, 41926760500884377232782218955590013802476879072860706459059141985045850972102
36465705286083705366698596920893248572588661512120685352446374401102439354892, 15073097011357217142351752787727050524138350834274792140040189494496961578547
72857267994372729914099757659827869372763666637816605164073599571265451818037, 57705684596420886709909063144211779236072130561067695869076022879389742946593
42723844091752622252446385097554612703265917669876188166440451719631956426346, 14737193286518221895844048721590480395132605892681915619047764221153143837470
332488637881938665481819472804262966859070023903790910917023263027648622337, 4537800976380254083428388074502366767631156668952416825305011799680168448194
254783935643667616100315936169820911693088633231426903141778807652982961395, 29635872491565436292134040118591914709663689727834026020695690499843400971396
65305828293347228841115669297697682962101266915707015036349704012941164474623, 66762170979713032986179715225089922757000017292033267288179915905729940055742
39903607049564756837477475982149103725433307529466212448512051622577977860911, 27563103216878267237660341184236414899262245964349989272354154252839073079123
43677256572587321089015563447455781991848565776878437555813059462429950059068, 49387003202709469359515356178352251092929102990524802614383392000510796318405
17524006877618179948238849244193125057071804732198809745594660084758648245990, 74174419701381465302676271955341188061649210339318846941741692913054594714464
12479308165349136204956491140490946497889271646062107469971143989861938028696, 29167972531969032591652515780369001601370720964729711778279044665219531229733
32712133816316305984798907385862832984389905276167935798025806816124797477608, 10758274598758191510773706173469327411542985652892414597268964536627409291170
76341898795619987484301819085137960032657545070634290450054946535681014368645, 61749701190239929799895366218338266572062277228986857210964814935077537580457
19275848710217839812794961420820499583200340768825485790097633306437002982777, 35660115334581255605125365005803953344474452933517562322291514386698166928320
57991556355719988837416612252100506400049913942077438325661255295961723672136, 73521106117294066265541061520855041555154342315467816148807136553500551062005
12273324730078491732411912886793604064625399162071129599001277906169336522796, 16592121220225324631929120438451703591587204810525908991987417837818543366686
29650835553495092733731072133574511503546569891884611246998069532490021506149, 3971827858598989243005640335929482665771751243356568364495971492908070460336
40877022254942196750296195561111689026412121897145270073642763167064293504667, 13858417405872520257882724436412239576197504157217809955611607523389501860494
17282385034799489842021246497956046124214719470983542008436482690578089740975, 8280047831262623514955077442201858259021419863607453247237995055594913377273
45993373750554479676619689362345808630988115628157606786785572968153326458447, 21086349267916442352537196905241430261288852495064713741923978317679840859472
3148689327206270865900920835440226150420199643003261631642154390949712993937, 52663562429749697254025456397044369438907262303748313966665758102609850657724
55233048327261579677453339625071381638872079993591423947629741335265570573697, 9058082133198247372053943394784324899481937116788445012711168658044004066256
742547397979711012622209191629237112692406043240796380840075419427960141832, 64843392352959545682743333726208651266032593713576199254133040966372845219747
46216160708217969592428341169776124208859235637724874284684810149263095817787, 41974004218127525525268525868911405433299488746528761078162335968601355943615
47863128796482230790812843606717377670857364559874550492626099113905685196053, 38061258272908378972355942915679689926479665261033322049174425535431900777427
37258604507212812095880706270929673415390528333796601089532410884017306373822, 38567418357186826502095628004897157741293948609305241179194750258846295519857
11589143964363245117688064715580413574629901395648225774071449915221973341358, 36681541043068108670737632759674651327403622139208912454983428997146687324860
26950008508202825114639997294839543058628487877613706859886822266918822044447, 12768980429772423451762766813706257643761581178764118741654196931157397436859
17547182246555383566192571458037347840016641845892407827036353781077119208753, 68040844936824823681350357596969091066973016623527605075002216112554691372288
61963221956062079884376157359877018616326845418471868230637049101178343748319, 51608143005145115489979719070209301429966941893006472514314622926732514804944
22832826973924528977158257134568987409420068840550015174249569036523289958555, 63408824470588454753645781849332002670883104761035223449427485356319177877389
12057472611905556521325592772931740144255340665332563886979947562970519084358, 6046116022645840339631823499654854320802687538087354826356548933861373098478
63980615195105053334979696881290526615775202858352654917960724484154466015433, 1574442762329987815885211802604759843142218230170955425042544266275601957758
42262316544036643052511867681714973968857625245529312582620396535398906083754, 23900797638831706619332101060201394838035967952006621107022225713726931295608
57697865161151820632204475370881653676029989589609618209880026567375502613844, 60377914240900872858958500072606919436427486628670866901962083338422828478819
6296126056489115459773872329006501813774906108701084539640503877003319006292, 53579355617881435537531072054964115268262690356036221428749389451594300676774
43101785820875174001070419400994242401120580818571902898889274549287081303741, 67678391995677132636714009378321492330114510973549034583767911036801138644634
31252806414824076649294138376020971907204579692277478578476987428240972146088, 2812761719971563640869583892892165943557253561578412971128106600142208749097
74416121067360824673093717899517428451121825735173363636953329613681601858665, 45329906060245447675047220597604333375042980522584764582959627012834415687148
59991977641460342853274378598167243928789679383724803541749867302709213688067, 4836406006588764462406421929364268877535481911407240299730723503026433552104
27204111544279086978228979821985721683148950136870960402479508973008025608358, 72092470617270038157449702379644121878147894563218196401246807511175560543024
35559182528070176186985798701231474347628402149306076107700854615892849266322, 34400716518570191461717235448056724922918760935329191763296544554398219287954
61510882521204991881473951362990259606808714753214543325145758584996250746184, 50905097661408083334671416727945079472920082041555805914945490029903557867304
56314115460357239639706404894635515032914428525773069493747330565588546938136, 45996328966867895910156496671118734539920375940147329887327114818827445857908
67789883692801826500814735118026801967431917992939352681276590806329203745049, 10877279385267574771671296238436000609943608088327931280977377185441757635682
8794715772634681491348714114823565677305467590670355499056719111089859837600, 10554098565545980212440590262293198059471270841914739485228379510828245517344
40069173058017732247396406643343673778019793746826017552177473276125168724487, 40215609768208040709008481743046340272584206053459755908552583301289372377615
49655614433646060997672374385704276563296378795625192108414354029472532974163, 2333291350967198034479553647581054824159634237487361883720674617598114999998
5471345635537992266710452266977420238117445036424866847046076393099852086935, 69096274154124249857328498678554431807965546930722820586106957316303996174138
43681827922372968226612079871458132916836614965849568011714185794630453426788, 32397754257948566599840212173301221926388675581037056569291700388543646924398
45225621828984034213598697413158357915626419272414492159700138954249087190704, 33158572733591889628786157738061125020750564955364672743432789193753749447072
1914846982787631040415592356674702122706863926894641721278175662489726776810, 36470867659531325260839624610207580133793067005280725842003042182262777626503
37105673038431191426553729056440527167278248809887352072939537816506384039701, 38570714380936432736942352112121255371367719837333276346176978593489969119064
23903284703872433394882498074941682096664780370695303102111885804276306892383, 62109376650272794183878710642795840274867283329318613591697781355724639250200
45180648934768409087748955648764326835293142225616007601669773914989427502645, 29063749742027100408944589569297506725070689479343377498001993143676055115508
50202806165859959532517795293803443918388299182977521173969101722604778551064, 2776140480077412491787440939814102525160294263024733274822544750452081396943
4557377634991389496248889142711999202516428891863830910447575191407542149357, 50702733193240088337985331706506386150316001297279195939478160663020513489957
23070562216165344459780466860099634860189356790185194825173130606826314571102, 1117559219256020390585147501408429710537571847146441417545236400540286232840
18933014236487128311484142679641262384839008993479075137852552733742842349141, 40773831916328759250820086851469941165071300176039670738078374963370851039377
29377486203069593167139742734352548859343415076751463343579029182540155676305, 65245347272064436500093246691775074384014401319244571207781654743909255184431
74548436308940154238281243834466272705908688880081846742789083908613784649436, 40110483350402646647042794880461753887844667054489375564988081081641197659450
23006052344592628946407384692552195464164177693423372662109682599736270380926, 3850362024591645103690512774466189659061270074634918063397599983397162597237
56716672712350565725516016195416977345901494360023922310743007523216625454195, 41173392497119921328048493702742455552141048129974982266393015787870430010352
73710458470092331162830945474964602254475880430771336238880260020925685772522, 15140883221621425973184183495881756735734488908093404031098396027280445153543
39866903523152979852667192533603371993690803230449404996604639647512826621710, 13394438986438049125746668209398936846121348880616588466077694794425460211071
55602690212338326719327429935136921843326546082085609030822438831055020518410, 7447617074975233829016146454387187418801235489529577298504316489309969880125
