Elliptic Curve: brainpoolP256r1
Field Prime: 76884956397045344220809746629001649093037950200943055203735601445031516197751
Base Point: (63243729749562333355292243550312970334778175571054726587095381623627144114786, 38218615093753523893122277964030810387585405539772602581557831887485717997975)
Polynomial Degree: 9
Polynomial Coefficients: [48, 58, 55, 10, 26, 41, 37, 28, 22, 45]
Public Key: (40535530756408989287179758599386141981986732054044436867483661713459612515526, 70577833711187788233137265409201417248419046730307779834081726962915739973174)
37015232939763004783431834926627771092908470675805508660762404010549277930664, 40434079265960467715803623337006071647989071847450626860675275001876585794583
63209819336993487918885845767799533112161940211422156421063785675702388143314, 64107128185326514121431303505941366637617434567741217424579884435527200670549
55114873110040967778638885532779560040942063145054376432175229446746857932226, 46224832804257072194184304177589504560877196116746332847446071591643136819792
42933708287030387361222359348462674094872687746921712090099754089916555415539, 21946671366834015538292728382831950934413468083510891511332634836075611416235
290973114308971030906098883337856985621336979453322882926656288288992486939, 74982808122645934213869837833729573205949523158497356362615240989055089008823
11895283246438705389800315950641470212604343556376346228143731925582745331625, 5547755651710897297829438617600301900664143017703828378818211260823087154841
58302379048619140136016557352100068627851743317355312300556227341156541484100, 14455626299987498747758691852242867898516882674983201602604948564207065028962
47136854629797784353511062119569864107530985396423783576518300779968954385201, 74969208092690178718242288423165382400250797876641016106750269970976310853934
75871899039194484791010688113750791154730754755970923079145502808384750619670, 45025357338905097924797323458834924130285245899570971039139514668799347454157
11664377179875628176753209180663574114424871113900668087005057237351982609422, 43341974349792830736253341292420135308959517993158701689437491175088752524645
48329963241260210032573814026842597945713403978120708112117963274161697644978, 51864536711057898474854960904099913445772867533275437492239058853046877048716
47188591913845331137884898589392092100464840149687471622938692813161864580252, 29706314280964815586539971290738058865392466404167169174603786648665835214480
10956770078567352602500960203967809209120443825056656368061048939168073104505, 68123341878071929013247615423911163500930995683398935787128239227530046089296
48412044766605458026598078999060769013569566013325052885979094411907348818680, 69376752524804119765699460240789400702983900038388878050380084060093215244829
63792664658521244687344747936703067164419633654874985664098123279063292300, 18259738061567423795129022337019044763297847986453220098839895504881960876248
63112413915796391844350872578701954273794502525627162995718597923400055822888, 60226988671864300514670677048734277037882444577399586952082692282405899046969
16203147876032933311469292095892576254285852443643304673774003938938525985288, 50210009375931854257015139701468433784805217070189596639938230109860402233260
69456909174267618097289575844921571728024699914942455024370346184451757106876, 49031832025215627438365521851342679382369861155479154100793945929486050212245
77117366265487020006638994749629915684896053671232473001899290372528294035, 35860459407697782092666584843453390311306278170248481855379621436662254579421
50454259705681830532610542030886254262458171614577495549411341647313695064995, 65988676298953817331800211826538488879649359066265376243545626900738400963582
61759864673026991426043965964839875199266149228325720308254241282222649911048, 20996828914169050267594586065402626473809323865282781356316584537282382888600
63457151910590240007367790316372230720798878992335291861816800335831736603676, 55457674147057935934678178251727381770051415232189686566767056204594344307283
27014668656811011026155298694613101244437984384886434393198121945789031400801, 75592247568559066867263084061449574475994960315358047761616904468821867830803
10344560520414548967879262781316933685181221967006532306112029672533176280937, 18357179838621172282503024973885503312050561443684054225310133949281803463202
63338010712785713742023084617926537398167072734098903483040091503828200290994, 19596340272556293577125644501767591253517397895103902025065547102874504225845
56685319206427668078905831300087486736890916400568701135030606505880634887469, 12035959369631932233928020388518603853433916158903146707859286607903970719416
69128431184303462222970049459384649336564930043232614429639565162355516096664, 20688105144225556431715952975345859196128384980848039543555669769179317696767
26492037633981880657179223952785181534355065893001469736677685975934132404679, 51838008305901264847826728777102763600739766467356113731040673345677801281931
23359736955307085060473139324998781720415069482282454242283413450682759174832, 32787466440401462026121956201351286244026088280996214810519954683883359329570
3925490760503750214902383231136668180231295200190399914517102141562079037610, 11975614920985427781161200830524521585259444469850322855157090393104263189507
10867951208560902722850786562321748213372982186194318847095481754710813801048, 63821441212801242352348971389651981805931051692061453470168495889687748862481
53648211182079103163116846196698227267373752137348276603472095235451905353582, 57981453481030501477561596967542511197839398678233120346334385266278443082110
11627466659840682648728149209353283122717789426217704897106002303624090048677, 51588571049006620562304330825299596691726414523621413997919698937754105061122
59738689688510163510671011022752864256412700949167451977103420190983924335665, 59458520154848509301822068718107087445449708420509076245664884711458009378296
9180005909271200841699645605229035418993883041179710102924059158195736198298, 41507951176834915467775089298620204972732336073481685454280358097998493934740
1954484938847578224838094715254249655365371120113303425375791966213274453934, 21093564863251084478258154336714581918284031581395200581607922999467619663822
61791890752893849847518677809758413288418925252347691700286125830444957239598, 62320438128777215666791129591060293844421202428637799657244561805215620715003
16921116211659197683558124106307109057265596684361360596648662439905116457188, 23645930985114873672416239961848151472949028978397784061712082920931955979281
19921734227213592780485150024855497368817503344632925542479802811493265296831, 32392507952860393941628173590244821740024023719937490799519392390520801410234
24106830858047010717964648407290988758655102520383377679622447112672159025598, 28422851101583643782375578832982930908900782898666271686541897971306123441639
17617460513370245173429402584648097107793405188664548419768317868424851869617, 36833562081959982362794796380396559468883606368581998124884584593426757996931
53743178001018937002442649646752751024299799391321653192297721330298172573271, 7843278852197631621843110588661805238856216385705290744772764908971699562017
23701739003593592478681637506181128794804896972448225057115586401275056798010, 76157322062213999280232347076747164043992558162945738542959022217769252526855
30925726849442991639986176721845650670475961860959435280740248116833585234987, 62849887013398613603732486758043878022870769199595910635444791540408974660336
27774472371844675561850834215359878652122938866620176420771232902558019904361, 37261765196182136448855904126856670840672076643654453137969608725887939445126
63016374361812439668625093027461286167922790436210432301598321507330231446636, 27157844212899646293119934054516596574433955175928362029495861239247607799613
38482924558065430613122397357152912988495332323141521763241704815483601353722, 59038501262468994929770145161407558782151982913770250360946859003474130437926
19832092683019498378030707272842874979779409143032490411913124156607360176462, 61471018156918686883204202573450148215581476355146051337220695970508320303524
29618282311764553199614473327092184544220432170416412329327359350513968528368, 7040905746646896192776793276293740333889429412789930175317682903523282286931
6602730993528183793599506738012606268512452387777219176576377319115074202174, 12600269083593638133525783507169489629154919507449764841540185526451711866098
48785232397109498576267206255017519660635497034176052351992894399332819673765, 37137316662807503213525787178656425743382645742261732994714759878277184983050
69056406865393902406782710689400750660804334831215649039385745831342340484699, 31734357439157681691639333126357175326090262577445459932829907976948772967675
26841838734451734686549277599954021934714457785777093327842324380443637729309, 25939407537171209721632083981157644289736099719209606631794223374280896431712
18615198059500691879514332863913046884969012681211517634131638525272913456191, 26903730255956476760559288023749951694418732061605724272354646310614127903252
58851642582604885198711423594102449505996617433843995773321502793815095814497, 64271823663128992184601347582287757162551522806269796762556824811576503744872
36330416842712775657651210246257739187259536854453486809885016621464618976883, 21409418930120239046882200002983792090813515243860178489823968455028236502287
29895753897485668852545950590530197612707369326767599519133362921584824336824, 43992150788464277959793937739921838600879498255573487145020025462731009898183
14338188120308216780186622177478137357267590019059985513494230440293839778771, 36194880266338663417898192537198464803688632008722238655232427322922877340739
26358675521465310835705576730271430307886112403519753647136200338581975041573, 46911410458390939701495797850276062709583990501023698581863823164881426046702
32532772732966496842053737113568296080899875035007079600076349566009595120571, 71175012807762923071530046801901747624326187851888118954032409917534893383452
47974915004696388920422614469671809978704930447286833974626879829087270169239, 60063162179831200211457408278002322457106237398696402389803677031473082963933
57762774099403605146959926863771110553754216116827740718134078422955003607212, 1238954331137205506918012884616227913457615648175265726888323497934398602340
16013046222301617126901804022915233866073757013523669538525671724678245705308, 15486469466714449785525226973236218077567214169893582731464914157564677813643
64497486657417620018707076170101750531662230140303663253613523324445931506152, 38096824024217468338079162229733515505244595287927724568012590475446859595550
64036139068579654278772929197177511796663667335563198953192501973026205406011, 67068427510662232234839131185912404029095032754024848984262734661862422674738
19325355967105147381236732410991357396766510992765206178858356915351689565018, 6323737243935771892182049660165195561635222264083995078028158929126700220841
53908024733078216721123156165367232392566523458193854483066451568044153107740, 38492021882689202807686463574943106288604138204499779539398010001945700170682
62686582247149997308544589205565543680201504539145301712644378925847999486914, 76598668389806713877345942881453102718405853225604891508939197921725470577594
73762162467821615863380932446763012398987986087180793076878303059019892360957, 19383704855842273419377297995593228659161339476254705389515457115932973288927
18591209100095123664288485854075053288864314412723880144724582215096262870662, 71313047064573852773378763641121785610411205050082898585277897517326585129612
6689876258741622776232556146203565132099326073625468347259464524207848067370, 71797582995776449466757009951320449493429038283757634129588443612608165111137
14482772016568887840747579391363389702019243873538296109815214522666438758998, 35973968703554651323198604092852892374914627587182725994677040417676176356853
13186319121133847496094231541216280020085185230093470326840676304785572108117, 60270309650055822732871305520368280535009007345979523125702049391972804921365
45883163009363946135561609048908820481003367015578949502568519237788303731554, 19877831294734663564312137266230127820357726570468366677343745949304998877777
59464448926684210595874423751375029833138584607796008677868693071120258379529, 23054822238514904754463102892737729592816510384166389100769359639657479062101
52345387250517905351704104972356769812783671222638407642132801584221503046553, 63613782702372685250464085606262177004046139755038720566739492022287040430475
53423080188883756598193472006956693072768763447282703268607389767506254828162, 36479416110731386386289656275018418444725097906129610372906200312589014258023
19807212053182054796195095114003669821302018719213327346973122044815221420633, 69758560142958874987803265465296346975178148657004432402785763312114126057882
36064324783188481890681972004424981644260477134417103668068593747138957992203, 58055196938135340589464733388955921286410437668174767868561285897970790632977
14287310228401124498548927213256019875230392898095070940534223814176723495481, 49833565342355432430046992358359504901923662351073975019090796686449704419881
7167356358376671685282791873341153861104237670294139829687112423702989415998, 18243069646245863096796541288829309106128906620438744564686981143517839827282
72118705848659003577465290597026756028000788715212580966199760257758221641364, 15870810702563530590304597702408587307094880822178092327740661654271699133099
5994977476883999092011156722125905628321565069195874703675566837637844457807, 54083187555977846339298628079074261123425957800434371078746224424743704324604
72581529276692971178137326805480576650745433674908838905222732876954099764363, 51915810986256005822248473359808961370913419433516118535312398772770416866120
36116095859869554749821941400305330666239565607835303867536740118592077698633, 41921169410649799761431364727893917623830798344080831434788415202950761748984
11925716289005214774100416687691770353233874157872189452774471329806326744956, 66024982608482800107324674978204942066202559600813635054335240881386401066460
61372608325743309290314192334418619259100067921013105957694283138121152717691, 62058033376002751684534110078971432586052251994723802356606340688654908145253
68155020573659055184434154458094960973860577665661368506402739519376146327525, 66276478757918631328923179191687778413369783611759801050595872725335702693785
17555222926667930494546007125779821029942818197316662683465318299174252997303, 14647313420827615019219019505164189082559368502106076363264955300584342569048
8544986578541029459988837263822124942667025103676983423371167141680551806511, 44683311959421269824489744337934232931143422226039357861650030924687842879164
59731907788558992571161685392265268124087953285664811900858011295628362952824, 12336602466872880745748048855526221820189274656260330213297836686542722274030
59957663618245805369047426504799356823899110963372283722255729141245745953639, 24427574415719495954719852641887995614140435674487547924711509501826155790960
40181861405356258207914608683562843301755600160956249034704867874521774891465, 4485922196248940643579387682830884865171510640686854256927794834714886735129
49517467790495516378094856640320868789652523574766671396188625648984619531283, 10141755615926176545130063550204835644702465003815197317810406831077294497027
68422920358105410353416003328993739259730371568301113592621051163409460004722, 39898779317372101437195024424262221380577739614288626278373592831037987015077
27554268067820659656160658949867422709315254317592187538491390455174736605462, 16395175041001477068525377524175692020041811713440463400177144560209623251227
60647194288329795915276185889653548946914379772889995746473741158178309301737, 36356201154516632692470442209689081224259522868528787065921563776428266567306
15659542311775650161382744781551086242872272044311528191401495128911702718687, 70132135094618016555348942839313609592736045270267076812493014441561197863286
60579756024430718369926451518884903460921090092423595266830042734318309653819, 19302950234790946284878727577051260756134445194022385247093602445552489191295
63704889180506797448095134316731834165799712810233599572578798273950894476861, 45215418458926810929563749382659043052142468083437546820531619430984529351502
43287704519382242828005929291196481786119017166470101783113606343674834628387, 64236557636786649320386232369405046430262123508493409903333095214421162636674
65501115221838432912800722660961825779856491170120908916824179678532848884748, 42090264609223879848369671723575336257517684776789635367736970366116071658585
38560517564093055996741462694516868526812054542887805899284282754558119407648, 39322622052116747795840824156963326367534329522425184901711294103110778706672
47835083284084298578942657283093249195496397458132871751363943251031173530553, 24367945953805728478506508642733017614556782002702858562807828960806579752015
28116918331961077857403621380732051543169663682419604965889186310503168373118, 22132368347764367961030042723867747376692578194865474632118023647124116386926
23421837264475376363038028982420618768872016479729496242278116899629644840708, 64886079765591024281870336955986400874265268220444291612414113234655679066605
59232475382986720713794359262702608538062226374204473678753888354106091855454, 50713091788696609097805072279908282671731906591465241332702577718184692798262
42216146299308460130395307065761371133674468162847138427737453030024858996137, 34353116334519246134234963064181375166142048438929767204371375091988907997924
59230801727563177217543860783438292474590993467373182467559737334174859196849, 12645111914107620444090914243647520306133916766532462645962479831316396773112
76500548206893583692432073064941334856770648950672927716737076863580039156364, 22065589530943986471541548293967988284625554441805383145827651992128929242712
35002775631515242182506827582031950508669730909813386320488090111831059525495, 73276253442636565031307489187941739953147656227362108445853639081961843410478
45666030354092264475135969033386648593715197452936051000333032380332359186355, 28617767322974764790316597376955721223463148548344582462395836878362989458975
12085870314360289922706667604552393481597281924865435576113172078805797477484, 14375445211009153562267545144382574714549680855067344586741071933360457071137
28493726484364062255507373244284256534622625795757502869591841127452372986591, 75481583156581584006300423033846175329201479025886550885567241957766842320047
55153314470197704720998432552270978603368820111404741097971290819184666359269, 2209317486898284844891713727019894481580057491082035855793088675230541449615
65826668793016417046416672476875266100192246301635770927221590101327000906335, 4540483463552867587529122714548142037203173700657651728041450535337971957965
2214656715821566876672647996195382603680553230180516376787836984094195750806, 16019923030073847889622408648983726042060354822542107732785361273719969018005
23855193838724001426843887010192076368879577315880039378621883226297149810513, 21005479389377291388068283511956554236553386148858787379363915576869916924454
622470595007001261921856559960465774667205925128538634787715784717674168771, 25905610650131864590022290316548287969031045028793904414507750322866075205219
23855983692338240783813080180569081426989441147867629879207608692414772930866, 40838565651545709704573810800523556663087963299891806498936264841573136289041
9226857898636809111363243660787543505941113491547858124663518422135058064098, 12701104157825717123858657399053508096870317422627174655223104445611450902825
37610654690796771640800674809515677656283215618651457262178603652576283131034, 46674685849746040693827686963122252226296768989971788662306926216637923762028
48090104548563450206270593170148520411894957236311488551414885960521701738872, 46535466214559345703738078655680728256990590545157707683936427144694971341720
71190441930182235613999081214985559723188657197298852495081174758504481597543, 55640452883518934263506719833349135521670036399607040165911513585063166397510
20398764742814131051354056186896554661908441254112918852593156421582617805936, 54444876205813759742641193657487798876049121546971534187874858717112617382944
44724214394319912401902050152456834567628965861336011317818319702298627758188, 41798820335425919918650603884870403584729908182886734858853605379087697102718
9784882444677271746937608839918101265265146264370160292447038355475718090251, 52078974918628469741612520522479994079545296743841403581522654021018015736400
4669936532396528173383909143423431778492111665019650513417143407061023415315, 45571520589522333021726127031343428898560903578974314467904686358303833629715
37308115887577893217289882739566976576010175700315674251649511989373469180974, 3729949751622457764688094676960725170080281792123664077296835904479830889733
49918817019802980298977421670159676783331159840742285711718797019522879031739, 20380820451531590986867641129657748251145455238754930091437543619668391437311
75993736610107602328092275188179561388068329614397324559181992908435789743765, 22936214062031074311104918811207953030077237019960584706853241794160353180648
72369735561885300365745664143470314030660125076956688619116797309361165058546, 70708535593039969630741870085880970119535702048346702669919186654276011658342
63130162667970729822377497501810365541637828112251320099177360579904203013627, 6897103643040432407629252277543679615867551557881865784948318784312078596244
31638247534389162875066127515479108318929236842747297538496069842932288343796, 64185091482468174278102009754005688472951751529879721665585434724174434317767
55969009650506794254550524475475289139750392472156194438333782202837857307610, 27483464811754381684477436165479327988147952502189466786362785529284343791482
35029309702644679572646550068089984529075961851139684129545993311774166425197, 22750182708834841031049701826665463633612370583397507662237378266207668721755
30557394935097866198605340029894326714556196792873822436900576288536950811852, 11763155640958442533401817419670218497836723337745982230561775409603065719983
54868273571917313860304582068438732254542244517111419005583632760481995731547, 2858774969973515930018169173009818768624464780814343959058078775013954365081
33210407736666807099488894888731141224028771590464430290681927116139345723766, 57425369686128042272551960252877647349939822407209865083640393829272418217333
12460484098125306736065314063570424832989201451106929207943985430457495128833, 10101500934769645735648011597452538351028997622210964660550779238970298740340
29738403587095771028473587568177467175658307292247815342809170067205638306609, 33376285561511877863659747038588987910025642133822408747154234782647197806947
5315562888183073440516223873471889753255286934921838461814564799724343993473, 54093972975118732538649508577649643939286205230421590177200722562388803192103
74688990752483100805852065655113382602349925536597158307621057067601828619025, 8975903205280839265188451929596575463387268605757343027523368824341627154914
60829691880934239429705613049430637683852498815342824137624116502595151575215, 14074020233598651164439121428146367092554013459394710881152571383216352587203
27248388172594504134018264523170586551587025230648501159232863525077168431746, 72640594859726855137907053791528908476784785005539647980009161390292899979924
17779648896836240493996836298909907051794834020744322893451524652719975171612, 71399516812564053559667238892776405996920293347967196578741365622694428899977
14470519151253406649304431115107674977111610897229674632851204284013243921191, 54615767913523970907036428108214803077015389798921507997163417665587721070980
208959786897278705766256313646935885509666744372944181337946122025294420200, 24536664520366399483307772275443430116020071123800813842807521150407494150663
24440255268681226206762693561567461914596186345435041782462167120051607096377, 68991264633495987011580008400316315530736979288733332380807383511953355402410
19606561090643042201755257116673491454734842361661031968093548868660483295169, 69296031594247900722918131753693106275564028438882571603595561767338851134745
11409857968953694946976556265713102794021971040904354136441942976335483320952, 32369043498106732990873963890989350919833909617685089030265158414933082027934
31443660615576243665930365057063875732664873895451982195694631605674831965231, 59387522113604364338058531136091066973032325053229743642100096661819181301785
43253743924218573156127112975677350182782878821919502099113113182443519894875, 30857617302934974675648386996701238580653856975374741008927833283597860221250
49798605359662003030260770481375993697707797941617540763202481829152480654644, 5741617109739615641814885107860576846841712148147478636526189042461912099578
53095849247871737925157238066067747424040154462257567543807701805852423030778, 30242712167191838502725916415310748074839001360838849914099351001427067999015
76279658064247021324331697226989057258405713524801550004971186232822705127228, 25194021410668149672551255430292124233604685110363956211007908636564430947929
10651168957391674875582571227962963702036455719328733612323163217847927919806, 50021905321003717681853721029912830159314381624872188329887521286607590579200
35387337187631746542817022119747979700945088437196907613391145969418917239313, 33096261829787733902738428636514075045640359001667909490840389302616167084407
19860399421690183843186194406787053885492426968438023718312108232435396170441, 43457627841774133899615541518469076256696725807202085979865563039524993261710
75183678932544436483925310383474842665782305602346980387076767367411627750916, 46314909276742202856866012797912878983281066463917997844798534067107357432387
21388452260385237091340115488094334453725564557095300553503350260735671212661, 56476251265500929979422602731135757185588170054033553983517333284716499820498
45000460737902343702136058413971196859140061765143012404429451321117125415785, 32944633291969774722392286977060775472039349713963953850130100156107469439433
71624206637104853982394881402075672389999394404101798537718984742577921825102, 54248005976811559330469867930104880566293882400911852272087510416953505773483
55742238167416380488113200554060314163279023460584854390344705870703569808519, 55557552855428042461456853412349752966369091728554558211802381410859982252001
65182872537099359980275551077753018620711547312278339696017617982985270064760, 31000434910569804392781780354612347746952648292555181880281526610500197479595
51195162417780424763078291860367274267562199699348411219296818368661893137581, 58224960514091891830246242557342661726611385308462842760953742650804620029750
61667646917971313007688745011406519433756405651407345697558381178896969568741, 73627719906353201717534426754256168783086345450160374610479153769356538553003
7631714658605186719861677443865581542288086352893676548695303073638807381537, 65734706098094944195334746657539661610866366106679305335602303310256875487141
22865116217398098462971659195000564680256594320608257836879189243759073259520, 43160856504962832339104044079953378696039297131661539947727824682774365087237
58643414968726713145151271719452083466712422673625783027064617064928767901123, 14881548757303987617497555945897225550105766543136713596754855243759087108650
15588664265451319660966437346034080896607447507352802972663172148870746565632, 63850973460409812351867056285225427104393715310781116939874484482544852203462
53726389839606334390405826862504352552170324838177185931889629627235029354186, 29624964306161839202257634416155968792132966354077478359341647438811539798196
15486345553156372855837728984946967995884368554770264685368827235498958504048, 76554225289424498943243041612859708532120000433798531749029339163226266483076
10708879775305358152331635830938125796429653645195211790498250657850808846917, 47187028575989513541019831899891598794466348274393002001490285484939064937663
38890543329774122067895610096578265284073025246788787378050394407093447893806, 32935444303298814793122610111270987917440094864375362503464263601038198805134
32705099117876738699880329047303142245517605986843442877057882800222990219870, 44260215473309049493388347043446642536006454912038520519998164610046975363910
1810358114304553389840202134532610244295999928073157659211246491021759844800, 8448882550746155731185783013612858522649954780377092881161571837049414691970
48384955310545670695041601390232990124284641673154601764232904339661440458845, 25459311952229163025890940226944854124234220484059324464531736614752489877048
25764831089205008560711801812189245234554546883103255882280846886461320330722, 74228323622684958266716687611686090505564785049429051263474833499391914910211
62916255361832796896302747828590512321830721088890288871091762224766633305346, 22167937100434391568873891643857451748143654118045796152759183335635459088011
17781165148203694492176002884360802650183426613679421904148122155989239722656, 46173651414153231630294639746415956965448587817456623805930526970348196268890
9371109660067512041643719995416284769646278444903422417438762959455455359635, 74574004362009566150905180294839457415878947480919852891855882577701715282271
24889980926846324836880762431552456435122732198272836400630930465941810387991, 844535497683841477072636993851220356228527992915553614046874253598018873218
29976191160732275815743454639974436653557033264783779629675560437694013367867, 66075155264252573209965365620008400671872354505413807205136629469173203875715
31857094640413568889604657075512353190390162838745153182677025071367755515363, 62366959384675876947337853944357714563161992018536849952578592574388734736591
52365421046360353940328173633893214364325009032592481456916188996870510008460, 73543178565026732345749896892653965794476702470404600729425735229415152513939
49172823882235581647447993080061214129136751971958002485947578041209384647660, 18010112458028887021215971549996017254255054619182152547964789715246337912765
52241615341035773870379742543746551890590874692284153744063552848354825979860, 46595589359803410429622890637928638257980206906710145316860332508570513405314
43441168911203023559657662212436565484308508066476654367980418965522118152475, 51132641094141301214613765331040131065732996390293356015167014142077138596011
28003801277150391115543804115010516253918038899676780447873235029316139356800, 35025489982752776822790729303754309072330607431455732671064177842747108939475
25998247891646435103819226971322196171575980414065060271258843760229989451535, 43174786474437578008865431765644153407064186820503275883731319809953142956407
30511582398250440493503404976837313915529945934469112934750306656607110918591, 21814645116087699472763057900523990114967176162434487774522509638790974060074
67574072252485273316173131477391778347908526736207839116209537287451552829937, 2469271350712746904620317464005890429566683234880889695514636499106679575898
59886226278650061554333669031649259208909743698226492327612859942700578218588, 74625398793726747920633439543530883380790751909550746589953062585426159518435
54001581980585814198315738305724437304591235027441206407968823626703173445273, 29393349826347056319706730472941775553289979814605264733584796122370435911679
70362878468183769705078135414422525047448694711533334899423511307458450924474, 7148255292428199688478973406186748176291364144840781708483337133177842153966
65485413935892770408929338895986400151022120296923330105032773518106072399899, 43139599086932368181181717036495468543365997133139481088025018221543254372861
15617767404361619279164506432327977062703946067794894556316490488119529051283, 52536252464253059335456674377795227646159725787026574526079399649475950630861
72652668047912258698269079704223079669867548929761632982216265118708047098196, 59541286426311118838997285804429505517747072757492141464654981210688704435992
62007566535408397012084232024367989033293978411741479381178393344119088247522, 57284507278146706994002619702983749985398551267042893246657547174864590255036
15750567264402272300470796482505249157355016755756692070412828460948385408940, 46915199337050686901634091016176206731866441168761569894108446302868736560147
60418056250073307574717242173021868322581384302546849916149147366758577339364, 62583319409655216837365408416261459773501641487816002858056312862832214589775
67977388629496390077977508570027101616541460983236015564591547414614067077808, 19193184348204777980464933537335820924618725693258487919019657259101801596104
57930447328731386518010111156244867001903680243597240578145759378351540844508, 59856292254339029503035770804096040693745275623350440919331701978724672844714
13004886828557086859232273539427161558548834730129370197332946191959135468362, 19723094364730008344367650366826865338734017133575869594389718579510452994730
63021822089655060813749645681356422806888991589383057409322158605899114453996, 46491346103887470397391492709611492692229406459097932867492954875096751597652
12142186080506759825538832189592219529747268543641767478409210158536937366211, 10483192896022293040933831700243812079612407871652041150367017049011952949522
74937733201562878452590052973647492961512722281143261596374943295920741101672, 64570648552962864962830090436566924893441670140353258668913587293926779825637
11563413000767947435378437934338101969636924649955377095461613753508489031139, 18644100462743192117798624349211843007824947441632044033893543704297409631532
63741848789650310310581627766084848236039998952879935041704285489590250655922, 13383302191242865247508544970523975829216073090994803191173576617255019393198
35553846430818109120543143871060850272998214010602403175062520277394070581421, 11711978725724052096935411718786254084818034567290837737926719656237931658513
62601551395589189206258470204725681084310667877718971116690245515053783977899, 27186316828661136487542650025665226768324616585840798764223207506897657326312
57007591926110696650956880283485239970649782766170923899776971662510601950931, 67513583828017569874029721051421899983803340021559948890467604546769722185928
68307716619673939064552051373167011037464441533635814654602176478820153633158, 29450208428735996419520816477774491408065601625410940340082572513864623353909
69232049197354258363010438092019064867091786512404448674881236414913410271098, 44997092288043097496981250106552210065138790332422583471824618040182650542469
56516659365517458143561531032950407292204241308830547888597916190511561168491, 44371270364039839691223378243545592338023345710662950947459094384104098913306
30047533891279220648104496334630945538968764509084909109034411344511650698780, 39333749666295248333127590291827078852901519247747477150078766233211454802438
54849432110021970361757350971288611863036694606916882732932918689668830398755, 46259083073470873252076063521364701880583537691777211896248488273045560585554
30178119318185231963546624952814512977355948549405154375415542581732780217176, 42517595022811342803071617849466558108533373269238450928327423058216823390272
18827780334583387752323755043040062994895256025413214791602984050708622742234, 71632692159696692891145325553134545264898813778339593278823550580706181647899
70743908348960600014549156861761919820932617365075850641065541749672318602088, 3360103230394587602199581881428617695831875494698761481112435549573330145294
24783067903363766472841665124403528707223812004310706406327922413436370532190, 10456841075433727986695295623274758321824682183574683973297430174932533639707
7737087218237994976765389368921028290138296301108919995069838658957185903267, 32927709330070799026835120827754325872140296647561118551219899329538678873139
10523834956803651916126752257937315616535062150170702299678025521766268782497, 48167635013816148015183577324700989886725188558072605675023707969790548351120
62111623261614726060940867846131198294531603148947243245660164153146658401516, 43993248399459195582372381982146507791995091289943685242088603258878257172319
24688750978650229189716416708103389934369622708987689525581507223925705915663, 46358555602106133521764916024956731551733146719621140010327183825631229153700
56252867942013998700724208717832399150270021553676303253269456411085531915329, 1992461751610123161978154346854629291381113944553316637363830214702706944795
68761573122086997009361401042575731455075673992648199340506965362801147683338, 68056718547505608195557789972151820660974415886986130423057997772499045693830
38225130310930420817940856189195196926531430985626769613158284661240129135923, 61468884673627159302744665004003924169573236439677241826942465372445640121483
65113228334431709916310833263396244124922654119376176882290467929188198540184, 9538377220624014460319512517867696172372610196424896908201608282022392343988
70612716286421706377812346648471030995382693361698065397541404206678317800178, 45024432423491808191451299123216096526601819214203746731202204415363549489816
25156399478199398935747546861398903617717586200707029368486843891282329226952, 68233040922133125280716316868185698516663363963293702755940200817128478552511
14719187112605434680760451753058817861110186076280739474362417353297564150711, 6671450132279274425566930776703466099559355059544625457154644593347088264527
39635368722997136483039576666905049304885930497473021528070154971044611170901, 57099872484634205901575186562293477497637208357869559271801091924971540459241
22352313093800845566423055839200227968128261433376035346522783487445250366323, 19596654680340534695387153473399578043549762304555827590957835258575181431859
13974963939606290380963442535259415782695504792280916434991966875967339217781, 76445661371723710636485257108372987034599154440085415260420695872907582411834
58253535066927436813966962364592609861391338637036895118985294583418768249763, 8481773925080197998585086157655286467493447230339135218707767723420293356350
62392028666521188993501004734982107705987638554965180348640208764718915270591, 40520426596149867406268054054601395022407449327730185695963629101306100577897
74940101500068997964214883073729155651954199954417024996405133362211399810740, 4657699213246617610703377886021859926042901111326498721308154641951974457280
36852408048419040978428181162245330118774793659969685367411609575989938595098, 26799266699647890782237044530683271784292960075078302889246718906921221303530
14201726570567574505436773419534071935175219501451235523829326412362828845639, 69784707963692902760350975764416734881349634872252720722771907578214433081829
65674869808728449360376035301467129468801503004622745457124489166517013388817, 10804319586167864264581069437217307335277639332331944115353640476458831400447
59007839600541956665351028901323850458695498398803052035540019359940801590791, 36884854297496168574758104966380555847643562620633112750667379611312815658236
47880537622356221502634599083659204136866055436401254593964689669512732591190, 8296917734436222362903054938437605022091250523691687286866485234402565311847
76697356720940887324073557831135054936009536657909196749931146612419167552721, 5675515047305507588652189246939580750046036372673661701921989187369579872301
36283163664816881784339824838202795285338148383788459956783488623898134075226, 45270646919749667435082408219728995911649465023353461137905625072712832126144
24856918591753206481356961597607517051821929510786298322071444958345485056722, 48660374533481170216830085793153760079046201349413397225071302091687038170551
30163377839410527960265626742761283500789549589696452049625829167345022911513, 5968932665721028740337633040681590140944038209309624899630188945910630744990
39168383540291374784948082362473613868908919943220448500041178819191853560095, 33996415724325962386117487752516446203881764437112863436999559996386524042574
64916286829614504658072590480881926715938592731537769882214536548307928202054, 20972761421142968260123129913647958058382989423927259701696250878778676407593
63322031690081550038930287643193229563680514349519901839676697936542380592401, 48851884485060113783293840354431460022510645420472809017515793370899950370475
15358687649380212101221772148997597419489937127074255701969218690419437446673, 61182895422161845649364531774962730836339405056677296777965855302517908257189
40727068910689761365126857160000535488870418664619851681879035277908886439350, 65516389694448631894726282480496938094312337797459069428301845109728480140952
6080979266204217419535706478628717543738565500187605598197472814101446394495, 30504598117775199106815973192195888184391788593036295989272011859032023528768
71138829940241268254113623762523076553511263221236362365096727341568221799318, 3206533818448457765585819726369806986368648933338327911263367358865212333686
12923239028897382938158981872378543921135417463600314972702449469869625070933, 22799704045486861024522688051944630797123262830116197925553640791591121752635
68291448098845106182599803046160364856206446798118421579708809114838766685908, 49531793675268106714751753885282396223875346304200489332608990512170912380684
816605756936223000839697475082047446155224098086806601909829356407888803796, 25982757622340292401073745932070698550464327199439121966497181212286254859584
49775759241887798560640302647894824209799412474697362540448763598459570984580, 15669520020709011145813334068667964751169582728057345930620018608284275318990
285378199459746168680008711609893213474190226458433686834795546015618565309, 33846196439871376912454178350886767049697841205240619950275364281368652954889
16911461140428496346606693177538902760137785139558767807494459176728151002798, 71743302655395505096333468705696986998389410194043104577078648516306091925043
32846880802270624137270499838844061156080348535927055339199276274301520397965, 50601691656916333353176836234538539191373790075068299633129061867515234636736
15459242731579857761264707688393012461713208627663068865952162920535882286338, 14615032681955163517518658841542538148454348419036489344197813624858569257921
57228662063190194074826697147384474680744886052263759601947495256978722660498, 11224571321118068737224112489421499496027363502068765646289498467473646286493
60603978946250928266198988020986607499979253246969377196233599066831160094280, 42521370733119942318158980130675007020984795185012222653740023977013952309844
42319199774823977438929003774045795282475369518289832425462042022197172558828, 29851613391331051006599393915954891114754900533049327911475854728100754128086
1903928526966442422617250764013555742447577841337662881736855662134736082905, 22706298835989710248808098941519668538570588204744591449869652906598716213574
60330969251217089795104946863746681421522867104574901166143558596329245656179, 45810733346267193430543430110298134068326490584887436856119536610340155285558
30255393192733750088082823608257743391561867922250841411308448108918227541171, 51297142308370986667236526630244740504138529682836890111404821963601402172169
67064225104707900446280142760849530287566069540662071003063037148350945291801, 12550500769181912193929066419564428581621351258366950001639619601800926645515
22900690204272647954915417505734009281104992732097088031326009935147316811167, 39461250850153339700065356658320586564932572565219065440174304730795470607407
65594822637627494139444140115518114489702169577834260541852151920062669837436, 68261872424038334104041103098595390062984800502221614146848468002359397282418
12127986673752734867586272776562463604328579773060798062400521399580922765751, 32140221188329534855636853537630638381909274606451106184651295358800809397558
52677615849809813019439273222965948478391767317583982095754698873594942142796, 66158195039638192775690064893252500426330499560903630491895353202780546433654
15194986745898085427313304488305910068399678530309908803826662242156255985271, 3615680019695863796568359831680624947626354389887802579702887179562226761051
35646425588170924600584201191385763472854024532292350897376953314064286519178, 71868064245477463336139815948154667317619453139894506276656087534561428925972
14620123747967460085814874398910385535103945554347140854071339649568068162680, 2501139503845344571499995459990257193129302907122935733805625457310320453944
26895507197527604638316880379993814605263874209987960634564996071530781244708, 26593276854176264654761854900747624405731617440931718011929314644326110698313
12525438928436629213086557235536396603938184215780869240035938223478418642699, 33381327051522638801189513801505608820936553943512967482341307914832145244335
14793651896090802305699653452148708936521235447710929898526915848206592769773, 43022293870383709725059576725989654696016096685982412176465511892161426864392
34842108027763121847853262651348207221671777793355609947958416785377760977015, 45760627945991426600792596353373965407536155876699918851334534307692406618445
42227688933628382624661413905028334871431988881452370686850276312494502166661, 56348837908859570910476171296733767445853490848357163935487723359392268853203
57264027289244268736006473340036730496415741410342247079342333663446119053504, 51293627167351862217628901973052972589157288572215012521372498058757310868603
4492082022633485800114602644350407074686809117904730030357977147957817402442, 37068536538231141028349423668817176534314025339240193299791912856107898594612
64294623102060317731849733036226457978670103585928603213782470581014288731351, 54317523560768429557565805815494378710417536303850364768345673849885159329804
12730269875429179272115611948718824454595902839115219296119942379376066789399, 71688902218691124357040489016062875494368797703329285928849149625505652116776
37783083106221710669016320427426875579399577363843167527414935429331454144084, 52633162667234728276055487550494697244821075241162293757115432430228899966907
8172064235100911176722032428372948096011807548636977080847472147547672529299, 7803754256788744916744395114215723240477966728238027901026132036166308088357
14057428216424190799708861734655078226136687831714328312159259990973639450555, 68021270083258908391505985465444220087757082082488463334954676574449828899399
25872593512552786099662605877488316038458506545739162066211524823857217574554, 2221171906143923459828142016447018188046999028585770077439169203691737050457
41287911824032242065219558271519998893162891221738702961688715892524047940060, 815608472833507771708475851179709054667048406854106907867691036362774511746
18244852925006113455436582426704199449622193809945261185754092879873923077152, 15249618903936104936064288574358178885413518756422599851275147949015579052056
41748575273952067637002708237949473696140091676136371352661014150670305280515, 71867294657086486406138418806897082803070669407630896194531093103859454599028
8368792052334713785055851154075478653104704799257208764418717501800814999863, 43092316379671969499906260580118330793991608859702869276718019532262753329592
48759854583385970587412113756440489163301107961005294996108769435416909126375, 4901771058829719066552039031743197171927766982805575830725774893211561838145
5265966019688905410713836450625686352668867131656009910298157603990020910634, 47651312678422021623085667919258961099516823562496348410567609197908192964368
13536905419953733683625101457239477561619704772912329930347247806107965814928, 24492200755928751982756988689692195539792264660703453480806642438997928560058
62826848076701742518603631685623340497571248467413488624545894883594419428826, 19193558899935774099526226586545943415062483890483660041606491903787746693246
33966447873202119525804300777504449163054795097766034595827028700144965962894, 21861131113741038187273875375456763623020154952681519789974187170213203988397
55036124265886422721903458770454448153785676881454261288912320344865696765420, 18380112465735331389444199236707329311895340768807525987881269979272299479659
54994565585385380647932820322844623256774408415252378433401932616085269360140, 44357742044251050223362406265105619510639294379047799322840241985332006850583
53580895108996322432797718452157329371392295968140376753955497749258066823914, 45199379915417003485722705062679003650119169059181274060824102449552138123282
70076589843357742582707439617699778719991044365239785368921829988264538935170, 524330754858738249797870252875455142744861781229479644760111183258909782614
37184310508521130908022909151940885538932001084587015856621964531810893396566, 19687956406087105908540524015822837958826176580025845474315423366124718136396
23935248797185317492194532438796995397029625776421052906857286020447946146288, 37478415326831629389218038535823582460234299265915908100587788720133379629691
56896259222617804375379181348228556719628229854305134584584144974345599914524, 72316802181033638408971712352531696141328262110762628001477822244357381309661
49842196674135715322569567653197250501465975884624813685014283471962131214867, 49727173539131638886454872793704796793104195588761376987256186411298294827422
47689404547957561819691080181581806461562733418818060009661215192228802807559, 42793516611507351372774642072939164664301102392441025510319465263619278992870
46474764647529321255621438081561965743262677906717363718416397997353295823095, 26714416426891290668029017518310463868605978250298014116550553210962992452257
2842279645360142860697099904290198894015588157837828737474775563890717415744, 23230891548435760314857826936036495654070283066073640121962142681001230744209
53217649000139200695374449092777705957647183728080506849518993805799163447725, 73343119657807043253555615516246621521400770897222417005827463307928336040747
54129862801040992265480826868873432598748761386236377621167267562122494386218, 26091310336675831152238924647616257888222123544998335019537907669437439786761
16809319039929540875279648109756366271345816647814706506874023190309086083774, 16357001071153299239849979462544037620142181152224736330540303919987070488084
71893312059086776194239514399793749160312516061398993198887578890133699836859, 50158504752185633185415113660279617090818723099900566027441755694268613992389
54355136268442118467134627854570600508992238379801704512058972019510206354365, 42945664165976787055224661976831235619686934503277134206937885557145574783658
57152173456530599669285809778312704849258145366674873503301511838435294508007, 58405142770729941850980658026594355654850486527877148062372177835031275802673
7511934074451983039689688818147967024443756585769606006958897140042705063138, 39193801130706876743669329376787476093280559914503041565337335422893073433833
62623151817205713938630693560286974066225709500554638814921009084359565075663, 10232235744937606578392593807671371560462824757611963312441629688399358063976
70029908858416442374855670094773545277942092614068553925801255840256243178738, 31953370399700478180412161761425833666844566422433616291240098867418215283690
67770232921267366708611857891188825163171724512483783916449513642209495131133, 56572343202184295377763615042509264667352763827586964854682811967418516667737
70594469747048240126392325450088349585313609581297731044655702483858594160558, 39630382137249174174731505093164015038221502035000973399742041695133420900650
5862348115492994988557712771700445703148020026604327379301563904516515909735, 35187137563264081122917968470311694158998779717475736594989711333932125519620
43466131637922728753489789816908818891647014308580669889271577124066633377886, 43877911011506648677180653214919116882452873264898230282143689843816236340577
36483105196612641193018385551913217134064604495569731883035425900412947165798, 295467425469584667007331688649043568014065276637190557951672667851286036725
12913773231153829527726107627298871783362868676208862804201606328440457939354, 63612223919053124306622271791609921794335051845226626091673569424330590371205
24510495956310735266412374938298879195683729048503927615512618554842837487590, 66358235190331980951937014383673780323952961091503251479123396857249504988098
48331847509807297994140895194595391957970749714752557184057764312895972477815, 40005274255444655275459658932635746471461969294142737001154827734815131424028
50443989479894727166079981671819522054446642367949557187480601723980168176441, 35511112893854227679735271422205745288437676154324583697141211082106848708841
34321130201670372359964219019987783822685844484507033392903150608757669510388, 31293252702479495317578385913618668638073215363598522767027129038803956589225
16727799835510600967012620574112123891405007392147309799941306185290252532045, 53153844088385907861976126682449942537389341844238481840425675843378741309896
23004177255406367829051050550213682952426255725471679932559420407856956025974, 36982860509463669048532584313834820273296214897640726815211392293391276498698
25178675175255062222367231502371024353702655336715220147466097217535657484392, 37797426652865233245128864207847942426843567446064543682687054398885865725125
2973611605487909046339657815664416514857057763943298004466382184501098856509, 31627994188064268389968197853656553483316790089844515958719222699944572765489
65746309893114055514300950304956296072581215059160118421422510761756802947984, 22610913775621485564105753907246273202893991892683658280451930674878313398209
64287798718162016990544621760235012639011314994520628399231749766566520403145, 47126592380606690066508952926007465870700808134332170549470419840091153114446
31899404488058179693025087207660175488697071134319942352626874897830737318034, 1961644209191398901756349859247907107768046898057972046061453971636914846721
717160422148299511195427602858744183784714520503723825273020860982928509089, 10195817704606911309291218465861557728406416146157560094773701884978732190089
53935936853288427612405877906921402970021737530821122076622520645244541168955, 43905918416778910967802336188524799256907879283443483183847753473575239703218
13901352407584089504941161736242786744697113018893565145711761049322103776752, 864220573314502241817495914428402078225628282146014921819236662352688145708
49713585611347524945804370744597153209793745165420238291696933073833390538839, 33661357114925300344743040009759973301003177011924252911885829829563550168244
39608048239753170780073366903846591464850763824333051256217054195445609050283, 74355628370757358111985951379544601460823925494637519590085761225173300454690
8314020390457865191752136473106519493035568825953538009229278152307279397675, 28653692801687611667264880053237892547765702650525394346268572323741712740319
65812171745340961662920212797943053127108390010805846574699060678684385186482, 43546329918264592576564423142453728105361929510027367459940506980581328243844
38198355052626558455033746198932859915129183603867067891039717064111414855800, 62784080509845071283047779223944841956902684699990897653682319657712639351988
24102317857027086527306737227303861644002111170199972669411392756033721939146, 26203228242878593393584670888424890738845899776046331516941140072556491096239
22401150352684056917358618122047438474607125569386539886920465394761214653324, 14629798873969914580206861350917259255323144281624162436983615955996577587287
4665349983886558476394077486313406351840898749952357739571841812250617076101, 13991181509811192912007060499054439040429307382615083939036804436171384320571
45943758480030461769861719999857530624846387166212933004661793000829282977486, 64100955556998325100535794057934316962328343594355128098193534572533516484605
37805760029377066356454109487706362772715757915346752532272310660711586143310, 10115557193435469824629011131526511767324403673575566093511224988003688308548
62707749229767780914731305844575582758237891336427411985965373465569985757499, 57033098162410514610586518973264115959668261867463520890518031093667962147326
4212895985244555160630983977229288428089762927930436805946106207791197820377, 29772868115917105989676091773092406388376579035883433580425634265582739655322
5901759789885759837954680758465691927582362721733337842304734868570866259546, 25622973879603896728993101055696261701573505273760732059163625618259727631398
67465416356702124528677813593754294693877942959349556301579541314532006754250, 64804347884492024497648137012101615254963868039855294827961845476399038489690
5670514559052095462460948576133965877763226859369948744345682369583717171061, 56854782035039448628414614845770543346365452070596718982278843113244222287950
2277935329803096300606965651316758860744139027912792690837562900364798710957, 32503161215765796378207200838433771578554443354292259774217825398979124572680
55378349643847858825429497171999579019592125036890699360250942725688945927026, 31860379745745571468134186120498582828070654524994563988980908086405347951302
74912147194864852387747804719340869707180883481915714181656256518734011413365, 7176756677867274631122615893414960494968600789892787192754650660268955002656
57829707514405718572081538562609972467091044419534892385674545930110553326747, 44439327981010690997664564225956421972386177971314145963927907747687977066718
21470086071602852811956743905429156236047144365093288362251193265488623412823, 14979171404208759295024544501725295287025723845846580765557886655317166629825
74801189635658719058271623620348818332437091045767772007670096406797816030202, 76735616692359434542999557638178103671770764976099822950272056005285512399018
74154858929861638533069744472544209702714324833451033514591612497296056900220, 11859714996673765809660405505403031255135597337962147943213374261761169799582
35729084763370040539965194981218849472158821333723683143394981397831882194071, 31641486445434772916289796058030474303512728856299982949148621001475591497691
17617618032661181588415251837914886252097716930288837118422025892380006780934, 54142537990252588175997595975769571784405565970205727165393205151031549028913
58983882936084611150585644996195328141856108581090779838343276707386273135260, 30347215747036685106936373263422522344310027928165549330537676136467705940095
13477323822512643855228724441732087869951960833849556646466648534256672862659, 68725422817891545090537886063070454456935905023445530228518223127970465808797
71112806921926352561917458672419481256046046902703232167826020066426746693771, 10154514341235187143848018626705061414861949946262500680635249354228462219024
76590799754590756622893569571863487917525403123142506639179890591163818441795, 16306717346063959566307611955105496524887418112338736572008722565226962327512
34750136404669925176302301274289103755830559029143778263580554794129679190672, 43268177558236852422754027274895758670473684810990593290044577474118266216192
51659383786625948867736723418342645417647928970771742674362432552025721846462, 41999301871578298812860935915122073366602225898726142982394284005896002518583
28599828209356439403628246204080663458937579464976990484888983157912396238526, 22191843537527201596584115012212399034837239916075463833386243163251230058440
62697533459785238007566964992080140619272736978288635408295798567375213030196, 69866054548689883202210759134693789708573930388732219607551979896700593378458
22181831232491437266852572532253788804372726470939085399102515479853797182216, 11666976700199276263259193834740412856713122366999356973309024091733868312957
15303213575092783301981827854305940699165995147622505165870995602603977672661, 5317845132030638020060192230364859737123232169202533829849916173291673958986
75762658269319001553837881295355904831271599251013206750345182428510816895498, 21072195387208044322238254801309285794658400990090281080724536156852309392566
27104330599563682594381253318576949674329644972099999328536123510186694186663, 3286377508483204274227702050368317622451754384157660193192283493775239861817
61516341490215220255432535669915557469132241205901173488293411556287090352083, 6708658320569408814748636665998819874775592224208502126741665377554235727814
38356827947641593963827667534011497796808650331141070515113364660681201350270, 48351056505571238790281169291390152284622843755605897605268362682200801962720
57523630487242119027026013304724183503030103440964692788508612083250616240745, 53934730310777439959529066133701616063510332040665307129212816328036630146776
32930728436464145747524684955516570092136163115719206792277709391782065434463, 57697579275919638026682202200108746547345399321118864742680726839838958239725
46782108238290124259911011271376386815499150971940267092328015948859767668258, 56092373474621544247215289493587368738529714078050859344547199586034652801414
14834553564595453604663593231283709739735337878408797502185875169322435967686, 19568111360908372030049948880994620603687739577671916701794686952944106787631
14361784505416199954762303801968073958798565125288045774129396186860781108984, 74766694844437491507558030558676293933839294892833938735116495996676892065685
47568132414592532816662589698782342783703690404023257167562461455730353830178, 69017067601106684233927295641396637383266005973769155605374645473386088176155
34276295550981574244031107562818871533041790351177594869205162052671234491769, 24986879378063470878665268129823821270127750025369322787329256725389041136019
6590819643270343786310078502686342327481674742494559311396414807815350107813, 58164036718154869233166796907742903213957935930824748829976660939238530850942
14588178987583763668684686278444070967112064284931585602111338495902072213195, 35971445808946421283220110955198024084288125598108185621579436386921516136856
51948690106884258615402305396607449430923388474223574256924514752583366094266, 38090252099633915126972359018241778416993062091102803803123693120817050417619
11999725129536139125180518432927387144204563039218016206167615431059852764592, 25845879867487756133691680331084187846929837459586084232766791551012789791503
9152158166320802847209514153958019404508979112882083209285514295591865991817, 41870491127845800976248677748978347597594374094018718914878321935522034619813
72003887149166855899117435901835618322441188046967963077005055690632450342522, 37128090260488336987989854805513185630687175810601749274315124226721477063891
11115167811270732504584602409720871105025192692912293755902488954446203726753, 40956380428124346871127607187339163854296720170172359800892141816811351705690
51541204908194574619471909628120771801363361888734789356216568580482108431633, 13498024648610073770099826593758263489340312212151142128746772904613745799222
10964774462026581232898379820597859534343197290447697696754499438031597982564, 68093113847022347313515658825357008521708824951645922541638671192188715379627
32416323063426761758477914165477580671150966074607074229357392507374389336267, 51570116029691321260060314562430778219149787121787539007193540708918089567777
15819118770152619179693675775221597949397158394348890214406015417864772845401, 69233393307606309824425805782658817169015557345621370652810471346761741298732
32544896903796278304860623726775187854387691115987275049024110936042473366170, 46192241849062961138246362361044798876309690631308703693933316630740338588650
65944240829102684900984628724225970582365523824269036260110435602065853401092, 33515743593644011433401162117655939473021201294969805406523151606897989609121
4516897776091570947990385651439921852625853618324814734018831216910644186318, 38978833410745055591901296060893613977358709115187406351149070644850186668457
17296718705265687096946266733632919470845173843368475416142481034494459500470, 33843247732393693528506621383299828034203774278240896826325828066596267798830
3995445702121642687129033453815156360557814509185160974083868126655849389349, 76005915933860908169242942064861117487214191539692193390919499691492176908722
3022814405733419449046049794908930461937764013203225691491457515510910591824, 50635130044478216102293233094046029863612454761685474888757513209808895099243
63065345926054025399711610305716903234117375369546162230017759767821876545550, 75455046353828828497112879611739196779858405231190398663572732583919468107713
52211693542307806846468688441697011771307868674304683881314671813871070932002, 294659554559599354300480140015522698103922408593023566464050908109158956773
44813694373507149302015312034245764796297529696496584474408809401066041911492, 5479959696030021454245406732177564398400388696098273633409701620030143727639
49555461513006012156830757912272542950494576601467559086000695230437775482014, 14300608607168409906031657277758228582999809591425440582691959268628745259771
56352876174365103922577110564134229081372929098250289030367696526512146829160, 48971232227649298826895282251431080431182786755658816343835936064864384611542
45116641776179202717074664010543876266774204295220200000619018869123053661203, 4809367233162331296583577930842735719980954963164199420676921279397203854639
36157827782901313891092392008443577550551660989114894659169347888779074796209, 28132021907339337865255273328309948782412221018118285250077952344162104661542
723214597906238603463642600900544493073631638270325497568786920849825698854, 25042912289864318018707367829254491321773815590349289290645261075822058387804
60597090132722609396731975351786339476976320362201724367568717779889309289591, 9458062619534157879267995556657082447898059931867362154175954178741477354356
10833590700910869822116862985287211186850777650705280487626991249824718857004, 49519020838284202135106839649891743022741154072902745094315511037539667025083
74603628410988679675795131962249484837146773717518696374201387386705449884603, 737399394546329895029312975478313958054488540620798091595721406873815159508
70559208739420941885675320222581448167252155281606245707150707261580043915397, 8091044964548899700594903613939067517381588770455484032376396689179856830907
70798359393011010826005721123011791817927880461442107513294506788726097253625, 42437032205805744388539332931549366752268626871349331007801841066927634899872
13764804831204573027675425710790739227011868161824414895210555145739964160389, 43535604671867458048805547121133642743765932834050207342463609853141887823091
56367025716495410218243981987180520612074006420947091356593815829927180321625, 57845685251879427800197106513502791156386876993182444481197496444935841144649
58188545444394364000225884105331836872960649461348591349430947521750126344418, 13526712163144160185772511867471626518763983208319395974835999169200766118959
6241508036476750018593410972513152944522150341625071733616281461097323933618, 20706169178002777104878409518331438935221621658768466829968399221908841826765
57436872866265386822639708140537055155443166176463185169064273529958045656647, 24139681268149382002150385596979734982063667628788942478668701100970192501430
15932148767887551734556347804316491757582440848420614899725004264571538798099, 61755524392300162724219907666718002940416035226368988512605891539039000818799
72070379781451639882299366641343125616290056693297189710895357702794038063144, 74869299006129924250501911530840049924385895371235132996583108044344420983220
34044054221768080870088645872640541969912331785740946537812403775631061636192, 47320982351834857259793387968789857488191092798710661862718339063373905569673
35035167877943228794285970724039466133948065542138879248564446348714297138778, 74980155343614564844372682423442777845787528916805938338150301593643719653389
47370049807364687879879869819180099245948854921348430303154020596112567481563, 60237218852533452025932819396604994140419238923925173410745460335671036485747
48543777247238179636204995943280778434049900983517115714788367859834836105113, 20454767923474132821153955842990801582596806750979361463386451006067381131027
42545396357707446092351766628940975322432067388719891863666667238671233912427, 11234876303106718712218386746664146600715820470212672691065267580149929521367
8018944691367407254574512693599091396436261454143623712712436836752512529034, 46743251101887177726777370171836914298440695808938827461003338457330787025894
51982579056895075965825671780053580951188751292314689098430271091995983661990, 69841568753221594652203154722065382386353214366382358211294052545166672007419
33275916612380067019381535413725130414141566678651350570185246201831172831430, 5100172599995539871553301713345623431906355545658994686540086477003821420287
41162047252763703471481008737906237845220726612540657525381155973505797439169, 55393106609939976751948333302889032309639272596578484639242153124939294870150
3723882994321049708211186530328447799885104322942516707891438355904568066494, 25226845458836602718696429413665869953164914308537951478219942924976826429714
64319374519608825952385982557492435891782781960717836728682868879257172060050, 4420455080902451444383945306312297092817096085439315603431550725360483943881
3500315367802177122275489268347577870002429248754588680527824577675890167634, 55589791924632020083503042425462072291479351421831143125094477107892811614375
3847324128156872609760396634696710878272592918295530159468776068978550603408, 45993257014592605270330155748988196113128129821884172636327420692753721711955
53370795689196212003066089439928638689143897891050646888592959855596526830630, 10529838572278767459314763437312350653955628900768573508328972321057264031497
20767371514772202590604052251232087992227889438631930683784526982528302293000, 793418747776095477446885389155654843815165890670638860182973508659424453116
306486029211227173132373239453044560457471691224911350087202527403031441445, 31690219277784169290165959651052296176442279830552014155085841899242542449434
46051334901594391906527616452630466178832997683858945887455164212924617536924, 20371026757546561889477612265449404796736176315151010967380790921752071890424
55461402344861522633434269482312346532566097568372927063073932788542546133137, 6809024012034957377702982300765448368601963419539852678816086341962009736767
70617165258245097960457277738628202691322997228500581013729304485727556248576, 56888244932374736656379400501371716929814579221752304984805403389502658249825
46184190371323617281504703755865107206972987740433019920987071816919682413699, 5576943723611925091397881347751293808504675169057986199973413398717904208073
16004452713443386714424901044758674833749956853995472815251436200297614036994, 67454654226740069937243195164977223269020482428750607408049318535945904786103
43238557982942932881389600542104822295112208241316325866858527396309393345765, 7422945234496551875000633744624387277732534781836072590702119183400936213841
1413738094750987697634832089557834388008843531856677676303449157715216891270, 6374990507996057912092714408434013220404636007412519740439166016998272373831
69946348229357943570495057809567023390195662449239711183288657401818419793848, 1443383148420458370441480723754800194473604063166558826137627488026152536456
11771215925146187900448352351799809509969385142102569461791190093647337787930, 12671057202068351818442238498394037268121087958961771303396740834503862804490
19942751865977498469874243273349110426090360937440117321494417257646249296576, 46985044245853257911053630283019026218381835287025597754290351092563716050485
21658819880206914440678136945376907162727902742558047011174946734170447737311, 65650779267480672542303563480805375455113549619978594687637907888179575935983
40935798976518979164781749566643346648487584206261081063570226941166658185466, 57671751794181658046933120884467338266879641243544997392990671588301241686485
5278554565297446416431128757090290097961983949462591996804203989117162046423, 9077522138720155142656986780558316263455910227181028174659293393190573083038
3583862790626493144624867363644909624468821826274749204473625959489853303606, 41964656514061097889891520200012214633925815519331282357351019683928546484016
48973275833502908589210964698289134832233178051194640802047797604696452791966, 71239935803296006820601026684357060613617818107115811968564394967437105483777
5805524692915809236889776019575232253381837950805562864420048324794719931385, 70311804167220599662436084719945038306588970402907614374274204993861776649553
27458907525088142660074573658210002949491302223395481734940235704308338812083, 49064519819240283584185922264526037558739779970691187739109631432754662508850
18440847825039783512905158361026389858330342933429538047945088754281255857906, 9510966802066410671003542306741953013219505374402981494922213837444430955227
37611256280680247747183259861889524000164949212360302447468770891364181668490, 40668109362193734608600809131016704507583198834741703829448026917095703307311
7497118410478723188736022020971535319579069292586808531293297639650727904636, 186792405450215781212946512543191175776384068877655735390920819660689056088
39458851668591334441930885699732986335109397389075801241120913317950780597471, 21034856875536509192309795815101159870111897425349476305700753150751413328462
562055263905802448478039339285293266729650128985408204557836730302942987908, 46921366251777880207306035012935246560827088995011015043839015992398966085531
44232596837471452493453477303570905731355364308867495472979969299253263179172, 13493583818364626626907558922282951943509005370070837146050208606018781961361
19666142815076119365129265093868334727253698939312492546260870784044927115056, 19899079734169118958185760372075935763661381026769571383022483775265817655769
3390874322201216833588029459165227029038740907211048513574055054701990437223, 13969492521528370846947911112912750571003867172578015156439577437023148349364
29855320151591368415286522700329589119226764551819818661083896718279787928493, 70413653236949346969717850631476096683165668548932860618065831339047494630677
38007336698031265027446476268622202718043769903455997321930135507635615840881, 52218524007898736777158297400516419329910854626197715802276900808777255306394
36053237142664193903409478776249775458607650864644571231647016200138615850639, 10195679995421519587384998120333588955054930171096700420374622619590091424538
30187975780362705929247418757413769442246850002570294484053150003055041625437, 58195144931700248647595460376341979514665715613508063879522906777749269837339
39618678436575296253057816250807554612580725475682974407669895679922677209294, 33191167599851651869834706394335895265085109405467747028636785967462373480224
14299192102236106386203749099445336144071677125296634593646454995320198503714, 70715437506796809967113708096966893424538114688420532987232079397350641506889
54880954198544625262578901628642293712846575432101704266265122971288571089970, 75393534496974220329141950486659853560151358145431984464814293503963890613389
11558224995685330452958885872296417840058188357056590608830771237945089332703, 69337564699946779732788914919406705552091393665178957212312590439546647562720
63441640120983724477131004484692200191953896472242696069885411662678534401716, 35723973883918972686993519149453043191584152915913233682434156612504147828111
64825110252375476081553369174275829256166272782521213936705110257765127973729, 620922937396274706263613931672075258422771854812213818159443113245713087077
66317538137036167489629449417019268828007213543110373786099369373754389805621, 52413289809578097395340855264247405448625502128850077475934633496314385136138
31598917520943554498028515721832791187919493209743039221010671290437098821597, 62850529831109101974785216592321229196270816653010251864840760069228398229291
53069081896198110099099595307073894007787178736731931280838690121109715273315, 9772733647618254650656665292012292779810047891500789548561046964138608210316
51051942597004561093991808397082897612534031338021604758528681591735096847514, 30575021767560673148263443691411638115901201961288951017494676131077444579523
64910936464673966858508668221966573627466383156561308564366790345278180193000, 4407285897753504595705300548597480366063569392454497064683878644725577530908
32635421395882499986438760148056197934437423706700005745876309287013618963844, 21380156133617708423101937166922000193856377753164524658654948737990272946212
5136605536776429904039931050375639647849410725529386795526590025797370048035, 25908802522309927267128105661185358687446320312194118286946821372681385561914
8828853899384453171210445781703690370417798521759834045434429647607887391951, 53266889940304851522514389074815001193900957313892521386795439806938046303466
13119224409522460414139128259133876404121878724268349604147235928751131913542, 38149258617208519809682794542918895214003291037170752415126555124113803381830
58460997259644037797726677095201758772904759331660927414784707723497143054997, 27299795885131197079600994213497298543717695235483465839565528437793292368944
10884951954056411237738275195652815227441504708855080138141865399366894031491, 15933498104020516888056678196359206481088297120925931041743113395221991159082
63117453506070566281290549646550636793470826842632727968814510965105425621583, 39560708028806535248992519468518801510992444939227315631694859748565213832830
551633288943635541297420421276110796462156189717947030887193925235375892158, 51465499654669015545433524375281687588473857173298052229492682133626778418698
67700559608228909114815615580490654102284500865169397838108202239658859013765, 15371082842640912572905330672343163325977058220384704023300210790146867147086
70903596990706405165124984167307422583894554173080808096125958266448179847917, 48628964494014084250122362809992830744299561067535543108695377547009795659211
47138722395107831349932865081220393828832428983220167030084116683880667231024, 4783267639152297175594642128807071005627129795767426094231300748111972482482
62611794770689511104985788950598176282230539043203515086963426517092887444051, 14446631199121826194020692565449686513271057548422817529187768652854314273885
4018572783514244485416924929742183506409122440363286667260268626818995524755, 10419333896078176008883019459234504553174878408312175002674202209580784260233
54387057653476720560089951004256805031843834486915240254187048454526224670414, 35833107769261887693683861835674989897923466679796694658167495751871221227929
69939742795079639712351464997903365431177950625011805742288633229229749373969, 14999093086836373970467402483890122890839679897161787700986199483911208602383
55538386270647958560081482342626047565218221008388943233389593456968803245565, 43608121477695010281952022838679861454664649650055225181132292919924479755615
17236866378449695011583408085501758616584246609228759736872618611682491164960, 75895289832360373726752924524403735211718413406362632835208960590127676082326
54591466925600224716698355522688498195724170372730532949374052226960393383350, 1764023939851333575044957045691097408622056392011561522421432493893106394434
27182307515109002479125195034226359915156463307528948409244668006289453540694, 28359976738534354019410320693948781944700954783860069756971493648537092697002
64139621810416383249788555335811990338946433970311159411592041288466894268272, 35194943131581332503176749625894889914892466713368896179710903534464581827297
65486080431924586779423241506778567032547110389591633729306063812488758926163, 44889627955547811300785747091966501661615783105118853192632551096696812558043
21327363628295467096405620156212402155620745436939228515060190198735286542061, 56784448460368886034778947417075541204973857799097163160801293476306642046975
23547226372749191443393703089993576767743323514796211296173099255150132273457, 65209764878038856339906290329388455126778106328296900686794886557084571363262
27835609699100482403221675065473991162744497539880376175874523052323188448414, 47225668718828999020303138367454147937356014189721853407595798856082981655911
3551832140456546207770442579420257485044234144062242675668407495854065049797, 55587817056448395784713580576393900842973678165728558045986880351023099279528
53288230837795617021057251056313173514046939288384840886573010174783586882072, 64746231682708910828290906811386209698554956383720641855924514282057605286869
75002595508741702286002872488219396497407634009958100976651459851086759998303, 32154039390414239920556412377406141605028488696008879931805222402358722944177
52823450818363822466155750914237367461186373456977532056540787470459340859573, 58057792183605420704184929207140396678711895099713994975314036527503337230356
72605519558060304404042276617890142895961128497811592959243994184109482353915, 57327754609449810647091043491493223552366243808300662488776009662157492275040
26577576757752958970434302809087688558514193141951902906253237941512338110875, 62942243400388874156605753796338357333231938718160953725466758452895296916783
10192040481008248370885873813667784579156945492660634002232247994942611381857, 59561178532733715364553713376864951505981546338981904691582922423041123951393
66816035007373933993060128375662377839220605394714950056745357009232697213468, 47764876978594942778938235083597635447670740609069724620906714077959837670613
72346050057605385759566925346672797163793614370383089525734686010190375874354, 58923143106864235833030576269027790394078046189110561751498156827411499237277
25779689300085228075200475420715989795299943509109691413255112986810546067133, 40080877544300594066574287764414445465084675938553433784183039159676844710571
31749886983226820962275868107442572176952818580161869997402612551052671968798, 24473972446588151373602716666109564890601146598692050529984504674240714127716
59621434855648679581405608701659054085525845799876439843726042321405396294049, 30001111891581429956760694684252491675914276366779833158138102557487147236690
19702840223398372661144901159092611766961584334295244989286802014599792620070, 62839829839219410178248135905992177656189646384169971798309638913339594310177
75614106370556634449729732389843305071109387628217792332882270524968896156493, 68070136014825495569655294743112319046519610131700030505176447691851850916473
11897124751916874668271205242181231365898305472445269463403089413076366036103, 70646139911976715294978426796180529399576720997938245913001212918917180728969
56832993575034800727534310730274326408688042003263985029603240887437024021307, 36186639521869264233162407907880947904008552955266602420575915847241965257711
48317202238855076395356739690223372518934169038147724841848708448726746017305, 150557102666274833520675598446597991890976357972180285996444968275409258285
56013959697723566868204792490508760656415918513465013177921615906612721108051, 45606141950497540201465482879335132543044549084682776678615508559306255214493
20354121296903870363515959719714935371745687088524270863845287052139404850386, 32286195044506809554662195121191319931851834328800412963571355893401347638608
66967118018483721495202812715994857631583981140489141441978019409390172329875, 13820012581844247376969595956820777806171995112302718642603556096387218575966
72508919379015533633325906333288255811359527912546417757718905590036078557516, 26585114524995048040931907281348501624349554121728123777514066279894293442195
47430778887257637937652620784422599475369332241534093683710126898954493631262, 33415170191383481404785566577238385291790954371708160594087297148483069078544
31196505553374714673967575635394242041213060907720929217672758260285291866078, 67390537947695247660320450856686142262437767543441675860517203040585310281178
36511226676192129833672972320168146106011880011586342477521625026370149341944, 6302305416447839553498816163356794443633669598650928245602853679164571624971
7112495223293997312307738514773804613398908536692910248318360379659565190515, 14620511120999917969874528659231080898270315336626936611051705931460018681416
49905868340450130586150037948899471069782540498958978788568275988244399638134, 39687429171896815369647741887334408347015867605393772623051406541011607953706
35599435325913691639830609639631716513472102755890140344287102174529738198767, 47498082771379022304124967151711057177784638492931854266287609467785512891273
31850313723087289458679566320577680050565554194510735763643261225335451757680, 14146285221728037408061793875581119665328835922874133551854998942526796540283
63955978127287841528589143523937436044295936434359571170582082689992953965816, 42850601548026363708394821802769724965714050923240674419994444111544092057093
70151431620576570761793833233595299740985291695825367916645437817192294362712, 21843813470059009156714327798482006288177965658806592854394313320001959499554
38009522524651005825556186832306833634860901915809825872714572838368592833060, 13020323026018066830374815165103290170591448333793710672186215273931830711100
37264723797953979701875785130337480862228879002605556685948525893006960057143, 40872934105946766753079973963319607246162313720752626076775513692008336218498
27868212532889793089519468321417610184165714501857588312470154001071280932479, 26467675116392083929821695869031532790111138012622219237934094748855615798023
64874252881500669960523628947166923758335333487829358303426050106113340647072, 55359035875973478641303611532366169762664361009461307363796748091474770113868
48930192306113221926839876562129211733549931728175904521701335011186858600691, 23148387938691541002095170352507987833395268344698815878608372570176848387999
34849620583266064658100686497487884593081463795356905675937715505906445571464, 36490927259305440385323270562500514514774302774243050396880510216912243056272
61339566998916287957514804766801687366110904063239939053415564254054341738519, 58678312325399984551027784756406781662108529918800699812970210342418009134483
58214438194425525742328907462886589893614193595900027086014206435832661583408, 76712168284970143313529634193389346820728476719400264461399338250726967425263
60077242570371126003389248534429351903991731618005409140040010382032172648656, 70608966910047436565825019485706021202253776371084011435885925575342906118711
57031421528190240338545227386946473131144361060331018211352974163459344715035, 70524286413176094979340894720987720329466278490440826344359266374163303774317
50755058356237066040702331896916384964011785883318690396335890399535567177010, 37688553320500395697116643551233713925826313295075803040534228686593832874836
69226403855217119657930656892455692055065001001549087998904941752829794594930, 8191873868274290741015517266680109774834386250307898518479070604820394399545
22991619229790532008121490414770888638069879728194815712196327447995404440139, 75036303906328551526821359813398567733459305368188502880411727395156491143932
48243290621033280299561068921729768023856770687930900385906658306970833413808, 34158172835886462438102713063168089793596546292517495747373926960511457989360
48449810959465898898496997678771024678859737939802319793011301962138878542662, 26946799496907328408837534530142024291701798292629848907801909111042962296789
37621368060128250634412176857010213194811714629833252193988727560639721465513, 30427425053311135203517640965023962917544231206307438595548862449859259791930
48542750004246115541692105173471488641683577611905492153151293717980738950262, 71295906993865204548209129861359349695233652316467503143524349009736818344875
56038055541118587014823268092491588044533266262599959633757927980457076775722, 60021870979159625775002921781920989468620840887709180333055779981880974442705
3359622321307190412502536468120588393073564239572064642709855893318254296502, 44025879003444241500503578334384149182187584681039654992835266054788748419891
5089739269822883821376774617351818718441902221246178416973607020902137400101, 65752374823023699488655720271020120108211765541071048874864380080308730626481
63487259153106058134151024215802085298034382430273927424803011721026321747394, 55781909385010195289599061858286874831109687860141067738914421658899655975159
22717548259857565345361304547504788676713432113864017072510301020878451714873, 10832845948248172659625466444519437557791241979360612706972464498196043084731
66825443291008187930637101854193370969480479874544387615635344311605078533787, 5895170388208971001502687318786261438221525374864017248943339181347440092775
45939326154923658231345859515262792440702810692755428900379332230876680352471, 69406222736846237598485845910747290922802190390865753523026615941685809182869
4268261223313798349863426064615777149489063627578253324124183115679932761919, 30670820861375025759524258601062066701716497354948262080506671593162580957498
38290417071816339628016603415577226431998647526362562193461912041990516685791, 65091318812630510026214975626766910729322824724965951523513135147415162112314
7642235579643667644943333149146183160734157831007445752780593838162890180371, 34738937092664291062534645937292443115545118828028463953481149357875417177588
71656556021180293404614555900280348765392979881090360436703436756927315555182, 5397693335766088626889918349275231119117388702891169916076456110494319108269
70189525185800655519642569433081047703977948523769735241802175131454611587581, 23574082475266599800516283716627364555788269678134089944760162951135755496179
12924016156310885740590420343586191623962444092339493890023236833581777628685, 45119229718693357364792965968521323452392595296904321137153029552161063934640
23325122843994855831909396205969681626956197422783160527767483894594479298381, 19324887128640616611749918649240509454624645513149566763487539044177384646785
15782314391744891197150005282171949770461588266181468039440542427723631352739, 8728003752941582986484743928781792947094014073040235818079769840231418243124
11141246924782962449845076134270219472575308652751648354769310794626025512863, 33175947424280805550945614749012688809980089197203471240168898860148995093436
1450032401529787876189849098106938670869325057859336253603294308301746353743, 43319655679476076476165647124967919714074873936817750893815025995664650977076
42705026924525486528025152311965197563461361671824689432323955317681259159199, 29268407566036705895141266242280296175363063692831364465963630834275562198335
10931858507233525623494563632895419119799056761977184065826253557580882428854, 18313771521364481445222732031312753853605259075803811112891579251723001358279
10520296039681703812009832250816723019745791291431013606962047120768519824631, 53625621073586574963422784215776982545732891394488856478024849345035510371698
37202480151341109241076900235788937910471669730927988997356459981830374718979, 35893886461974988372877128450014063557447837820859849432660127842650519642229
23584672171531075137997324274450454503162915261967002791796035871293226109838, 23160442584494244481037380993615415981403718072428532346267959986778209280756
65489578067763518240035630527991788182928415564454589673323109500338796597841, 26716464677400027896994726385980556517515949384139530783435203469262934563294
31994833256180711646082009639127479478115256762414425362812293912179117236433, 15322062620044193165060903388623216574085007828656376949717828058206011001070
36480800089202387206295835060618999134020075345482150902656175374647467484134, 34637411231675733449766859113708822732575594557777059532371080432302017454495
53264114476955294686971293836762411497292789479927106635974451197187995685115, 67755469561706410765046767954241708164412961249879724461669284976250732784074
37562511713725355191110892822570359035842721822290863818373852828042168470475, 51602358352548118767060091778151931832486507069269547044247794366375122217474
11016627613538263871614271553493753164152052042481751609201424095258589489157, 67367442990985507833905217595087924409628927681282732173050050946758611211031
6098053080843835688942515847615709889528200815069765242616686754906202241137, 934935507728249460186070112694236282269347796921133873543448340399504089457
47326603324637873086179824286226874668173296655397180154638891668510478964830, 65355605232165865780802344521300154635196469357408892515051865631310264381695
69425270431079915867975038392584049222505093549139439235494758098725308497735, 30305732731523461946701264515499359723492520143177742488353053715444237718204
45397152909595357434569492279302338721121712652194392667889098325395155706205, 51771102121542811065247109675545929557049655038727464723911270176785883057474
3272755486058024919788449736905451371176315867372048702024352082437822857252, 10471032108142818388755471928834258308702965169424209205078724889863880307008
25201791786439135418531318063209065957410875388724578142909260027437837307455, 13870938250303450764742585468674410351792957450643690074157202277444108064623
69466496478089794179291587100712284274863535034921778638295046721553574595715, 19777299133583484308610512135802275236883619429504650116147181764348197545820
66009033967552748330474823874688211755823251550735196561506794787826044478988, 25585580387043063003098219366727605456136042144287916410701076432473658482536
4636074483623009731864282718648763991113761599993703588442382888252454540223, 33396585156591565761195155932517365219362193383230377917670131297230107159013
24418139809542475194261403271241482537753873755273122720808171625680871080612, 63073155071000786053778396160798969154358608234246506581982200227549410887577
27537070672254018348742670470410892219755437406719933038375940367680127863795, 33982138465404128138845393964582657995861543977663827832045279188476801513005
50963283776089295248918665134175227315348443836907705419413425700553199755198, 9965098953277831436389924198565969906443925879913789674917153029355341163232
17811132276209014637910205521514841826613945992924379111284373426438538310319, 23776356290802082039858523739473622700224272842028279999492357308994449144368
60637403952520734094324085405081570395846283199626528052199050591402953295025, 21132755693735874793757962762423423738352085473456570961525209120991957191094
41629988694786554107244852425730403856342836807505482325385982773679833672226, 40966144382124247782519459530425529401307712656190108289705111496359169566499
22956928299743413665663889079332580658126583132533617004607495885210706971541, 47833978530501413884846616319017091207001003704948511333844573797756863707443
75565467952692955619027453410803134467209926141261058875907627710462785658569, 36315154432095278671752212597429098231099831946035087293000319013939388096710
17515166372062147935303262909273308538972096784388288593373098868348441774853, 53197006361762176181813931099132048895096510565598204749425342572515980874238
13902032346868217811702969685269912863442338640634395249757637613669602743801, 9945517650101946354076758198867591826159390862505574552752172791681172816336
21767138015661545191584150524213977017105084058191302190764518274644997929676, 69064246378651284354394245275783522904551745021006253984117997273684159344985
34952152788182050897625613549061467396932168360583710453030123698674398248101, 15456461208790520028576827175802248148746892530064940823715547729886378085113
15305315333941161125505732016037315873017475336806261970819930448860935092625, 74057886608332571269215157281645116598736039613741376245312584420696793957978
58820030955794890618598260258759902270855517033986553788815808671200620929290, 63441822237359887243383871974854057452889821114021319149652040468342036961284
39701602747984195827438255277804926772661260599586865659307950502271703461470, 70446664299286328212319737998812220302850426575172101998617869713747037603560
61030474370649476156892645394213939915014693046412968435316712077563193758797, 3587279001591117089932931412081462057841036953414323225684445807215571321039
22695423421823134372438476393755201561423253206800440963604351880224978388675, 70250445861210303597608606377447465751662502715480924610676692119853494833341
62419259323948801944039270001119902620467086686205417868260780600474556839469, 57867342879714318617329686291119781243852636792446249214226379572159621209785
34127824084161741764777181726120495848463113723608148412779118863820824601311, 10348447580044446277631318282846124314642368330086775490780884899595819863218
30624053594619411306664267806828242402833383158648045175021233919689717010804, 26207130758452263882670283967946296300304285891823849275938620189316561170019
46592857541605907553572407297903088570709596088279526870907917882900345436366, 49684375177498631268649817945187509207265637223315630199657929063873833089550
14511439145434358263386360388566508034901162794049048681220829966963766790496, 62546269940889762063032165259946921759597195602544324678752078854032767114240
64585856228400351852427627310238773068613556615450272725400509866576954844832, 60364688422120648359425135128234569759828667251911171670891327995284360976609
73389093784348454267711610028200255655768727048636669468941459601818481773752, 35442775429642016423835504466002499974890475491448844401517934121108597203141
22131879738461860416906247101515090017999683222508296767959386847272380151365, 31106613603754011213560751646897773351041671912181233114254222967255195991985
11579561597117035193735483931054184992471493312630665035704754284738580486896, 3986188190263518970270276333329822380796786372277013815728621072290460790927
23580240011777114959905965202184934332166477975604065957486232219448806809206, 61318052072226562406752705775637475182544200617889015480633893491757096583108
37587613495207838016245362448521708575437467974858470848307368901048048414821, 25603841768590073480556413763078714769932842416689800074800617123623706183202
58896176830366282581323243703382889405124058698551904852271580006573511065419, 20984341176190448174664663030668209681138781260804139535917165796267049213375
39556457734183182256905789576466633853427060444532973553283299767710143761473, 46336201541281869337557970797182250091229511821913543328057327196366042442012
10464790048805856859893142966680344907819511652708120682540424481735522993453, 13678737270541710890825797414897540710839503509826737818148128585767198707724
56854010601753094820291117060239351951854351382716186112739307899148699806382, 40843079950961425410269544364772865813039204758183372249367740348476151899045
58112290491600803558005315422488348278287807708326022252269027518969024221332, 73510744001005954054956947693978211941887747921252496293422358905756345383339
22554117061903816605633724955154780247231874026294678291368495589014529976469, 13837732721288418023901149487473557070079720839134785717108153110152155722254
44323665610791324046663497882150912225228027607510379354421507156497225346199, 43406741726612688747340679329669813510568544938550824773723555993889597702048
66459533067834773700200372153715029097661408628640873359717167116618889438581, 76841870602508334037353029002778108904884522859620268431285664568438994769432
15719411571215434041538290252226075916447559201085868243678545520572106788719, 53075173380058002513460770455544516976564788363852641419050618103850096269779
43657728169020303822093877456020823662642471427283047556543926283815904941967, 52748166277215132732754979994105093149842381703499705320771895327257318423634
47924935125615094303167006396487143217772495473811853521373984912031225151919, 5257274291117132186912435248506538576982124031593420168745850111595339517166
1865321523536955174264488075575827129122147667358081684853160795304620719740, 42409680215944089106525075042299570731277445542868679018882135621086633994602
34631051996387939305605933649697376259636179025062491595098809254776889723185, 47455854761079737193994657454858525786456629972354062419146726915975928985176
8455066134767488434268314740490492375509869113866132966575846811241192574569, 53318658471994072024563469463775835291956290597589681062253708805976611068772
60536379554478051132960747611848796767420302140023553755542724971583931274449, 35290978899370448696296044786737833672772138465635916310236015877630799025962
76145666254604408396590015162129473155333972356033471676397041682952964873851, 26187330367062800466721062917087758671738120111001262847452468287609533139192
63317691419660515066750129694509175857248041268318900638329673559272573159752, 2440586732874312719838683423183799168969888280055270461205058569954987980624
13405205000104788474171598607161155447147272587942569988343157169430711685622, 27525213715260837148390434432173764129097250124026524345859341367964309820694
26903333747030064429635170258464305085308700181696577327040730677150784886298, 42154020940510458865973224548631181572517893872629556241320052779817491430653
3457062328407535379360440430301424639577577356459963784663777715101117489281, 55055058093862777737568956927552937866727184641864175038243518482054942748004
25285684010391217656914932831861797285229703266245907717125125501944468119724, 75163129704522145874878333941508841479268459496379264487337340469189362534937
40057554408673482375003849948502012049092528379185896783266950688367787380368, 28044895696184337607681390212622007137900470176793335677747583333972370226174
37935002919443573615491831397597588964660794652041780792342757764456745232340, 64602693374561180917691872766987314559713101534363055527803016947761919095
