Elliptic Curve: brainpoolP256r1
Field Prime: 76884956397045344220809746629001649093037950200943055203735601445031516197751
Base Point: (63243729749562333355292243550312970334778175571054726587095381623627144114786, 38218615093753523893122277964030810387585405539772602581557831887485717997975)
Polynomial Degree: 7
Polynomial Coefficients: [55, 54, 35, 56, 43, 55, 29, 25]
Public Key: (75017945311037370685533494907899408471051628863694942424398338664569149061173, 8177774993276264960648264795195833367614116264664093966898102388906990384691)
65798354957862892772644258655198166760976612652389935331851420277553671193750, 10632845295775099821322959800759862974120494642891324708293871003342440707602
58593849921392980189177498005567679117307936022429194505666938696116924803742, 20051652643238138636051257590379856137579051115151921807421752918465292384836
4596685532832343697518200454441623430488932324308866531044507079133884419416, 46123151062244233620697893756017736159383510616806856552015608406117128727482
58877754565465543818628344301243708514632822434069199429197928384896779755288, 19127984515169047257351051259684752237804367841215155155962473485078740000041
67934885746547055618323119237465587479428804382409225944132787307998680214209, 35926206078814622025166108994356294970575993997207952773512914500066015126067
73838028124102310787414034226238449278186870901250198575052148860456193992313, 69654079187581544161821814322893411859059108852050220968682399630268886452018
661566575057288840166735762013100513085195912536490031173376552983387355917, 9948861746102667240999341917809594575067655422940855888466560803184426421419
10065199158852478746022515118636503823137514556124909220840630964929794045547, 31950595142587773751692129271687387184976375894379979637402920969460407701308
50578284713006785152142892192589426285644041470987287560109318755271966384085, 7256899281970390020635656563590009144238678842962995898275544589293360688108
61323303882239396209179353076185007353544010784708751883361107327018905776385, 37828554528777353030713124602603540326934884887667242849057062841045402484803
73372966204953006609871924456932837842138995053565921356413406612630513288062, 68428317837255671023318517945724399633790471446646406406451152064322736764250
36449800467003735226779129050582943177440272240151116382589150065859464924575, 71857379926937151226342866923506807508434397512941212093450393367403717048997
22649518785885312011728793325652020832235429763418011209807249269172065780653, 35180437537352537493236713249317932747853276099646650298933733468600348140881
3510498444142399918429902047593271722523655368511739937787663687751241111160, 22380594736871585348092310361379425515012129671400680367869154265457032950720
47236344269699219082330499827745158552374836079555828499261318838299529808423, 44676276713061857817310099488588160244108968748965576667482751596924788838398
68560216613464692825962879369421456414129418898203011704030631130700633617310, 55573053641286542712890380544597031686887694823636392794323588011557270550236
43118212213615200884360665212203892674651055317062115652233172685924166132676, 37791755513367810249121708997972356423582841498178319517160452237293703157061
48530044829534416228704652153157389362141452597568098118838276002454056484563, 65766894624004262444655432259396507799415150229686402648539635457829614460150
72176323439665700105618016543443339096768277716377138947741896815293883002868, 18837492304089777758051603680600923905419705114347902746836879343430987622781
62475252282223505649379978156237008149228015483116720887839675017457966196718, 45729879450600983912164892841248756162662513875602725444056583122934763531419
63768051707190479723152854522316959561454616973874441513904253276307509816966, 36270109407852628839831055348224893468596400534257716352712018879469483555367
45782300081710679038849983511237627846602669182592947981096582498877048687604, 59448595679879480472330085959298144212130528266455130897635596814765709813680
69456909174267618097289575844921571728024699914942455024370346184451757106876, 20232805785061513033866126760552909121398820377772362251576037108500351754699
77117366265487020006638994749629915684896053671232473001899290372528294035, 53961515772158750387839729936776405719327059404698703805589070851102287874064
34304288828431095762076018396223417013761519720698384298120038486486201530949, 48359149329176467677968635067729553648734644339712892777661212691652031375215
25604401048313229178122369357050181701717022062748338374828844523802883187555, 16764371146070059799169678648489916826675025718621745504432926410541626261732
28308065397206904473752177235442814174866483015769683116170688114604238109848, 75226477141482097922863678263102951610877683189599652357891465486927568747956
32796396748317476403814457480891198708727497529571902691047174434476170832658, 76364047649641705555868521951098176607180926197493150526791788492173462967513
66710596953836552677782066710058320449066998141898469120739957959241631110150, 54432640377588628238510653784996589544798721234551437547380970582395329637176
1965678708948181099897950190773074897230893460540141494634525052697659005275, 18784449308733897157370368022461718154767091184624356509882230276100893000707
25457844130305782316468032727087039510780449105735113056075404420988879521332, 40909246949567514471283887686153958331719888650745441720467234112527759040936
18960239347612786292026612057545974636790603957998984540877094232386535559306, 24278082732242696549367930551305791097579723238480454129409058788287066924962
75044478913358755431531646610816105126748398724006675639305915276016471276862, 30228503570615177366472333865206493573110008665052939865944365352061260439187
73022372420872662891243295730566121325994949346739685362878564886053095143727, 70036288696284264989600692460469924848623079052320612208004217334777942942482
5636455207832998066276614507223929448029229984674822162551966423608020552806, 62337626014410953999001658404337074050997634324484900734829437032921583539485
7050620751562232566745429365586388166518003942748199953112521446672124804727, 21514699896583935379963069759905283263561651134950238023914313429020818125076
49268185931964884443531376136770687521687590258546498514363188012608866904005, 40650551787389102351840778692897031264358137912605221402329257464605483500684
53780905537859499208982338902172922379154831111817714339520414081188286314564, 22574863527737905417043138339071716282553457096205545315768515218156426862529
64446419303166571815336825674037694284165801903958085300296155047021239856112, 27286091405997337766530714952486851185675863969008126596582512571176011428891
65839139600796516214411049841868962107661851296122920555158003554628812863927, 43530136225947216331844035462197280037334379431370487219777313782219676475320
17620212117236974523399345116930812035343320867407140660731428560624492577504, 23435053085146082327470295840507830017359898164850398065229240734425763033342
71156943384800167763422411381429805986804302870023555156423755089159674346625, 47288047660479232956262314330607629299353406643017554973873246866539680842683
48098905514873954817801009107857594476081104524831152330077234708888369629516, 539502343464276414050992317191227713699368380694432913682297728720558806270
8034737882957184250973332232866714490456110950602199839888075650913361244776, 53538434584935859704508517839282231206932295252575552773143859291200738121626
4586472908322804804334498852150756751866029022081885692574786496953448832012, 2733690820579212250857849723284796166454475805076115930066975017089663249646
19521431304658729433614384760686851844911440761513380280475993048880969628485, 22920226164961161126165818810494247054764072383407088856448004142609151597964
609475855204753630436082024864239410866397680393649842154791954856133052539, 34439118882747746969101492329080914877160956043340043538720636407230929094886
32788212599230907839701430679332811416543483593400116077825015711401470967609, 16740660203950907716347996780584570584609679713348271378646143512221647133779
71112721076620851634601196569640213018943685769403069324797470217231024730367, 54903700223062519006735195595708134113590934661110470416711615462159919423651
41467979860439697031321022124047188518791457062329284196150080522205082895550, 43067099674683972065947003233247297818223526926445090388134121641842487130
47058234862988625030053627720115192240519827081002150655473648168899023563822, 16512403585560965275521987325425210774690705248497641521387222969746048161899
15905110475810143119307401423937215073818864498253941440619662883492361981510, 9891429691431977294983240412351896512831470750465416405651453784190904871951
76843638711606812534717538412861114741752759693619832331705854094416673586085, 26868698106865200963747617868502306619908926606542904926062887037735988638855
59247344390036697731952267805904166874180465775316249632588038125259649062351, 29799502762616024000187172115449529115103931688104107734451190629239278840643
16215778923954296302975688742061820581864965071954162865734293863580029910956, 66681366560178797403744453428964654921031825853206626886617186194832874719000
3896662158166344537645704471264684753200509015004767434307779573485464594134, 5163646731962311799489481566318354756996085592164265851600181042416308908957
3502371344843022682001523889606361203501484104495018871925930622696717390632, 15260302961825862072083274862140105248921469886649238841181454610260647531086
7003861369997687973457677496030723943901730219133503878914376748972258058689, 2154137567652130797079313402241105640403747391413090554478299965074320345871
48384132424144938502614387194203377546279237204436127371752172895920233228778, 68353819878935578109332793561626643072670423329180658261440184579889136280513
37011478854494280573240037320871925607944830286023668816581708336366447770687, 70488532285738015924477499327698120331105316037510771795892352189651525864022
21271010372757180619692930514533538003341302967153191709014427665310561692707, 43938138034230408947836152514846260996430341720835820537094151221561353619525
51799009245285417198981561873758667832567837545487723471707782732560077279892, 49767054231277836736856011528684677664339055819101979847433383377728478398047
32896679212574402021170254727799333845525409752935602795022179560239804779357, 75183329832564555185373137900683761986610213610264258528481247675998150559220
66909685945339732734973471997470542030157825788983898854642647685037761881611, 11339104284408399372614406304646002987717297580208573730569798468737598624049
53561552832411296168900798521017724826662945377776518487137271844670874716794, 26098117778372448069536449013491319210014154526017314066098263854359533111427
2373923255032717353506478759678837025666217460995034877072268696902093710560, 76109550896643308746138355160139384672160571418272982393474349453075965443044
48527698910987143910602255362311426243289077691843924889557380866213598609595, 50750551547589047770773287061611862070326980388731037712218872224139035374246
40321942170898068539276595931711657295575590460958244245296999930869390406689, 24401378395398234059597360942752489819757320628261467309326075989504286029607
4797835202419105708448414474318993662929162093234198921520649013054130607382, 9105973868140260387384800521367438174463432222762048567627199510953795695916
46491902039957555871901780915364536953787281562516301131476818528930873300319, 7328600433797058844900702094928100561103384339044772932139229846586767749895
67089317870791976965398585418938997741733125293218562838490603380705134000899, 37326449550885987025277442357007245801302135986574635818191160377993013343923
21632547117597562556595176439646349438842366883117276275662193747207359432033, 8267120415534991446786474137408067239527527038681562188728142507387984647942
76720598122375923185516351839131157343549370510509976442917784442476298731428, 16013914417038064695689435967384741476119473904887231014215821325315415157344
18126678579169715008706415046481562675727182710287969020744108291724651064745, 18363244999801674839285991498825043374461055456626869372697123947177498236027
2391190940041488090774862257437080054524240252674902289545127847439933727342, 48765346658510096781044717480045022562918291068374534145814473307548842671392
19505741948050537087210201317916985555555778220638212386260461803142808409158, 15041404080622827420207853764003831776182442154045183597133839749043990263173
72252428286335042785386889363117721389449673648531301235498154830335420566679, 64987959814984108937423462993692700607070851454525384242090503335920115967752
21042446237255882252171684896857874041832535319918095377800959407820288831556, 2139144943398761646378905885903521359130240327080587978875229582006360172021
2206496996132108884969788389570686050517384314522892440602879281224968171515, 36595983642372253272969151083644624787693557215505783394681521055171995667210
53896143644056250992696017689499594088275607233715277626599321564577570025843, 71265178152485909775169653482581153039910329339272924793282710447562670563824
10859080578839072373731244676297895071256304900952340720760515635015059449853, 73992714994216859204571220336811665976586364871267809226522618679968148627971
15593390686083732239979185098294337883274611720141118884729350238100856588087, 55989245297419196799285861440004813324024796982660865240724861083126890166200
30121610453874509293921704812938866772741021761996426417801524376264235725028, 72358229085856695799051201574612317772492666675107651744784919575523674919579
40073647146623558381299406827661079316843018868910344559193066193610172850062, 58793527745528770221532037802601221878594706413617455114271955516758812654195
61726298458373448040380810908025835399658417919990541923377848489754573840930, 1278282355910435668930448787044888189774553862550542164297870143627012199088
10335327090319292521546389410494358624503805419741888787734375359728853303179, 19433895573293826555943466962382428774885577465901145850772111668842690441918
25075517789838769182941046671688899848813617539370947518109826562037075888737, 15083515662135800108960390164503195086518920385850755983429581620638112286509
30341494957650667851341379630743666705867734753831085099187404801858202334903, 20987982736774548259779876422795121540045790784685978976745030786159451190475
61975950063867305104287301524482328960222816285944917001218523911838924442879, 35972807499609815673155001039324564196359150111750603531959996057070554593775
51148882377359427774270915825334387969657138773569020122568075773768993794322, 76220920138381909091284883301610836954280139954698852148611897132314775632838
53772410873609083399883609502793124759319739842235838947344542688040654478831, 40136358291894912243166751248413297480508369444701749488407501022004290950077
60820311248368205916551560972151750533779277828176022091296530198117032504826, 3887977783839035473341439365233152585442763567063078641091079575346354832342
51194339885901160182571449685511915702954649637580057005640835423754527811925, 73796914040154199168459807812044484373678493052375822382372552725001404374714
19725629231987068769992657479037030879027687889828417836984587634287255306268, 38182595150748248759560280140004367674889138127960391255178283439103125939439
46358730374099921305929050785618423402546297263136125233894505642658336422880, 65639168932648719437175138552661778598907559696102541462957434849222089291447
39598978124365739555031490464575117768010800346342998223851207436772431706903, 36466917445916740075584112348292456903350875754045547896419249680057854976565
2370995696170255781531361503292000778898065038994203033342473073709594637244, 17450961160555995847502977468240167399817345517538231150790552456872858926516
13874927419801375593653521038507822520975996466273139010644946183924546826801, 34457743822366401784077566943993283698613821940090672023249049226611024970841
30592209212170539184046204754812082595847628348217502646225980732570723266589, 7726037010790806530050701738106800357325903750326119190325913202058944615636
48337075934250214802527453870377453454921843879934931277620833103900726650278, 42479781303164463054875056274059302446605577238938873293009656607353531073231
29664571430864349201097612610764437697102280717359875742083105963316146332005, 58584664156194240059217189214486108130923000453075011250867819393434620926707
27268796622305942351117679091178942720841642022041046684989133519977665311888, 46344119450510267481440704279839178113100973098503247957219463279038590325359
43416046036668826122395876511155040352767867492442326864653591499842483690868, 47786733130163616092504047898257506173807543255821799358938088110134554368176
76276632599033447991919168172920946272524189792733829529474194424728498134234, 30956849997552453585382277236783875946530552892644182300683266702384774460763
3583302223040215680807977084135348834661649282542631601250739359898913861555, 50247140032309665652701910152417391409057932629155661020067923605016325984849
32868142285757542446845209401352165506551903943455240625228256070467834938658, 17266231942596271441619165422456318418342625883571666345240709179722164317436
49071207946661916210471066719626243063463357016570137176351902617180588037833, 69894432624116962891522229414887068955381628434660190461587342372014706356924
34170832318963908624433489726215813886170241957390781439226507227186409218607, 22273291488763941510648148609411426814203094716408375695742540749687905112612
39961417167349118310640453466167394562654087498395879782390649955603539419321, 56054797742256854819489098815646298490239285002448767595066859636669500277417
68093290595892293670150945175527174522390836444421166433707880102959534241939, 43643520827364875652026746407868101274059377389801771500683512809847550665016
65265208467440844276456440276194576561502368870698541058179762118023045924400, 55245748980028176798964280399860433739040260878922318771320278845519474028644
73968618857459888628777181604410042466440789562745554853423658510011249002865, 8918844749524087874780123979034189146501627503527356810457287985659087691366
9206000213237573256586305076512333408663393677976276604521945551262102734878, 74917769039133423675070214898184511601302032291453822090086994716095490853072
71706755048947399672756250570265123075498102562669174038783515262623307865682, 71913605035739245319973040162285724647331131150265876699746227975171162764479
56983085309963138524208718408704701621776842845332486149617809879317156988879, 43206966697595272811387589552542211133566542965431007343565964038452208536735
13069691383889418648412471580713384867742238195246554561093955181547932816807, 33873613485110343971563796241542150838600457519073164858818473999982397860767
67035968585176760698203475711671088873188499506648982493967371594123308604924, 59022536822440737570428044125512733707521143811310442792930737768121756812892
273371906430173549190849701426898079690702101214352660033181385813433350113, 52769767080666725889139764711593969376687090684703719172654956145740517639080
73935032084195824991990141023888778055972052204178829559553395437989588399033, 14693321319694317034702996961466099809896972804979064686333454474838862402202
14023973243365859631355236603403603545214572580184485441073383645446655056441, 41616785500406714840980231896741167953850880054512635855947090804803948539727
28704550081057135694792263574207708101136641542308018416368799449452575220566, 76808762096037081420198105525514569933892217447514462866559899102043931706086
19111482830989676398968204502693956266055361439774693829426271522390584443391, 48278838919758652993771589397908907617944811161667798724323666616715312550963
75306888676822256547372847655822617681176783409426873984659479061253560956336, 46082141360672981943249137222882984251347103919795049424051200166515559078485
34035386226850157655630955811823711275049601997517914602915714224635933588893, 6114387073593183408662460004083838731286386291795697949834678685159484557333
75265944051211247417267761671758722701417958544865405463568059891880858364540, 76364185485198569078678734032771442195026425348811251776945196052357089052362
5970274015053986335759264908036055616448844018163598821643468319474481498240, 23933401421930989295602039836979406534968852537016993500181669707492448350671
10302803496293561020768944433702489688602517914700020148052455728278871923138, 62797055500987409849398621350358435105508259739169997524325995550622006378806
56376501304820973618229408198799906590637710602878964510497930612308502760199, 49595919811877022688703537480180251049401521609281551576130044588935085908154
23983018766657861662596044949916081443303747999114827954641048421627196887243, 14823552832254116759820685238463646675067460408874385611957371481617617463119
36995259136979429807084506326596729258934376551844727841346966228269724005318, 2845772602672008277819897125725917028702684275974378563743798888403768548243
49554611080339085485186690666671581492718619511492411072260399249678200274240, 74413130112276638644459526078147539189452375393907580682483218717488843606977
12445305733972649112930558398759842912364776325697808157426361280463658153364, 43682807212856163794440267162945670576104102575967927724106340086790369986766
21123135106224453529775299037534394726562714170995415342685979020317546300543, 3318879898719357610885940727859779247094498650754893191473643975068326388544
57778414102699014881209138808710066815598499837995252077170306070956870491553, 50605315795713578691473587373945629008712074355977877141572004050938869467897
63448563206981149112116940230176727216815674897804739824031460694794365557206, 15233999395789472525271953506666738417858755481576652922390388806329185156189
7878850722093851911263344434642043959320148668889098269044833609846670781184, 74656064062739681900786371773947396722764974663851722676435842639481689102275
59582864740871563189056142740092932627921499968685967224395032773387178592834, 2032058763610323832969411885923591285302881129198201903214058165972504822935
64745722125620517286614704447955909159256632518260446179703045115330630853325, 31771708999004064914790158524791140495959980539514702096201175969196284210386
60013502417163950059209860315264529734100714992684777372632477193205018296273, 1349106001535028562779250812636516453027188586972676651547814262715495697998
3081313344356609483684514799667734573971860087797966226472015645707120507470, 49382017065347815021413915032505931897358243262327750182388901900413941463914
64309891528364969591927810240403157361962009128229763033723439417517516817185, 10218376829784328841044221816556590970451789391903741456353283522741496867830
16579754121203601873112412634939601090252250906683548135743191409388850384812, 37678840419265281224464898515448332124240665906893184573957077601831052032082
67457775007028441826325681357429782205771134991679882771873684338473848764753, 70599167285858447977636775691093734083516622474972565963986778457816505298828
48420981648591393892500001187302343003806118078108959572821157374742252177258, 67195969992991282051706383637113085874742906811976369446778239265559220548714
45556749370225901923795506078314866387112790585875670260378161707689301422958, 18068140069860322677133299949750516062940469867524720345911814964499748400338
14380213108731538270054574173130628215464971501265912680474404015355439022839, 34724963461205371132417345904492762582141500784673546621301744097497542480413
67173666739604461706338422774380926108091949422275571341578911697494116996641, 33364528944701299410342577316322941432193698880984541464655329040831293346359
37757534908866577986149268281868446805014957967131866142597660756268821832413, 59237508463454230616156150705948808409890400820540024056504752277481055884772
67616236198369694534432888261449901435085871145092020756812133893516971542974, 71336675924859732285349192369459695017038783399951095769360149916864799532202
50056399097129626275372019443364092509515926705812718668916608645253564500179, 8117681238146413054472001925437468620531419342668152150067210417626815373803
38613662689747792540481678142516733833621076612733204663034768193269389130055, 63055390927297509745905538414637738974812246176537529546389612670928155818289
65075001171044274102692991630178440976159168075124824329636720846093712279892, 20869312955279823163466714409915091214708429431686424321844945068936347808901
3367525889577037512662555676434715163898408217384828666360219703636628153286, 14840186697398491000364861942041424915581871250248684157969333450349438617918
41781931056618513855118132885959029203431408221927531725544319884983789227524, 11897866497089231951559551748667882153508671941677401053657569918011665408063
16128164022681208381804350603979925696428908686095090620805854263399185865990, 12830663525233651994218410603004306131678350850416463480799206537969321406378
39048253324775714042050728872104504806658398876140835607182218468704744298277, 53208151285053915828027603490657395637104672831182137019313262909330796272725
25238406645080171076318475218895217246066130877600388230679454383517388046821, 59138281619897571745643545092193436763855631623411361805170138160934549080719
63909870115089921187518795366343133409543446085471793393462947244284415101060, 30930057973550315568367240063511581152639649564447704418079936747088170893771
3606043816887743582331235812542018830041404202630801324850141290478861770448, 30230120367950895539369305051639224267144404178350449332431270665778494766944
42106495334176843695507617139434482664198960664771777648249305479333381570019, 50053727047468115664740067529144598430926427504439123444812304319209874608341
70147248405659186796204368547962699088954301938168161203697789670936095054552, 2673506551383109694121161867644715431286257671184647776402340197770705393804
25135194862042722794063215205397753640493744307563666307128785467039434217289, 59204118354114898000808934707526623856816141303706095026671957954448728185567
60566141752622047439675263604739030203985852554104367009421234034822838970572, 4837952172936034990110937199626140776982413354850255793607035200554234237964
60816951959234442841462414308584108048478949458535207871484121794751739034093, 72577453201200042924835584111942155486217482701716390672518859122676429041933
13888949899347220489502200219992078530493395897797133695209199629209368447774, 67798401374041312885344805848550093978388006038766036793185226469628803473366
38819418684077758054248328886104391387745658230111900570376382348942905297301, 2784692038920622736003114868886154404570869191512305264280784648720043372084
10319942680776331613503985279423881918745231618541033899359544247926643851652, 71411025113479428671057758472316962129595001614711758135307712876033542736325
19092765204479471377519073539729025262850723361403595135372439641940120511547, 36297610713598546302789640361183938556905254469820460230164507057496744062297
24679192477691596760073500223169197005698631210468432948635026817885259288190, 32752853021218113352374775049145029872224487305660674486976946637971130915139
10463306638293823212288918123266963750473904761161200674615670682245608920873, 48706288833319465358773207362342482723385020698749386824963849172646100940590
55358875279139042005257483091358395440678015537259084695360644380283488578559, 56490634617706106707753302528558516470239630482606463039672665173084898852548
51079943974983284948800017667504334013410842544497096208765925780194043256711, 62034131508627547225459755570349057043376039830822517240503413976470386698586
4327395644474888322599829292724035259404525651639099008386837014954287004368, 49909256914360153354916636802016983187500448292602776352089209279449093442938
1238096694241618093473234112851099079702439745973376310836519832422079054662, 40028103233686769449560395503578549406427032345116580995827514840813332483510
5762263391172619792379569064303426862952186802306212641571813100778155573938, 13920806513238732910870762977226453162490166215791267756326001211987741091971
38380418644422941006154885662342273732814770502212737561260263041649529702171, 65331259290810019940205069956024708091266844605179471864378125860407098998498
58240546035358856978440341690453446506866130227561697479683431214113192369501, 52605401565057630146385612655297921200476265602191545188042802644337356989314
7062237357786703920721513552535984199542808832087175805717686773536170334867, 9005518145099321338277702250583669904514793558228857987594089304764073391222
38147445337666432806351435333216962380018011226796861666430687540327675975650, 56950833341042121934531450575754120695730750789567427902450363703821518777897
8612140126466426062502761341402717845239509051309937200537628791380278644037, 31452863679203749423874138956653040122809322142409471881790865059658578970401
30650012704892096390735877608124912218858343856035095353748537532177241228670, 25756005838086362120823845640258067451322304484556846463350328036361164346479
76290299789834376625726972168335371216264991953162829111794675305940316186102, 54502882539683486854127579534538267462872231462338182170945129884288221885974
66054041199808595578207347362685825893426542266702192083860775023640342574876, 53040604680505267889735479975551982802316023189313626154706383249767293982962
68508598476384026458257277406988995737289705330261239757791810165984626399452, 34890741170077937132463046613892272646594288661492479155661405898879092562121
5203233847841220833354576984408968397304150628774405377464351287987805932422, 3841872998629244606545865432349389376870693347942798422782030512975076344720
54764624852464623855400654827312612353479337405760548246057926354977405356816, 31065726449705815395923153974192195995192933469334671979269297950165020550661
74080449317764116411012217969725492616072059560236095309873922200762232864580, 16177384177779626560110548139370227833953141579881176382887729149657420846632
50623261295775221840994996708172067550969621666639787056123014928028731436914, 15614110788459541066815452945605203290447063645431549197799055995192494170640
286634307786374913178313650670607971621058185311070921921341392350970052177, 6507731295196324579354316366329546324147759139864747888010094677844861080312
10695758151792655096137329991179786628498124361977882457885555144457665801975, 35292619556900379445807095407651147166878406110109361783955771198469858745795
34715768813587495075151764083641453563159733231905751515428032316192883190059, 65367995462746964638216985919177691350947966557156010360849922788978795185729
41643056131196005248481894702710535525242740203247993744424230111002042133053, 5885894091970447365059770662181269673060062750201743078574324517945368784316
42900114864879227385024280471871309505413844371270727922517784576935599898, 28964014348174309477349536908084197305566295029194692010070787330547348107582
32502011319899564662103484864643106718995308992249485957763114894326869410323, 31152737281450212246101754258004088384103013011920532496246126378790271693236
74456920175454481830335773958555602038590778890165337467455812492250796498741, 6153759084936684071757977873472832074921354517837515480609664309724963522318
45685330016754397709942249504684053325083305373602080990166019157678860093747, 39461279071602034893330555752595631929077265095833050441062496179285353468932
70802654833110875251114905110872728820912895418242563427737948217487579998403, 51067377219803333769427059925294464237261589729180994334197321478810151188972
37300175907805338614047495850226357942214351560610880266771893967628635557215, 43562812094030767881985792504675582324931325159749464287440433552783449528910
30537795620025925191233383018085559126006967388915597415589980036428015057278, 76152150454984506369627191475144140125179670528672554898889115511825308858946
28580769710634361366116216068796144054007339717052160667031040277065526812875, 73544453493061316367668569534357866799380857716679986336309169384670368478385
34935116752825816145865652104327368035618844078228600782450737439777671960886, 3976575867714964518623049699200624013328751674714877122107231239162013308798
3064536227262683139712236366669458166900308302447907834289307596601934230966, 54900714870871727728223353396462732091712110441930826032739652454408426001233
68239166410121340973950741896692550632122854730620713366124587966118342601077, 14514802824121928595301914104015182697872164578113278690525481769588365613569
7244834024427346075260272864833570374535043727373541557646016728185824582185, 35929419243594607722676165757207769799665653768591382968617841134901131214045
5455536643819068132084254724115382082278210445695901679366038077317950028487, 34032151710909617126025430389718394740741497868137399641801711272171766099539
60431106401290718060557168594021476249749025734927287858871122695032320817429, 31821290763540557045167559361453416552459504962510205883792575740630439023001
65993820023113604691308122216109418925739353209170975561766978384237810403228, 23449743080594829192905559461984623779785463751685770714176581253466534683088
30944328837773326872217263064348102410354360257282805596038488426697527971170, 76745484656419651136649578320744780066057224672480318321765800394393427927436
35531485622889417668092181164893065581124114523641196193685406926039393649766, 38900246437431076782034071030064138084430801081038448472012469050117167734501
26132202879670268011072191971917067861121749796978239551917686888204157331569, 4208400832518776330789100417718660209191100967823794624701039530578232510579
13987346626190556950843378512573284627920469336900938418973557303354902629089, 62279197379585209652518649634700500999877906192462541162460229301826315542007
20839262526639817500803881276885568741230186352209000464095467498042150485145, 31148869173429347449717469706970554263914844574661921033210561210259973782301
67836780366767702791608329390414746137785821417847695869662918593803892528376, 22049941765571950929561793449906053619787225735824571884816476236752284545656
65600451551450490839155309328082882453588253188796493947156527074661557868384, 57915266556019868584572549002224315263266261715856337317802096875440233385826
71385606909545982711410793740156496997967661251312466207589745797877541852824, 68460774383425040385228628855450780313675614534775599599686025876589656627053
20390896823174399060431114195383295432432728599017915924972372661471252127659, 7101901424595048524001079235550457727027633937202731260638787055048659664828
3717771136092793616227618313811898914299001122172965729729665306366146178465, 13845603647928561291109122926089285769433551950317152237001756982449833273286
74628253804884041109666067581451883632967175673526744333542098593630864779556, 31267718485506584616600588498860661995551528449027282497664481179501508574703
62369430781612896367784168158358872307066735276879718915380514165892326995337, 19524385397716418957704061962458493470174090218746526071673597931782842688109
4739621457671606441220144338600888678114076732293330776121989614962609748143, 52154915144822721565583022464024606285441244239189422208589376917292432533951
23360592316504538967222659745302813560970060467607759328561719824027589060583, 32732587209636132447485976973713364480523727921629462023007323030641710052621
63551185724484028152575083671634867346330365295043899170966992991430834968743, 39237852461730644277293102974268874337963256723699869425282923532941123200470
14576573881776166686030055690639888090504432845470028885367520687275535919284, 9060000374066776397601540611078587844078176420997911193231891389908301692996
7970855084497659029265676125854510945952265158404734588488354584372973472953, 34202787710454651080109517263317043368538412285661967720801597603038617414327
4301020213098742971126791574933874505454901738000246617314338571441158542997, 18165091348199438264733191582608914902548653263725045297175306806798884824054
39883499373997686444044836437215050243941688779388381157185562377430677056442, 68511887095497067643588849350795734332201921056861660100772684310776722668303
49559129281785601567040833317076430907097921421560475625733109273055824281072, 72699854072031399624789935231650622602800901505935449443479663501332414553367
44027035530873372482123258632197147165536722226099348907909627295867121666358, 36615515970012599849506077129956698114804819824603686270917195486777409023717
28192667649913574830349726660100692501524683293611684237579212045416848040980, 5948606443469805950147904324754717534778416258547364929713140470577411510116
16197075474616642878030490701805705443840101541486615722080543883196035359634, 74367476318937629915903198142709675907958994516001445219308574937942770266726
10595122514085288664901916606484879252845209384730312751083289483057568678344, 64838380950840699343344850785833986409432615410024558343187978695653434178388
51282970503937528641067659761475400354292329985721817695504398598120372963715, 14302300487210346600550910084682802446108300970984647654059393217504657507186
64272275371245572005825764803734921209940084034012698061188812948287460057027, 13021025727843829192245645813132689114588134119448035993421646170165881893467
70794583893163457158611369204156567235371990749856320720430825024261200640444, 4498597464618326161299825310311843539185503412333004724031779917497124113696
52400334146764560949442773252702862715723217470916361995910205422108388677742, 61958449902864493583695126829133165571580960380208785740355524948501171066590
71137628431306485359999317351358370335360365434693598252088717128102302765031, 61391343751386445414460477527866881522467284701003709512663395386512263272664
73124946445178681349448753885912882963070369897490411365964683688551134275653, 23436949473572903817281460828538680776256995774729306638854921709513561741025
22740434652132057735331790880019511249348951742243508787482492115116469314273, 63047802110387680749586482705010226921778197275893254717034190446805302549613
4297167626333893662316687898643802967476178615090240519128160770978768908243, 49735380500054535169921286744168045810764826501342779852736636721597853572598
36063997302014194447901480164471148191550398248567221785412783594477816196042, 28398718926186251402144223723893772235285757388169130172986904033430908002726
73962454472736830827668976395879841884443214195841303527357257077314043122181, 7128065895595952509263964617388471761148043889007122030466004212513664493136
38725899002059542557892913710566634407840652573642852495947585303973371787192, 27337942687962641931372184743962562293098122139818778808942368391593056709612
25129937080834424037029255546299820627308404778719329198044383754580138051434, 20113829743035676988711662965141243274775057829725188644232480773122191894067
20165154823923702201675634409926506565991774926518763211527777656187726486054, 68975502220126377344537646440594118108153270895571809704673054429094997808072
57307204075596448670566242784918351728805131503215893346250386376708806524587, 8359697321042572968028671567505200359149309655799565474161973897485511999862
30660961740172705347138459162455529734668436802049214304237763971862859892611, 74655408629315656418995413479410428264454455865409935566744251111573724248926
52191014066247156918341187141241672496369545089974082070078931261712618438904, 9239126504520354686611476528367984173581368620522941727139487367326436272351
38622869500242756714558507212796589752295793530897811347255543134912236616324, 14714874623592404260662169689009459702205912884780831646162851101886402239609
58256271477915441159347020109373943667277680736281863011595200655293328032962, 34021281157530730386466349990627756136716411161533594668827825176516831819263
14770390841452546413786952881302035266393915554916368754689379679460680871589, 75914578701267943918181042952219683714498321295890238345413262464597451304831
76075223622994769655216747759972996147988612428597076739855562309394165839574, 54787121186492766292361615805658415789889888224502484245256716890038972625207
28847145094355971520652128724567864918136741113273550873800060127509842272586, 8382687270874577865178313092411016691363829093209085710437112900526416300736
52959275102379303477633644953045296700087090137414164992890378791189660145474, 6123647210881288430530620442293988954880081652333340099879874670074953448604
44853570142807977992878689436698516747661140331468683864266273244784212740516, 67329410766085745746778755393191424645840650068466664155587347599162935542550
27045316409642356384113910892922386005082834287293391491605447266107387588249, 6428637587815405769019882666753238389281127405223825451716640077698878665296
20778356905170421757356677597428455693453612015411096810762354726905697016346, 75505726956464022716668477201980322215854349384955144180841034027997938854500
22224808078972485688734307344299773610744575347943356058362427770530952368325, 24028063978522036509706115926714175624343196592286835443414397217904348828584
15721221067496944011998798913814405972549235106002171188794620290963878189863, 43827201391886675124967066751722560929842003331055147437589841941219258354544
13574107050994238799786465300439164509250930515269878677105020504544262535099, 26569916189931502268360241523894512319066829870347947793368765961370905007400
50467710471257068686872159666426004934563593535741131777533905444458671025707, 70682455920342395074238893623529971027154438696415390375877390793435698010150
21592866382415924405542180287670789654138563659176904771891566878437598004321, 8377366026877752839555664714803415973787992795709603323198908853209326747858
8017115934890533447725720920023152166716426492234126049791126794063683226895, 5793523506366157153754922816422771828006493627341924650288734952865410650718
11512417262653726544037476765450367213754812711311787367205887398169236410311, 50565948796400283234756455020864000248741545507673821653322646861839833241298
40232758840171397796434922301024465301895061541964712716519534233119531664797, 16000059370458192376291930166626597461800281656207033738692098299524493559727
53556934775523639872049907814725084000511513346545336442880131865472329908678, 5623535760767398359510762591973948484723844611436693495231278089263012816502
60153630956656316144594642932729311018138525018779335415774022510697216035686, 1740495948185615682916685105914107012877717303100218439236121794210172963068
57629730267057868565784406604078735670783801089756312542567209421198403591146, 34167648407331732281859667575062500642811772904532607704929394235902511681158
67649972178124595832959650613370550933931083089058115256389534079899697323937, 76473507679648233219390706641170665965026793216667808387625124216054056125838
29875216044219124568350610948391259395690729803581196361525602694171376670726, 17966823518017192131389437093303114584554516469478718231591532728673143371039
61864184049475694925991583948703716874451909971463216917611598200968153271354, 28163608076008361685092265974567609017271573789389624323435467541032747499859
44391317030635774773012532469601009725439552405223419531700735056084425558661, 44452033699074953317007034766539567066303347096422379017020767018809894099577
48437487323550858728875762201217170096818410909282601084255281827150149192586, 54306375107535268392089248305455426538070246818199694788526268178194325889733
35720883555214814717453251037076464579931320065053145010983770471452358086338, 38210701279017237726793652127116002990221438195287994460952612423974041749920
51971595972489948233669165350537571904946578729399077540188054020678769428208, 506437986765112145995473312028078072597186533927364266806673154560815396594
9665720070384103258571732199297248050498851652425065306576363054702566792812, 19147882991747606181847961531332352846522263592012025589080390802795899598595
1597911023658398246977723255822877058407415788258075356212357981861051900495, 28609930841310109564332191312175693061345879983963921788377079940583672393557
4985264725258402624727565727409694676602149167051631047179680238947078814103, 40716256335176840215656194797408246658077590762834056974221223075344484302620
3852658798544473916298532060749920145062039551026075858455522855893214170880, 48130096814120104475966710007210076530258100310313955460423914620501222257282
52362043874489920099825271126531403940317847708119501495213267263863499154771, 51339035023571969758829817634823941525261350153836664290448427817742777446666
47086093932473122969452241960332594522376458412866810506685826306403269935580, 22792318935026045814397417488753134954438153424231644763627948228970354539598
45448723017736794511988749903526482024357964034312819016483333441730766878896, 57066165525915162202587129206816388122332840830273459562764464296780663796061
50660782491475319258441800340579200261423498426518609766143195160398647332592, 60492951410155970021428484153909397835625306305517184479147900174997959195249
35505851807617971733848724688268002783792061003536842101015323360166005768842, 12854168032215445348988168851703277021676927427273649005575222823990233869155
65214894930780391557488566303401954997835147224721492503127903207920783910537, 68062804333112968222143441559824983235083057948129343592860745795535676541712
35286463847036444981376275734312734521328299394167810358390824917186536342547, 40439812976893686896512390320205388651745531296177483564192456702018664007174
54828966782501877354524649880060644332643770322820661033295992763160184810520, 50144171047135238238258922584322569660898513032501843031542033079478763165328
3167111591408023702616098519203663390575114257763648573347242896808139398395, 41453098886525805802266590189156608686752845223692881546378484760106131492488
18489716588437575753183592433079605429237125308374014740581388989304035287770, 10323877171585104594367566541699822029458030543350821349250760001569710757290
20674530388564642654255921053495672191745393234867922454890517750686579225700, 32580315601834676733265599307745418465084202585782297663443182490813643943327
24790148109511339852769485311552610457835232739500338758125702523402078001137, 47343613638547150262063633943146305729667200984577056211287835376850555921920
10161198889766453099664211130929399914025900296678768683341375025002370842563, 21319023771507564778526017207410420194750851811801544880782648383922680552125
32046918034410237925473606010426776203645630786258539375875352988446182974373, 50669369684917987142238062102606174060997279036208205027971942670880924230899
46149022329139922198431578332098264779089340873782200128850836547806916605739, 49479161965941573666106494458090586427321755403648983277141140820370152907131
50832969576372014805131749200803100613923121953439144535361964133413184665895, 41817133182613679637939009316560577336367529584702980401681577694721340592142
33951645835955720779725981737345307895977822580648856727117127202169081152142, 2539397665875896714452613552997677792808600827028675907584416469970029282572
68503503727787169973666423969219537746419986586132309018356394862235674665462, 71375505027624636936836190849048944462351804882550555339385326990915539926313
23016246244011156985758489243112111605850476643122269967951522567062103525665, 16282835693594890749856566606806591013764663754290143643301390009354796582538
71517655123640788227328794167947514054107307893401900557815588769785466949698, 45374258582563991011757237580446302220070119720343319457494898151094566022560
55193613868824664968859525832255291638064672745495192799687311117343788240847, 71760899851834441649592815996156899962831764076505505678319443438768849537001
36003669536319994646766647769740782218616651909513171673927858122318526412975, 22105112839449547336229795154862047629478890403533761524908729662034409864236
64803967531870015736528033986301088818681727665387155973142854487611701268992, 18556512236668483285271501234988045585958055506660324704480013918559455347683
44995921895031506641900669929122198815540036651433878773999689509658950221895, 43929658257251282568555042116780350218812173701403411001487121152563260186183
47364988688273593247634119662330800007724536374086520158102520764835239501175, 53717599821904010394015589687821371999927426372631010119995654548483481676574
68522184992407401206538623166211858973438681152485345360871973572344673731735, 69810270832140581597006683374773875235917924206523694952637069337346719038790
32923188888822460670571068100944268871887241368924370965631017439041669746219, 48563199954464568975271178798521310499346459191131546297230599809999483894929
3546508035328051114391171981834659859473112849935350134435952107945440660566, 55174365321850414597123244571121707403490925923938991843300403152883113342720
65590585603859848593983985871496629177270752162923718858076844567644042162023, 62904060168365616420051935764565950678078965136816624656295586916445874368771
36466144616282018310889424572901449353327744547985736296048244421092485498943, 23132441789904214235503708019677396980999601805858061736085502612313399757496
36686638025926091287958071561111327702954902697727519866786172035217994925521, 19505490482245288483582219565965062788312864355138193307777680585004112067457
59633036638661367885194483286959273192455217928365554186716539871997932781698, 28490623314201328275632365798619424753743917516850820252518707948283486591279
25018948006352933299421566259751991601216660425615919290139588734265915810728, 6042889182430103799164896460879442362021543651294979616672834092147338020702
26608706016496717264411898499226170949600909147562276055294405369518219580896, 50213191842599893739844304318931104991198758708349893344017702926886818326873
69479512798285507413772237285205727733380053152249640938315608642416925112789, 75779380715518807990778588426931316287982659761592520374127418285747556340736
70849624436999666410244179761740860012519410375295097102465426852982590179629, 65626022376620203971335646056802039941378066256779760876665821795727516885968
61709238176109263788872368626903272716895007985871378035764535556882065944613, 50205966222632575395003315788185344686792695922638889741086303344894510572104
23851734519797114536904608471568276018176536936011769066020127394644993674070, 4444012009207341399641745400298134742496650497086815399038363286395987058879
22857977850426739543258312882408215557287076895853992168459226583626582130897, 34003589351596330423644176924822342324329870881522527232499297099422276405198
45634781579523801189270700664496814645575362347686692085085385386294635381948, 11402182358891444843067706934172905748765127237711945237398878721643352444865
18012354949762472617095956189204695789460699782080831907888801658242016909687, 59724242674509789112615428199749944175531402331075815321183050544509467548096
25156101572210948725905591357811862370109918634537575110998083171969248439756, 58195473457509364694055458295707323091295975002680997146544386349236737796717
28717780015787227126680315197290882784982805799048779667545153322727211289349, 31009188166653026816646520827518169481766294759480838752212297848282297484879
57729116972681732334671733190970627264406045208462751164074576786788734851038, 18682581057738913680692982181603798339681641775274510208646862882508672263733
74419090149719589363042848506186326794163712020777339578040992733142260522691, 23820824807592037550175317560787169975089098044668956777381621968128655573742
39391377079630838151508743861985911807749505377602856858225973508316566954077, 9855452904820679119070433203981874630259099711323489254907598723816975390330
7873653731555255817516270872671810981269239341631594950203897234827389979665, 64086603362105402514260231701068408059390710032537419515343926898482968292018
45278390112020253213719981733518333019913164201833623041683225198512512687459, 30618527945175543352033923528483339236744215304966382029380332628590995797867
58336870425493087865998005063927157705754628786112554666342361508673223842538, 43555114474303170856188532293563479093416847877477511849552495736840663281131
74641724586015566098044824886851867837848809577796737097133110428190439071116, 7711695119799524138011023043149533583332236942633616539521943668807942501627
10224913654978887323018261298951362718132660421221854527608693669399332858274, 10964471971132122906320791089243080517015450015341417668218679800154625669355
27152285565053204057408972073454815847591263824239896918172178530407168598679, 31286089839963391173183629641086398969613884344465721567914991441366641334753
28855868550711068139761435155119072802286127559886590041561443066016981894887, 59088424760360788278302095024667674335754956896334950455762146654145462767746
3610256932495712627974323561072400917206310187462291636850073964426654271670, 53958827717801046254839886571870147541045317036511686693210061447333996739452
62180067388862983321329429265208838550780173743824132550467137039781467813124, 68584570901235703140167409468042517852331638054695918409601585805686704710563
73046335438312753472175019709429430770019192644938906302068550693638744708279, 26949879409709980553911369067754206507012068243732578279663592526494503306950
59475196642884764254202009540954163744343124219703914520421674306885523300706, 44024117452760150316696134345251909124253783679560731047322689994784627203792
25124182648290975636723767966304017446562673441958659672082090998854046136831, 11758723828636512021144260245661081437841492637081480539074173674120610578632
74020193138537079906908143144674329554225162434142869343511220954101498714267, 43622297959878701201951831448267517745339675732492730497885024235891929741655
25216724292911590920551408863806679748882956984525211987863862847282843110061, 76337541027134509059962954660248234137133010001510376181871191013240715127309
55380605248440260709851895635755242836101158883541543066585564428795486987129, 70967187502597885148178917835223591628228159586310311878450037722210344478821
882342206916793541273432797372815057413184574389589157279034141196396649639, 4966690221402677887120611004665193952410524233751904942473591650279531596146
70281880799328501161697980228443446936205746556367329995649795939110540440069, 56873983996249888796804448355915814349569099743346713266978166945528396194318
34934199711498848962399500157818084989688459744909760232523287520572311340452, 72160244886401751269021558957352881258751359830334880923920596428520193122037
12545875720734019196443063017551467648022188358061099232479556793004003889404, 64015385425293575402860958210427989713218911608277213439323564639144358496647
13172959492991312847919754834513659065801674732810159958291254071909405852892, 46056759055499214062174025272881749986129566132499375799467131527622417843036
18696734187183864430913942978946696389247536835949287314653104800737484993345, 20283078056576124473560378658393912428459861063106225023598467480362931052036
55535452938044618433732634139374939768579762958074838632293480872159312231475, 30957860490927855157465712505400558983480293368094987276392844996481077722604
45106764704986077465081427432294336774621503978349408974170499118562359349990, 25888873474210227648157594554813856342131467254904884964220904042349620045294
32176028811384774436447337335245448085639292378053987901323584390687347843877, 61588242849937031994945141218244441524211839607361735570631164883837698751928
58666030970903803616214908883837206196161241909471864208079799731722947404145, 44489253684251246356777562511087027217373705191384217472515137545307001025364
14602351851239609202892592876612308383100082817394676758368200808977005412358, 55897623006705073222554823205696260382880125259390236941467189848425901405547
74304340955661955277092180803245247690534324010297091224597282964573313954587, 25252668258078282031490781237224681663212844395595771298676414347081333728513
54128308152224439715207803509397693043118785697789854160944024234528284429040, 23158643879139557216456268898528559709915280366937276524503111085263488444329
3013727063462826908059597393718815730377110594014061352191490382657854272736, 36323244779144310897052151562206991453037484330831582129569086236035688627032
50858793414105315075790099507693673449737114347221287173708856874651501372567, 19614214219213613654969518664852041346039842676444139712386771542613715157124
39864361825075282847451329012110096916097736177731505799268854046590784552651, 68635685285155919170033008776682670654880970270920745669172943447463086502492
39205454681164326498462816644864570170541371414501420262754218342922191479944, 58333342066704420390238892036206627043755133613131299721108000171529881497897
71074706709275704578088419445234306758493404545071005773120159760285471402663, 64034867126219346555402887464608086967182281074631466220576296203234193138254
23413685131140401758935309759081769343480761935392211338700035880572844178366, 60855755558732494522191769718236568126940917218701489520595130163265712224877
45947831489130436271112070850403455192078130321449843916087868614877109580613, 59129643646839919221947047444750489605641096243566934679321621868897595322739
1378791729937294200860926727515994045603211261439185865441753490064179216113, 73976778680344368724448049554013000380156640347914233992215585374584617623973
62076780141327341570157671964734892965367145697103706101261449295772441903444, 17259587683996216423373460590650219713932076239300382596507930161815025849154
49686639774870962520632209939723404247980239009862163518838016328835108620333, 51652073033192023411546519961396303782769144482114803083218684482270420437515
51555083006274038465946819465900954882216961550675325675628802322917305810466, 8592215061740788879236706992643792891733415894401727636578294411495457907434
7768940275923124941785604883334186131466696810178897963318091881156485537116, 45945948529529018435687423269078026176323606296010515715599967436317719988360
47827292687836844237020159108264248997288164866947372836048009525738829303109, 2294734770405389514485583100192311141606160235489359188086906685185508852733
36216558073679438683230402689974214248262755710958769813497969507207301913174, 62055116606992297019851071050793549090345550708877967258793029186786731182876
71961802753689900918997316962711042399088860521518600323034867457950997078889, 56753611356608224061118190890772681096806629772356425468497336616803760232664
39126940856246946089601300996830131250470043507856497752652704012742502084564, 61200605489698111282802684559270373965569207769849153852217117316384331253182
28083286167738649022100763713619969443665733839798978651516082109537269048582, 76523010129831659032676985866388152212610772920735925219523584323093029339395
71147770060289416859790182748325148994227006986221152188660880429890318802658, 12521308781382517199008219317954653819032243289169510801906001243314909390960
34505276763576297724290894651213578428023201607718418322275936274250788083449, 27457420036187489769962558306349691288463741121569409525325471250985021095702
51650247757325405426077229490501977911307444788731333119798354431560041797859, 10733588894446071211984822131894995546385679513919116577430239627586987281529
6322389460440085425749471691301129486784007418534502529347551685594964715820, 8468562806330659671078253979391531269012844884164134922165548901651275045685
2035398794256582524035244627299831578587932557539034175988791824433356729131, 11609711948505187224354443285524431297596314031780929932864351487974964516857
49396662996970361493287160957785618643689953066636430205551090978908173712964, 20480362335128385476877393948560459638159816272879421633655671228254618552856
34076748553308226020334831263452262938305845242286774835212134608453252931968, 69208865433133575824791423093086143453877136152997610467013345121365322973126
62269183417734374295278785898339494658591370265697659088362698988286934416993, 66075014176141351376710737632465671191126545253737669427526782336647217683936
24582292649152142997101175154794524322879948484910521447671689297834767594551, 72853076431768816585045969361224015045998181677395483133973825474077171641897
73454736809968300312287487894725320626952528702049350066301876883790916064224, 50278547228688394724494167341898068612174557440874129652471236315179154046200
8103080754918203855171691002540007143093683485271607077070168897026098345330, 24766442122179772967946041799356490017260047330181424572759714708984896880323
48419770881985269219268588417900931560646699611615096023228987385222504641721, 76315286510670741055125590134056478900033098483006062741350977902177516692783
850449865977358253527472629794726247632063800242777796655352531057040539530, 68921817767223993609214669840946613147797357594605826114993128948131161230450
6450754746812389269668553354671822204523685160961290584634293954641188399481, 31902211212821574749382660238671764321765416086263656972633476978316697032631
10370218914285935608141879625976726621365883438011029558266332728128805275445, 30356800026143642228062050791726235406794342214597750079990944769383944772426
71814697794614105187463995146771875775828589875678361283037830341915999670758, 11403718069047837446304626610188529362016478747032475708621089717214392179665
15275254448279613514222757035581144879311895540380017965032929239350708407308, 18561836583500950056902950717675001470184417691685092731291536716835044309972
23281709377898368731247602144417913391970222443528983414653390123694781145453, 57071728200224646301349854213459532939756481454113261112633659976922502301118
52565468643083265516888355510051538399183167756028335713257594071555695387393, 28390166580757696623418136041110084224965353338647605107629126219551847751706
9636896532070809038250425842708722928724594110136988100953742126645637165069, 22701606747495108033197668276588988485254918260413588132934408650349416912147
57188382677296393123972037958213856408355441639745063416058292630273478495080, 35371127909029600222933095539753885957507356567534179735512473849203783676303
11177923204274745487485278596156847968329152587358213048491880220547440305553, 62555661884448197861175862371487095332231664318668552496239762904165514682155
68269101198299654857483009849466023214659775040697515393729283565303144006687, 74819910259772028246019189633506466369651538547133454572691754797628094840390
38731063319496045661697909562178124774905223381782871278913694669106503867644, 13186007992365367302669280678511158301195415045309092408964067142560477900111
22407010225049130637083175989884027629317542700921129155379710689568456466976, 29850267695438367525422261726254675312577216479280881710757444564224763498830
7547254342613381000214664771940851967758076192468259538122742017994075609585, 66485400343887294175176225591081995515069282971857567470320279893950461089948
39060474745918993703371966042190655945383526980300693186892283691531984874476, 61630598772075904247311336672702233268492563731438540695470003390021838353919
56728295027335333948724744859868778218466733113424255892055496048044073792066, 68952861756476909134143811623321613950345893231723103851326397185801320925476
32394712283830974604889424409768411047330236798188468482757937125800893072466, 1716402418294932419528582395918445027105405434851886757941850630918797832322
73174101541650591124215081204789057424285204150161576868415569836631935807765, 70775221649368395203483685499724299358879951594204463830113858449576958101618
44998449149947457355537371503440099126836054703596756161739257895318510554140, 49621332044894452940136308971478925996742011217555316419459300320838884316727
42868871442979043892773711124129443144378553857524698090976308483076172911798, 39257321453120916747999208951793325082621329380914734701359980232303644840220
65392425908167285209548912865992404381203109742638643459488009541391354905756, 42907566771634779164201143041725007363758178657733540183431617827221456807759
38034622946407004548884207946343789285376144773200538059349988800452610073449, 48593931744407793494539646059833865592012158785212458543283080705623716133112
15404271333169049540078701539369397956983760152578774741501240051143556241611, 15198647960837356212711909772328033375461652758896140514377587330714493958610
64878846675151733536935753903043008961694004287681796851093047440265756934536, 31377874397234941611920352331440264637357937025350224205496715515012861625763
10657390750209967814323916890101052381627182207188924937834315600500935234109, 7559560641202529340407658271955208115982026781109901426676812036197153701513
26244788690920781686168725053453772924437652236196761674280752932213283592442, 44317683386502050901545253930435788077943917572436848435733006234870265935741
44986006718596506664552166070370464977188315619516035029546122904810877607675, 15111248955144509786820061000780590936350110499163410150663365752206311470584
57139544623882535678830203400236896133908990182640002489791149283421800366399, 33065647735107843387611397089784972326518968603939465444484537462603543452736
53427487194195880837882466360738059276887204956506603777376722955086464455750, 75422541216504409224304304328533926186538873810868145914727069979157772167258
36025869786696932284650378286272270263718667792708856755828733302302455332314, 8226563858611371071318037301790008110779483145913403335756441044430827796702
68938831091221434325080770592492892862470705678590093043247480241662512284753, 62782492636916649683378309563572036657987558669360661674810893110976822103426
38957473924805400224674255532457635482767246778781839871090422037554618090196, 40596826391979941619054718776879083618513984270060040168858238199506874909820
63261956563690288692799815004936656363809699800376832513719058796227114589153, 22207127869250136734418309168417511166766906525797427731765707386055761255756
23069433883561426326072015564724793480364168080738094304482701607047777203921, 74887315149349416691283022869032252689439788415821395323526983312574799624809
24613004743641257635858882216835848636697742396942789304154821147742702310314, 32114879357304679104257592038280788559392154032492065456991156641010998441778
2412311393676053169212056093215795404688685746613732805363553722921868978655, 69368940963615556526222065879772735705492460026784376913680924305255837331719
75677661195690793345343576842685787107451330370929661372722714006191253039193, 6576977064164205345262371532112816894063443645090994526756492060755840882399
47395404338920674979758921369097163843145124102784005027886772479463796013005, 21206560762760073012480363109373511152088227400060309239315377121981390267990
11379215987571342298905535159188361977227158122997804606470063958534316602092, 3715964934095532527241924373310436683943873498156619194405575622013667768030
68676925189391879472147523844485895668543721301796924469325589613353842538905, 5398956130793410832631777795349946737410465986023875678156151445692435707149
37525469452240131520335589355837006110418140786368210033239383033786823535205, 56356431634573475291823263542799848218568107552534360738998064750259973263562
61456296224640605649230229826902328184669075456651748979644512117816435167840, 4117529026574706002273661328042316203438171703862520773061950627588684809521
24481293602403303856113455981331886735586565449818384052717136459837597624091, 40110780038127110778480827310698847609286379096057588948411714896723507104527
17212477787881290463837203908897721807303157223779641257749973968840885327213, 53890874292734926345994374292672948134756317442501885486004273040504899736108
24895957880237236057738346271576227065348316325946822392726235555485877059952, 47319683567357388793371559180004446522101705088627166576734784285037975803466
41133603325669648161320227690738272673404528403545347392092879265587136246148, 72923636623740159849313399756341806675645327059823718780004155814808528929173
62346279579195861501079069091549071994650900537064199629532697811658407495696, 41451297487843485856943392465330469982887291161867188575986252618935566400030
30230455151614095302471332437628794313974680458408572850582286834166509737005, 73253058222215862228168660329959168593287834957655588616606388608130151050132
11121353562274579245592323275002307953161851930868436489929224306205404705723, 51333173852315280355667385321180528847857344205555803483723861052983467805915
75704728721065131256683479229893210257063663956615084423356915202714955367668, 38847940855433105644460012914086018510220951628150754590477504116545082509123
70867040847280113262074840977779390314350592427862615492761528701785280515804, 18455639284516275701886107055011168988988560239729753375041669579483874899193
11918916715533667813160466190272016470869131561396038287803441969163970587164, 3147585058284100676759094696210290831923049595208245296284841453713621213147
68082937517723849876595264195354718965660588693471022070833947679767438639259, 73086504626786395387757697775112629493644722592727237102390479140667465744297
61139107703267864883821737726379848633565615334861314449677677013697949561159, 56441175626193158513270850257921742004987236352501009429104843918898698030326
18291735454120533741520039669663259926097971502145316200234441922121447186629, 75513485695379309722293087427394757357454597168160640618046374472470962128335
14608973434120626211458291850611561864123987828331893358313557504087647189925, 50200404519102738608246841294201551304681283641007332744122333879236419313735
33017687532620450025184547283377199161854296660572895322027376658900807631372, 29945853282189792153348984471031664653484599224489197010086166467310568187908
37838379187809294887360745440715264637585660429591050226107264860978605169809, 53722903143939315133711700680382426172205458986128993818041763730054658522575
66800206943062194471452915717187767394704711079530173755542593984049722099114, 14916640349267703072306991379196461193549105713480236122469362380514952723600
59850032686060579083996667698868047626474227780024061237324843234742083382597, 68491244736645783430045490896266455786275281745999596126224940613559831555244
62048334388561291360311481158861931776782652999338406160176062807078268719678, 45811204857758522451816245283535074043807696047601577437250707725986081941086
73294012631982854270990084077418658178265484660552652753432211375270379650723, 1647273450509730616223968148695089312959747189160083010626243996010035180598
70758146637335094818136158443988867512497498483217923720805215452913345561456, 31547295232548018972789138866177934595428855358192614712128456595896965338738
73010039461624425884701178455170187320132278836176988031163082134491390618761, 60056276146481052999822995389231137284121427506048374208721653540343621430191
11718917285325649100616230704631146721491700539734448263245204150255889037516, 56147126708975176443066650192677225954449728846146113076906947773720605059170
62216492957096246745513409118118693434482574260895901596615644374377735183844, 21194531823107744654203009774636953743336850661389927123694132811128377311490
32359140304863416241433451763045968006177853808497746434448019751849840086736, 30771113656209450878692374329776575761965596162166139328861005731023802454614
47596219690236299664805928321844027503295672329188805061772377024974279666437, 66518974460527208901409135384454450587316819727443705836440410292463830160761
34358749939634508443426613884295634321435674797637975944716622177840488800477, 55105909427159713560073451006792076383820015332060027908734437772540380194126
51095409639889563543120788415820001589473365957059685375058676756126836961092, 15024476327031295761292370701003945496979066678030516360750222710227675952743
71794421251221585078390813698436564742733178552682305336227245757835460065427, 42252116562466666988200745619245997462679759030953332099877595577120421272820
39960764957196974237692682279510967286011970977485580439035813840350244274930, 57623473735911994458822531592407799401322331800298137312165571780986032312293
7838043167259150506718088466643833175956808045853672631772470081820921779249, 13830968877140226248969326976431325251873373641009708811880337761113741240622
53135507402073182797742040996768434984840595117812522564490148366969963846703, 54404578211496674774869283748335723547595865390895871460439056706679843681008
21174096818297457272336570641319404358907584747149085414746661324938196381938, 53639711559020952445288766638358463675159902973280189954010464268954126921790
54225861438029965511841098971792927766837038986178309052971095014953751473355, 15310113831420874577897976262344765328812034143746091141532591804162796058767
41804538861863000358711130833747449356046345920386342806277344771146179960140, 33698695286136161181435051203760216836501526749689258411599902378481780871933
44872820659608195573337995087178790556601948153328401251249034594790995000619, 27811010600520784433070257857381085959282542011046473755537494931869948346377
46210752799421246378313022932620143956491128546085422856076985527780049762766, 51127452662193653217863147023334869592570435681422818360778737700170375752429
22296709235455886248038989840224518776707697289780177883393435005232175532939, 58205011300587884026600868063797579614499405622225520193726618048131076717073
47846992101138671916862342208792873120718593428933235522072084543124055750173, 30533333541064820036176676486033030964839475602704463660479681115192543670113
2669354001247464650520175329585216399401425920215016646558467696399972434373, 64269698071804101344681304393405309120790015985595232968329876304520085795902
74789435704495364456509164359288477481121695521159348663738262852397461510647, 36778743077272561997388308779566518453235671204582683937818312203446473500384
57165751315109721826622020419333940337886357589400239793416873670000551586343, 59869049295876001811918239665549172137340235691776009749390485225215088033020
59048997930080504680230947826026594798070767333198042887361299293203728862523, 41042242781874158299623944681916100801675352778599369059102305583297210783462
71217347485069695354148394379054092349151811562804110777175270401280094366237, 34390853972963365476476948772499517010213272736019168573993630471281781137728
21983228456767881199933623729634261718111865640794947139070156159676202560691, 67425522806645057119761218932827848040780270021663013519390294404103472190998
47500016284753073873842866175708335621641514486916047511560145078721219785182, 51779288350140770562802017020171145013387415971160061401095403015060866836310
31650203302418026083878742962460839348570282877354156520751454469953323305663, 75123233638386765992766372360478599976163174812275484500305370615368138753197
70848289294428882069099668108121167174723125194557834945278267224800502368198, 13465714200695467623114000798900354642952104176714920439923156689331465735943
55021141443922515299865457290263098143328769258083909164341233349857100155742, 75580554133169312143387832970370287703978903659627915366891746249025086034819
50755907502380138899346145659143181367047843546466653259006088284099279069828, 31987559538995499951061031685584689009843491614404776708817979489222198743329
13288085631163473331811473278330873631222761250707525359599936540723676402773, 25263526952204930126824649756958819712996155134072796613692762346874995617660
7221287464845270790137906336846414691326381909447867290982267460587960240054, 30029702169686988126608640005747588492807402453516994260806164732457361725066
32778136449363491979151724877365722092844756718153792804995583950370952901696, 5029714470532075683816056129760379925038115068865472676342519758034573487085
14736216236909676440483472664172055494275808438357372988176270450563492810078, 7743818850669074584856136800129573276088717823811787090449634993931566108699
41646238714830542306635876941013241093611181167971174023343078488652874968925, 39318761469253863538599867481750747863803532765065061458141026272516399023681
45886688745642917463359225742048906329771669138922302554094539593391266491357, 70583734040730735435763258679980841105215588835627567546177401919594363086776
28916041151935870967551369910569722922240413409924256442149093911934349440334, 9286685042662287159009865310465002632320866746139529918710054419927308295442
73259501363405655585517823903767496233338205085963486562352866090665839749025, 72779873705042390634764940103875856143718010358772306925817624496200186722882
47347000637079281977902362887711635638149873826636238647809888355168274473535, 571329055565712903399080590610384423676926456937564364200161907344607530796
49073264749144957873679904984711200552293818310520672775993140517882005150048, 67705469695444075817131116813933613001378989288431157804169325990660551405127
38326030041739872871595008557237718303763697914771420577408443523587924132035, 37702202325354788698134590479806838012206470908381852961490169682138263602603
74736430248258487986302194520492082102713873572557872685454392139205772063310, 50991483310418652557808394711754378141545784185210775519066847955000553713108
76212845148347172924598760284706378637126498615106135051698067957950459405570, 10852802143125669450555094383488681163120633749356350253824663487728471552233
44374184235015786327281993462719821447880663167797906468510978548948874814628, 75636128516294362178343913865531851241402500803666108511161437350189876255790
59620960491015946912429306671234943646370357381708781740280244037651249237638, 62387886360672068747484297440694259792659390367224997623139331505668060295053
31458684919998830149299657089719042320744487626910291944847335868349921030436, 17172025063693232496496907238343695402383633201073625889240593950101911551613
21767877327832339023999826195931661315654904857518553281353374724719636358531, 18347089291212104094551762286870236015569563177485753998416993914719252386841
22671261509694245284196109852028519503724875798995004712832072373426054352487, 40916263539696964351878949294292921665315719568418708796085332255541869387516
20236779983735263066937539716634202240246364882426927881291005210521188742984, 3373090200988486670148322546080534653357300413114672997052363433863696859822
52825347737607370174378380319609283851618605483440113972364306956413552370880, 10612620834734251278036906919553374662082000586650841439782678041682270984701
14614463711333092035281984659423175660668710800608300413484343031609310493564, 73638306306385295326540509854875550013453005294893888955977510351180486019858
67082454701863248916333807578984436904869342522177969992609752880928643056906, 5158692464617560067527967814053530900597017347659257384413304178117561414121
49798378449756451328635689390191061709253715596019271680007779735892717894467, 9803419302858847591390222337907397640626791497600447986713661769584421004896
59515877684500388512476701979484508720948145964864703216182115702555434028835, 14530955312116540844574157050984669919179249129857599777985513375320138153312
14786029420857343653259354177003830751997822380993623843207610223922197625621, 54962758135573312902943421560863722472575933345036138965332039154608266505060
43959001303216735493596404874566572595696769420434131336144532663497736831796, 69961826452353238741980311942784115774366114382123109297177002300585119900326
54399356310551721468106337544444103483336879986396978995549355965668308460726, 48301211354817835599762535503875778091849492950205084470357036498908098156171
28813226083907826250715599850243973843720360046416933714243581755689358174631, 39767509377229439754114805656693327408012819975201488898091997032647745279005
9708779816984407635173668233408892526398079219501441953559831572634640666400, 16533874488385849022281325486657833198464304776758685172262046499971564574846
54207172395834033365001921720761634929621169349993051989791597420981681167556, 61962130441466275173059585696337041976410892176994432327228857723883400892138
6826855004174466436478736411008911682685758658678037381071756498724438304134, 66601387417445156543348006986822418047350375813095013128660097735391691411920
42604093036977890403116623438404447892751229296452048806407813624824214095691, 61648938888617656510229017908363992793799818236866042833559978150855306130407
51598185236185005653323380735331146447761721333286995049543226062993252375292, 37055918983464289022533417146715736659769611972934914741411230254702339073651
65116647128685107124047731142446307630341433518156503462322764377035781071082, 69363592605807300087699221935129447849517790749039195278465922510978883950393
15050514497017406871386536373380239287303289721003472180620790516959493914835, 71503414631703515554129717187455463198434490164357961854441139452488828549748
14853864227895343522727557458409842059545122014419442995190238874763862099382, 47044109702059041600128120121895066194133899033621242600499672912412576566789
46362594856082231846345625912921942677451529463518412425395609856000572563320, 64211454387128939608187118471022497798061360823442143369293790840332784002750
65943705491602618769724572232714102801720570176474135642915526415199859529270, 45966398289650042825685043389171999444799864238845559599308636908712153638756
20168116494410742763266488383327340560953146530787511087003055522906266586662, 23001117954544865961583576222256821836315011549014882557862082089409259925067
46039757930238679215944178237191431250630316675349859591601901773347166059289, 4197287468783798795116492753998344845067858522218167245742102468864024571851
73090750794647169655174518971288261588968732050084630877492309078037154661519, 47168530428441087403355428112603948660730417001481590552122572243425280217285
23828618672790391656363959107029755732429896877006085354706596198861631008993, 63907961291493193403632744538513168137868571875554103574081127630253370473548
7005351177759365938893177529458122616473344275168992703249150234415348753701, 52450201430399984339616583798105852264249794566789227401364174500630992644851
15750271235794822078851064887936127012759775062429829406921643563347814233790, 41975104640793292510146000026602306918932333038443635446082539569192778631048
62679726413147933064935278464262357768302372229285041617299299895293624888759, 58443922835256530502255152299666406385160193138170044399651867593763934601296
58993720752856600603390782555022230208385100393552103696243198807121270733817, 54264276030817939320713825536924744383312909421746198917953553030952083960878
24617852068091731537008719586619386423215892357846836061692090919858245225664, 36416864367899730544620930391780453228670262197320502413150196628318411387869
35293594258795574605534641045208109408937390566194020664163545646496093059859, 35105151407271841619690805236289909068792793020755998101896039049342774247447
35423551179848409706473441296510426033612569650933853056377059612687322206326, 60111022295063239681761431318221213771314503266411820813786087985366851837655
35788818704749485243606558596091013625562899991075122443763523176816263817816, 38880756218412027149014850489098870698658068841046662646326096475498561066719
64556682867321162349335620563165150602955783949688833991457944373707104948529, 70045671807237573614431386099256863774824565103998577702509573927431833136249
57759111086813063077209798756851177370329747481721810118425521094381093705364, 69689143329828237388629170185946376636059979037510881660504545839174110009032
74876318980071035285269975368195023854658859789686124012087090689867094808577, 30497462177964789326785961944506811343438793515211446755936426788655790361777
54665580577341222253486988030696971920474103763636944874217584980065105456709, 58224411002410090783974228061447421423434404721935805893672194002235867862802
2253374321500210004819303539708842528898388755459604786050166719350666334861, 18776736517496738429684012127095242474646877780586055456057275568910267221385
46804633487401544845464258575081303807629600047221151679025055811430132677421, 5024092979977825771422568628051105513579966001745824533484894195204734432528
60986843338609167796583394499818098787802536656998835323448191466767045024456, 34193425694286936794568111351252418446495150546919928864020082634808791474406
43045531211038560846411388258919851339788275612801989603851177299600926780408, 163661521078183977120088589300271159874348118254847227204723835474110875960
26754470658439345629219455413322024256647448527599592025610964428267827457307, 44517037116071585715665656306751560175262128603868075913939278121858139075870
57869527819540265271557229684177901464771156855525829272645853889393806433520, 19920344144942449455517736752349351629532901621279949058574069654484901946345
67874829915620424322942007017550376968255591665035121994609966586611632510068, 53150373195846849100228899492593618230672318464983916079896220895537203527708
9382523892829534959600538957723922692013074047831510919531493630948411953335, 59535843426543268296240266274693773269792385517401631676731803597548565371019
36794038554726541292833799047092533173297045887817724914274259641967002314151, 68080929107370807138904562795644390428151652981623554551385317883122258488765
14387568662847773230435244711679433672588183352926059759459042248064135829513, 28028744295386452867264113098147515976073579792356079550067079033352521998385
39420315883112403082665324970107828246497750743956969867102893193206744888781, 21191895983917916972419159686368484978613276380607466045014197512637054049153
7239665449496217700903467368870600732665043188889407769216634160567814419465, 32377749352845234333822755737899350283402238285682104716004887595159486379188
53690531654061375162676875840301288266659554673100762552709440121315576243951, 10896275906305783293223646140647572834244636627213226495109893270947618192637
55846568940398807229113849994559594175169619193352077762911651604402852755863, 23983680168113377270653470820552016822985282327741204669580317434160146283843
26008367809638361007429366753115456599904153048594160673622389730449424715320, 22304215547113068618700570565806225155443561337272246164160518062306597071910
3483600422213521021878165991117682975355435599033813126707724307499893073736, 62869345978325573019872645425372528968119550076371618917764934405967769842945
36428532912975615623920267263757840389924809958778722919881265115123893280264, 5389282317541794653895406517614089502129147246171616272150347348151926974595
15337539383163807448547565527692763989416869715589843772863700942995787944107, 76067797283486746988251828922646750324211866301014679038679424258255354403204
55625989702502528939978076235652727504813317853561816211856238303537553077769, 56142302568610842724482519777051391901839203956991432754964063293192149232019
70090289983575552240134032623369629214235295750881181508440312255854529206108, 44222480702046118715540905703715359685097640530499985155882411995815086306962
55564867270389369667683640968335733790794329935389990676482643687538620503410, 72242726272204236874379192645764306112926159487082718348301883599400406055167
13905061047803393485090853832220857868406623408368515715183004259173984911579, 36524449091883693943793098432809220929214159007358113239011241710719124168615
67457069467375141140916200632883872849450795426290251982955010358931738803722, 13165008188026809462189340044434300844232632811335437093235731585036640531965
16864297880319020773514258689379540441195291215456159321526084661150248495593, 71626258374537447661970273903169158579826793892877494972925942631911326146729
65135604390886283108059985697601876632143245161183857897883412176072208634759, 38171820125371349343350521869383227089373551137948665950779094773244030786789
22205189142222921799050598276382341227780759718681795727906820709229539273887, 18227275961109424030359153326860726910404809875180803881783189355085268841031
35696500726668099179088536401163198658381979022073315928583799267861476391113, 50857538664588086405285191741109381402496518835864267493963920829169714892743
65518749498556056543220685467292445552657618002261523208596283303360259963036, 43334342340781673468608751892250877384698377324455500753177569180032750847773
5636167124928657948079287021868038111235396491239055919908419475060360193016, 57130801930661296565069804157042441486668032979060628602048001035772778834673
53625243785585979969802279980815186707563175870758658184357121346575297582517, 55103972802512793649051900685319152811737725365277679682936955723275249320529
48703074262659615426596670781579589624582943375976121830080668167729503243990, 73768431634709807459773779411614376599816662632431016421890047580694961872108
41619514762026300785039805067009837305487139527613770248752657006156258412603, 70346299326286491693781226818042291766799889344201074277000290040907581720642
10695474057419315769638223954290725154404651920800740618240253848520307007480, 70533782099377551623483015631483464953877741342079725762621219235106416594005
28033407272550987128389927243517945448719643994022213333451524360603059749819, 40566792997495870539695282372043514205481031638474037745830765270006510184094
22454705549587339572733046708624564541202275566867627226877079755392959479746, 54813867612153846206950220890582212385278727744566452979941969567454128330019
57699097178518469925854171012548106451204200150647568478103190941429669301170, 7925169010566673505490194169954489591283127599540657651262915006446554767634
70804339938885731396473450008225600989042148680434048895333755124916471297537, 42220753134992650032815541064109490546296535854892415863046563897475524020033
48872656376059957807627260214113764345023344575128944873044112812049786769528, 5254261886464194870500467184160896330837261620114352947881364402585057051824
70789132190415122794971111952360956486943190181883808263911411177337220798394, 25278796467827098354199847605371924132308135716112125018973194228702025495859
29769290115545572481089647715301772869863567665805348441607351126376547617325, 6317902827129817904884980122745396286036981419030668155542987862770103842234
33096664047399463134260840626475598891816793294736506063123960097530768834665, 40032504230113718139310075730756854692057212639944753755483604387557801605488
26768373630631570528672023288706962493923157971498259905448518526269271947602, 48310279535917206549174108499264565257648010965949699948461444549700843522287
34556186324994233670992262173667228081479513387417537608823020228444713563989, 27620484556806813977529477707317285032940171507344512019550104649442201994529
74750114548384051630744643581772842300718198835919411253958480719233439803065, 49431247992735532820664629679745336354192678031562276302503460339485251491786
19740754378703492458572928962277692765013582499965868435818461256313742578995, 48402214044283456537664091304164022467409355791107842092000856026343148714593
58554515586995024056072341967369656383625310157985555296289287805397922690711, 7108784480611172354314461515614078548215222221309227912379519505792350856506
11845977328108148418773607557313478510889788146477952016325359352271661827327, 52550366272198278228132739611082589226646568262243671029744584426573554198542
72744195107388885865378099342172636635331797152708983119583136495916281825060, 17652607538477410124029818348837501899976925185041391106742297641074549708225
16081187827675061004968921997228019411729452196126661533352986520667495459866, 24252212548632421430124643843553854645163760485726700729329648159495809077485
26116428064272588297148089526784357568370719495362619032243272138016869145038, 51195537643896647580107042713417981227884094494398552894914301710979608991216
61444251459690132001917242365539739245596529469150847931491283417456977344326, 596904443966372336022828107622477215275919219762614852778148621314353188194
49956814160764104754564496081649882270800664663810286302876683610681128869596, 41332982492096212690957708908590740064655001222542638683372311717327446261555
49197419127978367228493044683000255901014239760137264325955742091484693481318, 30532272412597002365605545193650590190089032488400821991204070194992503921117
34678768008944571520187423510960612159273846456415877109389370131430391067682, 35943910733018426934280792092407549802653539006671942267653693298759909840956
15450162330172370134756003630729860570664374459315612444865729972876445679885, 68319027317107653511626784927725279777410168662705366515721156427077754722297
26411637265135634963305353526489462723412996576848940871822401935894312218053, 60724947670010067624240232465380765600584138364477181638439685528334683936601
14767196948878486450025406658518287244108800695603905280150111459630161626196, 72719762474726137778914195434179184898424780531181879821335604131796517778942
67474826570978714070331360547342923517525464581772787826251876405312238542061, 23309621158083115526244964240228208498203913971675401343820516713653667150800
47372026204971401051709195591665790359735989889068342343523202786689936574647, 11314777183971438803271011414406631143574116810765157613380574811806830259766
57491919270370094943860790639946901935504742350797389815637645597100781189017, 73664160534023203611594160196180606867414848818044514854917610768617591105773
61892376075832915400706400310388570983998213160628671779252038730959244379556, 28458967308510722241541849447701657840783887443093990498908544642156924816571
54133173178836740337709140167353464576281816113232246727062242481015434009427, 17454983254382096798970196248075386908796586174908922822427034264373284091709
54370484752677986145627024266463526059444691899751510912946244272007188893787, 33714444410115955050608657999964316178850346463578267608082554903720835341895
64557414362502468923053499336514150279508341937835739471725583844532731055405, 26641464903882233801866180299001888352053310909143036029894854785808805009972
7852952176561754782128245968046691066966417599727159891774250056582547980707, 26681689368378611510699847498219632940665406423039261905665802953091141599467
33657082369135984106751621593257340186787801005043961515190521810475050252979, 63197721242870821176222810190788962103630636404374859846408080138637182879148
8472652376862049075898582742868555294232193429768323050502280977862646489883, 49272366558330337891492835492302811451083039256094079693932384572603786951975
2907284017088796003055463146153419577012683039975568810742352585752841132041, 48454916027644829453664925866945275944558760725087199686489189100391873428323
15955749331718198073565265874519015571432831939509361542535975621802768540419, 1557265755407342361493300561240560542423844661982281576461022449851054173468
22832162078774092845127387605667160542284371368750635725190595071342872079967, 67121010893225760332004611007759150553376950638946007546255095911048330659053
53574692784819696660662763566390685655015581509471545117360135765475029000380, 4751932173650889381910357975041525749990337773958308804845574281009342103189
6695438049466265202881392670291265841538267252404289529567063500952129195366, 57382367752985471976878960645431786595952171706303337096702372577849464495537
7622277060547709814340914539630970272047567913810703278867710039386760758064, 57831177128212874868773941217083407883933079900203921791347289415399531240180
52059037986823894567991010189806787555828327932974272724880407318743726115231, 66379213471779864457814134117734447887334731324931254310929025407925368058746
57391457553800600452395947160704589719328174160122586533063923346053558507341, 15994664360043957814399563998891517107705278582771200798165789968094006221192
9386427979850257267692143252744270065773930533677655584231399419664061129684, 4064380758158902269639389341133788877845211546185330382088007481917205611039
20068055611030034495897447007464544318507697621795724695920802242952107637198, 56684165253327343580157564257761124432218322156018008597389918089091009296866
34244246373825015815625068204824239197396741052741627431802649406402713705496, 59869185660006014453101041781041930095243636046046969119633181669088834002679
5277303409714606811517628845455049402602023979979315370490354359366407205282, 14677640867974922154740038559213696160512628175252450852405356405628208531134
20846640660506425877064148710667492760200126047039056911966789495636458112700, 48589884321116177161305678191337642508226683649058432438038703804764307205817
67525864415233569321220450599858318740003695087829723191917902704198062710067, 10987696836339970312890370700766615568052038417832007405595651371420880945703
29480598230762493365302307603378779138393624746569869596933016020127966096839, 157330250443648827981559492251374640081487907522888601262851308673202178244
15308799673754160143176243500074181108905788491477072007385300294671789247505, 58693103874349352709653006221758633860620683265680928324073859384830915516382
35286589248545982431792317645565925718658747287335472231725612973359236348253, 46004814166201951141473124008122018023048585921855270776071452929966240685881
7844450233288211386369929331059661435793302857154916291969890244015292638144, 21067458745851585026419809759263391702265727535900816851039956727303914460575
26822912343149153679014100809683828349661201875734560316258021200546547188290, 27460453418965230571554010009193891712529850179870937649540972458614401991164
59440446890300659177170683071735749231108847172479220806924643060766587042192, 61160885746297136225277045107712456699125387765407938434972897180854962741666
69287731666167138990481293397249043245049144051488250104544624110867735621434, 27602971565450014425826251051466900261858290456052247733179217454444150198834
5024094262467180785896623155342348080253057792551298817581755010312888588268, 41452042910153608708704477372685445050106140542099274980843684893512527396651
12497306496363660648884312137453106870951571281730175134818470247528781881964, 63104032555366407266037093873751516731778112794297772126065069094438509555799
26372244081820593677573186232124305142059948082274861405498602795154866118565, 34121921052603085307659520699312480311835101359925558021207960132850058268979
38806496225665000456339819632646499304600447254907035885931712552698259090166, 52119310990471096468792671574798055099035743184610150696390629720938716011276
58296181490898402865860541027702599934566943721815193609649943248384896259231, 991928132872920212600624903682900230515099501263410251036398713903646355753
56142783746102046395209034077949797945570318468849837465998013851358855387564, 51832110801167661299819659511820186589097041782651664120894668367013028852048
15917786576171948397006871089924684072397864978099527493923107832139516680348, 53852162525609528257378717664115944089571173951205537072922234494837811385139
20574158202784367596969388460964060441135200826526148024803175823366357466062, 57636902972795226948896509191969882704703762456436648560471746917189527439379
30620826802099079860040087347561874225954898333313079396384929835023686060, 29724843651551225710167692291305397301726906814342349188292080672027762365427
72186096207527996682832444965438402515621854430096268913936784251439922129663, 16314228312443862703367915887801580995335345300872255996093136239750164365416
14787548547677144284495372687578422275651316801287069758203215893128474612558, 43020980307050461613976023899444438781816487139121355588685839166460973660865
9708877188934176320012618641367758962973798152422882277471646414694660387360, 24993271655586780218266560007017751487236509948442598692546360592509470909866
40147606357950879807321960794099521267642821498664549052759434367672489015495, 58383416865109151790024858774229520312193058394219878596786104930237272412034
47392120462201045188562958047464657209515616109368791571778498040565828419590, 13778458041625954640161194865069186146648457683792728212035730945919717367706
13868839994993229480218795471210934650369097136488442392019996802678551767928, 61664726950120561719416384114240198934636384681307359510304423722202234366509
3790103719495870823133334173663650151014096633375771060492852321793998294916, 37241966407322030252024218023654460788438474724807036721853380571418103892685
41660798619233236485525722236711465785221569572893620428031565320277269038627, 65694469948439120295291683917745210249870575010450666457882293830793379951556
55436618425654289130008460432934178705116102271639066378414211304261288327997, 38383571182969438958112149815509172092548927674280199440003606024319352962213
47338560304490852960090106930806021312101731017440769898052516547000266532507, 63470093514367806080929711506137932193429526405502666203312779264828504046155
58697428857380455641263405235813878907553427783843997288251465131498550287020, 73242801121255320746990709470060606171124310146143359611491864046635288899117
65012014552442659116175238867217586495448328942436670177249660233159678877939, 7973714148257998590649127512352820518433783706387556335374457028099502678754
75644507114914033793699287838782160532853700086352725905904719545220602637593, 3081559455207110146233064650378497357876688786435454091837160083357404869131
32498456677407137302296829038242531808846121833073411414442308071693109955687, 44748882163661685381874122981066294650330810316283860345928149439202186771400
31673203265514815140239640173016768125052176474472142228002843088743336697117, 37339285166137809457793070049439032628350514825658562122905202843631156244350
25813513670408595568553803469117609179608122093358734140007080240638034107768, 43275094088685808475266094210036805156486896459273063095746191010365833510139
41447321320046001619205384481545070293632514485107335861282418556676701139839, 49652317117664288731619159364834041383042862819602761313236151256348237906889
48481645823269084363631660412941177047491252853262948579670726549342368369593, 3859407275799464306086259444812549926690563464494027856609336882502923306611
23266006270310960251640283699056337732730468866383987004867163632800680933849, 15292643836446023390171273528135412070784544266474328905210660346727845151530
28926241838330489404904479923992696306182194339021186008528265950501239728710, 60111715785275176021687466897719319001374994945257964078551134420865185261895
73244961406042757984849529457163607496933587254962721547812016262491206631569, 16365862930974347266136250253075651466631005657660125498034587877751981474785
72536068163551145938779572622781075145570640070966320942750305119305709454823, 892565715416043812421221385745907085031114057798131621977544009230750023965
38187062331886693445663127643792583656780186889794431840227434455187182226212, 19290572915112346072423417050600499370109016707138459143088352656347692662700
15532334879982874906203117402339937125786803611020596177127009519925163077558, 44043353047543394804724572847188262524312106616170231249663160067646049307586
50274091291301662682999708444777057885103401102027319326742176740838062719537, 35406934546047381894374184348793135834090799563740997606342588363051836962073
55736149356993811596749471393669934977845669723887963205287136325978368524234, 39107817775489747588002527088299507364648082391000710555577340523752539621982
55287971776261457376581349495814016317018616309105556869063966232236924804291, 32235646692957630050305103125676741502950284085811414991659778791804692400744
71702591110248544154077716350003907058002255212471117531735108682434095519173, 6956676409614895365835652098621140235874836513819305116717272427820129199549
5819987106738755614494263977660824793020086868044851199309055811933000145889, 56431273888858308794278657160483759971933258896845451266231874707123002528511
29196492164066772820376293517894992354153325182572760914684985283630096467678, 41780072132776460826068009213257555456347237333717956984125411695553220796740
19226232854544572083449644115277578981050846645831584598084467635742038717724, 26837109501011897259130888613146471344554475019193532861075625682854036604587
42440998715599476651503456439203864573738418789770483777052817863284036617683, 53160379124277781600893514864595865289346093537382960252390934331473591283766
60953024539528887335738951523964969818266456391872604104946952772679595400353, 45208587086803090827913928135172905775196816168494163564324191701332289910570
14576670835237966434822930802460002323792961037815425702859390771142060550336, 15321532983034667508086548983132845086770763933975165205201806471451860019646
17873855022770501470000780920929672193735164058815471583633711537937735901311, 72650851990467083085881290102516858979785172763694782881831086729547457555646
67002032789406494511258718217031034026081768683707759418370341784740593615326, 19875475382624996078155862040186921312823899577157305076384430889548383733614
18131164110784465018417903273961402323865620880365048366970765853046153880433, 12398583665502301473749598620217655664283931588338438795999827511193947040114
16927419109575167392661313009336518109432345511163819105116212026575225463295, 18932787400558932953072025176088607216994941730782055678785563005689409107942
35829102218354641866953454778495070232986335476847574466161765710949458656794, 50091546414250762626453476469599601958665924258410178640075942974843061515841
31658694272277990811579494882620411411691916894671286523925231331811949426245, 53616117750641755745730548032661176230140621346589958378378771024893447895945
68898656848734427478001750050287935182590960536444361628377820730026155584471, 26127054826311891473734657219381142844815475287048586266239333185167747535879
62676771787617514986384436754096203339508679626058506407829403896694508049400, 1859593946977324072066243646176206368405086774501002917176515491828114583663
12441141613355341049224822186056134295899553780212189010419422554108592604278, 15626623284525592932855012943955043414540487205905709885858307670010425044393
19356297561844192213330892846969411081107278348459922997639187215271283159819, 74901430109995218064010899116690505928608212647305238244380452442011051072416
1384774674036665586579416564619986642404953239742788945796769918397341498188, 48616118400711794239627623254355156666128315578868253881851536580535256811275
23930021616061322204313244330299869804428231944365157515462307131182430756072, 27000766568845825270766030834145704707991252379889134745098291081526837190684
57152696273443128318373516997096183464792082725205267984644531929976159086905, 52149726905817301595106538347381853720306821487184014802809517788826098925089
48828705737227678244607199064037123139141461357487357198796849789395882224655, 73114615462593547224747015767079935732275977557990094752714000698674142409286
889948552003504133173307001646679857620662981087026022550492958291453271328, 71892906298680654494580797632304681419827124739623265370723677734341302669224
56645586797946668094603786285973695427182055387515998918772460225796330189998, 49289143492470403358338433007484255084487179450000459086516305996485495034978
40967037715015717187849811035213229486892615238185514304427212800413611370584, 52643388680785788381155422426701063305136839571992634871740280279324847028431
23700688705208298071813137003584964358153810099629459587035864682893506566810, 52631629380721514267410110728683333071025446479775775967775655132685407826540
28642241542162957514704115326775810084398393214247345848311351436141683509068, 51708855785971146791807293858597905717805144142646932693385871980893827557245
39023885468090600155617663488211280049445427887314774986608757160558327035780, 70533427807520678195386947885761672854504316353426113738550375560899830047056
15933785225434050312078538415568842294424407502064543411192456495856305699039, 59425646460132400748393045577459997525380088745438197615394149036031258682404
72654302463424031259029287246083574656625226028218856652908825074631871914998, 24501587905649385717748600310556917375470509098996461092710630920586868738301
65452462795911978741987262745732368043568207686147296060095158190825817770636, 24123846313757077542892130509314253796658839981351742997428080255454207940903
41382824617649677668751036665627913565542183130142180996372987297155627092600, 44130291774593108282773180463029101842112407266583880118573303546452275712746
64815155824532217169039133060108136581928694549762360449931175949044441092994, 9236790067171605347451896002329907178372131043365757480366572791448372568676
6382930715776798007598689925972208919949006072728302077782560280938660166859, 64128066466926456336190759792880271139634310916520765993483275753821508774737
12446238547044558367225744611563330174469093373659525249400593894821589983345, 14686038349633903745886889607460125561665507300152416309534890257638561672083
6654093148103940185173953628180299507131904132930411467908705761003621856168, 42861284038666767693257202126193865059462294655399910727458586869196630152674
2255583788831125543312845371511477026421232218351215380587616865092413038474, 18220102644629770703845183042702203671284114504085693368618284161198314051393
44349656948022333068955272558331532594558259723234296818651013040803652380505, 55387452795471307640496641058321509381008570377528531005743099678951862392943
2664195668602019241018488087050839624686025578288159882505196628661433149025, 1004128276531204181388551388522206620202264580271240043798722891872439143636
34478394551585002880235821543807036413133754926351929387914793782709542367400, 24988664713018417193932693382445130530166099891031433849435627088659482288962
7360061138736440164970895170231518569880865474688134835227889995613561956534, 24158515625572880080500993603526856869014737508285351337034592925913684346704
12806892571622616853448259494388298591637195102061182144257893684034951450991, 72029832460921461511703598370392933367712838601624254622444516070715612376905
41980842271256665995449815723163395858825169715252330008500268962574301959253, 64013986460459468311506948580823389227355382861083949434446788406200898812828
48718777199506944841506355521813370429783892809676346745286381642112564727428, 71476208397825243842901933792058160016383007188633870319837708131203080939884
23084515898347861794693273669074804840533840281142986123790820147829688239162, 25006015668176817233991981444698485545838242998027639482524561025030020893576
2152117892211578276079314155499607333726552040385654870768270640598144164646, 69924793095849955958478734890686056684002794187483803324743850208905715146898
62756608924180310117944603664254472524041622325458266913126617212151076013855, 6226715321614245779778038666386887848113035183479643421157960680216044655815
7581276660458373155065996340884110853394765225328321864082941148155929199914, 73020069827310985827541210179542703848124123948966135159807969427669407729728
76087088910339664581290988513268968231301588444922374128046384937103443966452, 55408256864186478131177017674713675462286793498279671743763553845728712141248
11301002879461515240319465426595381145248043718595011339561777375435915367864, 46296060291149627590903676045728365104914688266247860755618845156609169137184
49443287716979554418501014054274668794792173132852513671629946659275845920322, 51709106871776284812531035329331927200668706625052434157535243590631879679138
58887043998342902660085449285292368960588876111430010226553390893486106295876, 17213998414865821962258484955913103925100437345827975170074353698981087239275
52783546573681888394598029833533870016676985392344441026137516639840783609546, 35493476871018256217576896585606614212427715760729676665578948695076543043717
18928584675994375545073424785115626188843318939659488460989407641247663334655, 74411213991506284004604881830930474894644727454367085567630735292930963460863
9234016957873154747288256159566633024205382049324219670247950358895202474719, 38161590914848535182956358885343044732365816662787725486808565374907621348179
31886924975150801722416390718568650822722976621764620250661239273991120659157, 38539835011956112448339739633616419332066726372954134848296175576965759089383
56471357100433867329721078134846544239206855143898977850084975518999531410437, 3284864726589593817702205690491643452107520455840801409886243667343554810237
56528999085104472220259425586736370456445401101544704389480444810250719093979, 39656238212407765846938791511623866749786408016152240858364766549016261630430
72679933132491291401023301288362872044973692846556867686045686635694294660704, 8604799210733181116387952018550877764472874169584524500350312741050107291060
64457557058473609627233366555676679777890978864673899120747231055076052041334, 75545517015631988988618618407629424172125188104858746993731583315628644510057
10358877571277292830119971921740229739796822437521835561462645380543791731556, 58897675671829525851470257795164724028188784043353440322797761515248466030305
73666172626274362338925594147763627996873572826282920533166470071308748013112, 10640023778053104091210850298012272169017472693745918975725519704549005769808
49178257596554712389787910429665586056512955354128228249824556613357550136032, 43342863002198485214934744418656423652868812169051939616252426833825521653103
56075209626241041829189975400668445590662235379267607748027145498971960821523, 52663066150860591282448162121401696201541078625362112944034413139790989497129
49097362915844238559630933683090692328593202405431630451251204142057030977111, 6678999669095278046618360858377915368275092227308497233064169934465823430540
27785392312147279425999215481271932685490088489526168317381844124489517349102, 12582809947233906994197362599197402167878547049628693481925810892765717681395
23345710190900849186732627292371094905998828173559301142774659033811956034917, 896263086762990829865233539158822065761474973359420146522525399992323491644
13121582669163945834658199826118292553300141273637515081203012243783214273300, 71646484749234245876725092397697106307774843666655873749878732474443487388096
2404514972835707597416731724994993165095723903558241853980116242874147585805, 72377819522036209848920969999955659625804229113958231763524810643944264823268
34889723408410942662775463313948109139212274686744141186069676103603222770490, 55666324783425801416206523693567377922017737671724265029551709905206821564936
26323986323890594623316705396423225323710227230161619019917460389113087236253, 61757806834124065519145811546634600599335843867637141442672841006157165570104
13621642952693403734939404366519311548390214489616557999544862450604940635513, 48259776063691279097816653356388520587987117781549278158450571126284059202665
36311425520468434810180437589629191113961411615357967805100652687944126605324, 25682169879820039581498416137742957030815279480362557932702407748514613371287
72757407225873605788594084897176953669467604705538813716147673010293762106197, 3525978791449284473160268816200909109576713644757514441329820908195370037266
5895015093089102489920078037748534492254359940799451995199481412899809148874, 54997808888685386519706395932050451580718309484755438498171618897333138299427
56524849572676866478907709373567823463215738555311377175090931460804032206724, 32278335354725692018467244440327703232208459415685789700265978302260316538099
29312870165062208837163317686475662603084522204932525157279567505922509884591, 24024293400717863800467130161957551465140525646018510957397712284339511979817
29390551387084396484578102820885180943130572345301482978893530433309304821308, 40632217064479258859759401727138510023718168902313845070562495869441495049815
4378663520672225640673729023274198841646875104428369843235881058205909842893, 46448341286234514171986223722974613447131064750069711095589179723471503199502
14507460786306234114167333376947893003484477344221052833407009962171290987040, 70199621079820930599911517635747932448471237997189645052693326619042923036411
49627758106120599730448631182655684582325278391858513448193538498310365157330, 55593716505019041126130400701669403355589676174259623216411392432069282385905
68778889201316465573298935461545541696137255038432696489739752617275623767230, 39587330236456179111185896474570497651472276518679890853010216575381454216401
