Elliptic Curve: brainpoolP256r1
Field Prime: 76884956397045344220809746629001649093037950200943055203735601445031516197751
Base Point: (63243729749562333355292243550312970334778175571054726587095381623627144114786, 38218615093753523893122277964030810387585405539772602581557831887485717997975)
Polynomial Degree: 5
Polynomial Coefficients: [31, 29, 51, 28, 28, 41]
Public Key: (54305619214679539997543914830034534529754256524378830974265997892465709041046, 55628477523881186007771449960776452847827077790668279823643522084250428458205)
67097314114879982357934448749514162332606332613795459515273219836342946800591, 57615636009169116483916672537631741817267609651367379616143257399663440402353
62101141539095284628422219858482854898990479635798583647085772945696876900938, 55564050890559262400879766047510474925012225174053173278781694167292406886452
63209819336993487918885845767799533112161940211422156421063785675702388143314, 71893277644863660114745527501484279325225946999035436457459946983289911542312
37015232939763004783431834926627771092908470675805508660762404010549277930664, 33617695666252780235859599856271955568314209171820300100170349564411739211942
73916602837397936283174671469218669611203748635472841801815598987120718962316, 42536875274507037329410575511906842144184366464203726255458747033836209041156
52065080695567953904110129203520186363245441018879727965761821500547582845672, 59753760346287264781939008206919944541520298980313721062636573232614120343571
52650891507909675308788850925153348770016456033693926008001781201277307379928, 55542011160175715318559197358056850259593509357365341883178604963629382842962
17614613395227541472795102007173330261755721305533083604568575017203832940922, 70899401930937091875220605605514530219589423860649901097474117617799601417539
60518722795639551016851271855019917310703417981205340093761235405705763054861, 54145075158439538362650951809443465944621820683693467206276027036446129335663
31773130826680477854654232974454331508339094262656180889338615892677541862406, 59620152283367936300648672323531294817845406761959959738888161888469928858988
55236562849904401833566529199779064631871673444121996873180986340533703526586, 3711110406697499674342697229659305035828665226248236718558630153105363029616
48951724617409707852423949263234728903130466947173635868337928951947740302528, 32370018596503737307386303658769480732940167351501004646601348432091961302968
39878849818009357188638200268785550413535515919326134371627864436650137076615, 74132360302824821775019196753614864783304890305033036908477371211119890615509
52003994992738467698983510491555447280763575250080686593247353408990098701723, 3611019421045442385503299214394141432631858095521352138297977822063612079518
55578498867522741669023793412360133251921427206847919558879663852214151026117, 22758693731044122941477292759474893634942089410332214922410105815697584917305
55015016634498330438686639710425956682077033568822405493460049030594352675459, 76840723156249116018374293671717449030282592307649699049209253660331725999222
47345958031350901372996482095700005439049518393952410899196974907457925619017, 3506109536858058438888125990094033053118591670905212448925330866211337597730
57253487183722686487572157463217370995477449387433263649253567292183585939366, 73080959396529222575949931393944325500308116702571118156662794941943343578158
4629199541888215902874953212938570774836451360756124052950267335284568533409, 16118216146699619310416660776284276832586114842126663759522750283919921647864
13169008715884425362221315136245902454115912384094874586530231138051854248677, 36649531998361065516485775377257785687795703406512587034579939835570217354199
18746075637968151672423565027597391160535640985867232115775739759654429230511, 62292891766421900733728706798161237313448528884662418651737430184300258122137
54380190495553754647868937409810531850277069004636912847620337244358102875400, 1389533768659036070103264499793902745504805162072523453490292368863632201791
1175491165982552651555890284392640515424654012135839177288233638290263819638, 72742907243447703414835235899263560628800989500082587867041058543143109099454
44554940492656258729139337164216338771788024368514079334414197249038489795347, 13223572577714644009420034277593868201305425506991021697369656857363609765022
38505588444682483556037383148655008236145432910382035699755663565523392296872, 69252754832645859997721263533798937316489771469875408937437003152184644171499
31437311576174717763081571168464917947626351156444266769553642176023798363554, 3390334364454663249716590556876138140016590297929824159091446601398860891040
48994356760155741394449561424225969160516029082836736218321132607691578118492, 63751317518856456866084015500809290437063102940521566234056352367324118628550
19414507014184170898030508500154955142977103634376413215612069744026516525614, 3564646399412848851959028990988691859141131414585465817594137224169357011417
21996260600571036274495698405633970220755752819270748893591738062996350012164, 40823491036265615670427732118444231425622364922818255077461360712085916208316
46681968327804173853952368311422145791666683474890815235595541596393892001054, 68611643019423803155812066651408291640221994422894681041254309283496316399901
42165453557775439973665057739113543990506786656887060903892857120788628845832, 27204576346354508138780621833451555083674069177377130146590150774823522210082
57664263516764253161049325726142672405831653785031387927989010381843921128964, 41992124434580451170508698535299331346299060713383616459950592829189554094600
9990696416124202580186520635189574525569190203345945727731816491266221583985, 68462877511882003515325145144770794416028712310083339946769166905394829274572
27535223107943237714873807833623208132687172343269481029422550944540718307417, 32007642588432968637755385457754986437231118799983043981549750113857502730005
35937568581320466211579928250093897318066227300118418538101350641595293485044, 32182532924354267895147122404628958064918296253391655137848972051714104591165
33781588297469164768716065118086083694307400560824664829094133827841537303156, 28467230977024477928234650372513408012641871043382754416543645699624095327065
24106830858047010717964648407290988758655102520383377679622447112672159025598, 22187310243599945915478052387244055371453496754629137051817072382787052800258
15172012988361530298624785137785133016157915267045433974987019722941548010869, 16665932178812188527114670199198671191281756848364977470219557546636791259382
51140335287722707730850651679681369695800872893184108217921755480335236884032, 60908546491266841588632056491394561493953382407606059052469281916119549297373
13602190261230056718520338091150976806060456415128753144868379377927614389686, 11702595993794264029690731272269466034481558616354374271775170944703346728181
74258633791005335076234740800576052201627743679951356415381656430529341871284, 48856605815990049144991258188295232021072008581885017387198669786223627001512
47808551367397390768909560428556821684148494415618536443818553780300382412846, 46768532465734070627032571256046445822632629832599140248255658178366917793440
42355193754636405778342801416250948379565600468797723461150317551096195657131, 58872041978134708215180942179363829308128753248455392822449765335804227121055
58025637415513896944355444304611886885325578149993402922685346267316184308448, 39642006007868317271053474164989609513615382955109156505266728568427943088210
71141586771485163815584584318376143674917872054281363508684501243752095977519, 67058918157404595184835195335036860261433229217106671210246622592797191401034
66349065993809657485702515474088397015919365938505782170207685531916456695092, 13634164956590738211219339472011387423803537079874213068098853671551394081881
59429625361004218449496333894106630765795087403072463960105691923041821934650, 36957329095227724811588593531000041278564676362271702780921757807822024249663
43366619998864749503949259912725832577072714435655154099124622685153006728298, 30544232444700713269881679575493747809987866031543698274260491389227782202425
10467670610142107151421607069514471089661897850051928744112629126537955038515, 28366367860673801706249751092971590334590594767824446996983042527652279498185
55195072432438430423331832444383486715847153600176185426335307859505663543124, 53924861575531441258021513523038894756008315870054465673665315588273238101621
48144768709832068864790407096297646628731480066055497698423874471739601661498, 4798519592700154075595186173567359633672097928001046416352397835132129717645
75734350866624071170011834717788258701159838822959808272501146776846265778871, 26732116161046883598994686497595326698567444750325250335878408032960428755191
74367293628222818082921199966677542201327984413636366712957188032832375154160, 26511555312757674371269154181309988978692327450353794894851843587010578839535
49511306285666372167260264508119701947946194033488557488413541628676355040952, 38605985078514406564486603395443256109874790693954686842836490318318088345097
69384754681573403364901839928967316916232404641102038638646164732322396641252, 71556758911384266194422771661093752470500868081257329219869780582351345250033
32668815628435953522193848425795216150626108872464547349537455612255635209446, 52476245520787488449796900022269005066688775627641168738378910499023836730645
6481711490862121945762208574849483323957222779472375644430203083227267737098, 5100771891306191172140232817187372736817620599450156510840999762634063639313
71481041350475514721793947027231089154144530950709475491264965522443073215766, 45511115596331050791438446794686800848812570310623462777562157341981189856955
65886221733787478202465203570251737160167068896971083193840690645702742258547, 57364268022613360070697388524929759422423695296688897388859878884739151242045
35709046822156259641648835483887158128252508658654559374344511403216090683450, 75591351541641643475704228667946196038532040104501368392716361473370717318295
46364535046556583442491058498150554856078018666842971615240360492638528072842, 55036976810893467379302418872278609170481573623027918807946321480993024297277
14707907575870574613692708648544128455566765897301301468202207970116177940777, 708334715470569889632769680191511106367749534829044996300485464084110330615
13845271850000057433595842925233081831362346569329263238434281707283714343658, 16276286560932695219782677230867909876549518394611298882155726648842677152088
1124478661860187548514117677259602863069636837915136553241570224952139296742, 74051661523921289115858705101947148288682747796921977659550296976967107969006
16788837545983389574918658754666092058694617434457120836499077215165266816532, 1111715829981641909061655582604800062655612307865362532933140051525510003009
35780631876210631347192956231803266766479625917326581645223514525841084293117, 50852253172291619771169089721126117993443510593577509119771976968756012398729
54544861914513284653657658076023330548610046634389459560012688593135541680186, 7465674472857652673113935383866432123859814947286723954278819257873856636127
22442729607562810295867569755619936196427538637199781126475558865346123733766, 11102081424799899635575492758958561107810762672027870066343040430380221162939
53494696517160862448879149953302922364849590814071152033557239913315369286093, 60026946395290638235952100095199221393061396342927302556288286416770693282572
34713248180206440484722464407424181035743791085318949892450259445257229507579, 30576761619830532178663518964482025426304376712350278531126051264163792155254
71631126497218944037809052487146652938421503638038452498935125629677481166439, 23048390944806478832585523940053901052530224915856173503261780900907172675464
49827618114993578183794634410962086330679147127601299411197531878385630236837, 52595466888086187071049771575325318928423094755423755621320901548115028836303
36781037096207839161941549217635181235139106758816920108985058717696220127594, 2411198648661067724629932669423372150898693368628441016869243585001057260432
22793628163394879665836151385400402156267843223581718925276531428483630322914, 32921543571296129480282721477806584763778740133438888692020644750056411944911
25187248965451899320358574322730058010632227091610844302420821285048058878847, 40252402352424402861334931441618418247515004149271431920440936222689775716037
54541470898420717267818084976146968015298113433982749509550354522221589920093, 19431707192218744573408321064920584339206694065175012313499655007772016410483
68794042420920607523145159189545848999193005832135613377403120152482794649030, 18119761735711321670540715280608042493528798663473130827046421511395862372613
62850678837979390412655634897186870100072759968826367461971406925949887503774, 62069512487084500000455273051862196580226943297639777679061559399624817407182
10596856173954967996983830217600713654583772058495553953785358416018753858516, 76246513936835783262099271333088578752668045943931123802206798112306354816861
6136781193320857556185200402740376814771671029058769451717484269920471047418, 74719496650687620667878069997755405553498470187633385372036147125895630258207
40169685778709519147852116412884229881321713905665736554156422603882046065214, 26133493951535064553869349969138249862057769716029883078824446108691358435517
59224213122215212905625092891986729177591691962594984000579049125191896845411, 57007022278391480484974475905349513342522511520890394935764563169187711261358
11216405801787506752840809196356109350797754138800518423846614559025001108607, 45431417667433281404434413649807559483399430334811634987067915824349702365665
59025311259113140303336792300396182754123991758446086047318140310031565164148, 35016796592708297612081599800202588218844727752627053714648459739266484964738
72702736109892701948185167440833413031933673385101106017336749047030649621737, 4253044084534466006048025069890552197047663678904313265508668186319052912540
61595175886451320686872347927448363044011019300172943246749250465576115489454, 1503867888786613783964442237739404614064754302563329940101115852301098294406
12673629278375650904749197098680914043351945456639442916521579676226105563810, 73967173815254668538336330419206757344301452726761766958795379577563964771376
41749600258249293679245970930062342720898142011104970158287312283894357305165, 24674625866348083528659999876343496314416562090553898383997965321909893695760
25787278638723492073470668123245170877223357564342768539237122955902604155565, 48580980522574041205341876107520529229258922134096586059595451141892477255594
35738843280982660226519851890412901720095358345548329697507470795402746107699, 15360593183793339338298445528281358406052262867796272550048462945076825210294
50796020656727658751744820830014512166999717642392003217878927410873765823418, 20753187223768222936795013496630401180167242437883996334872653075516844389901
53772410873609083399883609502793124759319739842235838947344542688040654478831, 11613808293565936350693803884029213167583269621367129724790727770246506090184
33306730701519300538278645221798141165195306291794603692929616161542825547517, 15100459707431522943451606895152469877610038957662579664340893151522469554534
13239720700499032792875937344482729770394731359945801260635718038284060494860, 31648441704202556901459234936364420563980174418491907793287423830122707412127
45237766451225277923722278336438145718835602376479091207261191424093120393628, 20877721208694432223415831843408627787500984034031789034663105051759108878114
55160855612672690185015933485480368448858900957106239567158394669276441164602, 11408722318457090561548656293325659550937633624165519154915409341573142253863
44643378272509229274109068190758926964939895836774126171878436368312649883232, 30358013897473362598163439825326162462196635706356643092763792466159930691972
51410490475155539847231653428960514000009855554112957345328356372115452126182, 32422322620669495496490210536703836062693969106877127208938013909251920048025
51148882377359427774270915825334387969657138773569020122568075773768993794322, 27353699159215075282440259422192035731170958586240603884281593330719186632394
50681003427248214537445483989662655382893802116697173330575839490378067240881, 44827529217705232142189303129608259316305726878322783851750326744384179243084
41958386197926438515095427238000117381383781576941422908592870149838808871242, 53936628287800694958407709109223651532437686502516588927661928577556797754677
68890860575420322140971387617411816565606725067197267273632146688830917193904, 22931934087642683180366412671288558401193607058389474886473973931400621214597
34534173352183152912848419807081342938516518520393254031519442748956952397944, 49156985092242879353354631398655559351120947080306990926014404185138777724106
38837428382578581168150925513008285066025767442168853699674900008888055546697, 16302364756584455140820352915809144321282244407046197358570286327116709693092
43159765102353575663096579740319382089940409370886494110323398764053497683789, 53902054907509918347190460309863525620986698281536792843374949218422311972387
40224234396820305726793896938351198893384558741057603004183295121796082940717, 20756622785372302241544361520636264593363516697710094873907445528331919499818
67624805671532096164721107347560206233276961277166590967532127330462739056769, 30188856938419780509989403523617984769387390920111743028527564997660069704348
39961417167349118310640453466167394562654087498395879782390649955603539419321, 74880487150284122973988737298147344287353363327120602545438188714999181115043
52249946042125591951105185042490179458823988008268889480697846079638080928727, 35313160103485518927955230891624426416767287621839101963307753682533559943099
39788972505225002043253223954121967347290648961428207304957651027436986927712, 45330939163872624382883757181925696858113366615679854933826034209754698786188
38518356660859142247453055237033946246054300461592428726402733590175833516551, 3567899872429456548404867028312099113135257025781406612782012396274213002451
19269772331118670803587872326275209778601360828818581103195560420374157745771, 64392682965070853581687533235727168429009871606682445020044645107961069617287
64173085296814256222389539352595321132188330674962790681947072841057438685171, 55805032815025967784587951654666218672905743645971294322223208414037157775346
48418688864785636495548012506769505719528181140900039380394377107902499113829, 10437641599874205658148154828301813125064349962200211472934886938201644127473
48218047866504250587659650326379595252545373641082139695330560227757916387556, 73248258557552706956656737215912310034800067171175460096288818300126639653710
5616741770326136098908230626631276264184052792379881682690114337723375411999, 45276772334634429584051618150013360504332537031099560965245687127785039133936
61632717056778789181861451136749305108989752392342395088780668651689758107966, 64942604361390043133187660102911637673068509820465264108791636285079681201752
8248858466774442137263579372189783725038594593894757958263204466176918844135, 6676594231898109642557447951980432980781213455724227152472963604000624619312
16711492299905583645157938882264263368491784082547828390242275014261134181084, 10656881555409889842215373292020189601096771905992610405695520699125810240226
75302835359814500923439907721954014197803710911453930546766870109145872149018, 10813705823070727490478034619031685610461364368450623399552177985862466344792
41615658724680437897204525872183680029823305269785545935484205629000631708261, 66327927302131067435858553602915024251305700418570222896530262156859243449652
59265108642877186993815100184668699643622601715572191321640524822095261378444, 53087353642378792788864683904901580141327128501443028620872842987979513415424
59143413465851854417523888172120559663688164591491450053432022290618422253044, 38306891597890360651963041781298960990929214164017045312066032841253437601728
59951146305488076904059604162096978292481025206748647993275611729355726626376, 69655569937962161409711910718952713462117404303404073397050135901684712930045
10173175943299633250443633179077639137302599011564148093977385428491754696091, 5922698675763330767403435043590625908891715364151257263059209922248699520736
36136307743257220177262450432797237577736648070610099265097130231355055112643, 29704689670202736460638944289854102609097361655674579114630522114781656859206
61295160147964212159366591000765860025258674078273608045168387618255261529437, 16725301008461272659462572772545659415252207237300800184523873009732712765522
37764559195943653581323354896866116617563130172641247785810425855801370704684, 1804752940377801871116292381475701155673589760188926892903463049003913685250
63976633568066197200018453844847457067291848971884477896050813382425269065671, 37407633676236857433834830942831355567131362203365909236142225264834480221966
36543697584425538653925749270314177680353337931238808724696407489792427162730, 39030604249450220220465627692597818846272793811916009242946613151026148778476
18986530339136845086713684705109222417406168097935753557139732525331928019237, 24644187242084359348057306828023834940272073037473164782864902888358986346566
1718193834728240494733690203400381013772460206422603168198399408751705870957, 34704446553652280962623355375248359096047939857169387234667219272928461080033
64142711993434757486029430350836603022876961876878423150224936289409340557786, 67182552297658144866269654404790727413916231250940558557330930568065707945462
35553450993471347653309313342919166736841915533479369928120673723319409940824, 71249338357054337632693921857132952731972383945260592550523168609463636289938
71982489425512748655065768684165991195041550905102701256315770658285844061540, 6384954293685096910394111223077444246748911023249652602754468166927416370116
29971780410026908524933896347325434368675355807304935569665792354235428216973, 27071630513212465569661334407741167645723701874960015902974809238432276932734
6839903690976952772883040050548527654016800398051161261922325497014646517506, 17543616646383339520719284183694985942602941750920789932670890848315093175896
51890996543055919196620945971879627593789256945147450274849444716653758794458, 68318904144420674088412308269846903827984571773746065106365113485972927538764
71779763848606626606045159972122883565868033401401284647314464891454461741054, 27306790821296981624329264153143154664636726297272003298605488990056477271723
49390112603282539556208105192571030053153414582582520132219228431695523339015, 7038390219339938813445661395552997182104566518586659188597853063006713904307
76197526692199024096028741344663850076363218585745128087791463089985247282015, 51599813700814238122402044024849515151622463018686409101502577314417525835622
64757302879009602837342941010235918450633130463231943539292147146404297491984, 15729996734624013721960224802760189192355099050411039609497784971481377618025
41658306965845723717818358991905802416239972337156021912458479014871836942240, 64735794926558702868155670951641508107006278494797762421292335945929973200567
19722552166007707026607056516563863617788486316976871595264342013707984311702, 33434223013104072990334136942306247299766620256585694129049157924662060233853
26139674886140609666036116042768052030656697989991176121059934766085128024619, 65672314296066422832555709988187401982176812339949611983571076892961836508362
8682349373048425047667303371499970610201878950543499029241444406638285902401, 31876419280996157421793433726676399057348695208982600156533453458573478655636
41731355645411332071831096200904830598396520282981941854867279838481933013797, 59066070394015703602862972692895456961245347572293876645065353904402771768772
53824625732456948379278824314921362154787859182370104906253350318365440046409, 25871729107164656762115801237731278539380612243023330427757090744136983321244
49784381635370063589184503305523302861502388386089081700230583044859821407137, 72325469765405610985303356919728492138357343796260655209525374180989602074255
69442072286828959538198577764726470929876478172729606931678167327945250171739, 21707165424351967413502813517464579970377193277087133412888383318868009285737
73931817551159049544930812832871612194503166466070217438162560870796018412034, 65301001661249572628924768421180239394758220831192655255198223284478755421383
15661773791021344585207960010229089037461693510682785773358754968211196476162, 58617367029043691763641332507650563326607011932428351193583604820955319351343
2710404853142284869976986592307306776184057368945071397074097503991700747443, 42386551370123232874279058618375136608230113043238399641238992694889147443129
21031985917092290262319160129828307437917225893756132992358942397319007552470, 21170069903945667736663960983291618666390048723486813185501640129987326618862
52043412779135326054042073512514423744984173847736199691808645950173279388178, 69233190952549126209040050660294615615761998910296933112504376522278254886302
15112412693213611519509861418372239555456893763347460443045363373636463052419, 75858405643307439657456958565790911266608677998630686024315078704901970652086
22018577002821224875596371733084354516342099385024414832974377521520597751536, 49746996737487871225204177997956902111461212923567771055921422258098680663394
60888536709959772393261514139661241959267968440105657239843202291881921596204, 32752146592358889924468620863682963868929248720823044222281670337611921549262
19598542837981215621980514786274547483819032044150283065147295904444471117374, 53401379375173609427304736290619340547198960869201265172914905443201637504346
13424728687861467111920081435867633779529634402091029869067171628827741288428, 46172371470417605972898829292617124067465306110231663764622714222874494877865
64193557279921247207721965045664405421294014773637423111073014205074825363601, 34672029975082683957213791280218134714602719053220580414871443619146452968634
43642231959464148576925009361624556290781987948612002304011789817505249415228, 61532408025917002283129904184882711877411996088652331593437215117112753522462
29627378908246123939478619631416916748541130680934808009379022085337617521969, 24601584015205161987932052038170797344391752759844148497377224372603490608002
63969544928912147859236389751809196477848552483533062249199365947927439199346, 55237392462757891857727819052222325366005035039279417860849337950382958288160
47978901379006357975342650658812006482913934626653548895384095957988696909678, 12488270207280364266457610014794672073236018000692727322900847244400101856319
15959576556608318186357960908727393363188781191734450846331244690834730193827, 41597296919624585670580416484223917178634925644180695517763439180319528906775
19670475775843352425063452623669681707713153715466279010728651513410584352033, 45334932141487364299921286152263046274414690207134535565420695019566193818918
21958593283305770342768499276334365721361632324143829342612867784883591253643, 8321843635292231485193516872635841010279870315045830154111057207834211672300
73958732788109411509621294953543816562643983217286239353323156563335613935616, 39715885849015073406422136953833338421567733267915994215549444692186082119598
60398060147244492548936436404019432819842169921667711609731936761933362250592, 30437571398040035925448343852215935246604179560403944132491568376676358451829
20766303141348739695592430329326477076792512224031114023870050631790472658371, 40804491719455108393930860350630294693711465076824306880811094470606553159811
12235957497266166984634053038337111788780865763180945612650076330940867447217, 75698502589584419104166897172174179323577573886344073877582170490767966243016
69455043725920153186416923645091526309719658099395689024214092732443118457192, 26825517087211531135460580787938071054572415808961523743992798584662059283946
57664136654518407862216434191384666306218400228639487758934568451737787495211, 13149323665278786539740947569426056394458864788612424563028642927277884510650
48217577086581459287630618073571557556633508095750096567186018162439993075052, 60677943183427975034879495182212206014141954313337181846173002828648670903650
12933682670359944793837132184901411636616240593319661238783251369982669222549, 49149356246084469150331192758522579253539461909065919886377389516644845223025
25703886894755710659462641487096803391473214288797862465313310552968865936465, 19759885359938995703793186574486294844269610818623308743770005690096676270765
19524951581588076971283252918415406642196597895615919242473528507000768222605, 37827107301127144950184948313704972556848571740639610770523177340157784879843
24413445621976416821335204312289397545057598715385808558321598590066659218399, 65068620547143134834100643938964722012175441025909602693163255828398746456178
22061847446877763739482873900605304931075508935745095291958026107271313401505, 2973682903864808186754142474406440283036065859149228856261515893206522710879
8191023463478534503565102837616991156476798139162760456681728832422239743465, 57082726930960952761682751517298563464885436774575655127828218175433103947839
37879231111539985440407674224358358688082713409284342769596222469683203025313, 71278059807672754680138128682841691633326898421308087891854882583501111197571
15640370142499314647170474020125215622184519611772085081035702208173247184946, 19940017369642037958126796208968739802991355670871059542582602944519265499105
21290753478939925827960402845336183180107318160030047315122785941040293633633, 3699269428393287148483965087800985037022440049077425026142576834415710779111
36832964632945009312310689043404950160802676895643451984444839705518379623141, 56128617294013582556592903544854623329347382908551534104851084070340712641036
30497252865627729647568773667229110390429547537537176888834672103027942828330, 2926056895082511747425784286139675305877511047635412450825698521635425486964
9341763806308115972008165325361921811705659875711435143706801644481337978140, 43032224141532521291546505717532898728659359674684918378554676696597159738799
74541926648290034143378230621367927359317221761419183065945153365849769824829, 44023794524161294675209332752296773186894926288681111672046947005362572495598
1483770277915319693197921149443446802817393568341550428185445342440292123567, 36456860139222407914938173263867412921822965160887128268295765621817667230841
33012057884391547969351416522945056525387442395220049838331961164991908128184, 8485210083814471325389018382961903632022529198717701330103791745058182374763
74920297804844482708163969954910428027430580023236293278499048133169288523029, 19872309998716999206885344408555175963179871504939568424773635506257232050456
31261557689993923190553915705728824162316300396944525509576817159794312157649, 2137304659071117788827697501752809325804479494854158617758747000041480281276
12534309088265689048348920821225153398678107857784413040663282391603846858668, 17196745276670180820841918926647976543516388339692053667213524307320709583424
70982509632237563684214500000621570378864730156918059462584313656436569649651, 71091196867682614373396900262140253099738113024246093552430339418242066573820
10274124066047852535519336007481927633404867063087918655309051281400982242633, 37237737846218198296491439540402125699992489328366991223611388503453774487321
60370146483382494016336514569659295286103582431386768265226528153993030918786, 69274517295910935136910780031363018920412523925031305113352283069763105087433
60157486803260523251601897194507671417882812456804166577481530320521262122761, 62099740560341651979320604898689339110700697707834793133629029441744905049577
41970448234107973671466471999710931656411228173046350231014913769710832306927, 31327205861376667696891145682861893080848691122092581956325045233677285104576
38609926062288827393404160795257183378382815948583476211109985506138386174119, 32336037714504728974019884809314925163285357204702000420108074064804525511695
56895716983634538770377431322012097032849287754630642300533756975521053897848, 54116196601830028998027485432564595973986794574912060569132177195344292437
44268411507566804803928822999276304590534453152320854178773119264706565586953, 46106214864943774672657984581818630213455304475773111033465068080685365402455
54674353976728423745088573888293642407551345758817680674656178578178111731006, 23096601720043674204426133435865428695215901478593530873465274712070975198092
14524313896690492283748297305034048921527229873422916108692651003636433444434, 14516957642575688852686499699021974078751390008334292573469040994756451038677
51426804096526951332058541363087415977382934199505637153733539135776706350092, 11152995034774094810027851303368609509992935240575112467112910226307226802034
38062435444909357034972999244042432719654775906085169390034233448193633378082, 35404239017847823656944787275831860409964217492822605876604620140449077357332
68481064988878020378222320108084885140055831679408763992382979703875159417572, 71581364455162959779114218522773821343939966062860364355343000575653082917765
62513240421372158318387948929853439654166004657613871120362733454579864896327, 20642775706545961543630601684781292081433931386649866103174012125239937175350
24876544978377952868414397620160324693953661666752320056632068250582214527211, 50837901611662618470802286421554129907535891404996150183965886476778052963791
6698580066971518000716110101078128480764865211086431307833184626724128278338, 9504191027229762671796062657059981002913291310674031835958670113557155056801
32954469025828496925258425733912673287669384652246307122994634377980130736853, 21143798311417333317889451527667234156955140897806498139980046344782863848565
7164335061764485826984571916219076321072469808820302252341919326309160468385, 3162295414496938320889087604854507043980696669050981288093000043422272557613
39484107314168756162500411731091774720129253067069757758691859974553051095746, 69708723758367453597556306167029657861557608468599298224753514344808817474972
24437076369015133839874083716325267653545033632063402341442979481432779385155, 10542607798445531565637087927924678833284877349332788606469248212020090755890
45491478434463267977078401454472505775943143741667755329760816657649750590351, 20295078828723962094868048733934117474615475892382390765114658522419636131602
67825804122977146143072660586215085908261361720336682926331353086961403910723, 7925216285294257249076978630854560641942943196040320710258810058742978453225
42736145706625520512681015439271169914539739659010588930737775156739065534654, 21356553494218654385295865336980124948160049673907096176473242256141110786589
65234274195362097402282644192476116507364411011963378505132861837302640167515, 19007394019611347900547182762711761764828947603509717497326044787566088441549
31883462386392227507610540541329066242111250881265981286864293311750859434193, 68206923426898848111905937489233016277738974974404272277475012414581283641288
18161277811840904856733011325893851223475231728432755255404112620769424280707, 57997656528666912952656420901845098203547134523000195376362038992323523864339
7793940897209159826856851998609880170689517803580145801641110831086399291805, 6738561943102241364649530916743818733875778197250866428400292659942503171093
44943250162313321849827733323427571488543510525277842900387823032732112895729, 30271116524367116650218238253759925289153541658462673282564879996893570281368
63981805827053805208866801313740369919100134047398243374534510301284378950669, 35849647970013923130775489240606125748569683170369686809587731339876588600898
69717987406596129789494944722306357064267097209535920950595586403370875749146, 61600105502585959931525557222527225423767795900226972788938087137772117772599
36048294570393400668489543743809321693017823809455272697659981776928351232780, 30538843593944522595818512491892566829703714997147231650964317338099572303447
70346619159793929757355009783124026154541610647491362158010119929616972648728, 38552266718131204177716676841854274108962369402339637610953398550777031415146
45216119796516685290302974954291739151947583248118830076411596244161772237049, 40745068838124826768622271810255172627121293234316439256380272288566537753737
68435944723214179861652161086921463559019211643726187913955625866009090618308, 59996295673515785117034549945121420170624785839372406422050391083935347982061
40189203755823941146073146635364870663592047721325659328201091848538294191264, 16476578028385642300011049093685040512938354381216133540754458029734857699152
17652629251103794979237428068208610145557717064609950726378207448496027317902, 51244453784362923515296669036259083091586273613269869434354020476845663201233
14167651172460058258205594598114730855325060764551647125059545045820766028704, 29967104700782427514224977502074265385248149893934859854480472096347194935129
39514471309375716851276663531521166739550720185460335633669751464896224464528, 27525533542392758678298049241295122717662091343787432303204989751947911209206
258383025088551252837274468228091506366701272081240484185796103478821581384, 20497405076573879053896557446390752889503818097866245019334799543086472337512
35439975955231565397240993538824101748666643455173794947538316732015013491821, 7560481573409384237496566261679775812499758462376315303057797805765548500845
35993876767161811389486841378897188254053832278808078623675109027927418834518, 30568266783305182971563652286734466763199077681200815755072049834291938984525
61799163412654519604766386457781300349770671187136651186254666112575732204613, 33112711672273246904141325698754912595788403465567422340034954725814572136693
38122422909674355994965166033113649606373568251844268144243400523240895875258, 52998932680443334645187986770336002865089613080437142784212481650634784289546
19063743992663398220573612073597170402485585917934980460484733282597863439478, 27855466907605792109027464429825970559533733523334726817414723276605453033163
24487601522398350132085000181236774265955993634296413800461557041886589429655, 14910866758124208758945984267590418811241168497981692246274869676243552600233
32535273637416322831937532053668839564502395783503975319492724990009265641408, 31303677843956393304390495229273939469157668956819542044265620918765673394921
26333569289339096489509045106051863113889777826437170805546634501083096215492, 15846037315472601207373087813913310919201877258881112630532148518253159162730
12999255839914397218904698330532142704660355472471453080452620311084750437754, 66705025115423055418652940200151937943052973822333203685881399936230317160653
59813892463402121390386223852264701770235355414213638691460766224329487828225, 36183631490807541039382150986072075647870855635018716928378040409034367940526
15381143908352678833889972829198470615929949306492548851351088139055033883305, 7611932509571054438694206583057107117814201472062110036299359991257116018869
26536919629106432150039040509268675262554944321857476699057157119137177329893, 38224442348701607644353367202562441598254439395887683475104766475027016382923
73974744972997903938715774906063808649757218242828436578962243903537913166312, 50808875853521054461161213901827639791648216556844050694759632431755400122859
8384376546577867987374484717850496951118600935986238480788590291442806118376, 45848766080771662427604806425844220679238863656552881718103733816062384118808
28532083941146042197161786907281742517572846789608328767265777928284481992500, 68206191677787800610607914357954045856073913082913595253523463534560090669028
4529603203116414240195038561259846004240418756259230420400317441251407896191, 56467238686824534337574764880259253740178370020648574744977183636961857589896
25328790767352207676997106065046563311792531020536694952967415928743144616177, 44619388996389276702660744868742603727318797624561109108300444381349600886326
27991785641696445142966898917754582157887630893513761767251545273080322376621, 76385012264186902856296985012206532948122543634618901026418644474641077006719
72433880051829360617472373701317361345726736143190258167873971711505950340170, 74958964658230389980342719424727668336217005557749999300742047449749186546620
20771578858020376545969714494698736536045037672131288024218603425917929341989, 36075370841052275053846040375709148976058058392110986526251430403950499206568
69967254505561461743501139677708612905444928614060277491052048843515062919025, 18089111900940726506109166317300243558785824230462539966315011205521062501004
12516150355551682751168990088871429628041587509007944317948832541923441065945, 53540373754662489534054680582977361776999143315947379023213426333468728707342
60815415464715572415338461952484088576939955494699498388584514375935917713952, 65058232323460043099832453826688686063498039955729430108233785377213972447974
33027928454627142884811093897285824320750764303924175307926357095341305601163, 16869746395770716694964617829649139720847251666721150069019869373278116300265
8268991083007512694858002273908427450720197247763624965311148598695449716463, 712542489061108976435426843196785299005785242852952962521716663833550888601
71642774597458749263509778355791038533678424621844208249510277555810614899700, 64204041922783190932839456803697350857454641932219509097129369385114127067271
22821812820900440219950624152715217190624261296087646202353432219844462352707, 64472627328814720869348373208856397252507545193646034080185487669044531251382
52824154718826780639087833268965035586490162444918089749089588557870867650548, 68330009714935205275312501858976011448961222699149364298382516589734149426195
21675776858713010835276689568664967626128963508608149033317595273452689086661, 61718850542347123124178251156892942060252338917933624160145729112401369800016
38361638452903497790252739476332152004778158700001963081799475661028552753136, 420599303406333163791863127667468788440311792736794304121160591584070000169
73163969002619500496218844582215529820097034804329600888314191259695130061795, 3292109174617709939178979041548103555216809801172566087736635380423083218998
57444768544468198878730844620706158973734884444437488776075189393721472578121, 37877184050214146875487373120867566453149794547100826896238893429484201536370
59141254867141411494674735967841385906072811056671703537567120204590991897951, 71748978262064074681933964060552251435379349444003643106672189633989736805892
21487552011107645933154904862581582759302113164742797305484603537703078919482, 8971970910661012779268673832432733646775298123029471917853345647945379032970
16016518017084116385778101005982591290005863259845039562655370897289701289619, 27639513778448692988496093126610870118345203524575391925248270976566349461178
21898999800690782808401659141420694932778862162212929509339340597200428077175, 33499014793216435878690472046967124939116861465182073613551777165593828407407
24898929664096698686309918962316466935270741229369806561811164898103234072041, 27796962295701984517015735694393642853862902715475617752473276021601454364167
53621564927402910676355169746141405489941923918251938711922365880868047898439, 62235030589812302616517228705841868087387146088082644344589730091580852767994
33994158095160115927166678561470844558263885957040434686059060029365502916061, 21322878893835373887280691390010640159259561365522571198229090952075767920939
73882521507246713099716968896985983100373685638471001220580923224405643306813, 45501156917580079480716107064316564795054536700872793541363794826179735239565
11283457480064823944206743750890244707989982061554408913833241221720158240981, 72215283618204113358338191332510831645553979956958603112817030646952382598281
8149477388814563300354285192174261725563576752184448882245053040152488974121, 44292081981483484450238755869695759561832901879782639502178870421409019810853
30540439386032160682511185544047369403737853228043960896627080135651044210141, 11156042519316213411660434381467047276373791039493805744061227679110381994703
17666892873216412897200874588250294475090250122704138206196745269293477003378, 24499985261565150802651569886495488445288870827042882688431622272051519882671
26505123287893153539552036869611264464958786574492161507249717944774042947292, 68944640930543403305379219724475051833775047827067482417519182144250280551294
3928189744639548776081587242007808528156549980795647846656224840125781506270, 55406826081201947245430649466954660967262866271026172046525668685649480288640
38994684379045471897873467385204164808244910190852514897918858520402424202002, 49457296049530113744388090564696158015648341158342135167143660338623358167134
73375931507886034377003130500894759927691545654482879527012091059963822591388, 17903302433650926925000421260360639050023501796411164136924182955346824388851
15675291415086226574268049381438593561441801298095196619053734636849500093875, 28653153786096431829904955363103193257931550869689594745411363436176974068697
49180687127724025563451667408287921208445540558645040142930213444099968061932, 74617222788303664551719111740740045856553375678144910328708102095423748175799
55888392910010440078585018192504003126049281601623066212892103605247522197849, 52151145448998945494872139049383406007810142827148282133260752280458545310045
36049127071501783329732855400571124842717319076543359699456348553525944181602, 62034743959331261291857978388702698247614747961251106498047351829259652985754
5970974397859334128859529596496432249738383976131235505561939728784592729400, 64889431324416889382466629527538247690966624477510986000171057516779379083496
28615395606275888264909124593394280729770343827677659932705338969778667122199, 36689460011840539612031457435443710202787086633103662037328476901596711023339
76302269939048129281206655412751061679786507494359961175901518872946460569511, 60315343447825441825574354989836325036831291990549221352806400314971816111654
47377738684736198703794015545033461844655997969041825080730989142021905103740, 3214072866205206579159629434365668978223356963007034265570381980529639665448
45766524007575519679523675759972300484810687274890146593437542790328450009885, 30523408842243758618763475704962936855180163232234892317844705884745186391445
56335935849802627126760601809806709200027772728254091480008623190450130146758, 39231244174065101675710234497939448245494010719678423847214514461345238262982
2025139332723330844698987623461818225182083092069655680471091065903251213765, 9563170163173838718047576407682802029165266896002334281029974250541342751900
61110527502844733553573414347078903386418375446607595080050862017998205755106, 34344376483226951445680775287425878071539145433439243012870162551387268658972
48076438807031873568484252218418708835235791464192576529675190802450400119500, 62981034322454731609345856005180886248520410586125261179906860428420756551421
49035565226514863379434434453093315437834601855797738094068294841049951492062, 10831110026828789178485829391082697485464876771086791106255618828914832592908
60646634892627642484332343609553604487531619669493164042819437868721659448828, 41444914186357786748572536614009080303955016565908528980376748837048657425331
69019840089476925332824925149572793040394880583240128375713617050212661212342, 37999149386449892616119861084748620718816706156774150190391236471331724366724
21313098308780738790204922521758176597629069892929184906263506878929889936255, 32814977288612127964039391782486688788954628153991114469390108068682821115284
27111890512866856759401962719401394638975247479614456583376600274180414360124, 70199729562766514203746653657825991265586953850616151557289426372013947212135
25706777943030275679196470277166650790525734305856711773142436887215917393873, 38327835548765172886966695873629409830455432400146365262607189328240527316491
41690834204053258904035401006239377496454266867376749536611767560121529014538, 818239299259533425432521090353083583421333635498670947723560022134520062566
47013427389728591174505099177911739813595621878671688573886692804863022298757, 24937805037219214203713619019501461239205617288607547395347072016084284234934
42594834391469096395494611736366920896107860626327080451116731254097569543400, 64797739298252413439708000992011920719902730562960869506747053572441169908383
54574505135833273704779193322095773953591956103601444756564804067000940154105, 56372061747219297302447550040413719535671305322557297190862055479188308368044
52218625944117598378459197682470765403899882344587425599769516787037335539426, 69332679474162296374038856175241365307383108218318050205449729438996734736962
72701550012757542939732707137554097075953895631357865754016731531067218882263, 38662610405314617249305836547076813522745651471226869046877852913140891174889
56491892224124324318281166868024213147710515859616434617237276347150474743998, 76846481304506220429765149343111768449928127798964093291820197867591124452594
51389088230749548144787822876800899694801499305828238722858556999303503375144, 66597289629767210963593544873179675544293436216880483127678648014827011989402
36843436269397708614479679465427444801528876511170674023964090537996323453050, 21685903390535427602546736734024937427917497371047743393347357981138625955874
63246556007019870788116725993989450997321728914619682379489414641700710568877, 10693835935722487920974878445069015671273899100695555520307294857092020665065
7491509921373560068255756595483249770307150519493555807085014253195485223847, 71151097591065209390822369295064305544849729222918226833243505330985541661423
50829072004224779718192123873738204883719507889583826300510726151071500249263, 51672702468481545542514156735710560196460330600263742398242405380441943022499
20754366669191802621123530015084379262743292450646887251518425294411755454647, 67478325110530502758503118924506795272559389586718963913946642846623216745722
50984722872815024313857454865840946261090214815467430633835535399680176987628, 15126847001600719540764421753504089127528440963507230046704405463712777930396
3572941913128093232753825354809130286621658526321381794711368383547797844474, 25759842622769734702517983376492206290011140512246533655101980676860717771294
6613528536116388917339620982499000710539660128752126847536587010911540036137, 44863987746451944603360806409436852802404156835564840001088960948926044902157
24557639580659580661386888464364263812419791140762753735763833538452210938259, 72500505007778756715973766772226537904102176056533642973626872697918421868429
48990662336381415466865614441360427537471886877964126768225636829041621141915, 26577985107259381551715063636490729031658876316489957380625717124390828966843
16174920042176258610178510834208506185762898512635238169538172116607761004004, 20823751896912233373561263614977618369084112491905782226389456502148626248080
21073230579359035132875733358212817121112830527965494738336256469593231548065, 33302338205958251891297961426403030985575322137607466999089711817985055199372
9223441320202364946147271639881485179459277812266485663398861855441827982174, 52220975296217340615199288538554458730337913805633499639212389679593497941739
43457356664762144793258849970588072768535899483970756592481351937838818930832, 73379145266478117747592021414217110504531875491638190342028626544945359561302
67433535335737685433463865979268911628547119857393312950624677026567397565128, 53331192117876977749899159059151208143213907149335202576456453432277996824831
41308237472997632325760069915835239819693778181185958178635880695950067450716, 59542312969433929051273323948257562880809009132538082148032907588040402487275
25255954560130936667616967382058720883231918163604615445277533640848693319621, 13844246250595484082317379190056417380081615916054775605532601838104848242907
1609169069290244241320965879295872153992046226116204533764641408195468370305, 60185996927260619344102881873091296201337731372184430874076160389188718820341
10567904259130961370678503502621435918079743873206385722675102045614793908336, 25986346541152500430032882981105810196103509844863179479163573054349622858588
26841268695644414142108275183426760732876072886111092832804041119136010601963, 32901090414208779857464152367698333207862343517991147322325552986560773327506
64816247927267649565720296083198270027373758380402699234111241269003582681387, 13184066844228121195088239162059369529404479667101829145874607276549307626024
66194539809993655658318881567982625450825956741708663977166964010208224485276, 35725302574681910044112766374526755670502242409056182104741257504205145465865
31803081972991431220237029533696393838481452068647421346642618272925157787829, 4237942887548676465057527996392349818482323012084241845600657221401391637790
11572201303454169107674821383772010487686828452084643850865703400829298457834, 12427294990678974773776952575322527054371397170383805760152810500087867943428
33845048499629716100110392627027023365523441302609914769636015856665401873311, 2646304463349161303836834308163659965503749159423157774317476729150155393713
14561553496784918979864954042095175218409239249508713653441973369448298228679, 14203491010975669271374881716911786677046018791091329757933284621162697951372
36086172893879032141615036001632078178909270221864875261960591651655742185740, 29938761948749465379623194436553438355358685352066678614331255697332564488391
44314917487168531794647625206550790303423575158675183319500010827154641476049, 59406393164296171343945052183478188693742617108262056797332536395043025430214
28247090083257594196103471079940987969565545412005299028544894940273092989074, 24203617618701246525652125542984851900676351506593702102844341365727988306092
35298506011287964283811280332350566077396962313524141634126028639166752998063, 56170874566201889966674788977139669159798974874993454290238657355409392730867
19583535369983223765010986051507488618149336460025924355862312548369061859373, 36900067146785700617963996163873092685047094983576768524820094950857468653942
47762401566451239200937797858961136887894044954888844923687491080788756253044, 1664728881590841138960509591172916388930988332854803964585889508501098845617
26254525088598171949153915103075638223163263325100487916067724769978714984247, 3039118989296292207240350432395225015456836904261400538338575537642774875427
54409536619723926863636433198461167349065470866580416030460080274215608319246, 23457482610097645507028191808304107553384584587314215029374937676362410535133
24243736902984609409776993876488378090752315882080807247155100866513599451642, 60193548458804029171971679383394003271697315307704007558754784317982663681624
59419088807456819349225749370790083658278559989511344804308255595794370894964, 15240449149810247699978890817899212930191244128678697657575937719251060431676
15027453492947600553095477637417342733508574980944414476735376411905775452120, 45815346268275888167373980770101974576217060597212781484683666412530603805590
69584410122871641662007502884338758236032046494768717971168154209917297964308, 34701772241291098171566866626935359680701196547844755562730985304129935709832
37151988631640969291896814809173906072729955628936102390842379597450036771673, 22370888382293919454812269311792358174288255158975294494025540300036583680332
76740922565355257308419915304032105679532475438339593862378873483821412455315, 11574403274962083978824677259771040636323716384567252743399964996711450858445
11139946950592231632336783634628627675475729297178263777683462094830704281694, 72328783175604270307821973619256153185420906289601231571533034804888354092092
73436554939628822405770696830963439848398915972482803039002443497414885347097, 17801152122488335293748159371756023395850615773361469152055893381392134747665
10171179741815771593770978291847500188908092571946607364720307759525031986275, 74617282322454113280215091530493278311697005680044874520415331581124430138919
14331716588006308825722557881104029214805753535553319744108790440716611098893, 12470066043288260141199785371640844901035285915223068536270771792979320997588
48228861177443900275031471384533716250455906817979299403506034448080339886486, 45670431847564356771050835603367915363273217356540098799776876130343891063884
58294646846621763272928168215830085333520368750608067409638594205130146483499, 20035945766030381723889793268896775269601936416703569115337617877001079125312
66285294333851323431431910499507258915813371163345147786795820141167229676730, 27460058646744593022618349808583416566514434416778613821407553460067625504101
34447331287834534935274620077254410805939721280162860337138657304144588693538, 269999382982687544294278892100372038243116274766098154268548549535933454360
37277946413505988409737142653206492846653788516417837379607609368921979880371, 15389415302546708869793929424996120534645369684880539456887398192123040822639
60501492743775139523967408722555394350896296774085407030313042687346031446770, 68254930275445087101639602874488747050705890955393475043202182623551105423091
32048066739803095996866160305497199105158481749621036796321058003587312046150, 45695592316562723908441028058231242470241824823767406024072232146579847828057
64857169338290623829510395529589552652008282431800561057222313064700331334607, 6054803002457964638191426314970100596260208099920703164981754100562164115539
33857193185941494786109240610272207287160811826180721751302558315644215182842, 29959745490066637317923913343001755515297974324946291108618714862082037667874
27055980788980717433384172873914630321324728070389811903206336067099835868615, 24523415958969109500682398908439082188124739895974492194241376568373821623978
59682156384253174103003563841104245915380379124943505072185921591901304527166, 2774970552036248909634523262300394748258432988227756963985334087514161929426
12441385473166111422851421827989483176574745071576878441524524678822431044088, 40730897477053972049305969021237522905781122471793454706330303031317224450498
2094344889522021694140200270992292660935415710158283299866543232583046494419, 62128887354728586781486053926073319134588087958627457548964447197899219646691
55518489833523102094776799735917300585177563039047026089459562766725236213166, 21708412669397099499250755105814032066764676048849462675441010687545739076084
32374188569915175347815634831633043554885871858402760244260709513603625842540, 40330960833881831135898396159212138801911839364129884111459968168592728192802
60226258778489212822236556481686917875168126497568383182915410550052142605811, 12628664739174435747106817654817649349104458269171726896817293986911280133217
32835691835322121304243992615409079557543353261680078288936606737013366521399, 47044657665394229038543990041829151011970704367313709633516331530106447186743
19187785542174454886556723880361328907598445212768528431692325127584189154332, 64177484545706194049533979530308036170707054201708494615280944550937335243550
42809827650926491774796874585560303275059598838801103340891116629709097997402, 37357486103035978928044470056827489182678762339926009349635706508513356539876
39138661700910166857763259323902444326670432034549905464506922183537914958265, 13325536969274207380120958085845016465760339803742046940310093725238548675778
21507743555615606741056229572631640201286626764394415191557133615998878966658, 73019630396604557284793541286951371510780139512282295573897224713934487122750
28025699260214583211971071788574816587045798843533487683382497919324010435504, 36027148512754493235362166194095088389885968249129415946942381510727269380859
48849751206808713195312398917306739667259533282689128122805921960704497844489, 46315541465321209369530691848208965703211866864243742634661822865089986293345
53625626728641202989938379042184516828263660639852033237924908624121519807336, 16736650534301630369396864260665740651644545582632661908996338810774015040121
4062836095474150542976540631977793534499387470077244109099552942351567003327, 48110367937082523194739223568591340741775728641169111871069245875456845797959
31743505474147921491295133660411659990698446605921061754644763563218475405414, 68589019294915043684045548373557559098093178219638556158593260329589203569670
37926701528653087842681187834105782160609193103102173490663807296387520572717, 25784793378621622906211030083958025005783127545031769330445834835046082195749
67490002801721896238320197671412189844608428880617992294647216908864716897054, 13050761449934052922550352239061887832811592242409792332451804627900965771891
69922766287873455508728643495771552691420570603399257662470379784070661182527, 42267785089472842425221319248670531777106332979405051845194327763423542511339
14547492671092204562543137139404657314982421792149565716672090245227956682712, 32848436725956718318107225114385054842401494455785473170476990012163645526325
64424647736506299800836593898273051515005347278057614280510863907832237621406, 72264184706273538529542147916737092658828929219909795146982898436817789510179
15027589903190363380685644207235129673840985322243062571986418129891130599446, 68258216736600012311500550886813872714668885673397019669002880523383401526813
40532196433174969255397017610280071320888808264188257917158874215136089774494, 32868861527291193355172171675845244508571880715680740573814225065336224178022
14464207115394203969628774302307454654359973342071138186484835402825292558614, 28077410614061840797238029713979225491719193365529007665065260938973470840442
34762832352851557382355868574341781806575502775256004817178269931991320415792, 25445431275311965003112149095232403720703439166630525098838401371961280527924
74070179348732153654824176538259204106333447742211369443018370399363435334678, 27088151615145072205195617083089811015367563858013000677083644409916542914354
23256599966509501285700756728334704103485109940469695225320907710487103700843, 65952860784424794747845116637517242919899055791488043689681947853291162664546
28530614143051282260348691468559968296162911295546433408549355381098321168166, 31086815297242594062572200568371976432785049605832791586470890088328198824987
66717313446306435047356457254763767736410724008174409526483118044799532580697, 38354655301035746061752967864146177823669035590425325165408486009175517331663
34143111017543960617048416665515285597677951928600518438641095221263360304554, 33684185029844563689274658149255767813568037628201072285935879246744685057893
31069370567846810647800112024071358736920227743404279522171726204935176300821, 41074975816119123880613268412570252553266737203589102648583983712438154431507
34269179790574022315351759962473046096951648366067147543387924200058499309198, 8399416518256911104736739626163496693253327235487625439350871236454980581586
26393514604289913420527075902226011610475400418250774117907808104766306305467, 15214509395227107332031824239897122376731789075266233559153246498712664436223
28462957056623401517873052641962469352111029280962282811733496199156903955797, 16983574478961831033222295455604197892748742650146600341937010883814552321590
75112006727196910826376431607008212991001772407079570882124796787820606195660, 10061376460434482355835994163041112671365335944762018120702946209893475573363
12991151032921011313420503497118117667702089978317957159381912538267936889345, 41637451427102789434437027125499020736699215557446508937952420878003371662665
32673471555943926642159540872651218136996753029646317475802420058281375196015, 10991846918024345873383572910782917904421123312483476397514779252974042130818
14142039609899579174405749452984103182683035179870725281891324163484992392314, 55058289631893113900056383736890953823387268697201238551290551714176657916478
34170253846081565251034245488312967764879420452513769753533975890128632977464, 13929718161024689446731259097064432031551197047946696612560298307454556802280
22758502097967060283611441633609898484809680252007699907147650839610188184446, 48315962730844986780508229127790576423769057728169339648134381655280936589986
66804159724038450192168823694182331846192833704453599689536628240834805637460, 14649041734960698552289864281437480890165489180574279997959076228419854765390
60974370008027130840443333120036549140831761850145755611061555025367212813289, 62168699243890636475336858514592058893523786890320427140638279513430018810029
17929515566093440306345337757006410708899455617555754498893538557444174123464, 28607164183722681929785326435633436668865834441736034774629935962022295247147
19023054749227086832832911829817127421852067752904112302495988142303923254762, 35869406388854156987049729868281885345798876923188485502475714802673034730885
38054633314152226907553658940957624762712527126712444930717945524127377739519, 36462000470568538630504911815568756714025405542407614031670317429883663955734
2673153939262292101486474607252154900652081910629184073592943703890049573006, 39194395369075005957615100614562987828949690659945771753559041994321749095181
20629621926517930252523634342429995434040633207397444101182719591706015085409, 68788862935729159940349762250689218475315293903486913507114048146201718020883
18972488879139381187794154044142708395870230337073637456536010811454245796678, 42963337307695151245741344591947209700938312349110194159853732104737932953949
53347561486357467573750832389898396102085715261113066874931716150869383240933, 9644036559984619023396288258326162986320625238262454117422010552483109955087
27610717875465292840099242058151990175239487562890516711205234146149492640265, 73685015738668386883415928693618403515428273362183704121511951323445791120932
15669649952796797664327434257454875766861154293028405002725415242921102202552, 52446384262910235856091287806715356888301756140041958966985547395595898504859
70014317810700105238642465942665269386049689383417879822327535238570455706449, 34064749467601652357705532688522342933780760829633945067243749413119315612463
3962367734849945689252406702121802276599511723520110067239339103118973035531, 20550251285117849633053330086884359930006825855769286056017003083517055434282
1401855695465505113500118985644117289298084181518612186070612951674044915067, 20623601310501638794960394597280879950077557143317994817333503393693754380546
29059819098131527338734306453926121577135318477466496154551224976607930681614, 21407876943993584536717893645608439331575325399422259536681332316453726947972
51946223916341882885469605884856926169126170912623826158379246027740436496499, 7871633879560039853105340799535182965841776246223321028003012966749391320460
10918434544930656317589210231009192238154438732823202848182262234442005951139, 7247016746497075882111421972976186892159490175074869011003542663203380924945
72802759500743803176369654723198021670387297735501532574570688384612071565296, 34627234937639100193885865659216104760329117892907537841933319480785705828766
15976434708059614333040489545263233541953539105901441263176619550921240841136, 76208814435136966554092456162030632975344545809236422813069726685446844096115
63001063072446841048631637483399150038664224025500351545765900521475703594090, 18436160602193075498881561767082676624813403098463579111854219631644925045606
30062565061814473794410205709443219586263618922272748691222286606568706693465, 67580992222369580653584070242318598121067452394608572647367634153511031144236
35332297109915639404088393419785989714276076862383530653678897955147074969245, 17144515966792237229874600960197915711932508801930569932209140892210900551885
2007521259537850563657818645892100018280999442621683815641024776276373586487, 8383827190305184114741796797172531351976289494268505403492777328954339531528
40857349516244346917500646322603505781430250055500670452994887725931321435773, 38125127191654828925718719157544009824705004635883213888823537996283930114361
66773261148956982250506978585557294671288960661688413655021364477347284695728, 76727489258871631270774773864732222098753958067207412700227917035769132755454
57233397708699238244639329947760793654735580676183106289594356636943410711905, 19766666032697399244193072562380679838867583228887922414602831840739860654636
19862988278057360569333000736062438923059269219909513874799825893239697406080, 51397721892586347499471080884911213082126224249352801560756150121672840479459
41599916710195689940550011558708348521327926929671585581462018080176048383690, 59037445095764295811777642687490607366250008133230503903467379533980484805332
29878067371489438373092951152350285034131416590051222000246976184481918046047, 62299655442993532661418173614616344763739750209648448960499023849316427570819
13875212652482612134373567646568604933206089930016187478296808601065810448389, 1428092259343843898026855427287600839026366640901379056032142030958968109786
32497666757902877386135609494929382217254827680772723313359998127022511841617, 25205849668916673370157057978802603119796959762102406949702397920772667273352
69052416475827545982433715388106022141899647162409912572562835735958633763192, 61738010483911255373343000050784294276344149335421386671856979598955838927196
27091307579246727376512313654208764367721562036116252999152223387071775352781, 40438014120230287253938413793952680783293621201723061989784816370775001200181
75517400179831222356745841216093967175669099144467365131258126661766512909220, 75369023454342958137030665013742818032024633029809405228686339943650334615470
48175900731744009350761162454835387469027895310185547646881667736403889800201, 44625900292595716838408680226733242602837092883707393937883718878180088223254
34209323869366783845436089739063122670074053398825022169745669558273741017129, 53453016808125854233160434095099366502152187286505341774415341232402884117919
39715493910751480915478713401290644005727656724795149273069509896789315590450, 73668773250120497579441721898609697993061053837265871342717002945317150139882
15743704296302797816258613450111438573690814308797354210350707305795736591607, 65230205626099972160228118875501133637933705003939274694711081885253689483690
24755864104000726997569603815561360889638619007531719700210078745198622541222, 33089123268540913061492958518107431777616078664498940065625351065916728119845
51518905863994204368293104060516951225438327936115484550143414093865756433755, 50332757788358060054699712135426053504644471008262498616272883767939268688816
62388379097502493375894663020158653395619379495412025892919325244555971869062, 38739005176926715502524839728407801790848061328321129464496141188972801547470
9703057704407715122023536825982859091710181206917252195286341390055112248939, 31882069166606609155035136177435448973746876895447822657885057705320906503563
1545544371818343994812342434909130951971091865051590178668646434029219828196, 16042413706246860486057081826474372095760044653833991273687391566731878962217
64464037076552684959085546450924848111263834354989828449304167513793728136943, 34245441433318485563088622895670535735743178381532892960189646146581801317897
58429868126949865793512954054420487803589194666731318756026196920089789230152, 13154901343355129006104356296661503914539196957481222268905499571154388624237
33229016623787981509487144030632728613585180781443935887648715146078488298413, 31757736703413596187557018010391662325519051602340952165302461694132508986424
64792819012141415255134833965199260700933161767964933131301514625009692646363, 4441379260224582374608973039937539222877248012816773921380952917237304558381
19026953222836242661902577335053677784092681870660053567216579958400331091331, 51657502828065274763195259911468443630738034716109446894286181061366905046030
58264600507124836213423411166924830545169415497788406491752399367047081488023, 34572524248606324089764707829566587857155745710488181126680753294377721620645
41259119810636701792739813892629204338120302634474644823134976414161321398658, 52056563782650378604481424122602386313363078998161033700865077898011650188627
13771044922292325486815461718735906147044177868481079223519884411649620104007, 50802555451861118098765045070471952267556455585661701074328279034298185283340
47241932638798064203242356087770241417169395618312968929631445338985067968480, 2700327844368593970036045070908519614253234287639093421953971528889109726964
12984179863057476821240867809407477443216616905504780890158390675024897865762, 19896124737509529009257476215983039842115992161980611152170997984460062599753
42738352148933669354178204703413162775627002993265661843666162091514690245559, 13891822190959240604408544552015239311858650662212088825097829800049988285125
13874502732781356531281309025748488134077612950721386160855900747006871000716, 71380744175785196358297546367013689131625179199820182239353287248897350479782
42560971430063227146812846889272746603673193618275671264000768295850237743826, 46822018571225516382298439658066280491635562243863045064176288597666120708585
74842474084943392519784456858262885790558774943495301356650186731389683222856, 47582261120072884333811678380512824526290991040816606859446205171492937858589
57063896682896208446425415787604523430778185852211941659781403495000726933532, 18864392344143666391267421628880752467041544397391260298095523775017166901054
19657609973850725192843888969792907715922598313479160134197171395095296138032, 20386451653791485285956385444834975754497249711723287338816192046624214651106
24671364792381219218951287110277618044771627941424653606444270137544583554951, 46379445475504614288636770916450124317854148107712911662811632320338284874434
17613139808380845070200315753627463280425945767856293845618637962250649875388, 73098203759499695017688121169250646873621823380709164789440131699811490680854
44653388851931402624370481716770180070132197798965202585287708062887180061227, 33827387652573754888718504923079774239387910056258379020536491794587912372150
34311172560589911991985452819714523336075758583651844709352654446951385384231, 26030580859036397034567066951333194602512170485111029686884148042098559213827
48953100978261569401990996261679652968078327456250905276999278093366865702366, 52710399661010268582514741599414289010813218676719530319914546928762586299289
33527476594775823101423321122990214671359135225892701163617784800481547927324, 76565440876748688476701542842124407229850152044620746916873690713903913602388
24317031170946983789014210903689732567363707302947223986331811837829645230950, 17480207097194701294650386760832742229104725205158596464894192474453336028783
71846728341408118324861042121441110432544776747148662284100311688945349722592, 30682992031595993070534950749986960320871116377988509790009239985978652193479
20725975975095749245999884904682561275393081556928323455149908673097807011805, 75561985077960900591911873520348230662307360547783268477087393172952608709728
30146186182852713913544178393841469884746619250581496284538555461448241315605, 61910117930584548137437125590478804570846788663335331714996713215376472655042
10575209533157474705897599599363537437783012087371387558076348866938253023093, 15669025222420788895444290405280015417909898183006001610880323961647810836021
21961040445259754642437603126854954230934876751121465380592250430764453723133, 26257004822322720612630372884963089950795722791492429464346679299627135243120
63287351720603879871822098121108837248666313511211393388060460656280010325922, 17882713834447924184511267861659642197126984734199470198849584831239672957678
52382933057141847778951615562637910240823612330975072247043590558112562656673, 2388900792015387365511881012197443696521853239770847625180766710859899405314
57525754865259437188483270745472678858038829820623419304187578753272012603224, 71305954146756542115243896207355226726859634634736460341283638695511215557945
58709767301941703034370031765759300322044995071672656317525511712369617846586, 5115288445357295570952230997152289709384090134977182681531011700587883831593
12014531904830713548310201268920714916813557710395600868282444785091470141041, 51732078121865824278357579742620407377574684419460454035599239629081469369327
39893678754770397682432190950785721024490165187145753500875757199371741627086, 67975261235316837972773053318964073406299941726173705369604698158072852674832
52146329460557068539386689428223482477358787290265265251169911181353136141009, 7016607431867366598381109644350300056895899773244394329467383894895138078907
71960217175140376601602317293892046112743248885655201438616465810997930733372, 7276428963677374522571631481380195170553350312705139069406012888501895206174
54864082788337452897270908047571038710428041550369927383140950340215651497233, 32471612020753079883402100176909180799256920396352744235556398550202900009165
28106446329622613418805008788413473754942414482297965589902596212534586134762, 52679172807834921456612734945619418564209686322024650426730902597596067618297
33866341111461119880405325353036123641087353203295744329185262547837041659982, 2782432144923511521132398453301002386116185795862692339910935908958075960271
9998801614280917962199662828654344542544057284284192056529809754896237276283, 1159732344311565626804740551704163025218990839568364530223356777193773013532
12791010700121399075912815370793254207324488907038345011260476576507675544447, 12648307326882728011686132060464095562638399030111897914503484050385819420008
2817349121074226716495189137569987167332470508721700670959117734140524165892, 26197626824414652574400585753066111062379533909058878318266138918699144730834
67039049188231924436089772513819403199987949462396172489226180946932439718721, 25562693724948519984656417806688485419791028824305499353197250122094001854149
68885135149623755667745845936361181002321662092159410525881380378244093489095, 39667811239440053323638928349263846906831403349892502165613236344824267453891
63209372582754908977298113448726943843481114675829301062432823427462139873231, 19184740978302959742127123594301749304255758180873528667018650355283743488556
2714817202728083662343706474329607992667338471300264891505347143600837686913, 25524755254661378023372895966393351608150617330682705063038386569546743977987
72583807926178022358677862217225918198949260132385385264863077529779473422151, 52126698996876267196496912595341104332725837608683749388616532179327440866585
12138745184938329922414358612236039663559877928634236083997852445884782163322, 25040835353530818941390844967709785917414675569078317949751848542525751143928
31542742503183737331304310312384856209810878134623340572944666518123313299144, 24004870058322681830792676545344501685852160420727117006024862144208488024955
30614164575233573191125898739477972696432080998107549383825341846230133664876, 25869750251011833559592633675451427257647723093737205358862928366995048155066
34630124752103274531728820321215668820550933927451655128131152654299513197832, 26342137276081599232628814988256535831324333022470570301801538494672370302568
8823709217790411037080624528083568320620642997177287489114467473070310157144, 67516957792552163154945623305173099479491837229682925086801792829879933651594
66463525785366513360868736019190141382217878806116302803125385041885259658636, 41848379795449703249507773642548042678491661540170244888409659300774072775277
28520618803787931713077686943889663842992007518824277881429469458060314535574, 64619235741483862709202306765033028669412647411774095734596196931388697502995
33406007389051267301078381860289109565426404688547814647268228699203052526384, 65693077163933822352380553125038570648833082879151003235864430767025178358829
2948273887323097646601679109857852880336936579965950926615526676478538644074, 24345654483796156069271747191335924670522756330603741057173694819926177267966
9807545986729322574869208766096989181461134038006813269131046560447119724183, 24016026084304506054511885392046850649820676352377857542967070788855943611871
44959938949776803728802079393387699404051614193011925719000589283025712092586, 71686082764916322520751135305317642051325279855696874546076478634645755037811
49104891049356817875521989507262339475508823001176921638352939574216660050472, 36232271123618911563202191164072637295181538491445109239199456136418079729591
46185420822911475968059784656369912493928889063977116204269344598662823827230, 11356751882945252306164808351328736635513314078755673586981495356481129937482
10959605112922889941965642906016366231457463584663000229441253965169817826339, 57076366809968261020216277796857148781737533128193167239299705162637067914708
13489051163679520520905216843574150095914631414159946495827799593230230973991, 47623264737949587550688569033615311888994582949002242030084753261705272941366
50212386124521938206867131332024219776967177891111936246758806121083571388478, 19545467980070045814179753715800584164550425332157886397477298617129777891538
36292425021425141784804853948040327813080959170027712258508130573952459757113, 21885233468106015818074788081493775747913209823908745952545508230420353311065
38043590626931726195174755706518572373877179770722157753054436098615099424450, 75194498586278960038790835142991442214792538227351009894815022996645417001358
55024810206017703112004926293671455339197715323139144734331334125134751617976, 75467382412072243354378364099711817700691439250923327681726174980704504284431
44440290639623716169840248935637812154077287392688575726345025827474473223766, 55623446039235176598029761641693486771122311422444028638559682139636461048958
32775399458057487567048004474295293570964689891045305500168274863308954505553, 46141107988231424260007659309791715499701851102806839425025650768133470647268
1387223081930687049045052897682689108771251599747378705875216990009906742080, 43219852622620509794589584793478664610343321189594267405780152065389710880380
37064868418032568305978277223620215315501828217095301455890200783204008502694, 33212155993070922602054695558594343116113914577993521413381694152693311855897
43597388952579599558521835132457812040755216411895486138104219127044625289741, 49467825389454977297750944656093605791541219677824015432614207325479296068683
66590003898281275350952512091139012519995286353743176448322039549746809772337, 62083599932659185934791594645067777972406730104804767468330678099405608467176
36713120853581071440287323181202675692445343499979998320658076158814835632648, 32512463395758761130569505020331311067743420505352771764612770464922027731207
40112352992917454696893406486895275122953883679105068433208113658485746513497, 51967903981069278448570725643143651367876101805559186220648505906270030671750
47860460799732948262607452363940631832887547492523093550604178920227414693462, 3265825337553278830209369896273225757203478641691793881081209241071003951125
51146473621248446652357195891353561164411749104192661092476376419855297930141, 16626161375914636759926382433682335353714721869457001633571469971410979984138
74770788633802338966623640541249084822994993312120179182082871513366010901482, 25902440119306404339622135434153466938757239648700834421594442088900664173890
59947987953586641352954401165316525348718943132054610937276787606816509075866, 16395048661026669304440729307102894471394732994687206424498683834015659270120
42351298351524109794711305029254206326482664458894437488592282820405769890027, 71942547704180392923404684879686596309401614342404039055703458063936971840641
76321890571447915697138029380674632263684104582071240030269386140198943409425, 24501117625406136314459558459618987357887914544479314219570982273146000746095
16428819383767445150262112088941173900777991554045543027192616814213626537504, 255961990810883995902232618690815113158048509228172444141227965523269169922
38663272417267046762060533020315125823151304609762940396380603723531291297827, 49713132508952185446234841636116333579118947908452917898839769641454672624650
58325335022206797261917064677438142564784649314804361068241327253589656962936, 14731350035285763371136622662041622253112790423346337307645009169253311744929
3194259454624049601505539458296932053619495060461744268894199200142592907571, 5526146531677702419457480883053852056722396221478464580417889117588912704595
61428724264865520283855171190667707897764935306708144284402963536697754386281, 76389443576795522276723140988921006791601940602566055604549500782646102779534
69928687082608015169262747153343118003164548666614307326456353203667826064564, 4024973432033477546802652221844548745574036946886286406651697391209288256759
5295657504415839964822832291493978560870776610213277829598544546559304496099, 63492656997603501052841285986117337890374301172512032842963786374229928392126
47976281353872753698754415366984055256409981654302781357159756641022389329621, 23682888147251422419057658780631677372959535835663774183628176541391213455583
4798530117216787356019179778046351026105614653210484724584801391330337589443, 61816325842047658321001355936968712054894876139960541702680018603456148931694
63696599247686421752014928756874760270769570795324853367289001750356222676383, 50090682281107394947897332410925334092716779911886016097681815619122619928312
63230819455509548918480209222495201069428871837272926440813224368048796593042, 58094716721007444199856294843491859850082567626536156899698940312945176000471
12196875897381739377819302796654291088940029292502748829057647156076946632700, 73616552096206550981531963286413287636421535169518858944561257146927189605562
74429634251141116478048633648545656376548746636382037439844263595752259476307, 11778854835170029635952158885193645717866903377366692714712977471676414620121
6163639547714303977867472403290668522141479763416156561180861537164829223998, 72137452878506868946965125150429920572104398292551365704713392887746772723229
74768243484818148532680940158322503087253437541744316905058974152970247709576, 65126342417578812765267882279228630378589099145694011202858238097214519347515
51045253519464323230149667623800033976492972315831681113274613848756185367479, 51335566044049254481027504506060403714028205530810171086305845993994742255383
49456768260692119855909421748894895025149808216980381293405015802279495418888, 68949417979805780120629304001928872725118665473840772285273791495619911616664
63205576888854073289123002399727851844465049569421953383614226899928949496448, 60509084125968548273412600909243226139164134750970086771556073431379206917261
20455944707073561573037180009070154867782857126103711862408530144549808183351, 24941670561521689797517501537025602886642662442896740461871250012906333569629
56702704326719529764979775525811369690530778093694313332912684974800983169324, 52233708337395606132991452464761167291537193192915534610187963851464500639864
70217185039600927014119711936461390284642870567326802157377554132098064372056, 13876183638823513083787826833394201770620899469676257993255636774413883584816
73812830289148920925264091880505951095574574848366084759106176963016047446582, 9893196239725311746362178242464314730003929648803284522199443177905979317889
10862774608772329900720012448371200893198988236881195388596738725850646027815, 43617003295418019680714609100366036841581430520098728790544521892520407546833
72015174764757306064046109270389757025825202295524630747178652241334690359572, 64123892488838089003249882747753680767624348911104697306789955891890040098843
44023317596821212899110477866047040062792286272970534056246033608770063091437, 24909049670784735920469320503045061761619221206595178495809646437882400899695
33630284603478298953425216962544606336631292559059917911152390548621807768851, 7538620421285817754308394338858420534832716202163441481341942926862967539976
28798204064771627889405016899297403887701698445112423927880872390857440859754, 24411471426379528411212926865642731511289838745966615064387813106287565974234
62031027855756680252878698358895459075312962340576990209059413901784639566172, 29885705629985760336153292445949010642602237326631007832392924658596732577400
27761176968928601327781009603337203147280505508134361050052057405227536955393, 40317115879841824554875370489737036667739827825460640487753941287257277530601
51911117505222526657246066385088915038196717001523565505606864475992210458960, 62125294295692424313239730289605930219146818208488574326894629021769569650476
23396326546276031289440592495333278430897318301732586161876484406575422134093, 58807382328782217384524628075097606978513688088038818293934668478996546701651
22084349993517751658713665751828962179775464908185217266357871850036103634718, 25399512784133237730031140384827783327184093121342617217330604663779696970319
12950114260143028627980297134018255748288966845788785498466446350031749118791, 34914823228527720192349087956763858918370291193310136993859173752126401188176
19655873252329585016114950239915140622310491968755676211486630702410692531681, 39679810208491832639444476208347199863131437413125223219736373562368881913112
27339519811060473974935173772803516125729404548555431910782874357366039409768, 3214132950228851128553160639016397073613171122829154966820837583080089114864
55923900251966879794313378627996619407204990936204593855083000610866846918038, 56347176886786860556185394744120703285168271737384331877347085025238001915601
67888616201192483462831732627824109508278473853635642698115367276649953885418, 23926307011973198724302734131478741348937638538146649327186684188945183520926
38658099018580785792741950110091714017233180011097683382191288044901739420516, 46375971981830001082038759402383353942235713734604689885841032652223826810388
41073226168812102830726448773510508609175915838495192840505052179485030564314, 51365114882901629122027373032912471032723921747902549190522244921803662253974
30070658231778443342682031054016500945926231812364924081582865557782587208385, 65352239022826170640862579735653700177730876455120351847609437533320282322996
44434686949397287348178785657548457630630042981115944261909212243362914231498, 16283630056540714615427976259656336692333546646362850044993321320860082051387
3924676179364279696504553258692033021335460898376365409575089628923607595782, 69129315743838345497626268233476844606108018276054758366333339319549350634966
76045467217844613101930648836885577824019417685529946199752024476441244593712, 1458365026228342786776691411884900464666932868669126548435701255144340420523
13589626941559058846102077926669280094036991393195895857341779799666944291608, 49330762360952459953160457466169605825947011246848535128710237770766104536409
45682553796140906477276512760742488595987535627634406714891816174956769225732, 36059197729835064676712871445952667191830460315001449218746963586356168867138
45993850596080157805648416578398658678816932432975248539769857201656454254113, 73641932986472411525920047264268236358226084011742378600158537539379975952272
74154136400706756002596035109470940809081344301864613842918602265540860137812, 1820148301789115735863155730038476361845091080325740691133311095802678490211
32037458402961222199969845892051030111548602707232592685910753383566864257146, 40109655248426039906389627429308011140342174636585372774154824092718874107882
44975759532196846825112042863057109570605321744960667543615313807889314844708, 7332418054656704551307062361933297249410261178609197879028925969813995344546
29401551333818850800114900807446118249503602190905688446264852582500040844138, 58807144267747950641972442867901497309152337603344411208690139211868899096708
69185760458563941272569342236669661445620161650643232669494740973112878356726, 43023411019839414513359663843568352241440625558447570940506512899307775432134
40717985332953935489812866056954874339567224352598748728375013179539867803857, 59839672123169778024131558514526271955717342832490551424090020219992045655574
8115751892843840479826424206067003785242897598131786451843085195615167393182, 43879839380093285278950066576530876146935540888761056151701516253362455247463
43459324839618021002613659997518229705051251893170644769782468247299433000697, 7645606690530801666749789838811306926318885656021399435720109638221521602040
24080457887692871690493459162831022098329336492578295954876961733978404119104, 67921328798124033795706663393457291202258667087900857376583335824588046793793
47318585087738132360446743640079242493849756358349858966522781998980374606891, 54254462752222134690417701275949197950714829307942513364354827862964046714544
64920445699055660729527729621211564746685781393102794412384151773997911851832, 8428547002099489922951964687708885971564738481667988217224891593187027476941
70051726449804193946088458953417440835813786365245550987009287068065864885398, 7040927094884586710555718968899372930372586839354917054791238798775492254800
16103447026335673720343710098434318800682114306986540020985537796798442293636, 23509210630428464629900381221133355297850496668963339102609883245248374746008
60654380402078397005914725036409818617013696939843466317604114243442804750664, 30835261968872221800990261489853172366364289354954789582450403782527253797187
30794839883354525466451124450342497640852691441323505793329218727058958809129, 8150203138518757216947953920942009584153777758167363251927916489862757602962
18108282373663740823168322231819220746323646496778964842118970969751685823052, 74347866315606678682689303752375621560428129349646459393199361994879553453175
21027933563879103016742091536474502191557567876215578812801851912188075887551, 39010587626681877761678484991973185767454035999443894481515741768756022253237
42583100032442996973722063149440877793414002306330359107837797157863013064262, 6481204668982586389206442425208577483587915564609550568008139126098516473180
52091988310294591385315947498341792170257778346558431273746722349906347126764, 43967190163992126998251271515299577413706956691326272523641319342292574797732
50326588737982173888882794041220411561928679650143453344176302818465236809538, 9893147645893937968119183582754650578552306378163738950861064767415601342505
62068783619400019164628536881452274485322116334986979213400536353679285032496, 60523400109719658685570710528683834281701775436540609106398008331201375736282
67114086569020065814613843455315596502350518428001829289921770917969256166995, 42359484887758898400072701958564379603303118946349070635193539442085200883832
30826802337572387339376250814295875367417319183635724435301462214048467705717, 35251054479523025508162746751879007401671151366982789960539637303840213940938
64173179845604525823209306099639946384435570193939092869479868714611808836806, 26437737224783919728708451689777139971576008717791318430186788447557320425191
67390045432691839095144187582243607709371473959801957040527774296772242641985, 54214667536537237780380815839523289076727114724863044033952628083683912010584
28899905461839012944736301519681377963674828126224760447138986001172097701800, 55097860074124862910180898740510111415011460503706180381172226730783738913123
38406637041714096198559536076079827775247381833459066234959525499449753773337, 74108975007214697664715359747181668051504954789323210237120517022305019959576
59108374580793053192594062434350059566143092489476898566473157281485572061674, 26312881846574513437563176920332793806526507061112027310466279670986476295627
56292502966570008900630082654732222465120962724350049539547002178124152518864, 73189626863736600452538269108614722054343599308329335234976150709159347711140
51769350325476278983275946085386002539983246250617657967470437678513559253652, 6756469510387520916188828920555984548555980795651274270086346113378503780849
73574070421204501176399689601655235047007842457733967056507486069621758042400, 59386699382247179736279956768836838875735855241082616514878591750842950897333
38888025507607180739576712019429844414836749311661381870389998024668924069098, 31508026931039559880097800006222795575527098897535066644860488937091856072468
61549288596898815548853957605577365752226298398095750620891801095082614461746, 21391409847211811302196069718813694134538716496375976563866488317252740116381
42036622587176943958791735050777933653910590672339648402450343585370141386233, 68673840819968734929136257286718875898911549102967600803937304207684330616218
26067107557210153659374048564227813968338335935059052018159217769162564984078, 54183827801672755484945618148660115835615508137277804464095600233782485068042
43701759793069946415397696008414723340832658041953156866906693609185678521385, 68674386536811672241930196694719023950750273149523452608382785002293351608719
42629973431604614982624749805149148536795778095338855533770621832020320688414, 72483799784667203685737147002139218256034395184730207434237929060423227397418
45071618632150825817646096362897623667075090756354459444275811139358362813503, 62765027701230597208461053894658913150068581070750865547906542437333875520421
41404412040561693124656622465275939737888404552797806791096654944112663933775, 55275579020515219692988393585391985076112978854197893428846223405812303255302
31249999153591089015357780809160238492952502325835759914510241459188007113390, 18550733483105736646173232448660014288419148731706521244763380216458092968977
1126787004652458547454129369210653992049848840613896740165893703151546289952, 17579547368922615292523270894363216381927564219668297882886378774380402568728
11863839824703961765221028610583101693989729638145462357704214439008338598013, 62832226203215067113846302307729926917709948254658039909779120246657433000512
16732061099804204721311831856637750777536820362428293360385053610295945880291, 30137413122975882224057709589159398007700221264371807529020275485588624512676
76661888217571256000591447941939892762152589053242633341514504857616852666040, 64200783399042440487484413098234860189955927518944129139799056954147992100957
23813791415714104783900061537993499131138846655350573480144864345664954683889, 33456838238755789463351315446629673575009696538580452646099965640734473454680
930886150747546963956952816823303122383934095509665429437249421703404955739, 24334689756143881435708954082656821687788892246835478300151867643364578273419
5609542167544197556250229405717289601842552922052428089525268458719558939529, 11313572409716728245219981567114329363750443819134075317741511287832051470273
8925385015990979086463389108612986204970915998473174584806974321091536430297, 54212683048704386501521687333952096317175011853021282466821755409999162081946
58763518113319497420914336090688158769360134820933206719175801180136673393490, 14491609798433124852760426803906332068604205927157166297448884735091971916736
74732885690112434895246078870310845288934227812561001896795664918349401125737, 9272804704290504266318419983058138114287992893089938089959883231088514068159
40021551478621767193406019687178984251479258414265038533467554727202943643403, 31832273579683270298049925125371406018393665661805375204720086292039109309674
14091746020816103346725340529571348477380962463580246387296619002864113876761, 4708111736632546817401989536746066329666707686627757484455588621095964411662
74882633491470772884995282305188376413443629691839039484783711435107697418872, 30701603938198467600386828524073300390073965486412332831262722456894819497820
44511485967690130707647378853468718494700744043690622789006871691710469416255, 40593202380007713430441040480276821656831149106438248183053935198569843818378
34613315240097706262991578676959222014590542222744155706398995122825499884325, 31260022374625483151187170806554429313882894680365717516859061667434333814646
33541939457633545982728012114629682613584762393177398932848931477874028986104, 50261679263583328971197548981791347403858954331660542979836016509958085816021
28069769269855803928106589320227321705899932615737776312629142999988507898626, 41236910101155088277967098083598980983028093583843461761861948088873406384342
5461896675244681760967281027853546398644655882008157824710676425167443638509, 24449276826442318275731610145062264370505252295249845946769683918156162346008
54243484115826108621314266623737038722948877593301341717095167063120941279239, 9507318432811269197132206300284490087484223365834525278175686300952225403660
56538184797579851203495226713826587361123645418651665546816182567592884258637, 18744082584520124410283443406970604801316786927610123284745808378554124599947
65696262229521463277395415799804978575088197312065508111794629611014987517520, 6372229102532129075432589094916606693849605228745841370594261040635869044987
71499033721766305265270161398130962375610662899040184596069066997295011672671, 34425985674191457290917516544666808382410666982467632586683004167540219490515
50475539570091556110447446859008209968201510733206020058140612991650605786836, 3468881847686031827430459039080706043941723326614858351883669896822681959054
67762220386158127385670482751168677765358325993132347424193081642837534958874, 54319346771927607148364384456909259414968489508172534607446018661659156468473
61260049614345190055581547218130952862612380990615275108195765153368076000548, 37416362706410034605395735842201424052496808978631796533882012431699784955926
54935297076616541489207463343081751479290052928778445620652969606956205145285, 3161382760075011603159477998468944463407224320864542440342411937876980800197
60347310035230207480672286578531019341258023642436377830458960967748327125523, 1018989841318611288538591389684325486011862936653836231524157704276681295062
24851765633933640917383008192981795082461456574046561722527036777172018007575, 14891733155129020391092615049119971137962469916985126944810515726528404023443
3488355640012346327542671091866574879490733700422510299104459641507732579988, 10843785842430465106785493952794507298253246918498213222868865807839243494553
62765591874356040266158629058218265450619205147559050030069952872996700641608, 71853538944323894541730677291229706445457915198289586904328342130088505769812
40076009495084513299281996596101945760822753292531153855738581100691095548604, 60763171699753452068622791341017614118927554007624504739892222342749108029198
75983877930091551925862331838044667839890590159023853579235520608731889096353, 72671429550505227648128324240482936038529143976968275994504350814382736442709
34212208667783130063254366899070440528389900767591866004682014304024103731432, 33071417192339949483999020151879867095031294265731245773106300082928183087981
14585340836433645265135910670742260851959213136072808670825993496820150189704, 74841074399846237072065528850121598609324553137595699822214078254333801404807
29312886357981481222096101764630395168030173176252474732187383643879998843961, 9677189802155753520325729117689778213319169828410397011259026475549379172454
25583029243243999550793075099899321421400004278934714733918631221182349861633, 53327139401292929842814010670121305739323907910556672287029533560107693262166
35244133971630740562510070839675191165476524151053161097764127673595825328197, 64720893679595229202201630724589981415477108782690625136376268508674197816905
27806213154742981785049113574026730362262330778974569169630877333589890724332, 5481254450849521702717866883155762674262656797106461656522917018303637046903
62401952813562394937506403269283529108146151903318337320600020952859087317230, 25041819288497793235854297729120015418994673465226692779100752608556201281125
13858714470391483690947111924516979563659973050279043586891214526715192790615, 50374083972932309213297142491814271304870311186638117417873813137165565012371
37792759875217245717739864611530470504369277569240114044698391658725573548940, 59923863860225347340465726423130912187651814713384768440062088305346443773384
28780962811878382953150007184364206154250671478018486954016822750770182301139, 11915607320503182352825700605399519909597297205513495621341299440292913834479
37710588332275848040107014102263366862965490475779902533297469242633956291105, 63439345541140049715213418531175588209192091353437790244644589106106807482205
67268071295581388191977418844080640653577034635653517202991732488628899652979, 59289730787618508948670400861479376010313248439681873858494735274348384211228
62680003879191467859663364793637097149460486184133165523352528311579359915653, 49620133321797874405845751227688463170652157298388923768361015925168640234989
19946599912065823714301070800273488766169962449643921074873756424234875085849, 26347910771276946742023742227254660479737313643444003090605685570479578092437
24762163343152500119948639545751148240369524394868576145100867671394760673915, 72533253428507232878935179860987890921888365579966585645693731303290921452289
56473037052327245742879748795635930319309876040250671965422338432377603010969, 56724010909934475237352799221568990180243136789531831996960732504269095597931
30693145680574243998584612213419309506787380884667954247333720232601100141228, 73754354173445799166142987163170124417900837318637741179416558580418809959520
57763694304220144425917529562240974037183808390219331915234719163149628412062, 47737397144548821860345795341467657047301760120352803061543799948898581210951
15285337053900652481793547942722659092444983829576158876508228956274313353216, 53286531978162732730701842848405599678379048585880073520082583576843980742293
60118216324223907956627224202864214465837121250396634616143264323104556571833, 6655303456590193382223047466983239973500166125634287146930722302247545586604
11741181788815449003397368583224963200265505688317500990277872239292251268388, 61076678651264850729268304282842374671952108888304192618179953310283210225647
27120537923674577238258418788416514160583210216280436369006305751004679394798, 45646769785075253178145037316333275034354386084651475251318362080712280074702
43034602543229992776810772078393743588511621483638756593020234148129446971615, 12458312817199394283606692246157226566107634660625524825709147585715274167438
27919441239343587180408579347866932147279409161856282616783226773340103115866, 60149834041817286642917474474531388096588922555315172374973996932278723874542
71417079067872570137128307089986282488996667291711602102725853001347224110424, 28433333770727585221550926952767731528814954588065956789684666736765175286206
70703446124222395495413297778392885081969164043303327250853477893745850521708, 2493039554124412139597204278759613328867078128660613617656070834707438013212
45468027117640607085754034101335556926183526657797213263793075812149533470809, 54842150220884153994270318770280353487466087507751550553498095414937488455451
30109704943424319302395454764602993564770782573475372847748100152806272889689, 57523430165532483567826304033563961920264972871838598958358714582468977552497
24563062408583361418119293169182962378567668697587919528652710240534749935182, 55855250177824660174702680366243800356860382931214876672149329602695414695320
39713429581391194504801356096995420529854631471593315998632937341338369555398, 50856630824047332761494373304124564469584993974358755514014267010328237269901
45654477932943559257755442546215883789623450411996023422917110780643830490189, 72331358017561663182288066927096772419453834570876882180564934552283733126178
71257132714851350308175557825754695070594491621639304994727329479701783732336, 31700674719154769220923962833017111751940700382226239204927257896728917082422
39678249686271955214917619778802610193500174144110699363313853767468520152385, 31091593744116246782893451644853395242496515539650298673287142064547685908203
5797904892386274314042180027877452691150295194028304527754743673431742017359, 75784917759166091928171768193535625403565303008149185004118872509395895766272
32895047410509063075235005681751888958252995316202753151169620631211776053649, 15192288936880026964884023962976700861778789219643720317660474184522529625696
11949782499276747832168888154011812446474554428627034967871284654659054407064, 25393043183013416479701203360651128370557627815447701852698828445941501219666
72753435438326080297498665760197456275526723576362133335478998573103972805976, 48778682433285112283766839691418835278921052851235313921283307034700853957906
49925102638480165180470028941120228884621219508512808058246592316785545165897, 30125669905642317599423398676524351987800788921824902731355237932822521934250
8908543013290488768094148409621294136996744865900184620699948836361954939082, 51000439308224151487288690797797424313579409540249974872460193059127691669385
35304428437252725327568374452470699622874733990036130780689540951824571895169, 64368616502841505603590561916792984178752286602423807580094345828382737311455
67293423837362136831161392764953798522351222728334002529084959571523918981455, 44349446166970422163821867717211511705768248981008511551698415917977509296957
61054071202825872936977234347420872130991238760522390087124073301642558951015, 50849206829351739882386077084825902942078082724189753098698001278769401600980
