Elliptic Curve: brainpoolP256r1
Field Prime: 76884956397045344220809746629001649093037950200943055203735601445031516197751
Base Point: (63243729749562333355292243550312970334778175571054726587095381623627144114786, 38218615093753523893122277964030810387585405539772602581557831887485717997975)
Polynomial Degree: 11
Polynomial Coefficients: [53, 23, 47, 42, 24, 29, 30, 21, 32, 38, 60, 47]
Public Key: (28795606739426505755966182529921123037733035342594120346058037701373593478148, 36895446649055785065353792355518617145466935145888353036114116308358347890520)
63431545395251333776447859154075849376233016253167532747784849450674549023896, 36401133585429088240628090054428337761698720958233139074885652514110770572862
52809333207564679319647035985269814306695718353158490700466133905678118908788, 26439521970028541473518895642152518259014425159950984432390466821446076510627
11664377179875628176753209180663574114424871113900668087005057237351982609422, 59637696845278406428206351315183213297969439425143321208944231407382682040138
26572902336581729978710241548918319637386236923519817292666170617540435339538, 59072653448153838720079665606070748702165897561245198667932715443677678832368
59520443123855246686959255088557168625946224867769766679764603545040404232101, 10797627267498785865827529121596765118805281434868258558251100346865785896440
76267621656621400415846135249285340823705628555560233539267841547270272645429, 14859981354930812026508083175694794240640050764245634409028569277609520625169
40357477263770590897640303999638184632502357474421193614162506008285837214935, 36178862683357892264031054346859889299632189399292986478293022991739524090850
47188591913845331137884898589392092100464840149687471622938692813161864580252, 33023834089515650109844275982922055369394274911760503111946806979400594496943
1816089782018255076851133538745783622678727003319835367318069769484446142187, 7506405034819821153016183463251441580340932128649651367109467503313546972770
51972965379802337372482883765879727360335629552804891885113032819303210206560, 69508676460134763384148130885926549395062495235755873278815343757867328345736
959277084576654428165419360909872420270931481262533476281312414597356068258, 13134782089611245415669418570228143637331135588506595802401340355738666406031
70511491309823368698569194749480551479775692609359987789159331430545232870797, 35397448635728008421789761779528160741875724228936264287593259970914257746387
3015582551705807565395513495135398395643162595740669573016571760179212030830, 44589448418909069033595494712591941069759385616283575072535670344353973330105
19709187263679446948774029409354363923712110707840248021854948865192334796117, 18966084519288538629226114155091629068507147944594187380698869076148742273160
71795095526965353478315932098064707785303379414208194475987582155987889591844, 70086441043532396018714003983568905373778750275047149697374887638199723962737
34378863769100317282951971288802917728270533608548846596735485206323698202708, 13710227587674870109853807521834384193697567423618445127982376604556027477691
38216812488772590523485327531472486952145394098905243954350784055893652344296, 69032675201657887392293924020069302506690186099086619487541327125934871074804
61288826115269364894830701028375486579823433955380914597929815834073571031528, 38215618428461641441274113333499876666665153051659960793785064339284123614387
52288309353396896181637403849371921044036753928439852898865881927708769466156, 54433075239714398488077123195712826524060835424022767051861137736146682838237
45871378041079188271148241379173644596617572803777020443687855463309895911229, 26425900534253471358895495770693576824794436469201115457636187705875451634885
44245681896675432727417271229640216567583394287198559231793352118385714812099, 65824943805763074178352305613365300164609973432222483186072528855739105288065
49889730897178977723673506136891600141775113325087221194795855323349416674713, 65578197015102147591234839826662300887732917184622644662958503363569619857934
64762312462190651724221106582215265086267717374101797102475347943866394360120, 1302225719403839666436575825310359475568501140382340692485368021089717923182
6894073339168531521294051134757375942872438033784842332025603843666372496821, 25723162302571070149446393649810937675850684263801163918671109331603815496743
23850922676634711920147613331258892257577316997514996545386553405960070004692, 28133457283511011116841665443806289010828285279046065557100197378494645450245
25145668496767646703781309168225696347756403776913350234012956121991380624955, 69390053561026597705274439462842114990237458380340686902931432625445699444256
6929013416414287047395733130319170876219857529389621213393662704940487640212, 65182498692317622225015017811749750889803723223816218949922118022335879387195
38710659891515414547483815318896176517607079909036986609440466832426832732319, 61511022162908079469317062007315817911788596356640326374713598379159889931981
68747410117016214959633091021686580449536123208510559780762306580975753505177, 18791353471548977526195674050096840315401703598462196227249989246445356346351
3193144260379004147191188059443536802157106496350641371556504028346920806285, 43809974245855164495249961772903562000012111405427645032555215750504673371717
65628098044917767884039289563383598776589616825974262492489204647676533187908, 31056213813207915487482782080853284784560523323121256511201275673294994008675
41332629287452019541483008092764992451444208489787818994282410852445213613824, 53303337698569344808274625731327988822326326184434235988821094279987252949488
26168376314863357633525782475849030097666233359603102602199087165917371171854, 7972557998788884102612017954807024776228327534707674984079726582249310314977
58367351568541819998631449097576053896540929431910458837537561581233896746730, 30633789672932769743364421087530685907322259289676143399703009014633738465583
31126718535599558888928903273849438164976034716936791534858356898712931946070, 17086325540108284906200855630939090103786153142727864151360509788009211628192
53648211182079103163116846196698227267373752137348276603472095235451905353582, 22960962593284252740183838265917502934969960159677661093497637423910954718449
48086237280645148601693559793970632997538354404450603839426374421983782059157, 52683185154654020240421912846920498928093661632499076060461079037088894417549
52808035650196452114842865625490794813771041514681563455313175597061796213088, 16249208099937250986924284560171882783302045571029002853246581650945746872723
45080946698780024008039786295497089012817977669481013384950252095843510353682, 55074736688190294908982774703713246871518085010526402527203025725774974318358
51024729235842580286997003225330556364485933205200141899350440094899301829912, 4905954631535837227063225516004210272141308033793464556101352043158226250479
7905995651661188003870787070178685784568484787851860277701860458945901417538, 30968638027810021590402355674895966860433504004163912122605233931158296238583
59611769559850466205081527505330258246865248709966972061370424507069525445409, 37381031785275906320201252099685366325470561037660747421499355054891840940001
49702131158677683403542579187229338800560614696577299841896075486816595284091, 67590357264406420715542185674403046208000467015183968005891057300579478662243
43121072665352096575906869847168876326874492965551274781831121503798796958153, 65250359514546676178096727369530192866600564920269051135754189657006036393
23912494766488551609301930217805550704738715662886664504065603303499927024643, 23766784675052470148700119297386624174410724551821308494580991822582429706947
40315806337996454541646054267039735384629858056114917690650709245256019962600, 10768794270928434371143740380911065138209433256734709175878894977919856509913
63310294261983085676189007817037332797276316226500077634753199580282740998672, 46142275907185141098885516756155359230507369605604193981920207740827681354568
66042409127993394492087686993886020376093493100444415282341722095685358582669, 2622417612086979265186931274745931046187448677039153132141050169537210937855
35505730472413675260744482760720822998668575112317308706425263348488639467370, 30109777936431038825175606746526362303843781980394115252964326423569801864313
13738609798252740304290641738903401539395985832319885905639708750204363032199, 45790366840023433648223717182980515820086307060925869799795366888028473065165
31139640919645913993820131706533196823887044643693398835298161248264661088309, 9799337061889892040666737339670413209060436109159187379553573809030836626898
71264076687420844900384042107539567813428524502186799059685545635673864251733, 54869008379124652258347872282478178625575799995444991852025190744575355414342
2679527827631160231536601957702337499092734452651585242739269551922669157847, 73187373200527325276875656999635626095861693957635226340719995859565817565086
69732326974283143618252723210394355637867899856962731896704567382868745117710, 58856667829975037236053671736040985973161086897920215678010107214107055020044
57121939184764886604180806448751877079261247482200581511060372996321683759482, 39726052545059894101156425412778314703843664874822494657084272187413329157596
21602315389798883143142656960968045388599139863581014818939144974471994925315, 71088216374859098202467913001506085615915566859502803226441051449824188160447
13669860875838686677186974028145573241764517883153204024611954025225206262666, 15885423273848371092810077898512368330914234452486418342273230724579216486593
2454657594676143230563992540712230924857112318187110805596046793752360175623, 40963167057591514215354384431508108758230376396340505323750929162743711676262
12133612379273038290732103699610930714303922744896435639797548759243812009342, 9231863357969947313376682890945437918292981793260434056148296968248046932660
31805128303561648221321484268273478018634014955367349832419879093666965854891, 3173645605471020925172902655042571131270677415014773172026902371339144346534
8426124046211444563194662557253494470614424413542290130474555137133615063692, 11713637621284595546312832603790557927899126640325259580771592908419182394781
2862759580867768463956480690254621550309345037345750836223797372340484284570, 22668507903726605553631086545177490903743640987166706732214233906735686193460
25953588408745028720346576158503779065229093549936602833896522872304903678770, 47928167627774218855377776005947161611275336351046189334246067269434752445862
53699636045217051710195303012925281517317998971726288205285302804290943175223, 57375153597890612829957781630700408151789663036116801245169351812175958933938
63431702952537151974634137530137490675034428167804460434701515899654042203739, 59426311929694427374321866200577290069071985855378806536633796855116214131865
45280853038597236141417041879343126336372078086460063558212106921345063300740, 62942561467218671277409008358351358930925877738328112299487861241900780902598
75584433502418022058315020885874320416016342798079302181886728428827144812156, 55657269328791211055730268670788600558122599410205445815173305685521502583339
64647691808864167868769498685111154803019098881910883076668218623599606311878, 54531724061583519717860125782916904429510755575079249483591464197606205168121
58169033193591948747857486139140551433838898731145165008251338392550226234602, 58382148326864775436576632864602313500773684229996869948633301167096130543601
43173011040098484032284685757413550532062962208311795954873036418843499914858, 43285451756206465344867010561395996577796538098436820391511220573760461450138
42315289602657386275722607901250600666099449797631530332128822721345021661924, 34117522939210270219815115986771211436337471088624905720344321427373171142443
52724057361470744797875903686650088820032188646943251004510437268722072304650, 21640552826384419745404445117331036910652270358744947626443910382209396491581
16788837545983389574918658754666092058694617434457120836499077215165266816532, 48680945285179744121514420074965828901074935681286456347909188857929443194589
49622464176702863790215448137563496388008664623803746984027326336685458603490, 32991746994809482095069526159320109048536614084389281414039614366840041106368
45052119715003674991245921720135441222100705076343137007024191227312124519720, 35988768884784867451159275224666991558581049228142879920795323528119705514177
12337459923876497214236469384750499715581250927498533738199546246810558356045, 28758782276389330027167099234174419919264500868450445666349790204154348902715
37433777019618861210250367939389968111840534940334008923124060384544715151586, 52292871077523313677142849588434693584717816839429734599977944727392061532401
17139029360937034760447896238533682794110193110823949463023631977770565047878, 49434584507904282822287612975633642602992783094486970049981189032568910392812
30985164998859165354429191720082264035557497988512282886824278713607087796369, 70335093171195071194921339627774507419973325488656442661463560864305546729252
67672048242946431612760091261622217373841888119010346485039160663632071914748, 70897889411542672115299422817196825962375030061978595571801846159054530982991
2214207128049508100302260627978299736406368420745192790475079220732864034252, 73461219772942458866010492608345412167706002418519068331012232767716448456091
34533501777369811623606345732870567011780649310209430384208648091116734245461, 20529917073725974709043923316590965929730766558700017847890993253138619446460
59534354160965356484410100557224447807261300553252136669198610759694259531056, 16808252029666410681499476421957077306850209031179771121982639536799070778656
28570661424097790748995946814035897104766317315370854228685081307196159679174, 35330168751128293075721092149334613126759769573018754453421895755456296511638
55421891356086733454952967090108039766216058988218927389485973510548498005462, 64834889941472704820170372373993074249800977799149078051284798034442640634463
41125630205597420072102448821883149475582618667057904834427391368534960043574, 64378632739526594825581191804242337931737077091199747626790529879075166160036
5922485857534624322217933359943887718513078615595541749945586142472815309429, 72990296506281892619984380302152018012626335206917013942460785189722291296058
50679611307602929887061856641120688602990257449694916151162926418870495280666, 71953616462381845407673918038193380317016601645086107936222040817400280425313
71196425384545139796987320356233879288247059494530424450354988672525371538318, 2929499737839599620092197841706407608125270653922875086628379772545254676403
38891904536794022968433485729441572779137738343194297401173589997611097966952, 39148987484929894033619717196447103551611303443652395599600431942237363074169
8333140648098852442125749688351382039184061701973694339291763610526698643764, 55674938721593902320027929255299515424686230251901853797583843165502583688830
11962282773507023068058426022299183351389790231295492639170982632791458260525, 27335450457772897564584875759923522089409796507106191748080773613590272925497
28647459471626461747278898144022280012074657620016642072149849478277668585223, 69015061657226080700707702690576669668828448138852814793261777713148083661251
43084973558753961397020662157391091294306744465521360808900074599553760555197, 33412963457405638792206471681469751662560678636537732212847554462245884369227
45137860322442953793696035804109033551896552462831413827219679578825945705537, 59227097378877000772126691523273097148545051319213317609774644700484591817341
67589940252566834554230794160491440892846792081957722973250099539635277650338, 49917723086144110073258434200096492125523923639356365954279334275053355053331
50066794513212117024078194224507502977887514097231596841483604169937571965432, 63909987793184244242928449606759253704000930786743986420636814992803092078796
40537611621680934756696596787786958519914991017204197244676901300186846780384, 75438417492098796602774022680913456152751218395248271343687523192193742754154
9336088112069495006897595432070395704651819909823533635587124499545047213479, 11763510497680071506971789938716523019932178945833694610348427843457548088409
58123551808629085438802106703938752960528077073932300297877197952353164326013, 76792828844135927929050439442584171719405801197074915072892870092015214627502
27418820100679965501108080991174077552083477740057092672478942858366005139215, 23920866311086713090956641491291476063776338270290553061600121010066987319742
28852843388088111006643557502693154283096422852083944357927856729725108684608, 36621462509035319764188649994775809021649879910500095214795273812478250185894
45567893976037043741488366325564754619363948773544180730305909647918177169846, 27632441324764692333046790919307633802439115645506817185963395204688402102328
27237322620531720283214462652098540221183152685505939024137594647342458787849, 46091836705840374696661212334521431717632991874162533637305469897286925066075
22960408570956680846208646605207655468922767038149534180488667416825415679678, 14430468221451412809164186224835976103511411385710206772409822358905135952315
21703771584917346914165140023377993411359790415435082409402208695118512242101, 49289490013884164409855734856828579243023573635247747879609627482968153975096
34186288204848824414848598786582386705712078648022989855665557430854349503162, 17448283207298668284221372093531802899103464441391804491701723643870237352694
30325170989720953043032414285195965102733231182859134864080208838698695337913, 71862794322872462124699382256795167920499138060251988106373384143215359495511
31447991331631937436722682724901558663003932820621436977772302410122092277593, 9800409387980290211497629146214852010692911536122323022694500919296953790207
40762098968345203378590373272721774178384645455403744305481014472775017938614, 30792786746460828244929131642239321121820714805200571565233132145527515560517
38754600654469753035636128572930460826521473826918265057676732748802509776918, 32526575757594892126420214354682072701982266415171735465502961138958094900883
54293487350291838362003095621821356868035644155083308898182435698880289891003, 8206879548218526318519662803895114296529663934133924700382051862527318352411
47643785197101948157435291853299151772621958554619538097291887240733080470645, 20554836040371831299932937774160656873624320961018987833190803209142895700898
37959105682477817469691191646741575090715892820248640491458556128777752677042, 70223155287314908800869339916765019983571971300187693764246238697852750704196
7641211324288828221795383946293639815929592293228373416757219800962163945752, 17944295110353333668049789477843583943994784796806596123628193822966473646981
26936874620330895522659973798241923475052686369083994509266927648486465312086, 20799140248788715393561264042687648900988969127525864701294944036864407428614
64506913436922902996673404142921150467574394792264005362525176860299057278695, 20796090859848677660102054191867859716185428624409118207108168169433001890853
53283366840553911794362154481034546450177589807635697964450813084410828398228, 15465757993864794115244020777044858050690817533168663046592023757116781223814
1270429785910093707224222358967131118831524635178387129997468564879440995943, 1501372932334979604088121938787421864601750124621423249363091814469370092362
74644640486100392261417617111827917094406398318611495554063371073427536019091, 34810772088743163515686914178112186086815860963383994423831817208259944633589
9290268925206838896498805283043829506834461861745445673173074306850591073904, 19202146723047930604062353703474025156206292195032050979249978765636976718479
62184418501820032928138396012639977677168603802372672349912555498286446034026, 1551216404104284767755275631541107226889464818447761346684413507586857993063
39820489473315955496621516790324042711479547892062618733211306558006551311172, 12943296329860941499935814626167858987492573200361654892960205534039742317637
9617566543085315263384576651152282862307756152955052207721813018044342195061, 50546780162282915093556795103548960248956796492828906568410385260976417757404
17945994113393565048821118096741681857757529564496443042019473412117929406632, 57090339605453089539506638254302649989250219680618067598824369817574911262219
64926180605944355394841710422007663471742212179386151433992490709209158026351, 1000497963988393876887477439640412298930572027364995460573864862368336330704
63625270425119929405893488475810097022919132075821473371813613735068219083917, 28341754071938710653428842616069602127133125723350739842983106712794725503847
68444889733448066480524087533708481860744543467891298084561087162521549916278, 46972575872643504783984701067873812606535327286608428666387679540209188697419
362096344952323946270031114442787966987913141876843898145244903384380860465, 73976249377721068791247712108533155694005561454208420472062873448313480182074
44856829287097615284332822857296145915194244952562118748171580084832126142869, 41750679428807629080002807993205562068128046079246259989660505510777871146513
32371876985457768755479240354047105548567175621952889375367054795411375673837, 4796917919582290845326594860695315836139503612187971758558455371885858701025
58922734191238688987213950736003068795016277758914769291920544677211476114878, 20445927258381665509398571696383108758879149714276796429934940544761517503032
22517417914199431720206558506201687996408100831458190723702109744338275775235, 30378324762213078660027284226516037443223980364522576130262633221719939822592
47435238080671573799672193145443816197679099020041399196571636433174554838825, 57141445302806852281847071670686034024031946838454837713476654815864018641897
8520577544161860794931673325677050579430794855485599400427608032445784457597, 59585070332748241040310015578756937644448746968823136978938220270613701368747
48435054679567167558766612859631986330470820730928364827218390663054723130677, 45108016017102841448903761039348875653776267574605874896674352720985485184351
28017676966762380255969654339118997204697224070664570307888856874479199710147, 30494957106560790830759046192382348631450644910121094931187272485022615146081
10480528911684475845688944466981958214410562980349627441086591196593432785571, 58975801797092646384603080158951298949928581978484237156647443992122973430686
55477481018765370868496410559429954208200049855576251366452410004600466351918, 32220969308377066884153693917804396676627097333742829174389727658088124618563
42784394699686847097929834341664937151743656444632938760185350440739889892720, 29532813965205004014520497573685008693267566126313210734251201276935868357325
810203138960791596774842608329814583188238976826204089409281657838317185594, 5413383642603658031749260612599746797497137687926665772680579107535968863311
3812337119621583203597925582862163379325730326690700989031040390364230021360, 20680879187440227323828177451492420543581977321870087539651336295105166352276
40022232875691214988278461769480279715699025753004729752976538564617042436369, 57878879570499712016559269805363606343727102244623337643436387569056887342157
16283938868504168329704495755427492705685893874849508620946808074870872830303, 61373905738984054064661101872210225744011840478963615616303784788733507168424
31872753122351709942491364700724815263972856227510832803809790853980641606318, 54426992538126464245154178811169124231949086381472224815737687891153933214749
12125560852228007245961369638739670505031053379963525356144979018301221171903, 44030050059864497647898446220333878877608779223001560102142869772480466381000
40083698684497256917325399205739163188632250669991967515709252171100529522874, 71050879176580571049631345989693116875702100506931419205370551568868590483976
54842094512077081588955269694670163460733561886963549520081428860129581567568, 34114513384486930987877866699141039423067678824792242073366803244123246550721
62292630430100129538166605131680855159717729457047494509508808528775288446389, 48828619307472390819264644513985638506361274482392704596241602022912031425029
28788379699759658040049556911796907644429047146040754157475924098222545961761, 50269937767897288256013229602143022264276354862613315847542551400356193758592
53313269337225990406218374128394610992387351005642321770206362083574867696539, 70056649637532876901451783663890101770758159026144222141790933476284764783426
2399917530241451881907902620919863557876219738604563742940912385456453441632, 36193418258137434563613492023066468552678990565395457711528358433177242581806
58278026199060326604563173600726982635490020503597651301375211663375528620517, 1868017320117552882247274143640556865916550325649951173146455542550963720814
73195426700000546989754466870302929305038029317431618391529672117089664956262, 55141692761871557292356911507875980655531117356206761560218176229428380431153
37205180268857994398129716576043424618503802207825048974389800342032394309254, 69470697718832641559847832166342484445727092882989287985275164451624719526799
24305490553147583284599528126044785317456962408015245822111239655105620815806, 16112734162418178141052210288264412375184478980154718222230688617286305286862
65934068057278281994362873058161463555581947774498929379678054342239923193397, 44071846897901237556995980769572853688542505315976007013569674946985356582037
46752989123516069655516865187673190290955335525512307873238457136500468403202, 7900218978588380491510202072117045807694764388639383309083436422410926589931
56468555310036919265313138838626174507075762853118426385536807695628845716775, 17622547233555677854097179177777458888350110571143313317984053801399393138125
11054781127446258404108481156208659025946395659100154462956047870859429858456, 35214186918646051949154939157484372857475414936926199551462791700861955839924
17160647890483732696874888675326390816985944503115527294138434269555091189366, 27204623288429346546951528532371454455158486111113481986709632274238475982700
41035142112829979992414281277965397785997419378660306889052167809024070012603, 33318595478300986647230329013481788862553904379000832535165980260759442494816
9823505793709233495030849787440516487312590846771187702736593266777805592649, 70410995802992883443976439841507713488919984495980332364176461781504832278645
48960650085439522536211519544371274826375452830028962799808160085886112476787, 6645559728887274542484721004844445696144985979226899511467678940368584015804
52175404266582077415958651919456548709582404089628363310923770603938563736133, 1042771557871755424879101466108156322661598296171731607249030948340044080953
48346865800734063734218490249900653732576950908435347842171728640197898890465, 6354253932370855287452598698221926296454275071391947040027592981971759004612
28077027314830164918676167559593860925546781939453636985418771265810590328830, 50630727792111870211341358947766887891413200490929887716882055790835057790292
9936108710260879239856753915683137409633479099246245397157085078208766654708, 52513974814415223809995036639889445384830768932272705061871213019225261869624
34647115439158900323055528602370827096853762876854080528092111258633271718772, 66790568571990625854898559453609625963733586415689584683333271853574071550750
9484485561408191766597535420786196808544564004981211158265366537523655722202, 20107333097453588423095059853638426033849476967299586230995478544680237351229
19090316578543299169222949814222787976081226215523780668774840893928170968220, 24943446762988312419845799965574161180544472403189016036561868460514309415468
48295573916292088659712934998272873430750148468791089584461598711897925507626, 6287162268057500919244154015994058875916952956060299235061515907638233913663
75441430636177941869300671015742874552739239665328233365187736579136935836016, 7676519333730552020246181846709600623397832445638650266290582621809458745976
61038868491956939326261402586882041840829313507077436277925355351759884496550, 49010102698763199139080039654442900731099768713014516044031250505657277663442
17295771026453125769062370641192171474653050723934606907613354286392941378563, 3166347840200447169529273572102960482066162148722820074635455384228368856048
76423742200209421761006700413606143462096673268315326654804413693677424341083, 47609915823662611655165415788331495017629326121077241752661279746466530362636
14186023774256355673301898816690756131064073565177876421657079228147363699630, 32643028720768931304955588698234785478498750438965925888525925615875735526913
36818491273600003090922055550187616188736752021268747758294385610064729212861, 50163556733106199385658037656844043846813552634394214362181046565839699907184
6159623699356986191780810969884412671380019072956349488313780160001970686922, 68724851760851474208928275361714172908667548662481327002341573401054062872227
2842532141789202745875505410199917982315381544873832065029221084520106281423, 18950315085472703899752763630147956319831950269322078332332141003108806073191
18672594464058299749327420438154519084140571369153671293273307499852245238841, 7738913864170364647083278777875503329018221935237358367570360148620701106373
44846952209707189846391661932270035784270767649091678181967536693652236115964, 54083487516241681943166074047384512499803303158287196090867669504264113888785
6318383369640368705652806649035702519289094338326705203817088818850643652374, 55604526786126719726080633494386055509121201280270553493956458835761396693752
4143578239216326045802533088117062879315698494969313570414173703929256343421, 42492324613859292570816811364787238392393370803594244905851663196868295251683
45544386972186809720673991126699670658719742443407691235045878210527270203870, 1028405615966748611170460945351978476480699174014296295097506374098589059065
16035875680232973338160638401751012918971405591598857028418569325780854504812, 64073184679259786788126057145211173551815594723486753852088285152235047975219
22495039177840232003796072736168167692715859009996759993006097677635516276869, 62280332217269464120641351136635361530785150444316197278426753120365110993339
71778571649108321404283876516943212919057575858778688266894812697337206169155, 40011444349696443084085004093822693737593911951231882605200097349400892330443
7480243826811836247540634529024795506348550404717815824963379981534244968022, 68212652244976391784841997152001035772240260938101167125804785135992673453265
17013759327217839135222492293372522843970645767643054402631893357996510411792, 75147292060040278111552462948132821225308193896788402653075049811118370674128
71800272659785817084499577815832780986812679906552448923426208057268779924254, 24810754678936453142934374474752138355770868078814179310220300581955149392444
7184933625698356906337854554575655498482461090605671845363523620726728499062, 67477810677358959174474737153926982226011072110089044882502388415975593546432
30979665980789742226661063781013095092334855977050841332868160918502751573154, 53039705830525422759840429834078584229237797957814739802992709039734041095970
24549566656343582084076627379453612472427560059007607120765097690186641413789, 21623015764191121361751685983489278675451370677039455007308939290663086443927
54015373335524759387483161755070431095770576627080442097877525191033135019837, 46469612543126558138300741610302569077298585728006221313697293660007902307408
2725894870676344622451261876758734650593386145165060385263898734694220406324, 7547532827986267311854270681339011246454874962391662670544091748027470844715
10545710278525732010695639664990146590154861281135987915279537256260815643242, 29580847508742817747681158087883760064423570910416970525135943128305027098268
53034878143841981431223182409910329175735669862581866167178663517693333796162, 14465335336685878091964412546839802167214590663248151034286253713988816922870
49677411973532914735974615580436787677194554335903382019492179007384797592698, 13981113096617460086918386700349561468709841694197354288090632609073980568121
75244524447879204669030431689720175904696399040347272209236424681606557844818, 48737505190310565431133095267551835271374625031303325876718510981813376508517
17323094598434522338824431284844804958602330428267681383868131640749756617353, 28778222621795311155003113110846648792118394774403364289643590427078639281081
66521398371510955201929213120214406151457347734658738658824711549016188752829, 42792777212275633199769683999363149555494872735409000666789568622437215870600
24703931053614362029668478686828576544082029769497394991964356887519522817510, 32184874098051696487969865046931233860419508012767552795556213389582343820590
29878836709498221866375240966013213766044868892439043436695814508307014343568, 43670706842232479406852835353738800732660043815782773284134509815398338341770
35781945727968581913511897384139335389720570049926872164793481463460429199095, 39315318252076015088486312473375674740287382109511982925511263308506864914541
74280028213935225030950585885962384314268752065252514933899111104018442209692, 11931643882848971221339819186412743255855280155449802351466369525359769964525
39737861775668263216981834940716314779575285055972658896992681853899759224040, 40204284667942786714413772535063964840170903074192732519731482172471503683186
6115636540982085109361018050778488829163252360404738237245375955151391363102, 27676931111425143767578274805449181038096851570794066028909337520977184478129
73888550734840943622756325660259861813660852965521732654531219974352466573163, 57221401324962621065118216518977179999412863398462279969495299999127816244855
63782972936955884609674924305084498305977183148925452077150826351426993294685, 41702715058330592668217582064394864770415973135182059186878124745749362270986
27346533818570295565743578201307838406387767115844732554319270498808238720104, 42998226104593530842416299354849066757061176734067443546602488716177762605790
14426252457261877682198259142068592430528929606825302851884659620570946553051, 38493832391173132766510084973742832509885503063929951190622550597695992495192
73295523290200376441745300141497908574802910265048061839776197825898950407561, 20543352120759625120722832077356909377279189229448683562359223105552800511481
69680031350515507711015827134104935277706116132960100421639078970944260116882, 31749425765228860412497624395233087496519011473338600411744988510279312127117
19086414147460486671919850514331775139547842797533068687111102193243088767117, 51263668076391637711160740371785061075040777693979670452146109976978418030064
3325632272698055149746601361829607161759463952863776865396423386116910234617, 31316897033281998410167072349550170702830660373278303090070624784851469971846
56671390106378009680579264430078756516164700000997603814063171846379643294300, 46936723135641374808949266651756313814335886602658531926916683927345644021055
9651116149772907139527116227250802331372510152545262118322728297816405487887, 12011744334611056454043684915678880371302453400028109160019457172100336661696
76475997552550403551117824758392948482419290783799252581679798342461440797248, 3610492016034701685724433995531815513791231483136648382855350602738944010631
61034817410617803750249150448014257616152360383934319936725234344970232624954, 63136723748703968535485166432448262726020371972883237419427021472462817186223
74372933249219540720736030930930100365816794324787570199057705686392731200270, 72782473055251567992485405204582456549287655918115864862919863966875234367960
46476684119954659084005690289265285511316658314914015235291654106030101414031, 24773041568146396121511978909063126859776843916228772106640531129759221025419
48223714196877343077181879586574480800985385783635175490848971503255415729087, 48088243186427695821383651231257561968636629748005595811068195518813230580642
63979990443803235970118616924858021376903231702028030667182999333020498001753, 47310088139831696616086121363493062235982976341955507974532462794210164337230
16358586135827887269744155037307686584758385961246323043670956544643200814799, 69792215473309515385790652451384833980213115542394022694195448402154623693776
17992829160738250743613217178736795237061151632146600263282584662897558494034, 66404290299915956878927784577664623219945220108424775241658413547344375308305
63779465681010290934171767644759380327220172412318880749873550636318624411120, 27477894604400148203156848104838180333625196707022235771988496792257644760402
18139478752339664630549694695220645392823000410228830883973140512458206165628, 29889876202895007097775746676869529131618523507148811304376700691237989030348
2095863631516039735607103583859452018503481406656001056590323819536982193344, 58843706871659019505732430186549133842558265231386385573899728863729636514950
37205990695307886948523229851608121814801288340249480093363691129326409613857, 52704106542963123929678720020827662064108006724607932497577914771279079981190
49684666169537318768157924146066685053699100541218259017475647403499609531093, 59641221760962646479993836449289427215602696134084288947922792472154666190682
55631991632599097972818175591095110903665078554026377719561146616145265902533, 62997065298025261228199082069227214835782146774163040919141376915680571710072
76588726580847716386687217691300043954821830045807507602805047377737985315940, 53898711286531229328334718514334726945352439035987652192953082372434482105591
70977617213740850950064746763734818191637145091669594099162443984280653323942, 18848620104102933240826190009050075020623044995747791793512034915724162481246
68766570166245934725799350805823572775654909303442083355601118859069975099277, 57851851709593658492560329697237711197742031895172495451940437514445775249645
68663950152137400574565620288709398635733997104437060840303959696501926097415, 70704983537583952655842116485577493991443643838501508034638456920284445333849
46529923490262523915986890165649737765880053490295165504735701579271823229499, 69248035926778183583510462840721160428511366953656337949552363440553999718055
72843364961120911327356219129184898716060121970785140078271207001738724473012, 1274377396490071200540820131329498528371822624981842173465076494851452060468
42646376280329739750984821568523704210782442090276253763565506219959798381745, 67375055659055840126088025717340133339638681550590981812842451753818750104906
44225924437153519624710776113738171975313079431831283740849255330917383575925, 32463835646760911698736106082229039757443032506613962946540454626246461560681
51551594828778036363437760912181627682667043249953079001977542603650606818269, 21727288639978835785336934174369641339753701155698786169600288177225386237992
46539016998554549049523586936028354203732438460526313270814351861951330969210, 16186186302204525042565209682401143344799147169137015523031815656703037126212
41398455942662549912326273631723969256220052594992315483163408463306069990923, 48327183247237409550354764414446389803915218553142398569910680571976478599302
11476481464463419243144284467296370921935876606825888789475537410465368140686, 17184395751563636902672868041657355630497564884197330719562722746158904147631
1112710332351142770079097200567204424302147701621180587957808421897038006813, 17461849747339150909934184621791830794280144749401006656237754181749206274866
53663413654428406795257002157560359955883644302590503407810557419549244239110, 76409187365279681703793498564254933919489824668210522248861526046170148480560
69268771537596291858229693040266872514710510890115466759816986336619830945290, 33763012343835245461422063312976040551180736510531444788790751909198632291051
49291033519999332364099386879532552163821205748577308915245090440184948643676, 46923592362669520837012056876584045879456144977384242839976243984797723425014
50553045133145323741240862054010866809692990130183287439415757627618970901, 17014255962998726339694710739439944178060264041169802503652676162065153921382
25117515675704006736775641235693365658470701512966184957124634034468764518175, 18330322913187949995852764624022051841695286429991593950609380952644073314650
46561907659320037661020847446640902123321777551874781285466970528372588800149, 3258425419159339339152451854833694244091389452527320970518585104596380955279
61875280852189642789626304130962081698379072147431415857674169200284290694011, 46928077452072664348318374065588185004852065682430842652325434411028585814752
61858789164690320661949588021763188771394126074975010977518013849388160784044, 75922727367370529525616785108342585969588782072651816649546570468251522022215
12689724702121997138366026843371420466001914833561707160120209287194672336834, 51234502138209096443556092223338204273196120511592433147560365055330174328148
54617947227940893900564785253288633468868018813087889242415932192712852662887, 1567307306263689427212477209265067611917537164427196737527152179055408154317
73792510680880937911943063962126936541147791774270026819770264496181475261659, 48861246093943802714846963564084032287043239049783074813648256280716158515762
27781493635195681895056790671470296040567762755969891608901096489425050319465, 10318677349683310595386917874336704465475555290092699880773856736245060973893
69462439543436493134889006823212884953951720316442293997599921452365377978298, 34290341846950109178865195953060540656079709986757044721063288370781012473575
733497986380822536417098916830033479419106023300909761238724103201284229434, 2378923740768445913703214109711699997582832359616727929390818435440686021086
36688730218348991736253702460164689683760317605946584746404404992113942269154, 28263348476484512172792029598132653508312003928726905735174585381345988508647
62968382299366174239219341373193914304783252870059634955453815857007076728060, 43198183833325784922224469780324263512005978283552372473830330119243400191853
32181333320192932476079912348189730239854774781100373909943715526005378244033, 12610060046570708986512784550992703019382197117745390349664030681782609104396
15346958976585791874264974532794488113948968109824122710968209510494923513147, 24188506549098825421949034229655283367409927796655378357000525341535076187122
48715724982504886046036216831426209612775227197474477151140442433565232816657, 28400006774218357048611166664624384710112459324348716890096876480182049583341
13668709826052183616988036310640262579104586930955756073506519710820292407366, 57925354267242380065765528203100557418408224349293501161261752560127969208753
24824612345551721951238400402601995343735514879959904125835996406533122159187, 76854880992009378763851690343055303602990665254324317884159857702204995588375
66401356912914413798459093071487897224726716443517056377815344287071244956987, 17705350061578176544735141902430773549939401837758521920062443939086155652916
21860771176549084700207151982473344664717182620798554143323960939850326554147, 67772064558638897052738049383034089224629425903893250230554966612297572710770
38015579542432193670975225837953165160829461047854772037278020088094689060579, 18531224356696203634870632351785966788236791117024592044496695196575961420641
24583537883997691721645919322711114250694552736044829769658529144665150200566, 12135302325440955171007974546374461650382551485531154393362802473273984952956
54924450976544673557750239969848219733224129383651050628561985167487638697592, 38862267540707724461735330841339054131152629846521098940133236548983991445225
6916201825125864210287860912480779121711939355861276021827429587615787876488, 13461197189549714104729884766852664132571589946791695069791177491565890683299
37093740106598837463935110522739733692082436210131069090831796078176491981238, 75044286460764992167419003366044476365370508793963507375604070556682277321323
59942430772360926712570621463642391529126948613582869820249634684663948721314, 57066013359465713322047575131654819745603457206846870678181375575888693913533
15421991618437519713699344207834894894020583263572054380261198212030687148381, 1713178561135768588745948680103265404683964790565482554603498626125120823960
52605316035901557793218329251775377223899306824602444650112323102166008333886, 37999544398175379294143696280003431289883458532248535034238137016708267927020
14347586295260396334347984560800154852812004142171490002446187313625094510756, 60361028882571725225169661269409306587792106783739003010285451685277589963162
69532348782324296909907287516650491304900939765922895132717654867775227101458, 61148233101691369830171140742258958905468754991234363580483975315615528839766
12092326193560914010058914361571033351400537437174858868998215153894504163877, 19821005102461615454903038353396335475578119205570432120391341210228928753039
52408341012881020592088230028261246712267764720363874936673400537007069663992, 55828680842796738251938575679259022741166388762031507513800022385627108517909
61825139224162496463602382305235898119694237614072077548285571023271727298079, 19533183628141405829658433420706047647316108954488524113065930116590178568313
49060175013156845872917447705093815237258257816245241159382235226522411211994, 73589189903755539578155415213253198601424397560985063896469070950385352192542
4773383069575195010665248866665112398126709116663388636625062504118955998369, 16407808576889509767611991695556363287621121877619421374809552169837433434518
56085154171333893380483469157196093512267380606141344858483932164121792106522, 64693731684982448493330345743499826092001819419244024882324440250744966335904
17970260002028676058449235595622189718796496512771034977142158005771826444259, 43521501881346179501009347583242423637936454423981179998734037860120070659358
59040332596491573233340265085736706960604892622379120331483847814770917649488, 5770807700957887412291737176928577131702020993183920975038964852267264820488
60155104533037955896732966836877331540411841117875847074086637160675526402480, 20789507889414118130213448886445384694963462013033209078706607122518172811781
43219152598579277246486295356178726168970184498527678361388220488944254481171, 23356543918029986960328781074779152856730029153803170571303413036725380858474
41745563288264505058436455975225759275567681827999771441605362945621849790913, 32461163087481157762129291730123847415469818348782694306725835087796223865929
76825891291452300141910393684113042416149496884766744354322690754278260897968, 28141880335448400578025425733826458977472086701658031672346822484250924848989
39694257775985012925006078764046940143900393179112638472958674772059318351570, 2315434293075535950931447913188373600597232346626508658759012045074867316537
75657068232097919955053285586017408950528333061140707961047647408871004834384, 60166741139647073687790136899164615214550536656591733953109738150256765697341
29795127697964886359348722587386606171894607990242962911917498267030860336774, 44030153580682512952469404619602070705206029389954100643448203060299731589096
74558017269297360780908585170049700635465285161288811756186616503005920518916, 53339622006065442628618897510980535657502933049841549118948279100758173061145
52138081012822761162278105364425185344550689779287036641529418311948449664472, 56721829291775842156310758489569319633840853452581785589922036475711248478118
26182726965064912183372842449941003182280633429715009864267488439131611129626, 20793346611563590978271030917886196161990794647865710015442701497059653809763
52463047932436429307370465206405994207652537521514387555429163633443512366780, 12821819220238492429020294336363027243616603404440007128765260167233271331314
71335815334274747380879055815444888614673160266787499859403146938692940205631, 30044663904892752837426704811100185182584810491159825631798829179537147383716
37556105337076262990620874219726143084738163336236506775677801075329544559304, 45927199592661912369322640537515774967656955939642637467973612996024856766046
69024979381905645920803339839732839427346710082255398540158121176114716330157, 62857657951234608590734427510471030363473382649170919372615150649790864255183
65106315047213493235436457221007924221892221281997070332503059570345445172453, 24319928121411050059964277990165579749004055192789036813450921469214235070126
48247946794901220176669004924326698568702728747159094483260224389207448191810, 73978959081134909991232151544037785894474381243401335400338341570916359185482
6374614786300358756455837077993211167482304741381270787257610823474055801643, 67142119041825097712427183610604319471425758800832920755587857847584004880494
16627423980344177318266520590032028576535628922661271121209102573120905480391, 7828667134242156403036719871678032615324451180903825258740432220226251667043
73372865287689997960759686345321315342661273007656616009211643729786712854586, 22087567928392722646887017399650789712108513008859734265079089613200110427824
73302061277399596726155359393033257402557234388552058508773764638840596987569, 73010176474078240989981349334115940349117438832145364307742534775554753976537
7740281274878430361417679429423186093763621391386187514699362686879369979128, 35231222739154790961493960479567706819283124246132838500663018130524885160072
30890582292664228791477244400137026206223068614371666475566279679932310860708, 76802827107585225181487344804431538432747627584433975847134885413116375784004
42229478376313846090300158665465370958531305106675751390392329060711025411104, 37966208126467059845717458596464917443437883192492366339642478374757491457375
43185566043877317102530314609232522366707160374942865623246365914896796073575, 50642206276377506282265374872701706100780058158735675408645329947038946858421
12200634452952093002914448788856773026874836412822949803909140253417282830176, 34896633780661638793883436321503414116765579700241799324838722470541285657597
46715841581447611116742017035086121959301586213670389532124212052049316238279, 67427372321461188686943988550273057690365658536288193190900580101707047487297
30596732199902051058961449013489239221822884067601608489073834088054780408519, 8431181875433592897206583401455063813644984221807535567772852923051342857369
6462935185224409272285236164836117791189789838953903348696945374878447548948, 35102846941120687898992459291872857766754664987386360559197001888567038741001
16444112083934837815628586767822812505113671161234135826887897987193182998832, 6614773538258986164209195086239833520321052237638809686060457620314900549487
42647795347087957423038913939998634042212927423542358414761478080414910739793, 41517662181973270382405180059082555021895765374686889098424333393449162967579
47283008463719163870226089282400252871327198059075449092054719291837113616975, 38049843117900399232846354385529539439595734372351274661703870405997953478250
11732517787419840985198789690738875962243946332874981389971040884499530555872, 45039603586718395926079663899693994067643751770531157833081859118992128390339
31253092928323152210384786346817117765428207954276329584538366956435124282702, 12949858473874594282980971683626770545965017769527771267472846108144070818859
49512579029483149390528997572592899402285538415231093878879367648527355099042, 63363719126668271845622099108350952541640348601053426446095817306754505477503
34818746112221828097230450155707978203857076339744011020692634049174259210239, 59667291595873901835594859397932550767251777567178527144893728290059957993809
54704880010874155458303540951488217149472172104611365946690499876145387303313, 25108380824130262645313708558315260334635277134029669967755832068880925306655
42143595129138612130857083962443265116687372795481869489806793344137154330781, 61819515573802237193356296243620080182508706200424903914045911505870284550337
32878659126148671385904552959319970909956049245270708004359759631103012669666, 5153111191356278402002045979563411237494168920563526368190622670662130754371
27675666301819874638191471651562426379916638354629873944139818026712010130638, 6886897525476387539435964236927140491531650344765828207112762979375031981585
52132417301706377337903909478837551637073147502281963090718214551480192091290, 12198176439276100197782966411313611131405150829469140784876929299541168686931
71637493665934303088654011639996438796018574002032480798699964945907831155357, 13962023120743266468524753732146188713422798064931501812349453840373316551299
33683743299301868934970381255729745295106478681018884618995254162509919963826, 45752556037169981273973574796226317524622081153160516467433785321500009197554
67605350628398697671222242175681329030798656657959921659851048178796934846941, 2623817995556625008202218807687949143700587947619076658980068367125157644933
35956628498093166232600836264483564822426108098745643565991064280976835174425, 23353184211726404303355881276693893283746813406852296031247844710765214569111
43691990382623119119033243012858570033826288912153523310354561479327001561277, 282495489383293090695509391000759971283426940804278467297275386204616843249
56459780674376202750638133344431845883518801638742268320148417694885564728752, 31630757174121453164553143353875713293170021287147817468835425959899132549271
69668786165685703973489756239020022914476605197875416362927578993491079280418, 33991065465221545848629955266840659864819893421236932810888463468889822843934
61420534537536719403070940734316963685161178830013491862151829052647677701496, 17469821205107184288773318332534435015914593449972734995035648673930675941939
5637758005871602889507548565257938593743322106834303947648110549775747222929, 2284925968241255548082483524806866663144162883385798536801952001801576835707
49849796223263411199999775199072027117773539611753406615616146257529604456550, 16112557968049529243446784723932205330182167283101598946530114354718230541424
54070509865906661674100832415748741369551680712991900163980873564020637454141, 52700743905191117875637471919417553873354256918653199574953240059314696492613
36657159509070481914631003392599769739136947820109461331175811056899566038583, 19517431206434121862120985534434236717112794159532113327637557027002824063292
33691459298693100341396083070394473767538122954541526253966663101899726945438, 74231305232078350472737067894265459068291419985119765411571110730079933971452
12022690113701490246309392476310462843414011930065652613780356120180806098602, 41254101378769192137120625356705625814450869549172162844299693970470890918475
75639644208430446862164482354224310981381099814799748315943567426057617080240, 32684432071483697210433336317854419191527985211574433890375144398929029192577
31830289718813188986310320808157863552682927332932526644669839197147966345628, 33767731158418397258740835872721329629960944197512313688877578599354734851903
28515349638444561416952147722780110956974864061718509715531297436049975303856, 53740334689799222732121946230161543435529028252979667054397830255921832657349
51947414544395797196144398161454405433514900748082180507836187492840637154956, 57559116606307123691257010376770688955122864531115853810234439690877892059837
18236379160605009722352343780055220917936360936120461572024526716407405405897, 45278262265754063082997618692495766215850723085496545812813825377132551812273
12071568832983437857540487498624390040852926801417935424564725916745236233706, 14758275069008605166063574883318225857086923024619870220040557011344038530658
1179633037773226687089527133706675537414307015147960105949734591491207373176, 36301741163611863006606884108017230953677384152535746885711847912227630131690
1123080746523997106300855565990936606339902371229799080946301046979232916092, 50813573486642533521436495132929349272808884035074732933020549236346609571432
51150059793531155927130416988279240328399661963526662215685591232896288510962, 23172682111131301416630415441772596902757253904200951759479834636233322608017
32537279753638193769438597453203967078698049768313834864792566676478550305304, 62603128803226329539018632638248318737131014855503260054864098545549210152971
74750388367685239787990019222842367829402123670973104474235438534840680820535, 71663117585628677386419649465629389905853205258034954891994485583498820689073
9863843195863209901323873148882394026109416635802618085132013002006739133776, 36963375388705234053263317426545918257966990322801604529912585912221454555857
15062346142886987070611594356191174559810759630186165450630744694991862250122, 58333518244479017379150743544213092656992103683651892438594950680552294817024
30967011113177866788072647010335592833133118443829873890730819159680441513583, 19480774471953435896462540175955521262259423958751848061530798343381070656746
50310555963051879406283028060914176667091892995972276869912886076656646199809, 8669965131861899179010190380544020399000642634995367772167270425229835000865
47207284166886884368839760263496338167381304666854827741604242995947565255227, 71227009614673610159220439919160676887921566455695867105985279783192556257613
11388458484769775994667258638669799865410557579238290014471769937550821980325, 73014057294032986674822569600736825513788313637117453846704139281241665455380
9075865475698849988984713147209433613034504307732207589337928851886615643352, 10196354377420784389144228136383306946920417831258380926589656370619982120305
61272515588030522084544967535009472769599223792361227771831688777303207025999, 8393512430040322175093479411487553336104964616541381822456952669101012750600
39228998595731154078596270212793356969535626307020225433498424241975892177990, 58867216793786899383638595509013756347582187483021668305745282150401477183684
57571324471492727461633442847119651313677066335374322384542737044275934823916, 62616242297116022254365067984989578311137569027431185880786696720408411165149
59649893011633912453267545161255265373191596033716862454666690515366291544442, 43420962359099705586802321816945301614812290618653370883502948644068164897578
13034291444779633807293685236162296278953149378083459713398051338911746151827, 19152055282692051533838743522928430155844090180193179013917197247248062909787
4280855864520082534517253122660394040396504205389500810317219608526372795153, 12248368298307644583186329297250791337099529798396350622890373996150021336890
21757586174138272729698088182238006129462966446424508903308791709468812984565, 28548446724990768461640067455228436077750728790755349691695351989216431642424
15697317560837105701633819003897586508568409398097275867407440837984219233682, 76357880792059868154148060549219074050480326198993876583015511255425104404722
52426424923629602214735719605725133562198185722007088643406818251202781119732, 53006304438356279050604926034461053852023738388333602210414558160527949858427
29973125482232436383868540620959196867670136452919849409317961558743146083948, 62407315283547275805073487559015539083456835467926432601018713797746390070147
44485377099490453739704683326528620784414797993198670726334010780586921199301, 42107244605220853438961983519703816168408507157304948506387229084314468066970
53673104836350353940445808370352297401098796551981909688127120045291788883764, 26833198041017543790792634954112734696880065137943618336014206445291549661779
43541726765074348261821215020383577583210094445536471663143895005231333974181, 60628654044742994101509059006241364142317204955265984418948145456061238877791
3244670862204639035286716891682295229034892133227843700709207268168519519808, 14725693047342606936394450845884183527798625103905109302472528849528719779242
57300715205966614855292573212928160631127591448468346557335588388822290151046, 36169077555721990032658089802663256721315248269865728629554536445446273551255
75193901269488722244845979701935388366394179638132431893628883653519397372474, 31394098718000293892024792599064138484654768539356894081345561006721912135123
51834445125720884232652038757926797981994571570854177956937658396566875194392, 74619751068661860015876742607483215545876733106122931481545466054570556067013
45820001679993588211374989682721576023177120996189112266935498285049335648265, 24486568324201126397614957476922822703770069333845645496251107598495799239263
74059603001677880399111257717616353681276375726454479425882622044288816334780, 247615722177281624431493781130354575995262301398758614477387761157417304989
1686797222196870996046336924442671095491358003468536858138073251165249469535, 55591125465539118966670288211627800957609404657891633075973660948686372722043
10305698353942514709574829288975366548487533672997388594624553171466590597452, 59771602319967249271094455221093352141609254154516979468086715124506746294047
236406768480545111657901869850612877477526524681607256589976879645317547810, 64587370227831517772840919617462409249941487722196902921108093392635905076273
58430139075235127028197781497175597162695866198216706441411115425917116956730, 67181829282267297038086272345770797346367656567739339526172552963185004865417
20821553086049487153123118396267129831184553208739906521849077781260140341807, 7378489006690217736436665966464417996752351227377952779954511303562571247526
47185567505776321690695309547426468175673814570390327819093171110684972770726, 8421170577371920446478735013911374462357190968879641149465978874649905140868
17274211547958924115272267491900579599757463160631059362700807581282230983262, 19012639315541964061407751366083697048312174759719759213297534856603166329180
57928494331311409555080474916635483964992230482283236916483287758709436258943, 72562733781014581043582705708865238929106927483390515644848794212816977218553
12060397609885291466259948860784814990778960831344236048969862842604491581325, 70644795994623992410704681789994760420148786841547198591736765308703795295575
9443389651531514083009151853393006365166083917620290233295850335516072523091, 56105090911873573072986998449008630961108337652610127404714428402413953416947
4155352901731964628583400825192484562135640162940327294468221402987516136505, 62577667448801946955749273383121689772736617503661506523091161108695320701805
64826978814716923648422071522532411729417520831435381494169895312204342084230, 66499707085421523301550124448906835960806323795300397161943332470652571767781
69691825172328456858402358500460167991850318284031490375532164443312826210452, 33006753680360088055889010623062131747944461578786422893959345048672916349316
61588406586207347849719770096501675321659907734337368314984573676234342471180, 21526120644049411484626982100241401804579040725871472037631906473750740694647
26239700292100969583942095844856839855834921177254256271474110911185257018162, 57081999015714400834854520662048987736444695609431748208277017327969010177967
67469930535398822007776729076562215942346241123918594638835627409379013968499, 2154402157279092195147618379265372324780407790447328495501349430235940371763
48308467824319431003026974125849287864863298474184801537897696991642761547728, 71099741742716873339210820030741881802301881864156155300035730516316589764162
75374660900323219770339714694349466350642098312115394551085293068394179037901, 10787470638609213549571366859614369762790297695955144357285345157379696202013
65384165335497886368881538018966630293129878232122805800296479249461689469851, 61749644756144782442485377496247318947226750650055238550232470312487012527077
38942442428957202674675660514346489613930181275289587412646253480217289507115, 39350681344031538154762368769453826811085560159153831620135684198337266237389
32447092591283026419356989993325561227148731955632462533522863597184946094514, 71612704884406733358865416998222470072847851030308621787677759265311526100518
3523117740845675006109518373498162532174969063595370543950600172686935525766, 71088317043475699679860605562055659901014930029953140609997825521868898195095
44609434038830683403694448302978884534760050688289707174258945493638999591192, 40484274677828052360859817076095733347579464388199196888238452317778197504761
67901534689923869413817683330276317138645750471398436304901997051140189043893, 17418608207453503801745123716150464152131689349042166368435791861741596485819
1228061002312050385363802440966679562297814103645263036885270722652714103301, 8931577553644682813073111760610077913422781074937844770901663447797285981267
6992313269977714084203645941121814497443155494728152153623382119422420223593, 33778382991270461650508621179064305276539680660056355741223134395861251181606
3005527449410561193379249045586920407190206547924798543636118208371898364929, 64299865355096548165632653998024140178173353625270723800272238423267975834025
38157902702466808968342737102327243412407356068832668127370399218533737653726, 8401996699229496182727463204164739244189511699827759829773230990629183531530
46930132236850947092308707318035071679563000558050839193798778041324078584177, 14540381263873512752739924192709493400459881834460429102818221527849043448213
42932526602269405820399904749516061682402362439335354248972685700657959789712, 10119199794573798533579994501272044825488564499068672488033961409417316046183
22060475517366240927205479918161805130878154718470149047854945489104135123464, 22509134974930825188541504445572211214982251803382693728626320189000083742977
13385868165102638722153620855317805192196244883176316493867173590972850773928, 45799708402910070943571812625420008106779608973041632250795274094946863376230
30842998242781377181983468348335353188512435366893792596073321121549037316290, 47295594353124579619108174772019203158089688694241336095759121741053518051107
61280353581071168428364562996573630096211862437020438825706727140855545727383, 66964343443582067652705665816611199193103429999037338594021566489776135223235
32815269901341903676182968125737829642163050849999228273421549276085800887920, 71569852603201348881090210011501629217883073780390105730169327405677781910420
18902213792469577399387076396004258608942107935467850273349306540049078295850, 6815467046949270213554724535705364164147750859367601614742854528887633196223
40781524532605367214245798641024685768085200660643262149705869137566593696219, 20402235794859251885451486668327065194932933326092310405583704089773289551124
1908989385014266447285652034049381150819667338126734132143618181496673985746, 12009050924587930897644110974923797547023085588971196423490036319902149557679
55596756158480404752054473943764147875977823267231547434144446039024787567219, 43070801800317157378747342175259808052458124588407317666576058112757654615186
20816079783592424699751540983382045877606705327580691893592196137732509989071, 15481748401131146535448593765223635985304194857176641684246456727893355137031
8190131670493780587209250440763754126228295215171054158214342652800414793070, 32715181648900537766776242241951501124802092643161778296840916269925510848079
51556946198349299287813941255513450132785554271305877472339783252968584295063, 20674148355380701090574526270720327654580764156072367225459954247075268504381
20372303385020615976631547829698856652759881827911639058800118020849485067327, 29068854339953531751650909719544382890200552460296101436401547325010777979021
63148497903707583912054369365078411174297403634053479658966695646041579216420, 11363665608833830323759982449701945037266276390862303153870449763006661285423
14625246321983486241439513248555570379932416253981429750081861759892681009095, 58316810551019867467148392422455706668754048951424490007914837423770341534120
76556983636666611591989684521640357701354518958358265994636519900792043919214, 8534852933789424402811059945501095772244013909733973776431462593447300707531
63869939154408059597897250343407902377359746888703025247942886391578754763900, 72741425930029070796141200409827537059242693087321077493994708897255822259164
8883952904757061977072923555939305273685172754595728377066591232549480320863, 27324084462764365262061165441357697178662958411525590596869266559747148696069
68126283808181482746358613381286437415285391990608635787205732276135314220721, 9457372531151952061123457068252071496660540262868989076653897267490791888153
17702688315681916892670392487938995108898932468855540968795135555122703422266, 30790553584939757843889073195908195320231125115755301263607142145641188818145
2739435147495018679315274236575589268371811813195664571108725107488801756799, 16235273564674730843072946816727605667431726614921413798479656819097329799687
9716173574267523152695807229060696743334337867090080003285166864211562958402, 27207291959873043083343842828528240300458429291538662571232622940553485259239
27302219723816301922274684066541916345911309443082749145422309474936567728579, 69078849089723701567650567958454175260630538065939037196690785532653740551344
18313807780261559882849022481804692141689957474206366425077999583968736910545, 70422508346480491522790950973447176076204609487265940785324771579188624925800
34024085410434420982819684800687899361972945112756402345477098425280996313002, 52049828970829814061455091734672992483649773060784614149458290489792471010471
49752063043446254581133842407894669616374208011739204516880093721353596840315, 46018153810592501384984285264057549314653831097614445490478270620553287347920
54254014611849436325828807177611456784814007847041894479379873995245760527874, 55660906817973557776930476729947985791821492370861468855694685754636799985257
41546466125727443241566894438990870746106889140583616662966881063492458850449, 44814643833136046441582024121838367719538378928921591071082258835126860925517
41453446866774321474099802303470678104459611376396944822047460892681022135578, 28850078785928081791186873316456167266278746420461242203378800244553643147606
55270150960829390390016565468441955589129101303228092771201356796087386100845, 17293617411955654960120392195762750270705164926993769491591004250820679339259
51544664080169265281020984440007253356292711219999980287432512888013535853165, 25301013691961641355430778877076090643206127656266884063648920802849297324097
42517238761658176978399423360192086891303220182017742245054378546745140296609, 11473869836118372491081510992349719287449682365735907936034986333712026944603
57042428960518744823836568467307630526102423987486425608074565339919926597379, 46282920249470034011698870387560155313995715839691774816231458539953436539669
18889671970688476698201582948937793574496749804958828770499405883338222466881, 12375033950132810142400769033351167351793711536957522768407619927645703098692
40202682114566811458364148182505235390229232125739605857294276208383428200393, 21936166080107617849492444690960672080824967747241757922012464489556258378052
55637725222043458618016291847385530881178133901878985588325158823450843059554, 49169138345530457316965841307690348915068649639195979480936152228904889529214
20499276606465386301090249588521992436373080830581491975563695776265711496403, 13014890641615420117576174307324592138080253625906058135587047747398193520443
6349985982821995590833640142176025261975153258568389547877002475027599445053, 49983652891444820785555407492377437731278660787944617952897842324010347652925
62291080488079786548948121293156910779060215333278695061637657060369123309817, 4064088753549881214509313738480941506953459822726195281406420080058179821922
19838607585382958016071032761060434101265292165752879495076282329869543434236, 5357080492955462897430192745615378455602621752026825797962231662664285505987
46748847748820647457835137129201770509628705429012311908733818758438145507109, 57033519797426942631017817429750689067935829112330414801483139119946059576340
49758067760089074934137799056628286528114188328823555711203998917439156269731, 30237418437944395763988013149292242110994429971484288295006470926119524168229
49229605335398975073107039823615290846260054523644290360980157504182248872790, 53536889128105554340749986278163449808865686364790515415989748038413422974999
64414218269632636239897742824742722217460429768762982660878228307098195811889, 35971220671757846694575390405401552690576454318309029135656425490928290888875
31563587771440337574009629450285459189749708379241567029183398418439182153653, 13798625107765213125562352586831418861193541725778738096419759802797335200208
44788959790423801906487873292099125487944675471867035527054889287666519470082, 59638993170952804100321052338125153925275804097736461478700253324910353860185
76851464163704510132356230807889109161569671408371507211977737647537466554689, 15620530470500355705199315952428058696574141253594306108817421701617810528994
31176164010359346101274384329056197721436069144597341059372210066101597007507, 54553805195175823282414426977791150599691408237260412716202420379733131974177
38334729415367753155384929888645665159230573639779641623145635095091330777017, 69916318809245062764643067407855912274793030774541864063673148134799505099099
64034352254702359138339539914877543857967131741788634934897398157813264079235, 63291895964617331400112921891097159442352321497663078204295651332414741735408
21965463025185388709822211896529135782482796491739034965984031783913193551641, 59596181177290437109861676944111902806479193745151809914988081724160255497469
60962719224043505306744682688963379560952998548022884923591810948741688608175, 30484730931261374301031546596503341383362352240889318214013008373819824164337
3550531727604377094450851112889134765273768620477253377374133528207447947086, 10379604768703596426110051424655719823043687723787391283441035241436148867678
13669008546620445250565179725765204847312445433043448655040668296254560692065, 53540287890878583032637362317506720917692354460042270026826387630423873973314
4161917124513635642000268243193832326585963564860987328267186412276585647663, 17580408970810297109885715096099898385053473917229068540420245725806370776371
39798804006067242291002701788094227391039102883360869639088681657467649464733, 55478621321623613706423817474488460693085564958383811540911333350365040487931
25446532010837832549324870862006496970262256132709752638692154773006249060822, 57742484092085605605672923464624037089866877240491562123555813016665986987786
37156923851411521028570657535292239481866936713741804955956452005327812967948, 72839596948557082123467666319977157630958624704983862934687358621404781498491
68968301154827790003736395665038101541858751421801091874329706363138127181930, 63397856408610214284290755882706631129572111649564254813384903965280512808434
32550605749647337930918492402586357535377272638422445056984058209187813915255, 6249649245622015701131876279166735573011603335474225247635460094135396268538
21505139087550203870556056599299031460688937003453833023282179493462799885560, 74625150828274925934838233604222010045685362674832441888875393128566909494092
1092866744711187593782539232703170769086871605617309089203066801492441814836, 51858266776454205580523349712583291703281151183127925886990897381708678049718
55413160735853514933217378604817530725585899468850059750878695756566656368493, 32367850179619274653132041023397158872238434634782763565387623196730345663617
7630745474626864626777840985294950494127678850884001595005823088535940482504, 26216503673323223939215557720990197907616767234561219115022198402088198386936
29991778216758487478675718944275340831862478022084455505873776302635447435132, 47798707179005568386374792186744800883720547336634380943370409582237504810922
58719896040185093386167824224896009408495067824639511690242594318120411041537, 25862503990792590067811850023420439464027579979068437998708056719918766785865
45707795143327579964520361238135504086739542184317309911476312992596600515068, 30805038376485278070885252259190232956788610932413605657516261428166523506524
11446666175353937168552536300377389452349518678762620836999186351829438019453, 18693949242913086172951649923161741380498697321702107833610044065645803143524
67267024681301600572322205308084894705615844445910182616837235755149031081566, 34424014336662614424296061672588235711255778945023371999533331933411069814888
20871577615613268854854952683728895252748716938062052613692151534861729635253, 29577936587958965625524951508933317382897033088609591547173321508866604742745
76038185852660094311050812007518297726448143068718966250462154481603016214511, 63925866873948711659500721001124792699177898878745371725579195799513584860557
4404811933761846979739377798475231828229846669823089942114602223957435446763, 35614353944523779575737780926499130381327996245064652933600313609625138693719
6136463488303791408426552862669110242194269801204376661256172151326575948999, 36353618990921640023701429395193761009083496351217798233062421107312188279520
64072945351971198924179410881615489759279797645443407551946932852763780565065, 19527238781316096967982416460976571691107148001113317928567213114872154327934
73320793579898105009215823857592533376390044754489089531580522774218775665782, 67578694801899779252536015274304305536227765677896501539117307272514120210670
34816337798031909302155187747565774232410870453638424035900616042875642413135, 46661584337517443908666275187814150502237408511578205651145719546986088558572
65092313654154261173787459558315551393000569900446593392034343168691525419304, 26914241127994656858721032985108926858693774169796684589958537757620555945065
62487562102931306054453394855089993197726367529937749184287276163513872551690, 2618225552545206137876374174416251021175193556989577795849455675740446140567
52955802723120846436719477037204924272614360317297625931859133588484038242732, 17297800326904039367369556953092411733035087331850388975661472848104814137444
27294917988064644061754525829208677391506081501005248595441198365347636164492, 76823115894510422343252361382970719610070718882755503003414318305687351208305
46046349333518451420481590015006352656793106462236503034127198306515655629105, 47833344066906614003100847298790447042237253456424992631387377571033902390178
28747871633398214497907263159160722811154661994530704280962537869486562484874, 28820747759220158795604283144850936325858715965138479990821278851300602700178
74964807588525688080683650743701993685473669652700151922637880751916243454484, 52634558967927240081808895332262692028535918816360374954641961249953134035830
30133473861644722386920675312673027910499892663996017733541778915870197096637, 61882365195357261412553689938525397333385746445785416545567341339363349594337
57293859469190243419852476975814639562054901844777208597105776954407791381694, 70370107620712474226377538966450011126294474555586738348846256356999550577700
3617914511175260116563574272422258861690073810045816828581002334167625909600, 52138091561964941946085480395086739811374076578205171628594052333216240838629
54505030965893729753272033597504325099026899449199745825835150688716930426523, 17327989387532251440346599609886741930223867754362051485197789209479616297501
62742756083622066940697884038775953653220864731679886717053365037068673786062, 32022035820610649542177546107011378894108595880384107434823534104929680424448
75004136910038392907873943287982892421739455847633610289247178549102532038353, 34735962367767399251294745489557427062704778544817161146145381410835329275981
29492591671294901061998837487516176480743698798081456800785636607144703367510, 31996083601617096689281100714322805804657065627407084827980331005053158534053
51084582173136543793503434340702171520885268130435010773666367721504926721248, 59006830209486869265995764498799962483271748001547477383382286012358225427513
11907813552126520539947676610415922752015432476887302200046109060049639393230, 2962984576151864246605923156618072292406168640386555804478441888692537879881
16631325250847098220730560013084207149438064053383512731393431703088924558913, 37267701288680467789914469358735963803131974253485587369004931636548579442442
23227568633894441570041710880710099132089306120102556192552686740220984748726, 64640220378936687976034925079038012191310184008232595929455901536997492481315
50041512667048672453020560826710892592677932453990584435877770172780230167564, 50451243617129596678200432671576603673718852564850192265429508276902586358350
49388049326628358790689326231831090215471591107918805194209391673806201546284, 28456272614692494220606322921895924425319527364199292331747288468200632575047
46361469472209636781197374100362623044490781042471952757464901618104875096835, 9105597424292146878917726225822334877136305992729996011117633525130018161298
50538387696831489592129720965286923196488012779141743699121298388033264221376, 58234203651579634830301547593655000142873552182533550682186014153054165350982
47455108372052075432787156427356463693964019758948903737093859714366633052575, 17105698705472604474192891841719350144921032604197309875045746180244279876157
59449889310951369913427151812165232749422262155828593447220764884208194492387, 60883260821681737359559153213129035446587827081659590337961943977201446445884
76603631528598123880558780289312476484364597312425734587983538108077052769224, 18086824469735295501560953884702825534727440639778252081370368032100112799152
22223819262320008906256413371294846286383449668921284090801704310257510735910, 45395412653558541377856032026337148611820438968105237773562697774980995130579
63824732833033810666003689229039600714573398303733325737696379533298021439951, 63813238642346899260097964847444501958838962246726437877859288070106893991883
69854561733353039014781637074074571409191924559417827590146668477679973154017, 34481900690139904011618696117362482235956379450091317302613500803750343898701
63677329025905832124898862160243706335734436908773533439940582744393895178627, 52061666404955487151769526464810299549609249244905330808788173214888440983728
33729155266938732583408472256557351379558483821261821917211705316685602237171, 75285509338434835082092273626328871900049727526465812790447421945010480778003
55076591870855967809767303861906114408547333918598570981957011360146346231066, 34816702613655088778721044327664022609292950244829772334867181458298871862709
17217144521758280383996239023223923162487778001826536787819739621434079709555, 67335919180199538334654645718689157348681148335283112618071284715754620751965
64109420766380934382392189803719761520671551757243739624600565809779892163177, 30046430468235314533765853767823087704683982455406275101278514533214459178575
36167382078215823735287515196871909056468133401778985528088314534519301990996, 15399974624027141719154504777404875814734908351316394204945384155834236179527
33868753612345691095958932371787954464438091275078538230840187199104919284908, 20469182293130481757717830808551040134359026559318295366475644546051013290483
68249725019627242163863675662676632496379332345668547261368601782874804026610, 53841470966192823627655937243832037918419602283041500794310133859109888229257
49808156484224045595476838382677542432910274108422183811284796629099387242596, 10094605923574086618174282182616083277647534693229198682837077605758623207779
9891260622631330332978181273683561230276635702582930657224154292843828578132, 67553879796593211430154831298504691574135669974361842808308419387262616918321
64752501374741017683373637659145999922282837674315934129474219318678997113849, 61006266219823394081839099893770904480193043330828105855460581653077418859753
54768646067484902116555344729234976371930826262663934112334160591833611982661, 2380027729299356209443985136276291855266503261298989232592840341247860570934
44256499581667841407452096730583874660329183431813052010520637660070485067433, 49741116230370211158400652390589562674829592111320519374861152267841618274149
59395290695824608086111547082572068669185171981581967381721321114377309191603, 55688180020726079060482340083314242108117306926808527603002748449340934719403
2014576925788421807721500417441182207502927433036206395036061765454850209201, 69727527345601819806437112570611978263957043577231634583873200103361544030346
41929204684995702063943363399421448283547385811146892192803396721385196615789, 19256546115970860272676250267207546278347670437073194206453112334466073132368
15862334847731606894594488452724722088836783253386909011204130379242429620593, 23790481819820345727268794702412134638082451315843112890665678328297145844100
59981215815757738649384555009451671854348159002578083295802081043810277664096, 64015059711646009811492600263840166687499660917690549852911198860584349436044
22742917076713519021695766168999053878457325441184561659745656890445503509050, 66096367087364632689400085188209807232989583591978978044908682018290555975025
59266655715975923383608883677888258265072210358684060541834111663365085507478, 13675646738444161576767208334701969593342874618138739610996277397259716759133
67044502787938704191988670098012989315842125091498603761009159379602755665252, 18558219178805546528507786280090925536166876407886388811535738260617579350059
76693351681920983992090103048859596848915734377774512516153626215299835609264, 71320397715197915586937891697489413451902135850222219058914585888961479230993
50648768153193567173911319126214144039458481621135500301695617892644654116382, 9619273529970193349715629659821291833813488403917246866050958303099917255965
62622195842748856416617440786157600785611360099786798990982591264397337655484, 38411704716617742410661375217544056886636470234673380791873902938020088585432
51142874937507993289885259408735311888229530263537938290936759341036791170728, 73614639531981347763515028542779854360568956268897219476874244981142399896876
48727604201595839012890776792213516316420893501505332470966190604335162262508, 34652625930272841479536580451490701215171436034214935730650059011021973321579
36704979591667206095421535478475931723604502086836205418657947731595552721654, 19716711084529791499971496808066508149124377639645223041133701895506489513993
153465137785967729143529116624538959639757345711833630017553707957608400364, 6540940521659762343643479942093364160838624590810039147176036147458295587842
6557229719803398583858892967045010250169790716596476120815697611456645528556, 76411318914236947343243865953686849505689802301300038808701446208429189478943
56472471221399009354110384674942505437515736817269866772622329901928465433954, 75735549662328082473990011240318231465102201815110910300746456664523287437823
38862766255347032710907501237121283638107434183127305931320372136931331203678, 26955283723754899417586936399796947921598945103115152935112810232612504957571
11739694966490899307744238294732597350809768839520359994119718250108551622796, 59263943456753552577049008638494438299719187232438159209137372015586813694715
5560736451463955505254527068400521524366348864172510262703333451060648654616, 69548529377309728698013307979190109634284212176423166182605938800764891421378
57595752598166539626246709302196818163683189383760642143454476359540949787769, 5343910133034098004999205385045121508361327136546890009021188809547758122928
46157704820562733642699292121106272752955216825922643825137930957122573522621, 27997610689898075320660769658526665024691116708840527770192983212910838723918
39711222053261117170444941730300479771159135885226854389903838133528873354126, 2257063432522045635068261138804834675041484019870278174115897391254003533762
6162592133300468889199538445632251108051000150912667135136206868206909879039, 10708664155795619011733663759073659628909646830517064027921520281599349415209
13886665793884510675152798315408271675037316916148428433786723346039543052140, 5644203689081691019955100443797271512791261995206399474894433396696360041821
27390638372809481783213052325435412980201128314073579298976774335556857998377, 48467208150936447242081461850969097217151392564080987131747303989141602638290
35187812773823158146860969988400374988319158707486981573912851919176042063194, 6601118161295710464494752243936594982442643924910313449787089588756169845681
55653408949151475113634047116348056376127453164842193127894034889801355959182, 4443452372841391484066269050448963535331315911644953263246201700176265306668
60656694397435620072689673797550623932618416284992063724014484646789932588835, 50720952633362098992023668672022966919975860072260791051797513616356870626374
41140748815848533881837878988953287843176087048734789321892394160789137767238, 21935794627443216211075759115938058914889681689838097932886707927737636013757
24931404739856160344188096927114601080379076946515023161364472264875364158133, 60930037222079790435855976742659770016696590229163666594832002741256226787962
14133141513261174902918390284065842729036978927954259627294714972750530214099, 49201533562215874945763651919796997320784335395205566595149525205269808839881
24534789346977761193074266263025745550156052250916734983773650334028525676981, 75894779860402856372660916993192467352913331364338367136304753301013718623058
45057577355814287563609408033784142949992404805021750886820664314174524891734, 22609990715052822941354160858701701366085897080322374974552016092961800676401
3196931073278632594123983115128628978932603769517120131319373020555004154315, 69860659505886957580702331555880438179339144070150883825386397765768227024287
71436514011064904401560925197761228772632121244661228748826119811485306514012, 62958674896044350263566849541979004946533757761516156866666026836786250483870
18763844038580747514650245281752706280696568773977752015605515833300173883185, 38602398912994800922329940994668775220404941516471846038556825000373790832368
15029129328280920708138603611060389317405722830785961912671987129378620044306, 36696159556371243648689873684914452405451307668624878800232096890997588175270
57457722735286209773779382704106849493294026264627562112077535932931346948095, 69355371987645232642916314106129987111055470793509955394704807592234410289112
20915598943960779003693596140615285725996091039427581265570780463016428884900, 5110217152857560881850444245917622628988412519367772097622679472932926042873
18402674109017863687698535837405323456156374654959665216184038886552262788862, 9788245106488783852770325299210122375577919851761519547704924420960925228777
1648347548656486289578828757276609404268826040463252610834682884622631787951, 32402288578092251062906994337631540114755497741680625104566099591674647158697
16512066033734934976765913267182226203576760323410379832963297913706034390057, 38387933399170489930399454117829227879451075341156506648234673497684963078773
9013318887530276989434193076908363520630574366162741778705847432941354788721, 46894164214808069314761308542964950914122546716969672646544807737280026793949
45541478289750491416767142813908536119448516438118712218492324792342518258204, 35575013947608133454458778230788942093485042401304245236401961311311723381202
4280006287258011064572126818712605257056913524081667647818712871918046842326, 75085558806213291545276575791223500140091008970402849489520501094735751847282
21536451751599357917031352698464765484300239997645950004987923596710446094614, 61542878984706601833143543156543899331506092061970788148554140191582602128272
31278675635410816182243537662884168795421372493281676125475973585377205752838, 39544852741638472317216090075626990987506216080152535744844329692200803578850
46574176013203652128999336705553325767709683909758380816769832588774329092686, 74624498569227703042231244769432843534779716911523256724434345846658705908813
38416194844902135695651521369206719073546679607505664072194265557538346590769, 51134614060225904400349471531895942505516097938269901742730050987960801720121
27981891147817452794859145041686065236868128967225257517979177788653620611728, 62574526437683548130758175599237044170098977016123984132000480948320105047981
22209629738457710519525009454276970921502011334614936753082462472927746479255, 29491782745326697568483863092207453350386585031815032897501304850865021294362
49008295436391232362676669179155288739307100204274653753749347741675642173451, 69337898490461642618169661833844802920968483467200177116661083500811333549120
60640713359812693926538888631263304640102896631591265681555999752943535348292, 7168032672684952691879807995326964273523305541242703072541422063201117020018
24807594492409318773311558156251390183831130753843906815899891198321683355227, 8527342956204861307061773952591738343290537823279017332914105171711826857618
47076096842239901911496402479985898402975262683028811496813866692578793495558, 31289533794038675680496460794566224659346013444734804657409951507809125525846
1342514787681967245715032587215354183454201080680889548717894020374196038939, 11515393130214639031078553503484957790221504123026748475594968011812947807597
37257633610981773890953223457600401069486931227119827561530954812503249374060, 49211910305126345669469634839307661790092888888797819630081634355165836620228
71021578342060243919390807067071593245459194968644145646171050182757012650260, 72145320180102495611588759309183600398387100218312028586495361212249083165332
4917971167354973511834033910206661020351324111609286906992724308958158261378, 6825982095820675657237422128001268814982115688262890770870335230063366647282
27153854887080540664392895718049505050853017474065623839054697964873454995096, 31580413589884135299229362907861317361342543333911302343488788053039633782815
4072267368779573681032130780910994018552256239427076523512610927793352269986, 76352759595439809817151184383480200748221508700184863856909476175113556885949
18245707477252685944554159114430722267241483721015561010799219886811867024954, 1867505928481314321985691043336525838206624219734445398857775097313006104602
60230119919401049662993005853398321815328642813428114852532791121157133415614, 61241116109573727491380148196011160161213466724399874433618553996243639917068
50751148902513790714583866192447684500002437176108182716513213686772045274501, 69126852533315092008551159902825295412561033706520531400264975022005882890125
32724228445640411518384164268606106455697469336862380074968763047233953033304, 43941066185668137233182023248917937130386944390045063908592413525589152352027
14643213538619305712835190806571720568659302878594197090556609336691387200062, 69592167887916831049821933841821130395831289385542142510357776853159080289008
64708908921024085136002114826311502445018457766242197834332207930593390735331, 75008610550684185477080445746023435167215120829574078798681702854709484335434
47693850730660031062797093496901644082408174531707009317833086177017991636121, 32805908554497186406589459391633156944666448269646964296303348009234164423099
71163586104598681205864045804529171990224195895685919371056126159463834808250, 29226918965164487997849408960553522090026656669009585019448188049448775791854
11366934929696176968609276107734348632212167554842951900174287676124906202916, 10075920185992600853647786686064844681363107427932452399332892789370260518871
12155916914775280532476057363982732169107859828768748517002883159093444811249, 1713670131937672773321136307706084546194127644737234715736300909414574138042
15012134599493355554575407759313333483303698919879892144828180145223408203348, 5885569389139375124817244667294679547390325949866989550867915488790201471248
41135601343858191690885903540398069361595682349367327226145281673760062016048, 19846826933199603803839363451031980199464635933262822518425427670776133008302
27323838967466510327979193069293946899465281098978944646185670240528918660931, 68393007259103554792242407144441653010127186957071945552774594486919176261197
11757743698840660692227265799504939885004047753544373491994786715101319038232, 16929034308888947860185513810821146092529963228579064440676785902659960651135
31319424964696432358935790935761789432482158886470011325915718628970383253227, 16732913914407499433628058899898183076524109258289358209951810089065762102727
71990195877620466331429441251243532595649988997077956181145083297896709843230, 28118946974642095493049509903028487551944814219255923778174933831208147175476
75951995589346551075105407292523174922601381361839020476447457717776487065862, 64023828688007118811743456499360144778915902601340672805620583503178485652387
22102242957158924707033846816970675343478674676163033921493561785577605124621, 46403161622455668010741098193784051790315043708728359187886667757946318266793
50982114013779753562021344480275909825609283372220226926770823401940897199362, 25991948619562723181575859846964621366767597648208619026262804488626563751882
56341093650963262766674174818252569688362399768103541244200845483533735266647, 50034841076684788671241469446997747700987556289161710489153622164575924343341
25834836032498068586961390356861092792785933430098729002655945050756973705423, 36725479364121204574468686440128991714573525064670676933121444976837194438535
70940062425299172302534852385804925043797858117190388197473724279262380013023, 35873234748717108015681474272689919474358087112823098212052224287670430305296
1535958145415520254978631774646168317956215090487222529362791247204895076304, 25566205489158453200845966206966196320200138066142346790846325337013000177204
2503217464115126980984476010923150282060149728950260443071555402261696819912, 57557710421778379148502274940788944726811686180565906538787130326582179074179
18494265055379300499083690209408194872033436866155358173022550879150924283547, 23505470254471558474781879534167702958788737888873706038294521805525079257733
66539187432063614715956766354538488140763734793276869628771475264439974962769, 51077450225010394884924721282305307443220523933206291923450046571173115946953
63454760839309425727491028497900733569067596584316232744899980119719604264213, 73380085547683840552410849956111179709919035693541617447667596711217144022816
39550758153284858015937515968338098167076891648577777064492573856361954472117, 29271135585265538706733780794967152261518525470149385381637740069614011283377
24327294039330711768089920277960226786429424534545246893017150455656825883748, 41853745382676377295394633249678124904904961777227579223508586797182952707084
64178314301512898648942248365830443097339332200737623177825493689398940257695, 7875239015877767193928076095722858491867755335615507795510481590207771248756
14904168806936270323985706262263630044445225463476712227603724689822585276615, 44985409421186269705499894486093589747361118058627373341124406849683491229551
26400713986879317602926445957342093676173970107159506438402279670556814371878, 29985252013667738643613852889439059326981846187511913551871453653705373670747
50892809197936482291042351720558344267761110453021489362059096994531604326618, 55461663220529115317068745533946633157948380583394333632999225581202974691162
34155625637168738952947825553172175557069530815142708668721035189587828404586, 14070302682092905049749410376988693857081972133698476347824685984687605529053
71883489039389700956529570912799644831975161226716493524888439154648530575104, 15685186519481384401999431843651369150246920675754620577925462176637412775449
62313719340986380627174045770887164623901986398391357385537182337112703282675, 31065195869119529371647457711165103661746838950660335050779643690349091720617
12780342858373493036236025577764882650929367154876198828937560079702859175556, 71845531752143079653885839422461742156511559425108108692787004804858815461661
26103670820390644539398271841284573185556886336411676609839021749661217367870, 44855615740672223554269067045510659768707053401783206382486448058696047499799
56474068754574148159805748800342544114915756151853649935167763593928162244871, 12955063166274706080431512589082260925625854245769723804927822163136043444117
41698514414658592553338373397656879998006849293745627332495843121939969216591, 58745679279322114070917645004346375477969525752397911987816373446097499142622
38291620315627876363276973362444924085262723202825267263456763334657782741488, 74814640967304643680057201935127044831200805612541867465845695076569952964985
41429302792977178046258358219466866982624633365303889329196819166333070955686, 7400493822111298696829034139242321075256673511121670957750672912510184150070
40807043092335466109197350722963336320138312957572327959451527391190432743287, 63491260969728712573960035819862961828843804030199330959844543983648279615254
2182964148240849004974133367417926650194723993643380819740092017621546215953, 67307204422032021865234832478958537391557739086923901051169427280045001925240
17170524690766407972113543213803197944433378988403115372469640380319751858153, 34712295626204865745086047949506132309277876194640125317199194084843984616131
16260004688927392769410338339274621359339351019215704113646423909603020103837, 71367883203664353038417154773135002261571806017656032150736565567184732761358
61804003481222667215025336918208468798621395241900501852498435132297685264769, 32602570511921653834367263672290134052712612050611473798253864500096109527761
23437327590304000808347541568394668144337259462417980630278533112659149876834, 64118135499822974038052162471133104220528320557275667175297377509022678343541
70421836307852702730618186355451652570536552766371494871183810007442064918336, 8291451159559789396170764446997248956134419444539493677055016066724226642108
31274230813822294132743057219210675380590505924768902480540248304471433579746, 20231157010763488166435322479515618943410959628666205962846904855056341124730
57351674220175851443774076156922822474397049558610921004027759010139767635320, 72710250779583519944957663858104230557733077454486542775143217629960824172627
9774993794950135906146711872054745067568743917621707311484202577155319452221, 29038271374654622753117357612364198871073571660415479999951161714010603162671
31643620189278388736557455306114306639530171087998701890168899678591150679010, 48647661885472736691347754859843851967921517475050233196319718070476419230264
32645858827629372522661730619288572836886272275993703765549836163663581683899, 68416746396175647339143521984605248083702388595183818573553821990925441278129
76642834156255491893103001882878569918892328087555208357506018257405301342219, 20452711123610276445000907195473764200427290671650042396950050061292084668542
17260683502156634353000189321679643402706257539095190060323331203642129096229, 74630833734069136686628964443719431619651421977026792402949969169546163671212
444589721833941037549328981627918096314849392734689773040731636710885388552, 30075012084280570617408183844386267288949015166872832035827098132549298789194
38769712051261899764561918630173613436636295437776609668958606346760701251436, 2800317359363111023567010044556566433891421053693422205850760892768060204024
14522263379199100568555408454655356001465480213424209016685856488243493932296, 2221497602517405310114166849185911662676251232591050494583759656002848344420
28677622043033096195559009399358383452075914869106502932058259183215861107573, 66137774822325942443758611602079443856844437301112129088793104444270152813499
35052591558764983156929310463139227899944598149319743036499618939182903756720, 56526525270335349603237262973316271504681418056419573941720946287332726773030
39913332536708235115663239163241888238311767408167947652012782679269676441405, 34318958649315532826067094191294413726786831304921131805126850909835022450407
72966483148622890237729606100684366397673946837756976725814287199780952731131, 47876911201601700995652289064628189217076378094869404074401793606227051399143
36302486604516951114056064219724842522212573675236002358193338495950952373438, 51290113869832211435543394509485799721819089993980827480488952891413241476832
6088898225626430906762809535757399156213497556126365774660000254144726240306, 61269768689786762669879518677513391945535554080036614452154379842181510885159
5264064952978612849650638060647553768002232310238200969361758204397818566618, 18478110200471636331163396182168206579667646393112878891191191114110246613312
27533071971953204699486416864701275956688203776932071923862075020837630736481, 484508752051941047034383281198599078294848277895244480943474460734416211700
9912567638588337241757625347686478720589374044897289870374965608337806619944, 54249931379683800833385235418683858022679387281615019913715182547114368055939
18411871863277406292875571507252875416839694358926455465778896063095603885939, 43204162440290197639824478517050450799074387146169610199679295977320929188867
34822072327314055758036601751943335689967563618190591884579839267357736589917, 42099809726507923264604565810662468753641919806308524617074775058101251469855
11410384118210231745919270467978478088401936407506613494757396514915367056251, 13399507636188898857450217605371025536888046254250050804098459932552948112877
24205162458546437650945823681964334979208413946620125066812822302538134448774, 71462631303287292469422479852168352983862210947894667052249698961258843229327
57726691327395491144081500006893641553317732532450411845269426332357164489380, 19798142527446075505365883538371590865829133599527700716828291427776351471421
9860178221661082225927778211000567750621560628307471820664263981245753540485, 47745400439124319682255671509426284174953044860173497077640062674476009090846
40565558582345679902952380590226431208318585813583064162119026210308763571573, 53977763173428418433676731226247326176992937219716590400533110658258062019458
11277616130939823336325271638804033658245961167603835270293856297387744250324, 30948231351423921941078349290903911149001090616948283373566346763123793620692
35985769398950747801336663631321689843908614185066966996636871843159551712431, 74011234569773395765291807353707539984909484171983487421598782935686024603558
46299648177275175137081182648789174672708648570448063662079288906427853112931, 39699718841213053253247547444137570494469066343909229354966060579697566117927
67859839790162200600051193419792646126028397533762523953733426061800143949468, 29041906771615607724706940450706232397976795280143398815273075269452258796684
68176822600088330838229438333179223736429455993201085508246302146501844617963, 68113838436025237000781741403659258599927979726011212518050688322646306721974
50406132806253185480820790861831606005980875229392148112694253183532589706680, 68067436391900356185520786325548384970853326154549748084561624883172540165253
27843362234315119547092811840198866411540162390591936490617231653235301776257, 75130401212302215877099641858451144762091962883489930985707761600641816074681
59227817920057622418001766593532929700578351763426511169802509354618568038653, 59645386065613773381015244666652041698057228197340319918524603991178170272687
13465658992529285550736089821049859975601723547524685079395866374246281969603, 9254539503708791815086137059304946067407695117767007689274651893250549875253
62676182343034048001186493529231408351318476899134167305492587231273180945529, 20708527616160095119444960902179923273542371561558265588925650796535589373496
73086383313196426096367263274709584117402075833662279639760511764729432051392, 68391918660334310384810402975226307037337480747688026610040745885277908112677
46793285488313888574569835117190486117597543416871298271890263247926771470950, 45323846788802652366601458383952601227563624733054879530892892888657222768961
53103981478460706153231004517194586911264543908060978842500712071894821156061, 24525653232836287202461693010478480252154827855017110964678538133849182797892
4934483985149783222391806159526801921364248888858341489024806129475562302138, 55737387478126890030476601622646915545109720701100221183814583569645176989232
10098093469601654342626461813423217740593690968434122738690478092733858302342, 20246018532547722139430872622837057107967203925691905012052894867643454816812
30069284927350182304175472782288796184944783501328910089302924921808205049191, 5146717447348689546603180382438080505472921822638864752907686091659420498138
55201665695961239989800434884854687233283180429488597854664812129394462123253, 9541932810360854364020582541607503972726869073135577605106599384703344293043
2145200832959169522552041946656785591644906688439041769201459653208883176653, 55846473080743353176380514899500607175446321178891959734386162118481614239549
19655012703528227711342061210275669783377508104919634461013309330877110187922, 834882151592949879137716354050299624114931856240285962384631526160398035675
35778222309252088068171454244880949605685527732005436599055012633701794884214, 49749748056069719890664553157615259900479980908731752369534857855004138355845
17691054823213513509110552587898913557522593884605820475245511986038915980475, 49541113592396590709844137354209613858362090758480721606348675302719135855345
15936700398038082958304570476481652604747548110802462983596747364553290111632, 35867875411935639543160852839299081247796536302554645685171464412578019451050
66777428069839233585182228980132974116066517990919321556492985042981448919112, 22013183103020558501232124013753604429740091897827696310627965082803767706522
59457793704546986816126457144247024578848361567057513396715843706942769669050, 4536019241839521420052141636219071999912028133695673994200460706438149862706
59148645607356029935605895761693044183576494949353765657568295680472728942305, 40982362808749936328506996315290640863320348126746159476323789482645215684063
2898321689511903828121114198090544684849624001844440318598826859711159221584, 47304128184916334274285530739222441368217268788167251910324582489318469989741
76451518975923231470428307185858989657722344630693077783014466865455958869003, 2333311712997369381436512486092287872933196888378925629446548736517710429405
44716125585638094297658898828288046575943046346940868407294389789019775111795, 71740577684977552748498083822388740108852426378612016305928619709434261833697
29470388143627915521285602514728417663682304177347232228553352206422528182876, 35711307794602120305883223504953516048210759871918894793162510047060539586367
70054983603611569181939705266845301024773572485354739712508308708341740535003, 37445939304301623142073486473628148785784815158355517082760718414752634855997
73580947052626602043470165677764837070418301974273817293752357570922448562641, 38686259791032274340569669624105021429164757320589542058573454635426677344990
67599458900133975867895830393356253698801972779498256638378302520917979248011, 47387956118927664485347099055552063226501170029567429834523538366521448101326
9562600741823008194787853525127489961521136525508686788827107327088933432516, 63967041498526650628001412187812593632862936830462940394184825814324945792947
27455091686538196446341552986364102460295480348770827910807596728369848278032, 24046710646127220777696102691414228235453877220879673138888894186982581233195
40384334557038154267845059057658872805337815244458369925074562355108426521295, 5384886895317742609824838925550963189478118130330513947394800996769728131369
58731873944276987311567312971814021326119428771507230829266191048231340656694, 10238424345967150790205697448519833028319049800723609665774151843238916119642
9484023031799377436731224043447407881677555723238194899685791499496156438926, 31315240375231771175341759106929808005665789021859651208692549290285408948258
49402688484110671415776214202551947719482423142944525860900291523047194394427, 36428027119107261539740689577984196379078869895364624664059894198213138012852
2307501988873816858623903206948239881353379527717068955253924036703057407965, 62016968522517960048382016046480711254668817111988230062847036882998489530099
45161377121750580675914724878694135134794310863808221219403397339297432835495, 17259241310775792470452447354619127037356028380682461898940513417491347625216
31565892910675122039252500760868246488570656002935160979482337030280732970578, 15652207554577143905220956652754749198197863672626803269164062874492627651697
30449884460775139400649299940852773456649350721068605286706832556706977153567, 11768368172666001654123986419989053668851793676109440888032609332922826108602
34398436033815381323352639212595639877905606557825776911518720567318775414041, 51274753417286014555104993185175225216071202425544054692195282458515288722215
60044268942539478560722066622779028310828265013331499666142361029674031493833, 44112975147133113384100756271272542310144974934906161031929540053087838952722
28137122268973166075367970732084273911969456579601304905703607319478008675664, 57400017175889163292627739129183543624067552131770736143648448053110721543010
52679420830594995548515435604094294288559553184242741023343691218225054198691, 39535029605586397933710010783124405301067930450053665111292158146288897141780
37508203930162484142281096580228086927501689894025186365145400844541477867616, 35185567457320846531941393287548744549316345040864823005269584839051585014720
13868551754761675153613744322045657750699691727654713381021170478663774943988, 23189734347869569753940292228475600406494886681228631017905391815191506270091
51964551613048865035667883980019067984684850912025714486067942843479864412518, 7502559550582923862681345944106583838088664704961021047434529800401961560422
23171807558153014788618987962533579547148641252074958379165490923395303676193, 36979960324633015459732851477518533264868412786418842069921878345627618419141
38103218351866991957911884171894205177693908540997326708384433442660784263373, 32067514742243077986971442530294580063186123060551374148863182621332212859784
10906885349842856338078197220749952115157969126199831319778357967422418964114, 35555745241892033557721281933831347956257735885208523789478587748605272818351
22541150992150316566712645820734252805624161623735332293193226304445192673188, 52454253134743430201698665997310224877686074663262039066848727549720057309916
9678546003988967289680629113190421973923905048736679201996726228755392552490, 585689735693133171895806918427951804019762683076523811851654130680165330901
38992590838707958122798092182311483297505048357364899809444684872974052645642, 71492036355425683647020736448668613065412038373332471593384059518320886025705
56221515062677211670055517834550406321357295223906869775776077304563635413127, 68686065110440644134850894120535464810704126627578260743927888328636469537347
68632903205284021324830136271165043043241147017255063825993934394750559799078, 22788325283713870812541174363102065017714256401845669088369970273829132962017
54438426615117988630629546237457168481439040892660751475099087455397529333397, 66399236754631015526046773237865425349177733944205488807770177345426908674997
7648654279120196325531592543970513134039169784902613218613288616323163963824, 49605061905734805508073027169152805452336942017801602915097049889389071518787
8289738257330067252877386310098010121033296864743906846751789500108553720563, 56474245985584105201862051097579540867033041403814940581593314073231685309482
69938945711773046822057400882870091415385824649361962982057399176182901942324, 60443115344245368482405607916535386150433985379628363273506035268168325272875
34136047996253739136889212241792571672421038932017026258086012774280095540238, 40589041376525533245972819981633120608906220129217266435384616693294611566267
75095407830774479152241788306220112700527529998959175952094313233579889838280, 16182768108993206255106966424133127872991476590188141328439155689645180260452
47055317336209959785585983398113599448841350780699226112560478167167085598658, 26560008452904671377442665126196241509796253002788606023138034818644085819750
24952689071300918295147471491026076302549469382149581883037921980544995366215, 16928670705818109405716668344199259024652971848963481630879157758888812889382
38340379836030372018848112952940474809972636716567975639089531297775668410089, 18797173174051466546803088293961370115714118320589522306913810164969943768554
21956764395846866035346559335978367291393662216851938054080682498064272473426, 40851072354331771913779568609408769470320143280426507426729864856437744193414
3297973444226568367562226451847920709231229775952203581477218643860111300172, 2352953988471904078957209807169766697759647795072277615265291421772185462074
28761605973101831321638990973254499467940731311670974617188475257988790235912, 1549925465639556434424780157594929575859639630078096671337448296265231662803
15554917073802565558251619876432708409909030374485910527303319980257743625463, 25154752375208481827728747912914824484672386208577163732617271872889834780343
29738091582903548815594475400077578436006592243897986754382880359077445039690, 51746816792260107511504419070612510402024515380719967889361619704803292361314
37858020416623427032339321171446521241050547439775367461678566338170846072181, 29697238172941148330894159268023994762849206528989095810271511230325588778131
11585088593209171902678917365467706865473802419148136805867253562485914276356, 19835016722492091385376120836346808421995832346303154906349034143530857460787
4156254646456437796193067919503239653922307238033360768602443114518726592927, 75887032134834118615470610223133243113994509240358857467702297218259685755923
5023340584178931697352795797575947654032796302480741530792429145632234921310, 20886584479195763106995858210683522546727083127643841124934345613665701224880
40039804251763726276558150757090799369415685899622378692936217295082971447821, 5545988826872040569553658413026715165382924663716552490416969395372100447100
74840721394907960973383305021059995137242186392949435932479228284987545336361, 47967097890275039324822229623955925842510830954858988969953113267313915528279
66080541897513231901176898736115233703960260560886269459252992041798282253953, 43513914036932389963081543826035495555487728247787482153478267142538649076845
19302774492619060116865011229748527736197275825395465357483841441225102090627, 25110258806316224580461130941662695506619325884523983529160459405435466544314
69917963004948742364305316498598933722466129070987554544181331405323082351773, 15935287813975133035384109158785054421770999781469593030938327417258921560115
8324564966227685423212505698304168223912878762631491487908518955387420101337, 13988575216891024178678239899820982489091692864258978294857412204803683145996
15667519372484079248674023703447032042021245473402641399428160641367275961229, 38636407595261937599470636367968883218878377494151955542497980412806258296453
63011351073924286383349855023595688414525754123612612303633143435543301781340, 21324137518575560799146356633370207063689060040457801840574389218996061708398
48538989847433782413215935090600628958640663913636290993484507283866455972995, 1662147542031102112606948786051569512067763523091448750016927788789147137425
40746465221579228874047651480287661162326666865628212795448834157754368476295, 42691409681493960524818117165137658017319318693986356956200136033318227145130
14272519835172551083816169432091564952927841375451994090446412224525967415207, 42172294114979198920148768579143582148642710498274347780071328744092283893583
67791003393855941470373792165041831119795176436420364304325444061245630441158, 47279009093523775574694936265269867134092222295903387719555734295953978351265
58532337334296093746876254540507591869240765566434690304190868037181182303160, 32639260712162205560416055214918630246132636616539549052624363032374187487656
2708328518395539894580565529464314893214966194832926462390386476363973471239, 8941599182547641397233993343134871187121794466475229769218659083277289492563
41125404679196535933803199375773054540616668789585813607460408665897037382826, 44709826145016402090580657256721643209987472596612268294353466254881349570762
46054290338366751622480668224223334743131584494065489526264081508122968915004, 40922824308827905309713342725946084042672671134662628966893016946841936275366
21487518621816845989713287405764380973367971878416287064879320516278814414025, 3753327248679004903669441054328684881664078398615511688876899907866734204949
24213938124352639865657328669513969490710240766416369435709454511549740458462, 40597100293305170564423808448185791771378716136403541717112329604973130635538
8587329736128773857985430598523301247730586977622732951571962492231852339882, 76263492930963198515075716369222214066679192562557347842133052040887778896466
47095055017187598195817027099279798928915928306831934664325585652370249278241, 34192195476761498533870077514697674460001526796886854575599659018076144900061
