Elliptic Curve: brainpoolP256r1
Field Prime: 76884956397045344220809746629001649093037950200943055203735601445031516197751
Base Point: (63243729749562333355292243550312970334778175571054726587095381623627144114786, 38218615093753523893122277964030810387585405539772602581557831887485717997975)
Polynomial Degree: 9
Polynomial Coefficients: [50, 55, 44, 11, 62, 38, 23, 36, 49, 59]
Public Key: (46941134335829587799288119853587921202746887684876408572650844086845978587782, 39195174959688435892861470315245713871832808463209682642127379047632187946993)
48204734850402129428314761696394994158055346557671855198736499391227167800932, 12625943941807254779126021165819041857212163660561135626146501955678772054813
40265096441438264401608728419750066553915355544992327396557994812611881969443, 57222036017661273000058197425371702685006342199898547569680068989590972887629
15377263702901330067801103160965263280955288485534821879747234149876237352736, 8069606479564847802130480529905574895841944465282755971154106154576466538933
6834347466612338732977492554591670093672637940237395341479582487846536463107, 58112004265364912194665799334264661846176654679845268513403686385163203609860
47236344269699219082330499827745158552374836079555828499261318838299529808423, 7691695726598681445768019524419968394848517412540230309016915340784828469570
2378693720427210139122665261650572142525632443500292242430480723801180931308, 7090817641582436116707783322309236352341246289752943172745777896005173170467
65809186646893514583212433640442060796063845136883764124615441911186797138980, 9974788621168855061247280038408693547519017853058554601723413949859429415778
40783434999181570924656850254655028862701102948671194091826052806921102544011, 18301477555515998710783969156300806802549516332364495088114794323804431683434
29454329828605942007499945165888777146961691817015100477091246091234738488853, 73681477410756852443975199598125595129316048549656711322001205819864897192874
73744640696821774614528493326103014259609266626457578382198159261993014605463, 9799759755716311692935240473014924012916571750288837902400502396669049440424
69467489753406523786774217397246991663598372713230052384947106016086734003192, 54127370170226086454897555939181765945945949560602642305486877053830698838690
51647284101680614594110798573918442486970108584199196821743078399883671435753, 44404846141778308535496540616468144094730067604508345554296272172214599941375
63711526881857311704529842341449246068179193023000691813123573184686751069160, 10606798582706869885221958574755723611441340272595039864352969443006423174087
39340308415683686442933741856340110577810953022627113592738767566100506932465, 57496715028318299710020285484640919105383103490780574751308860417638094746154
42832608201253687455049190909990799127204533274960585273612176695024557527740, 24346718589140381479407079127383315091575919919767987868877597171677162539398
25695593060534411180981896958376093185747026443981960899058219413518303030191, 39979034840574974069377645954122790260699105438480023066368690125179320747785
28585588635757482320147458377660965265052309805063372112665979931562455092887, 28035630621732611352223325235855382833104140802198690231106495497509325976768
7608707131211153578196554946366058139773332414801242154103837110535145367208, 22347418213844360835789828631152623627191777669341799648931986608205726674355
75044478913358755431531646610816105126748398724006675639305915276016471276862, 32438300980668434875910448292184806149358542642049601342480443016734593906366
52647239552931093617564633429300881508884953064212225983225348832172266631487, 68193804313833335255387659471889134808814496337542216863280791734524736574118
18481472356821130851727623381281727555348627090822126810347144487895780971652, 26612460490146465422932318737192941970126850329951063876975976513463133426815
55826564326849142915808752983367938530616521881710579262790890484900205824625, 27175494218067374373941364387933904070802954548249708748638195641550459301983
67396657738265774850013143907227703858944633647609816258715076087373584559244, 1879678045055627506819057934540653040536260776121219319010060092821968854868
38238652623779854228083543479981105274783096039725087708756985386832002574474, 32163433990391724779029267087302178098951166115810356278655614730809441873659
57141644219626957818309283886490264220005269642103529946585160701606629868549, 43869500460943122554904862325133450888618338126681284824185855938861372567406
22572219160405279277379306790742296133158181124529840752860818174998681924479, 54924124357799426883108593667256546569609498667116117510774829609392973735686
2757012690380760327273309421096973042310077982238716268828710929893997537030, 8917901812164481583198824923096267898709393992432759882395358119795658904020
59843124712354847385618923706177603436710170312485177275556275523239492880818, 41764812823936014978223212623105616097386885423577528456881456062902745046720
68135361721737099495011904525356064923648863493591725954733211373956417162245, 47373791239497129130574522355005328533201562053377513780548252216943726050848
24980748491659910328648154151736047471074927917116031925878707709001813281366, 33046057608286218841681611744919754762086972509122670517491803545662173132256
28844778959584218120721295386403164531853308764371391279383812283562534006554, 10556545944607887697679492815733291317949661420285981690363807684706780936053
64817186095018112609556828471216809583945186541560489615593679163167259783909, 67412480657403766417266471645615180941238720325054837671650516122501651964729
6016482335344054865193491905362670290132094870412850613878598352193008085900, 52749491135783497115937357022409367530726486755987267305987042577945370305184
18259103475883117958841789847474892893607420398404184113574256855773350554780, 18893373109639040673961859021031917977406787466783830864842323405373023385654
60346129531296070390317673495714899039835788020706719800253131035295464717483, 36517873911815882865092228561178496498728944078654435907874144835951765632424
55604262575970794927296823036701415175728998600991260754445102149330182265848, 65411637516095799032207896680761113204805064899982454813129681834620771260099
73722495625560106515510695647588261117933451723160990218897500090198473556643, 60005004222909297758045805237310025273605842932187173398708239968699119889836
15811568408816899885455885604337486881376024763186115499431071723499441489592, 54650339035273194392404256130722938637433238689540991610896343288818665336537
55867789306158217890281996520398076786791727612570509903057954357267821177129, 63321341726207235874825223444358653923117736581168413437588329824500420115276
5683000290229687448478313918651017663768115602206635499883013038580761305161, 54571777550663304149640430079147587283344504988652237797233846233870698124509
14489803684283834810458925914359262708633947736102448320172037134924064680769, 49843489847834378823343154294720476256685651921985105673700611082008050004392
52215504299448321465676563696843054281322361230601529942510106072698839948601, 2164475016088152765813415097769009730053884896106449493718842795143070095285
76534422208343792301972396992517031984002151496592226860451949344643130202969, 62871689659919273751214726600113030958507295002015302009772419798808037508699
76501229446731179131606687936888262940299911540518843120565411674932074493868, 41245484943688818062598920628241643105791891051517838478951397658515184400093
64498970185538780991365717510459466265801133666670416720678920975680980683336, 20916878894704753641614819698858795479679927858448589397536063753664106057740
24666092910014696161957245729271360383847731946600281398692577603604545399054, 11905202782865070268822116191113748498855102141053992667952456166565119096084
68449436423104719666659418087426556678922139272888592468332091239971890079941, 35206003113571273454422051287944905842230604064518582947747326162351843233190
40457396896994820459448258291009181882325047877656464376650316114346601738046, 73329064063306103455168560035886001974385566745306851081959982618451874458344
11547117655168686421191072960013296316450798203932421602227429585697181632159, 18458826486173003201154287099233910991055902281033996000192022068078935254392
12905631161432478502837633520701682238352791394911417532361056692305078187932, 45460223335165273863223551895716921643213676525934493399627110122433673520991
20656825321556117604261233509954307424507634894052417052017746834012903956353, 45069726894122021062619910846102888457747512671583548380156573349283817421885
53699636045217051710195303012925281517317998971726288205285302804290943175223, 35650984882921094898779851897567827482448113338765546222919958978386913090674
36063174339901976151710481430151978967152626752133604736352408641782304668706, 3233987039403636617321365494371019088627968641521326204294781302829103043995
46137431750125600577257118897571642908367308398414951430748765056918320651247, 53263763429404645997609099490068209070164522311069363476911655010484294043927
75307680076049753884960704546095080904109710323933649386580252621770896676673, 54037618074180854047511056158555661853733574286675189472019525120455927781729
75726040541034082048164871066315855636285379470210745771836047324124629711554, 38215788474709315303631007521844112767611776344231866436030823882461499518886
10051857721608550961332640046465710921112856642767480045738527072221002920005, 33640883533282544140016148147765154883566202337463085872273463228881318454088
75560133869518824745469201036625512968243616043916947694400217713837616177398, 43917126880825317434520316494874279989284459964814500428822085856067830129980
23994771590584597169692974558222087239173609258918325380444198218467465811550, 24887020821122116944549017503375551437973499319759174429635242040435674102699
38665282569973122685556414914346326166692961984331214559657336108087265565165, 12238212669103037969073032315164165577468216479196904798176698112212596363099
29502725295922069599315543151217662807519519601522086202976395833352054801006, 43069165664909519627848572076986171566437750881013096876779677681510298160624
22773192875321451233920548681509434726379050952218668997228146030814461496028, 65854568297850347155261625845187955110580677967403887751439858129659658782645
18140011239463150574588771121011475034973161813606118391221736085541656471933, 13423619491667476549260722822670705658946268787671592461405698458042824396559
9475082329532637176235129016796898308384293950460638717045714801858508046324, 24174051427350570479316538837777924749543883380131182302708135596700083687744
35054086905636819991458151230922242745953369964076617907933122677259650718489, 51564861239500104477169973636629945471544474649924945410069761074543513154013
71014128183289946920425488949820013247084453230466734744508168980455785573131, 71141662895902270540619717747791212293797366097253842094207968699746535343204
10065912279941260721353113354060463862629757888669866497797241174723387689822, 15329992403287450811886426161599866238736864534568714178031823841805640410854
62257937313398519722214642355595190582477829562521319079654241488092900185597, 34274980296546244170701987565898767670781882539728024786427555957324477475953
43074312383141169583404798135255716661197824762199423891271026481537329449264, 59656109943998958382482554274413778772537765413472996295528071025623483053090
23732592617111143617472478624711091262600610542633278024833473983140379755987, 50995832452289807166087567723778263977030232381858484468990164654959009039731
33972885453001111841724278830518822833038702230208853798024153961589481513208, 27338349652158096810546673261020309606989088198401234871076143808661119885619
76723328935940100258702327677958709997314982156605224124814563479154138995038, 8236894543797751558259442546738628784523827246158127353464736572819032516450
53252728727318448340329255702827605359492844170048499403149841271238312728590, 6024288252062177972350034187001283045192728798703159063034982786195547054540
13146542547375776449912795080546665776131398400681804097414070329576006609124, 53746381216909450827424627930038319983760553365284491643155454901402447538438
43298366386446045983375734618445929681870515892859024566121787347238832541829, 3178113804525708800083433579553955982394968743830502427491944311144041295411
68756712348891956979469817139818975144602774510346148862212755453459685344922, 48792382155834159130353167459863466767832475163164709493156114782586305066287
39371953718315682304494601163215612975644996070206049938348123593099585756227, 49062706472013245342455417737997592830828971368552759996343122542453959309431
72003425930770818898802486462758849616481692987711977215308624912709012452183, 62925622004478996955164635301602076524153082291503329141898505061066907043329
4443277750738162728809363087887548833964933798743820618869068751956732225245, 40486902819735166287214312836089541328039060686960044517882757319001227696151
54273129911773413410988438674545760086933615386793753667086920312301105997516, 48658470600373358939381981908471082498690802944602669090357051028857443867152
47887492156932778636974848853886372594393803688510880966706190632929795607082, 61218276502406822391122719129883301474651025708972270158249061310738981004476
3538194843932420256959689882127340417792289985203929233922397398376113928800, 35897255382819475345544460554242770315656487194677871377408630444041590521890
45737227774251738796228684548639148612970882108500378283865712592561900101653, 66937405893274642213940785855091014250596270745675034497646819454748537588615
64231091502108994854681670935564470145703635179125493160106310724312956500211, 49064431118144290417315710133793569614142229884592011650196939730480278427714
38417967073405632403813637261520543355561468630435867600837930436058084463836, 64164166041364889199312177703198182330615803231323112861476499123924771054216
57843381574192106250681445475486492354895217289225275223366629886600246789004, 4373612460509315296516056040594464927787624251533695891183037805750713969459
66890888222467266558133435078018730101122568042552000230645946135860926774008, 46852391949322744667371722205817250722469318126790804146467423282426596751643
33199474619390438406838737676864985877797114743142983361081033265107904841694, 29495883682153119609469307402014292977891597265127839666324074311582123885154
64653709871624530692934954529018182177663914932878799906607953570830391614317, 13280321584074049140618888394708519438584156002111071190101092710468483912599
58778629030092265868762859404275675640010836395166067812723768973556713239813, 69533075523065819137475416132439229830096719061211152073300502013555733618392
64697351359056986727415224415891084217630920524377507056853761869377978141145, 27636504120458233222866094841046133048523843118738636574018063444930919084813
28119577876247781843490134056914817002703261173639749042155006552011586940830, 43787537676791322486531720635853675854104602199552927140448989615764062403274
44526457223973646584490841778745950566251652083745761448946044430183502823040, 22338626148555855908659014719748053985333783260942324767457769802878985929096
33665916398901403846309031186906524019308506618891083128029121246434158161730, 16344918067142025093185637765223978179559704530573988219372489433030949393742
64195988945562526813668961090604987782154504391356110951725622257409029593679, 18354428605008163051371318188898636885143086850409427972139822660475077843202
60887727299495516068561991026729825698811513705817874174620004860712729126266, 17638350069984626519834449634303107747368626420054058479924001156797639016591
46259514737759837830466313166368305418101772139182128460762147682700601992321, 35180604077243500454132760533967960676016727164036677450698003698184850302313
9419971509831749455255801530322366637066807287375194464192736280243331025723, 40400492572927384331191018642595305407920471856827146525005845128313782031550
20402270780853862871817054987376374659476177257252216694435587948721098521614, 74718380012943035465920177070910612953992582600397725252830641639722899204499
45942676999575263773824850535916024460827708945763579892267851196883647998000, 61592528634952652539784059646927912824571710739058205713601758789035521430071
18912892679959194410373470695805958192741452362103893983861073763705991525192, 43482776883930988158635212329441074110704020742733994849327233769940398449753
6282513174393819169143102560258374732266689497039658745980769281762225277438, 46700530909747915062650483018288338237373204785048099713244251437800993095230
72966057447257929627814799736524221007150975388717534804230123112806535714550, 36938581535699212048413178876002964547276604949807075775647013570651075763821
55165552659599871098561644434920331393777060882482214481515061968736522932518, 73905474807357322642871117792967114797478631033766749589150446682711776698320
44681970201634745997589232904427399145549367934898324085988434953261353183454, 35474127404296000943824661358380613843813924888418392127573602205787223402936
2131491121946693322154029044552740132248186765407333799538348006626176343835, 20757934273126190309584437919133948453184219838548343041366924873434731042240
8287152150491776964362116918012273262283713175983787465294472124891084327014, 66414174113964731488215452600937290135844396972884651459316840832811090984985
17017095129724140678246183137467445334176464814248057675884808357296986307460, 65003121772113464998925105056546961089133801425814829215103792233476675000175
48630593175766430112386479690343423365200710637661838805490402345542600618650, 59806280091979996353217682593006350854946144638015738716897967912368517831842
49070439245470357424410913855306388982992765642600715360907688123896407393718, 34953436652827295940852652425602246021917059907261695923494186945847177634181
21247830206021042613899585092588694621337514201496795951403932916151741054062, 33308538355026286002709517206222767306463905373469722668034803331026543103496
3686802256989800006407021909858304783155435437461233005048886521174699344293, 40425857054476866274169170709545222045695456801125901508223776036011466803834
14088297258977734946659299890840528003974305128944036200700925641626138455183, 68523360982828068591539214844923141310732493598727840070709301618326618945371
60786625423601304389684686137379496894354233331928121600977603079817695503567, 805751950897571960811386649370343956264348460641729561686957524487741393984
39387355404033642068907200430935018708179689917460946943427544223724476978286, 74603832252601684497363407071656970114164203128318145349423425659489187014382
33930175994333238195958171526457612207591252269086961059055401842260276323521, 75097172702535390607437678725638636342479358325399933103452212109798611196033
22306430817496106633353840610934247947543343155160465457419471888460553885833, 8102158122946903393795793082699171463101988449880471207209963398520251810836
4616297668678327937002740400895502300359118932308079388506364088477597185456, 75666173204327821768456378335939574997283597084164339943027018643427846035810
24972029543529489827040049871041733194590762288132735505266606647271288004555, 778140790783523843190242154169787229428436771448414790156771065978396635563
60241389150038209275207537391929967482286998594740624015216477922221640970168, 65225859922561262577890814079285041864218070941162132159887858791195807280528
2955302928787516696881040653360389344480032662792124865019208472176200893490, 57483458617486405277222447618798991854183449275947709012053820820991704587937
18682830820401334074638877895834923043450013692111340196779180048114654900242, 55730651031674047115557615465083946218715703991376322288742369822125861725251
72137201865610593599041352011443161486282145329431734803532545742948925145449, 5585321364111146829722388814392037186170116815950051714809055998223450029937
1484989905854214914542514066921119137957504454634559024699512604959926880576, 42777260089971004031265177831396667975020143087334451512477673793696274922487
62657372935989320325149543162174616048881553043785968938209676378313526182315, 49001341390116114559202108023740039892218862665341901585367520842838881801250
27714720821347185300719123668428973946209943753248275081472258394996721879872, 17021753491903488045143637737823916295052896292508404494124731923481770938982
45918070975023396122677143218123288362778880323351254672276364713655327791082, 68518210420125968000869913241937161024945190177239465677625772386589119037606
28779354467628272654405970292923024773705396240467321630113778118812449795632, 47546453101755857082107203930838404801934620732468544301992227318602965982643
55955693822296753240147656824514855902208050721727999119277658177911182523399, 51707841378118147183157589704193915475175685354620424153086214955102503746182
60581012196408685709913749564175143622677984118046924310597299378727921466409, 35417533709737785503928304615360353103727884884388540661912721351691383786684
9883830706642721149033795731467865884881577845361920735207310588792807728738, 12835363954595026444548713367837301997876035512870139796528857689457592092388
67504256106286752933429338067652541149951991772305158422632009906165998141016, 54963001927965913675871447553010577192067031500975011472343704416353676998585
36199542137490465631732296603731941536102432415277022083932646200086944865068, 53853824553950341944784696901041898994209132320527822564705083227423032297202
19429478388023519293395629979870790618579208584756838208842300876766322432691, 76336429783227151244857764200608812433105991907307037755455962011406732815749
69134878338951402688251402951844274867025113876229179158781474740258794042214, 72106242439449458524919165754986683343700209672745021591827867246045125181947
76620400090404204851981630516848122197981533041148195208786155782948414522658, 6521368541243738263537484304854935173290186857709463501146764194073458004202
41473727426297664333261972052635729803353264616933955055491149960513839565790, 765089383820595825648833036115202783804846119781775687651103940037802688655
71422478799366394662041371780783398093003289982953837490245698835351939451404, 49334905570920823831203423528030860541040057884253041273759087851920765742068
71294838556004520163695168913716932396797250907094978263122510932275928366687, 20651863181193588760574564479621856236276033012357909868782849934819324416872
36372789901393013680262257680240416104340103308096914999287638955079187792193, 11159088024707833567651760579127896300374210123370048547799645655421595964601
47708525498307016735530050984326703978160976237579036868595398279141675907366, 61455452945984542597096106733799823414286966099111906079105263408669554644918
71415227573173582233518156602964971737129730227626939686750324234330986928013, 74013655885183707920465610422998521337902593943672528064690950979973035249631
44376697516092788381574347043580809991005743984213066137802801588994669828682, 19509616207328448852490251235639702118620778813997140724614127153306260275508
54241660870985472518228619704349707323421314771572167785563576236430587813059, 69845867347140860421801224875377039548451791664194257866856901957798553434883
47304447534540265873365115866154248455438111244291632054243473754147374804778, 5439689154215782071069005088707081314297783929625244094452994497688897852590
17032795244366736608290048663006671270250076274533563434184512148268299413457, 41522310713363407460945108261893168207724905845679726477859713769668807340582
22156281453464550157156042712707956524590538393600661376748699286335966994712, 58330820293808445450591389028066984700992847229796514994291810969544679691914
27679701825310516755090474333765396445204034405360461493154029714013909882061, 29090323972764124028168259711329542387517304603319963525047969445996738602126
69266273173346722109213935296573059548513749398127457042218790155645006750876, 10859387916141915873227556158783754027681288447916843919659023529868862724588
12040214969421223975378042202172149665406576646817625595803016606055531869746, 44776748198724870120655646087775755601418803755677539161919603039999197357265
48546816085747067090524168937161263731594033342109627016982149667872236943545, 41119652067035127965620595928245529384209055524632170049434995706275631677275
44309135543059491286215369985248234277965746441659578239140758732892677163056, 49901160063957813479381805656612914647434362723631197768591144992194231739831
39954012062644931598811461023185869136005809191368540023155285530694888775840, 58919683356075701095817363364288669112862462366965289329478557791146268335033
60044655584184311995780580128621289674764967554641848185533631488043412864837, 65555762847617048777151073513010035813138640367353412024069343488437848751633
37265731219912116788124282132989210336412403122989016820204831667441306175724, 56578244401315604063779885506265307603898528096828516024972334499364781721585
22761756475368077176572245372828182101884751784168036716696579953085437895500, 76758052862860380450746188565197964958781911464128067852359704109510300171282
32420439727927991923446910745208770999254590232409133994782382241657316066788, 8634069414672462907049647973396842626461738006460344494344718699558711628324
49483212555704630231264860963905533595541317326001820212226778095256410743007, 49486572370506320483676277393326372831393946628363656606217796753444684679817
7798334962644324816730240970637755475027201181826371640092812149335703092736, 27711247111566278250534244816389038725199909870676466539982690052195460129356
35557407387893579425637878570835061740329348406696630569206671484857103877554, 71579977301575959481479517652179980161550924861460139475950219117358920041532
71160131968522033203565297070729525584163132814222289434253250307320806578486, 8643866365306440925750695290814777034287874970138505145708340101810193177970
22296022927333225132416278706716899223722095462882769722236644008970844596713, 19276261253120427555854923316032273704030241198839517968859141420284978546561
48939326235837667312587146142769291592725845121911330517820821742664839666336, 16598621865093731908145370023154674544561444407873578869870041071004691187393
60836819418023049584892368611591336960985851312927607962593906731388564422465, 11751498184082102727609713104392717112861952729244937266150306323428896011413
41914256222817412940991999532074673796079618586810188490816607474079624095240, 7587638392790235284020136318032811899789168539830069326879776142547835550483
17873594295911701410139017060519819621474073165603508656185484443368309602676, 1675085236047674144147540623584923837605357358204066522444300023425593613906
48796675695513086957632653753232587477376247874486317321686062811595326045467, 65079843311358447820966148916102750026708708154441739316599992835900270015507
50502982877293629813489467167901974881657343868015670688102188427978093185441, 35363840939780190637871093669651806938553689534526320133421706152937593206946
53563675104011137079129246534642152755159565676539892788930815572152534773392, 40180234607384882581978320660304852652960612865902102634836396089936944091041
34265977967608555182672783354121248249854622649605191745989772814276955016028, 31778293619597266655849415824861110003437367767627505711112335514789467589245
1903356562876479037669150561108268828807277592455754927693630073082342264882, 76597823095378978841791250103060096942567892292781905024781625867220281324169
46445945281149359106680130707829572254315730614263335820258703043993561437541, 5199648600607493042586895138643459904307940954010091460350965030602620068252
49617662600046500972830410861582605759908694486419493242709863073483767501691, 13618588404086318654120375515700904337816079169126492233030923334864489002890
12820311890395412411507747422575372041434253772842073852037161311538524425273, 3179127842804014441564402097303120930137975515474325195138582385868829737657
75286455275886916444317683180328155835734042520897412517989924534615132259252, 52506354295808346746329957509676875387873178605575163774870993785104015425025
14664282580765047004535229113563878631977611385300593979448474986866886189809, 64007250844593262530841029716667729585701234101266438936210521197952540811210
61847656407424099359547717527210695963987155664764555053099107797891344334065, 25758308870561478078129998564673775599595660027242733335890952973054737380040
63844307008969461206760513016090511848862714484857603492058098632327830873955, 33769536027064352644770787262515691897104678798749572630827075347714439730038
32138832945793999151682832246366610948510485805881837477703008677129070945053, 59975776639497042991785915422976079042067323011678117100978801849873054131422
48267123608141470766261239669579285540969390360657614432860219284306141878054, 28757726340454329258625920219740433369879814932747145778906349510188491417688
4882761130254211850852717928925218501602919455416985146668973475143758527213, 48599094484831654961600166863613963096336338274727645726624076020968688545666
65173623426035757736497137266009612186398775797697003565713302529676860442751, 46334362141744021534531031287381579695833334715658289605954205249013582081249
16739043755616123248683118328618185525029079295924266169907116534468487222900, 43767808570033920194160440890606275932884857715934267323031108392772180404499
2013877676845387832886339291877584516515570927299549567932668306632558956042, 63127792122368846896955215609864333556176914927176618233751618281722700171547
55227858247384365875556963026284583055326354157593502275752155272549911338479, 39834835250369695166607950007268692793118148695241638138289768709034425592797
11596013561113153783518353738493173828939206499109214920297030011827724210472, 31497553016999935640415302222516142364591054571487294464872429383316672917611
76206689655223658536478128947199983495982896847597806808485380793827666453467, 37501239260987874470468861337207834940968601176163964861537830535357411484561
46183074292014539069355131991586524010382649085223568878568035950933921991040, 24566245262368991683727529999131399139054473352763313573075239252545056951954
58298595642895983078001293292844424562835228473837097929435022906837158805378, 65593339543716342043838060036119515800539752097653168341967700878790708997084
31516607144755777876068454329243165761806160159001895519853209521778727683029, 56176726835172387354532016097548223521758729373510182268141909788661639653559
33821633987556259087910513970139815007046420599309311777582281654636886454029, 33111558156180102665859969090606134359570604176397828828052746064010870675701
29368489130432274079606718833809806573444631667707679037897178451587465423886, 55602792776097079118825001816975683957376752875560022633624031734609318973225
7779190586688371523754896338110860466178837613773266171980851084378030041305, 12974827231195344110368530417099617771238869814300385646155221236609359725118
66350196373193479090804796629488533947746194576731184814877798924588542047637, 38196463011462661318034161865391957377693231037324869192484877468722445436403
45425379897623480888645060003245670099387684864538214745257412179576775445094, 16755400252067606073162256787056340027138723059800735131082510746101600304406
65279985158321283778321371540737798283403569546340184125221080222419951404853, 72664414497221132295803278108481993655274762291591048243321106762968270146749
59728578484440169880340556599333468123693607575760500799680010413601590639232, 65389135422090036705137800279145036195539916291524666179568935657437719224683
5875772279939868327704794776154424679132818205552508785744112214750198386123, 41366619112877252453393882311468801493577916419177299724156508287098212385925
23873685293907165042845532402096362874929571622036503597968176320587730254559, 53502535071106931732823285286522440573112163118857686256256284062948370952669
47738444962128836470972048192438275570478461259296238450083183117076212226935, 6298371685278004398770695909276856931849327962157104035709759598892024601597
22200723439839089936027533928445816191693802605502692135918224559570320801032, 8902841246382060821828137123875139833344958047377438536256112539180858840810
57271443338465204045779683803723434370877124025629424358584114233117052141705, 39475778742721279714510442128924407618140139891260826649227550547935404379232
1728193198928361919124969881634252728548523059373046591819984074084155586255, 21855697155285292802983897537745876930475410890622246276364510467600136075924
26370757712076905989249679415064536711498043013663360023635225156722945571842, 41157302836156263656587917620320751278021103167710457188325537077516528761331
53136062726752887998614535019297624064146719514848013154933470835622728738486, 44005583995550124673491770271224385625758018634487245624565594476550351704602
76847429025265318514362028893212320758865524988092854877940018754672090612264, 69857089596103004573642571282947867343173438273270168615496341810866302776559
38666950452495181437579144980184864728036737203980458904777884769667359242502, 34261952170533096314074960614362702527119882741559038935654493804621279483951
31625473079913761655164543371135228353529891288867387668848565933133296765914, 66118979924728063030825764823083751646545245744055956922837413286056282593129
5697728599472338855957022833976710436431969283313810832478641768975954718349, 2672248088017175739253588628871373564727799752267807853468781721527464223519
74891565520733715111719637870531926535798565556681043884680823236771555641466, 31440204695858552396011827709299635073863510548158625731679967868541670172577
24963114441587296794035037126199358121232031242924775576138529174511546833657, 22659299859792330590244169028950027066356626139668469547255269322506222683745
67418140836820220494811963207097046013724212872008511535460040897598120268948, 76724451437711976855476708137022907150938110181848437734705117932545562739116
47612360924082931045990070360262153245337192066834345713517852117743790411682, 33274881994567418010880367936437402198723738554406812089850087778866108890545
17611926484583129133590847686786061217579719818286605143545862323726520411553, 53457647096632998920283996618868230865596054453932992481131870493903996855665
14152904641772090649704386794044522981145549274032785692274674679314804089695, 40615844975898494112968974706748160130229696819540706399324322136609523550233
73075724476557141785500598526012529624059616182718950065423826420577114338813, 67327010712358256985356618414208007672220146232852803237916715720557937987848
31955621693224227919492485462415500171734594777974137619048429199141139632705, 5249016599646199266011505365820868690087614415018265282893660375802696251937
38153144461891298250629676711138871434559069675514907147554669586952220639286, 7412465337077326200220795703091527335131416951698716966863701881616189280211
56547303418235972620549165808531797083826992513908378366698719314412459978878, 10228217177703994421682252483987076450520645768850313296994220147986504817388
51427634417399310430662780729981571535271991461487322540070436566668789196372, 14889822349286707129499757159496421190452734919238471152511608843622100131149
46597807772503198653574435616445574079152175797760220232980186093128930748861, 57158269272567239133491345378459209558620613054742373063826290925118930969966
18360102949094225131794850883041223957608522101052059739782268069098615173094, 25395177924056930680014792763271749417600553069344744261358685392661677724243
10113071814635851933145751986325466126630698450585378089185606104709466783067, 13922465688117734413685533584197762301182017858724815661571501775346682220830
4238094445739894120263413189374012805071025573157072718648421283040234953928, 28187668246377148714954178131035814302533399531922642634983582103604941083505
66174251315946881392151979048800269472767035196629651715868305977389651304368, 7584836409820558086029135919650957647751564954453853130670775555750632954375
56281928313685693404528248232406431586896039106507048850859267670395398479865, 16046175218717070396580241603392364368399698378855227650174578999518525397441
51187053225936021305334601857599604240350380332883283614571900594972336165942, 40884593125542075895069808075787950911458997218859351780186462287075039892210
57914097953918269615592122228758752257191346628893376357191374568433165876386, 11053014366382664538093526989407905972401993547602404090535800621447897188153
46887925972728371436311693281083966256234899566117657986711238554772662251741, 24979222591821405369924737574135069436414335499870312020199085361117871631438
43445867416586736119672625912108966420158196235352462752858157896390007004164, 13091366447355588430811272059778096403604063937903392906795436870358990662345
23615809124897723134358662152455731847063755276351873648684683686685880637562, 55692338658136546436001536965609558724181275225232488010029283327747442085350
60852630539323449092963575417114116217637900001776436767343075791234797970221, 60654239009141074194135763916296900681781377386709432597399617266023607659524
72783980919557545084695798847866257795904548898776174463358093128530055587203, 35504774368847901371691200589334403841258512457693877426773243261760978051519
16251782973804838640083190566165027224005050871566299384471406540404984439975, 4987060609305389609370119459543465915538235945790370178441488369128647931304
17019779316922140628811961822212255822868919191265668097944816198137345049830, 72123283136534744030993876465404747101252791831392343581946615361830341562606
54099371130033963834474379688235181875249617090521389305850796840166482747271, 58459728666166575931129225613292176433548893182268887773508391991386892222321
59070189507550117278851309719532701244317034923384248406385423022272106676500, 22120003775760591537018039849605391491033645181869918062636627244484133306759
30911582566047500332490787911313138555480694307732026191752991812733064260649, 9825353352583786394578282551440088255219249714803284652593450916896173781147
58871195663727848609216900135056701264994440285121580194374284989297865628590, 69097622629225562935331410827981141254082260549559134533534276948694772913448
39251338569446446577307192654102891710692294341463091175653977301962696013377, 51300628490678914955443869336027921811721037155253954133673470233519066355558
37108051333039513196517976088140920379197112152418709340336988625403742124054, 6854030959883861713559311819077067823634845509976747574813238043705185007690
38680314911311600654590609386027373788460519496656833325685782611890173343133, 3849975429620218966617462687035778330211481870938994792243827316376273152436
12739862449834744765110394513440350495959587190450996547781787945029534870443, 69548643687606628642363564829145359512323847646386923687741890353264539271920
46515926057862313873323681635357664792767919255175115452907431529459337687190, 28139954397715512757672173897478057980398853142061045911904845950285991185686
33578540592469309078871691454697514952709642572936871094383331784884386176575, 51332554755598208220468467514251678061882187838458623271962918066093131674369
37375811074914230471135332068626323078207693231609799217657060413962072360143, 63444667564902563573552965646694880910973378730430348763711420812514616157789
29534073752028979066790803925475483257898518792849384283767726385270618745570, 2263806552331838072358090306814842882628518240144189743901287025987986724953
62218526375357968090319570409482438535840577395396201016206904316772410247555, 12550019073178268527375256254911031742777864373887780107085785836300134202513
26970559030807719296555399629718629930263764520996118020721842210090820540007, 21742770043005403956378353443595544896881118386546561639549330169444528110950
36134883813883900719757197487892853203380025100944581290049323916307424027271, 61780108565825377806199782428020242791816862166434630448959409498116964846484
45576425919545149214855727557208254385665570630457271186724280108153902014103, 4815013055695507861847448904796671284095796697281580860588372435893431913484
22105121406822804231680466573683070380878835659222113476493187372198074812524, 39845020249351385386101815447334429076325715315571912979939011593834600142789
26053105963403060102991615936490833446895544329393181757646144545687046668636, 66830840252426119669599839077862008639168526123507261664127807831791244481377
36048675719836916078492031050266346445768182498694941668704875280737490028760, 8872112810701873248850329619673639337686096996948632489481559195545502321453
11990163789134445817469696931024315463156973745521528339422993180368209548200, 40435468250021102316927297547022529807631909032932028444257597697706577953650
28241631751976144985445194366335520435526950414583956145099153414904105161443, 73884642072096513391658422028991799024140701250472600822759154330553653519676
61314435657665584583943544715291402035041542356461628202898268437251473791420, 74361606842001023972313435178322104037197568879491727219243533453353068420032
15127593756588361273925734317897552748561220618101939884826956398573819907630, 17474325146233822051948177130471800731760389798607639055372129463423018096837
30431248429281313921494027770282907111737464214317789353048071099454380987900, 33008762044931718633178566347497865405596325395565670038696423170691076779051
11078046948879761392155198743836560849157528622854671265933132148680654291502, 7835834604464854157923808171852433168774036155638977967773193060297099028486
13180658364014905978636247036048895829776722120758958691181968127081055694159, 14896370179495919546679909088062027281604828679371484033293908118456615803723
18455410424418226913641035686025743656656359929012909760879222860924966026317, 2337611526313009682772977867031711013977927243304497975847136150852428565109
56230304641107918470630098606057458899790117324629052906116973654491530519732, 59766903315824975998159831752322081954213255862171790703394092000891021364861
42704433217147682719421578994618082152238356021751115522929753989933945362072, 67545567727173822932896907545958411681258329541518046258837374728319063251660
17084157329120492747292742116290276273162411800609565997275829578878596164699, 69333741416535227584609983171390379456581818978340522316616706757550045229829
66031677707515083664127669726813655098394027585463118128051855975411938656884, 53087713739578125196887219348754630930235408989532000209821752759028023957957
3709689362815594094673299139165194408552097818523437997791750599481882274057, 33941440976021357194970622294254640394528776590849390943462406903894534196044
42246014520726472428965047173342061110482998336651035015136233953934770009648, 48848898474682014996465648220414062479042733946620966913430948278050788127031
48184120802395830765365810076762986378018502474053771035337405005695266903382, 53056588820634322834712349756072113563373070757541110915959433268498878491302
63776998764950606629735512449085064648774920921265022739434751640235848001698, 37088188916010709167633877175329335677747304266405278779483613089248069281311
5077697597851356101829686632614836352057820392004139494174645055635265552940, 6459244193466115157757971567344290717080514207554273339800918033409502979677
20849873466356996457712472079885636221223317502687809445166571339685787942427, 29491238205742249875505049559559506428236915728473443750634658486247515103305
4506390040038869036970335271255595318192804625494635141440214738126891572956, 34023462433339416978996848501672744909950514477178653091146172964494524690107
53517155954660312241486988770582159834177699494626155436594569054225528772964, 14863375403423644111640710423899185477578126270847503998591442116686379262400
75780974393165135694759111048412394538474391812107145570749371605626953679613, 17222809045055561963939323044744656408739145943599197183284695915868661540871
52798295544113282381552238116852405746659692387432828677871193395064301437273, 23728858448143185567709240398105661566632111978027735585926225829513625267309
46369173669703771203475877970584904897590868735604687845148495968638660879703, 53278542367380950937178159591133471650261102941613017349113223571325029620747
25085750279857545451702098422509080020812465019167602862107221754404976326642, 74508397245354517627357917509240649487770569153785836503878768161180358021534
52294658183057730194694679993634640162712681010044066233998934596390686214231, 44228647903990166640219008943962574263740369816385763317659446369959878871721
19720071613134379664571427621324989580665359433549011364338617855986256859184, 35982092596215651063457817920533971979518976665099590951414696336491552480669
66705933534147402989874120287899906462564949121001165126654226018385061917458, 50029193616341518893152555920598245454512957122371347499400397114486524632633
9830850916107263072467088085711198683105263378177964799891150986225995982610, 61113742613459003703651070762148860465903494438818710759992888068222797982273
68194533082660823662707882657644410919169120635468793329190937924739952197786, 32229918247142295107030930133904032307949497258073626677000810579940877361030
52600694713190489198955684949114527683547610743128663741690910511561032693598, 59267932015328451938659587818842085193337970321187811633952912543688581420125
236992071277585977247726869364052503832230835714234149385352900546905981920, 5734685722175672500827767394626777705240334463836419874927260792326674794938
53333076185602748176354929364292113131153426102083040914956177845055596785114, 12470748575353372642585905734507901989892372581490876795432806206896813609559
68210523096628260450208525044509544110549378533852611398498696236510384909321, 52337954486485781449666723418526156728215967452299329253702143358306320238029
63604305140512289099498647889188442682791151828167214817471043415483032020618, 68267850844003735545315901855560923752646049640732434822783569554749268151629
68647194679693677242570571373476437096989248844881890852546567104013509795590, 59165422944655083222384726371028659673638352423109208744929904950820337740812
163147097697651880426017726791769927201909845370281351555634235772901534572, 362255898314106350324806480008687700700311055075934988507000240469772825555
16318633676525651294594869962931060250323086348832688920598214631443200407709, 72286292565134903678026275541962151477193907225790462473603884505490328869412
71516223297524450097928184427782352123241601638530697097494570932499528795990, 61336143708081076684195572689443731798450240322972578182665644979146145935714
73849961792827466663767057471048481430599272384285852808141239247709708016069, 56503580934455472893334734236145791807582272211465229466190898267975104186041
9938333979905330813574199061753781796139175204707186411849655634621537099722, 71657343878708400900817805660726539903417769124757709596417212398441399891
28684443255951100193624478681302144725765787370510006575527973890995896594325, 41758070038549508951323504265380703204448701299667915637748512912750019978176
45338599224932754276296502734680822847226351661016142584735480153305739054530, 47581472197422956214993712725500152143209685198683625674465165639096425843203
69043306008288279410507824425188149251947868777085313754511067991207687086768, 13552734387175900321603500364676549777172542938463555145819301081337297317948
45688120564187729888984335250193711225795731436052779645396965820004547064848, 7648714662957363460567803003970843615831158751906117369582923572563214715522
17605772848516934853186895197898359818196835610597010356768405472369136107848, 13212132522987197821701416843079074698591528928920187182784857683471886699445
14393972223392201310905523936958912363202711524292935578367431498821925463534, 58191103515247708525726590244053633347158427008667636539277598847938009719310
23062120234247389757660732917866142276644776988547427221444287457110615802773, 52831457398907827951356906316975638358737769382280495465249117903021048963268
17617572624302307650751639901982100307801418859418504233459896067451859205587, 43494369917751291466587726668985330698297869089656845749638992039180909219859
30084213499090831995729765828182519841702046024470463293725766617705358641410, 57929083649690116267270792376947174822782068931566886992349799223605675620958
1375066715017239922874854383586898857626786304793574613586854726599197097703, 64215188058844022644845546721560969356356473011562942937517944106233365513858
65403233283357906656400268327197268678603015105110071958855740093616558837658, 69667745459816970525174730897136688812671417163455170567056881729360135420587
3749889505309201297758199840934449084393807593506656687597529471355043979299, 76205979360493406071808879030727972837622062782065460123996151613029743162881
60622272825564039878402543885630435980385735608932685515489055551084442886654, 31048067565055606847099102976134885820656147240797035077912756687774631943247
39219223945946963317198042180509152767697718742127195627987499197032090133267, 37404618577723846369210640912256375896061102212001066845921918467434779728106
49719408763173074835618989447053360612589384938900217846638414254951780319841, 19019493120523775064600482020597478571148243067791815720248646522385704927779
28399778268757210809397041843963089846171875196767170719810409693876687223151, 16750919075335588022340156878189204852940562255779243003277753996343159009168
72834493458257924906897591027220356235881038270114302398098343208190139755651, 49897003892671572204004740746381698133228928906238463175702105243644734063411
69976210545430012075763419295692099626999909889697267131318806740384389991785, 5264695316085082589844221490427763798841770209229113699984730078440871797298
7792238383251728708615462084070010138536252509416164022134959927737230299616, 31324648435039607242977341261823438963841592310281730653602168100196300442810
30087682008512765365726898453953634747041848023632714361783560876424118451919, 1628465450163455488913786891130071185097132503385111687976743677440693570172
68108910939878998209423019389982106743449247953243476452582316750313668945614, 67189503016743175736642886844083373299943200478588798352370462900891402966977
9619494841766515721639696495975261837617520377833472549341610784261380298429, 4300932967354168446238467346504730759350491180616249341589677583831899594109
27964858360136629138120137230764986820068528087773132780393090959796410120780, 32982166500897968148374818808046414706084035164081255090002960887344633978421
53617319478310425919044870813680361444091321622458225646599727114446866114506, 6982033221395162923358163081689963417354819574531277798501714231578402594751
60993894288965349225629917015666619144909495828280033514444604828474282344618, 76397282724172142099583164480458716550081303653227969193625122569809588602172
29282616375017662420018730114395671623345736007462042682545110239420527189429, 21026048464989030671352749265638827919294161731854377164518974919478757695546
17998971310687318267403391151938958961688787836286282331471559001164767449591, 32031713187867699307033534365688732087566838148803285163607235049426267279961
17025910788063608603713778252145034408094811469369492051059562685460391124970, 7325875065803542149472843653588997635150624082480566491222936249435111505380
64371902239544407910250720774686812315788318731700605073272434332703147223739, 40315918689154543070523856818222243922959477466169724686523677262676865243076
43420478203393350368990451565041703550055134874957193574775849329093202114365, 67983512663814912717897245951400061085232060899774000359234017224531870541890
44044486329905364656479202497800677542744817613637640569526293964181319080306, 71287131576952313213147506542639045523788046958004862145346451063395034525661
75601354963750526258725932302830387912369950781784408725062110822149892370493, 36303063748344968387451501664437179461474905653532035089204032821010956087816
69512093916924168556412201576917991934814132805595099165533893465478189077381, 64769773706836725061266288032914185073117616825642435938041623614273033357520
28992496834071858737141759648941806604453207521766626026032920886964096092218, 70666167756662886401557767266755683636810478154859446673352985099877987032459
17285579060027174401294053304873361074588666042587083784128626392188213734185, 52473123644026060236531730143395559501087170357722257902598622303110806099551
14261949156941451337712631696403721004495469004475417608123011652843411741003, 3637815779150468396614509551813720058795992645346418659510613052413256762865
31711490864803856911931342351486382298050474270667717812653270758361818506186, 55173505002506464956368304625307284949230742954708117225751155952130289299733
62496007450522041299607023507929300702634365664943050166154814879166833321333, 59821625048044396790979169237946023540093427184932539548699171498320747253366
65063882382656708248763897103712692129238721225850115603779160480396850333063, 12021794814879502673577748046679923703681799187117800792807220330721768099420
69519037076280920937641479120121269824069328959661722150568916194715065194826, 10313825458330737342053569698720260367944102612119507847253569734085629608878
42588969572091771745861139139622232743804524421497771102913058824042580033288, 10156735029203083329999076450192387592401320586093292050448123040617221019337
75643197977372971075210234427602941268350721510107787163960193767959064490536, 48759565275188096366011840044050318486424000763242030093629334290607100781585
22930577401292073146575379653285454555199466509118495832316524111722226985075, 70559077974111083361274182891465071944637339486503102698291062749096606306658
29794598428555242476624088950662261848498336491513812875843020912085810004575, 73945939600473932956178788502638917399080586013594663032630829156974601286852
73766136089928594670802913071694496503814714307706393588347551025385167377036, 69935429751326107750750240685633467588554644044883583679352551136135744608678
74879916103760518486262513695923019115201017890210427933934348376599313736308, 45641380639365538898591518932332474046668636016736757044484740709351179381439
43543479137300507830319594870929316571494504105375315103404533043864106743393, 34265064688065857764855631159004029078554184190709773363704500788550061255460
41070603723591484818085615433121269536854040418749226539578430210590986358240, 55424545237755562844074957907932811460204792450830220506912610550789828714899
39167404726044169485163184212859057900933959865496006000450294458368170762868, 41993352273346497650349935692762510559818939171392084047533080042435310511099
34174058429053785290837288186179137902127330812609745480498984559957943531611, 40447496104332087102581115446687022566053706992361468712641311515088378450152
27944747223363145963216909528954957929109402729447509940018496418766210697776, 26848234920302512171891052441180879482631383406500850090061195962874079061353
37390684082333190793132231033901185355529654516743404537009814587258387048111, 71187401373869990226654570709571865831315298319408122393999434371342885638582
40916736016413782989185157489535615785650962263255508420474106636339642365973, 70047140981952918240871768954931500365034500558320987819703255714653262252803
5370677121116987803593054288502391812612140250092487890615647842849324993480, 62042753134533823946428170335100796871732598472768042212133130185110143540819
2467093111096606244208737937641471498617349082530710154514548803742193594027, 72967157215482560327346344117697210232270179662048588937784367617532610556973
73276709286719455828021845360175409432624817473792380475863572083884539099003, 34384161253779971759787522198554732844965377654993357187322180864231428645632
15097461323043251269309087858624841646131237348337082868673894687129647340750, 47701790001732765959316936172770040340256222763415769744796586028442307123610
34904086053066945421361539755318083364975555762297595556492490491460690198562, 68590380498125137637513467633507599443257667557288336401935496441789674677519
59517320762003502758922915594717087098844666799361190845822137342737418276009, 6661704151798636667187400642698260897857441408292588848559704978532601248005
60597399426114080597823470200252627563859799009419806688835895343482293306722, 30280229498200914209433102154569079853349734654350171354512614148925432166089
43603143547402301251502584096566126216468876204868366266163344073129431109880, 75935539020544673225696757057960592355127786222556737340671978766007312973063
60643450551549936912056268612750652463547690638428610101072051590321149252880, 56153629221689175335558737418966672416987456072414493382837268238667063822322
27700688186721522115131327803509781311185077352878468992633119153396742953230, 17368336884481581268618457671994061396560246040592930337845026256338448232663
47408323645660873024086186940017005521435668963648883816180945999487754646070, 47658174637621125593203644732916851159899180134737640090341312809395571777602
61343878966889487130167818274698734653638714523163908593123651590381188205811, 47062668174167904479773511548569467897392451348461916918916435773224160252704
54620828802165980468688764681739461159162276742651535369804510024770667776004, 63544066646495041096393338040894840651319324088058116345930519355212523598618
64387927310995875084630395077440234328230998416626835655408283737924445446619, 76542131962825915876426875791109163202741058768306279079331577198650425341572
50711778837557937889292461001311292217829881778005553707170303456026629178871, 14687108683973509615768736254232701866577892255827130607541593190047453142323
7953061579653185941745466215688609613083354704393029799175564728759383302164, 74820728251562468547499531088660099537140985562283599338898074260393480331938
70645789350651734399717180432171297544238933345853254345711161045577920343932, 73779077710427575742867257636304487651518666519478845949088433027751365889360
3835246354596868620668598736250180452646207448897689966949379494780427185577, 51897195957894469449980674048817470289281975272869120188558591138048303221659
51584720366438190512904023069159044952888874690642622181593558136871508146191, 35872820601480179430975144907680336671826189311320417760701772989455008776116
75748570122945261544254542821155156043333924144295780079930039542156281045144, 54376248129528074119879224919933496302013730130548587516917949237521556603150
38032396332228872293855709771195707343358463329892523674427546729543156150245, 10014445287405617514630698606167767823390116272262806641593202475560779771268
6344222950913789268042666579603815287747804127845203740086520998152846130961, 24095363850843605671517435631509132900663522934683663505995732114893268331091
30940577096233579543418661222808257547586814908977368665095216060450184316328, 18028479258630777780448737402555320104973151085555547799166364137853533374912
69693631703085059123273543934108695505210137061380144556186243237358044364275, 2982802952610924307306595078017702810903833152602646016938986148874351792766
68928866176178662055881619732520270136100836481802665183148796416687847343602, 47268598656106810212080401625983358604901956867961547614485180139269471394622
69357693376409506637936791087636274215134432858267630449129846458703333888310, 32835058216905272569175584290940088340730835870496651466764714479625614126856
17523030428807554179247136725365947272226204034380589220219409777833309723868, 6123450519810048503487739169412188856922265408842389389261725116555156915209
17823811965003964310651179004256424856678791940550452194014793346692500678073, 9946718179604773989579165104326985935523087372612743261404344009953335669043
61441718813086183842179431826085030547115662375455788674794751809356348828188, 28296334639596423428725130048553605287625902136487533665920318958456971150579
51458213613679422106279497097060622354735899729108045362220929178293975187781, 45949586594429394610943159980450542321812465329542983755796927554706652290756
27564709526136593584274944666719248265347487286518298411196535768833141344005, 32864993656537717971114680058214738836185018991919163280174718799971203482958
47776359177193380688510974004827599786600618633771820098807337876225128266026, 7858400074142469096088533224893913411530633483546523156651698515812732845957
26443110239215046898885300874481806838742309077012543838990518215285905578349, 53133602141586809921330703020551592301626386582658849560522746192139906304378
65677582233179585460412577106449987368288419981639960355887359888007418098231, 70193328394623170430983774256323979889957962775598050372486621586892596433195
66488202190962341585484333832575210820731977906336641568248317609521872867532, 44834233295127719087281052036526868153433351226455685542232620332213164607251
25385724396987087753690892949877300728206772766343615020307948231890173367205, 67255856594996444622796708410364726619850583660757799814382390199600087351568
30763025091221030619572183562091102442891588554868986410122355032099356794183, 40024180990584216510922622076283177690073206945914046862278287337970307588260
1968731402168685932274330494192402366514587530344170670689042098152254229315, 17007584358211908972805353987171359149416278185562206299841511111480901387518
71402148008136049285387493258555358914344977249314680012218340458643374935272, 66133175353836653854446666019719103522715942601092510373556482628600050218488
16237316417184693765558379700485037112902025698273291563175292598470792902124, 25716975136279576318347856324831504968693702365498045513847132039071792619430
61560642895805076064366918192931396029466123074333018399543913286168037126830, 64431024466715437895324775254846248752021030965996923313430128018657743609085
63965665278803176280916186253710272871164679646097318679077685275450803074183, 10848065136811776413921644663711671685348107738872697477254521544258433711198
15900763781458073946191986998949412697105783659716199367113879794754476947679, 44791281101524219641371747111003804927539403190269369397677076939405993015065
70712268547745280602344452055135950500225250315900353685939111035462740769512, 26089677005392620139376265533760459681910831827672604389398572344109657074730
10138345032235717003130377342297207334024318773957840054144373574440843048106, 34423920219976148984994482679827208841713778969938382047812861516466528691922
25323320166791725225397556378870319485098131706553037233654813333923741742369, 42592505623215638248468186261151869252502220974438491972537199505973208106504
50303978409848294812424883447202553463450830071778109684017088642803287161062, 17092883037101107700803988851704045903751932597519619547986444095990537360284
26631634039151237551933943748141214624017068989051292534130437554825649461231, 44770155857773389939870715327732491971912906007358543721839569377254993998107
31813750921598785132502848677093559897411790301278048916199533311433201486656, 23660233298596746221063636945811334283658909539449247305867849633526926724636
66073913099511237337210271917250720866007952587525102150792877663989276777224, 21401013858129378294008907470207611802519877856314481775411002979283604911915
43123955909271620388598415890259655435199065369889175954986183548510128284912, 9203206531161552460802130782822273695215169924299696124949752473869093593053
46405246521887661195872428578795801488050920719511212084625304260170892531009, 69357767418504046939026915864264419171025102670634773763805027963805973543747
75419790419833415635437000743725008916180731194458798323829517717778483095680, 9839360411542317919972069333171858174505145949416025750448312311230278987007
40384632142638887465509365075187310181159649506684670665285164753273960712515, 32816096199682804809742814197083945839411152013255857764299486378445985559395
44737472236639077573157591137763024215497646576941495567608003806369753935693, 28859007175676486375289596510683067981686757292349280231286647558189213101287
3690348641570967081225694864424593358747855424780265977649824015393888008844, 5343482194163530285390171298876710588356502450188310223686139046639416980665
40203966801607745958698610540487438317592717833472332548515536763047741168523, 19113082073347022774869468353629567276210256956619890568266761499665172867225
2695075272543313934991729942865588178502617506442329299804895323782106122740, 5592137555566085755057952297626012460501252816787045724238139918355206966851
57731582604469227612734319947697712615239342640890672341969592071306835823294, 31489793636287182018888669158794452917531451566032718486214950317358855836712
20351711367460181043313388872605137530006360481433994721306688546772955938073, 20881056961276389019554613766265365073292890480377133273481510098641203868672
17255478031271854163667469783916315611984756366338242625385375100082999544870, 47796942704344428414064492384098151182520322771559708351480504820812580353497
59783219016376201508496956114673984372449911078144721327320335469144173094609, 57396554369883462322564463280932962211232442855649342331730484422233938087016
43049201805798724755795278891283218515126107885760848740587796432027673513041, 43771168244591870963682520204330958291560659169895366313874414145130843648841
20940625117288327001048045345780153710430713803402735985084034204214368183205, 36578754728288352803705786821442491280629610653803189892490036485965312314073
71446207941040212267531518167921125670019442028016981386685735499509457984169, 38196746437327671179111993757747121474798724619331659992171517312338277898477
10171345337065781653551992557800500434224508351524666228188066864878137833739, 46853679711647433834113788612980364173435383498252228146205336194312668422099
35764433492993257064652388695243287427673086057842798887292088567196010209133, 31776992775258097108729514712336952518429462430657044013780971867151218446347
29464017477275880552254441780018041035131437420618057899768187717161246150697, 44065867291989061884399977106463196885588571142769103103055587516283287738825
35004054927524210129143952435018523271398118242085859192664041267901461197134, 64163028124056914545917395852414014255853146796965721784615555353755192559069
71902841057450182002228206919225411564166152141413051846244633145018129179169, 54583089532724612900142620816586753809795436029390032616689624840407916850008
13847240238308928800372834432264478162303424207791473028376810578473329643713, 71450223648234573685557650638413297224221419408100135671367338525724484101117
54599696231991019021525699773551110583855462121800530290897600886274649618581, 11719637104659871603168191358450760956881996975068634729871603285250233005268
34660353979452786933902263975389318281681664625075310076599651161044081817669, 56954822209840795776929251818713728042168146981085958262018296617189777537951
76481565322905707087612540730770173281621064208506884422042078083484266512139, 51266657514191892477375013694173124766308069752488807000868276591235593009042
15616873683318947915650668165471724639500286983677250949094596870662122468873, 24274734895214470831892026731215559982058475630315578528526196367305971257367
23421256300964231688256763499801528309181414446551073744864701118838682932064, 41875366364426762753034284600091585690423148234172860758936131740551106763905
75990285715999726329930807889705190557886026970601138009252497743245098941719, 17513422658027023660841456931767082863024910703522374524756866996935313195808
74131115522099250835280930003755446648281025429237725304133993710728642103258, 63988986351902678821399601071062549483774380813630992072764781524600346421597
66201386296822644579673751500433292187309710490257301756280195607577596484305, 68541785729898378994623307213614793123315769646369782428705314735603185015830
47143008214368108768192827591958759400669496292633477149167642486849281544657, 51126224357672750885732990821869157663835017783049212717490145878120289973469
27837000178459329470200338880417389188612208682114914351874726433856669295709, 50746280730926898789736488510576572840426017719468552939571616551813666107099
67848500926930615144321410330047922783529202050114652373186463746368518547550, 45974975525242191958390688652526995285373023243624174499891425741546658455947
33121804080755448049112484808529599832680035011012562595434907213714584151023, 46572994771122109152192889201687333391633698477439132488650514978424746997702
64294914361888045031787991951286151019540064835618830663477228005113597731927, 51391029183210425660788062971521957503046304284745209251032557231662188794925
30945832333439083477898115504973846147954446107906379413932725148280779753308, 22594519039377660732940261083087090421898361471675147656982552108354571356141
75939605200970233224874756359242527370845406613885766948646134457208753637698, 53473233403346523000352037649009843219050029923282664551971668813828440312271
14686406422898231677866147248285591266788465689337443938726497413931849493439, 57883451457458754130502588294453816380187993310375867384416741691916967412814
63817563455208774424086491343940908087610128099992841478883766578256484877629, 18356557604287287332396619906069715557395167996066406986728103593401209607449
35720899713193547862051451064490835699364554882268501674731361454442301716561, 41695514391666126670675527594023923651424454432269749831428165373835249528030
29521880263174187718098201148058997832443232663622129227273145247931352312526, 26569522494027858826488407734382192982869159303205992365277923074258256547562
4034596877205450872493398383217174973907194648643034613216925038269049037452, 3369138813135696869526343365442327230019647241308981689496349103164791430408
13823737469207139814111063501807594522867085245639526095098164582564892165459, 43301608838620622775887081480590533781614226885497435469098825512307031570686
5625163391849133046758079768312400576202305720099046149085265857047111563363, 14662310968891715517129372720156829956280338064971759100444219326637447515647
3114238065405052538135218595504466368323452775491577803201413013961271229208, 52849308185685102890689155694131358977146779124225630371493298404590534946530
1859993973576776633924983599201496514255053841821067896382991373307517661666, 38409399756658534154673249004178394823507291695811002562455877906414819282423
58350441215018467426243554412788455482544861987543640235224412756594044210334, 65618336575562111735224033060893207853735780817519363190070724450970440633930
49694988915742956232468358510008589149616624540080455050463683371384996506937, 8718869284638405046788411519123492800228080333572667416110700866523663943921
44547888571946108713583532040770725674608394133717811111553344333875788886980, 6234814807507174239691596637666830799463727869837612956375577702120398522631
61532915244430583286215427781776966527873588464001472834157631421667508838007, 12198940468618014336660093451931488141131255382119919479367898338769164102871
73384608585153854520622368999261260205004184556138464362023023168332287294748, 2232624085598149522969363108454215639873770627278651052368586462857017986244
22289707052335179499359809745579799592660820561801593046235887514317135754501, 822045954873569351670488872351291116127988173474673452595428870711541855150
37769405351016434779533382206501022334809451388203452196637353713304470285559, 41405861262786294189978756875578857031049206301212167703678105217476287864791
67161571249734824271685828589524771313467198932820449184374766479397959446414, 50384136550465363668472745337276134003421129271412247342002530062575227819305
49381454467677137050177757698123351307680083714221165504616008136314117286051, 73162430785230281750906022251058827820672127018055172173758623137939884059879
73212952806496092553477936450307499176679683419329764860533761807697927487783, 16598835693499102034170306451527828338861599014209584162305319556241409532969
65543262837447067419137123263923676374495947005966336911014246166954766834748, 53566369051573617217735904365234501270614971304586645391624752020814138803253
29471044272901383019293487848047812477455744153996789381848586794003077505792, 12001529073428947333290982624759834805516001395571378546274480508621642885045
33045531892397206031195700343978074898898516814158165466679030636585754933772, 7121596591530127522235926425640877360960747896738999489038609742176744604063
40348649962414758611623034824327739083645821356942557767806322020206880780479, 41156093457541748802827336108439597633163637250767015112164497850287850155681
62745862332167421475543569043889827120387739221524436579338608562584713250877, 33979167165927234933054905627106745886237875902924204535844781269119179034020
38014944858540344577020555594319647651024510006888330783795794718293202665425, 29102343499373943533029851972157263886359317049874642107092926308500962517243
23179586486383112533237266198918072187079384008231737869142306423524808776024, 7678804697421131447829556363346616711857086334550031230842058292655041613501
72298189745735226962572588300514074779575363441785994137022073822954883698766, 39689735125417246568463237393531336413190771906521682583172496076164791431667
24164084977615510595458410017032914458668375763316988185967837503110225143374, 46104345187122476794041607139056225758714910416037827255173051980444338729090
32789244225976505493804859744786939057475287489052906939693818098609736186452, 50614550500594896199339498948035099926219986473350167338481543723629734546811
68456948064584771262120569789486908631613320169320890468224328540584557730140, 61493290229468887018203437577959372088303751575366941115784066847378222453849
18653121379741181029065208095570683939000405741700096510680598603082914810775, 32176640569409079195892823590859124856613238862862354039065412447950594965139
53619351297639399674445615306792631274850202874787270178648997616816944342308, 48133673952931841993606119907092627175293655848826087610891635156790317772488
2851257362367507100479498663751383762073910127575368752727830907255213463577, 55798963403057200570435225385155645294690238986930480078279180394255815280544
73690677666067778487408971581709117057740412693146891940407294888640717407916, 34040709900581031055712842741426603552533309296383085202463144081143475126673
60299464790142921997208192338049236333833736119225838313435009574191310594219, 74293662805410586850010040422904209976199694555653776683173276407602021088761
69804759517669436944703223417583951407433623501295283185943710560107976845433, 49833008195466552018909873995497065472247688768395865734565376297008405643869
7103040791556010103053008677858740986584626312917144548550722503125881838453, 50511849115508698729494844296070104569427475219503295658245228466682500178981
38898023844546983399085939713711975422537160927525992972245442535297453116243, 70534691250599187563336280975415977901556476949577549688027235534583383326933
1030886609885669682242540375236734263269268020511490236703943387829302487187, 42944730838897900100391657361441003980998195214322814307966662586443014204613
38794978462096561750854195390379870808391722296408491174688486905587288582175, 32548544919245836342988263794904973425239606951684516928230404424983141995972
28101105455567771862393279195362970125943794525002675991902812194434523126881, 46433057618595223200920427329553906003916661718375650734989769554362448773848
34895640515916961954534179102028962670112097172611053614745837469552241124123, 45957940702270289972253870966218417092070260881833041134937905168780890500425
42551748369108796750611628764446491370754893891382694255265441261131579588865, 49195012487754177572028570021840651890802627865852625256927195451350290497179
57826297332468636812889006233355241367922103225228594688133400743315616388830, 17338289765819543707153898920299297782301545183619940380286631736206853795351
8095416125630368188854701192089636425701669299424810461091333404244178616153, 44772158128301258709263993818542978691439927488667183526323160731027150304620
21747608540282690474033701878008054969738999208635589870344421135543793426674, 6956844461177349310024649464615018313083188793556983824758607311263569001240
54262273365781235077413243118223787939163239097853530430420274985224579066971, 66712373543694929029535046623781141844353610886185473795664296096764667588445
26390589574139334509711167559556181561959813605608595015775010760955800520561, 69394091675047727371253946188186978551601612610374566925739332811178183880208
37163270325151055087092554518837957483955443100068939513726981003846458330649, 32281519341767689513307373819237089304190743196149210096435184686681664853143
15322961878296729230792460908830181984264933581343481775315953779862912937242, 37044402635256686110947379330520746921635697987480550679968123321736222023901
2307308000079733986293831415760887045384509497316749922415815280907009388383, 19012000729256115126853109215327928568600463058811355056501132109460759184915
28012480984411611519888628911756749728311888074095560632133030928094482927831, 67523086871415119558392651758328759481083813899173034348523157360279500381409
24950083731979858351452341045477584105313094585576264515297644275762501027953, 69971469919673251093971533357847403128565941200005899672526248176428768685667
76604117052088929774645639961914137039547544268751719632011798600813196633699, 42217909795056528304166411614474361761097332779457663185625729081616179343132
12831025329373919181764129610566654681459347209494649313190455806768516755444, 8644459573721783955405277285361176797786348727246816924126983167587185363939
17365463465107419456096907470942202871428801454449256053581741813909735927718, 55853257263198077456857693869021204657166139283215204243461307767887215691006
26247888215076633191320896470029977985079046144182106884856588682330948204616, 49032042901353430845352346639242473956631927207701886091336423923777128290072
15476673147425327985630430791291074632625784138144018600942544577762482630627, 36510925739263999529895567681681200378222186306649567743724490729704385252731
24942803194230663945285992022152522110601415504461815021308894471564460057796, 10838398345474766072461180673747993283638653796472681963428230202470655478938
36593943208004468075152691311877774198331605345030091268562513412677968929811, 13717849228596197354588977776087889085875698785276586563905983884981211707677
21026622134837331113994734884201344623638293161125127512563899303428914038316, 51013458340272294634631118432087073934632100717662226073935871634035009487645
22799691977124748379326405055491185951726329032297471031908033484067801752260, 35616456953840430270614237667889953685493461654561250617167734014051720450445
20184256403813532647099261836130324542186724645108850475071559028589979647387, 43802890589138770011922791740275132468464241115788939297093447172722577189228
45867021071982434055795534695502155479609096446792727549703145017670597316144, 2320214147909835933968318484094331730086988956637542600259915374172748873307
56316966015988299344467580283685849511740708439556378011184411316992058432406, 43882477756278804226153928798719594877820077714468686772805764778411926272212
56703400893317512365091260415587897711657934342397246411114628680428420377502, 69512055053872626536258820618490528077065610453505710571580578361730732036441
70088985927114389582726289755288154337292267048623068809018335599521416739403, 9747291520955609597085682795826581731850037372094398124851488983274856566929
20944887583101871008939158136227728199854463511522076182313230628183686355188, 69040766849921302358214998349969779818479225529708637909325570192024329557042
29784907902011179277684946916240198354625188833198349784581957018374318237318, 15184975449850099393577161142186234788323756167697277176378952962272908233107
23658992400262251152689582729214632452457908831521303647784676599256184968856, 13838757669525432362174542005961876772462727051465965057842888583655239468543
51307339279051906501897653269099738281052904848115885680966770334432986931710, 24552331189863003880528885812580776390775799506161315095012585072827694135292
47020127884292073120881566473091264936803095598015792431997735968655176481940, 52634826629739731199287084654475700985147708916142417135369034890492992803425
20199791734260135569706609486622520314745257400903095238651121706629716045793, 56918593436267762881274512524583029444407625779274129024077354878382821045491
21012164801543916644832551018497910936977040756525738467706722514281863457854, 53068619890658115689442991530745904845816227613409633022511536130345642725995
17700986847352241355410225000943872127961608796105785076199064476051383997144, 26850399377562235378422924732205000223808715927822068759435376444284779051811
13840950801170611095483869232853486021536079202076004432396078341310020819269, 4693724546848105058811659289082265977601754771179285519775189780235980269134
35059952379197489900498937906561244718586645742826121288006762034987955420982, 15685126623393347162495760214718243505912240224347668039592906058585923304862
27322964535751757063474006524370783789020165608996060628192093420897598138798, 33665243459178655624513391076522242662760213416051345791758464425186027201175
42076451776589591258264981381344180732462990175917866908445978042378745237924, 25026279591523474961561211260175337574348112665128660842002363415955698934774
5337681065103206553559639862563378907286564715059438521036974329983829718944, 59103970702013615689781761295138069574950496236114055636715501854868130840804
64585540615407032282879614494424319725883281944582431909192884474719512400939, 1150765657871315860431740042087255152272293221615986571158382006917300930719
1494967491345672560551127355081112815803918903645970727718154296409043584007, 47872497513463923953537301789680289859627562297834484469329689656855932695091
13981876168783846825201573820932213278457797312398679804987528021625729883765, 10644064799871682250188336106248505303265412790484016045859607083219537522614
64336976007715130139938224418024585889628337909929845595619036730942582669659, 26565929566328690098794853208375923308596493141766292688420898673935218220693
4812942832982211827946322761881150558003265259939412112839039488887371227968, 73073694655100550029491821495260046379381905323206996236171454275804402593371
30467850921555277466639276292020954775357840753625295860621762407869594566272, 49761394694241443248273296787752512709791167282836912689512301586332545784651
70931303177802212520075093539662033615886033153444085495341541619978583431427, 68748150736306948984447853162371568730056942861687081092137366158006235902057
24665476619621573862478807050711371254833795101424568460178793306201530732131, 42285890736489571130044152909788327076586765643045752299989487739707331908510
20919527907914224306717041664446119880581756340358038636415659892677277596385, 52378536426650855950881543365243850442407292717398291526145150869068138402763
66570081315360978905279808971138919528133008957434727301791519388021920584749, 58030132487399929798714014228651708479603021661362188208199680613968068373830
54392233754531450865244579554127941405508584043400488229738921216755539057682, 76473649622799717624115341386019159085486011404699334218062660743561754056412
43997661345676268855637716025131892170777751156973617818287625512664064048857, 25944418738773067789460214319881997591474891543685239736247457306249523888321
31328795823178967226098868055171731398384351516919947196653532000577676898219, 76052824027833117093208646071040952326156118386827672786065048762159057628065
41373842815085803447634009380487588805826956369903977012832987998587747286968, 40528228706367486220931798430603890058977607059247600225706841237794932092792
42676202772476831501523517011060660406075469355208299652074012406819513679434, 53157156073530984185621291271031935792412132871951272508524613794068867308870
50399991488140679295123216582384465939504317570443969514970939289418227274410, 37047433563635155796194817050310267039952746486029368230069561248309004822939
65074935293423412047985845178717037252587960335580961584143978991219882469995, 42340552363534922005498522211532774894040703031461422688975089696786440829975
46905408721767748993987610784270554785836744652757939023032133893502334173065, 71935937078394251485567923089834303519095989696038085949379218505298568488988
41769354598949273549695278234651466699915880716338690642734023894534413473167, 50412438527973819273231371839766501717146666677386520796518430724726020052980
2245168910618572769436004016808787051700445386003649715921841445839701443529, 69530073805170743051138399705182992383684179434016622524431777713418737223104
64806903837844691620016254752569680913441691039159253832434006265813981364115, 48000651246066544661082173202029896464001878142218421183537391302090387923899
6904948090275309246691204185427311254434501837350083393108891293347783119292, 7543889703072873909428348279704954266598958811156582565332577034177594288611
62608201416287429520551909563475615351200572439388416256686855201994910140826, 32725214856160168266958630690294047181466462701577534872301013247303597562746
50663783266385608869039215520570528485561011890377746392701980714314334360347, 63258694795558230743549246977533872118001790025608318720678752399054177918260
23858845082979640265325995708937932823386585628674378423890066169343903114710, 33842290337825175518477147291424575787535646200959705992358589436730269850814
1584468746625976915672631165436743366451546283253358732654905763842431471546, 72695262773029395463023851881741003408389380486968982584746854957661952099646
26782880368847460665095192083275774941977323041537801764102830464464233994330, 47291746718912685768373999515451803018917911350434590686670224493164185149537
57157184358668100429436255326446394943777237990528438768111128855154291216270, 74169477099222956098573014456734638332803170327800825375139987229660245790314
10226653535983978101801908195459433126386824132514434918999781438272912337625, 52735783360985772429241849304888566043722595576033021775788141701271997624072
16703279094033342501380097882948874406391175617005310096282218938448374460959, 4991398865392394049127299422461583458382236093611767710035644115543159225592
32454284246261240369646185275321378182027942670734679164587561914003552821810, 63626365474089331953789550493745100795523013864362988297603957732624040624207
58118650896555841907499216675138929773111764171751071073106189540817913645730, 13640200599448281540507988113440209025360525059755096509476235702321260877689
35377961975054605184188686410658925429558835196773526036043602880596442003136, 57481171365297472065070469502363992050908654302777810167799765789149062107795
67413868938713734308000043283041194593866990868240012871721392383445356145758, 73434133023561036945728033263545523217140538760656592339799435251292973290418
6908699352843314786210719761968022664061532436795326794629873354315247962851, 17020047896962663015083846873781043020645227568193721640271303050468770076765
31597512771206493440230179626847092439014463929022555644503986191024289831384, 21062119319161696435238973213985674167197370417845051911328836749696502585027
7664669249090364935925842755627950394419357615435593696308249836050411003249, 17559056001106829211511382176355726178424619452739804662160772608714223100450
3278978633552721169379175089240393178790181840046844055483482108588084008804, 51210428778040058681533679752738784771848685407291974953323699664717453242812
55495947733423083406534357923590383395194893174742551153351727161527551867401, 31702878350567111904418706103594819926636323874834865325476599850201722819918
22318427378109760815648599910848011235699907133539949316462004494636945752864, 36226334706303862481839076390143348637025541853941499276396620166636304691157
11866354132276786339830004779824641614628411689002784349129507102913919332470, 16787971205805397312957474411002983998328268236026892378933208796510339868036
52906920843402187781635245452274765141487429388925258490976203254113290047812, 66453220626936360574785363919765165587202600446799402392634517441606936947028
41203060005596188707957866859919246013050212179588840554188806394047194189794, 61552389124081050158838627384523242215201453941471933110754010712598398481908
68820708831367073262441644007015273474590718124522459499306814128253793507333, 36147860246113806112024013607953805776845546668248159262384593689682585363097
13053856191874065021254506935206387905513301020225818194498962321405518320173, 15994327318788844397606345465324808970587930071887979846143155965497028001090
14680635070520627912326478727988457972140527039141872238921187657887033076730, 11338265752895410164913580813195181684262633681099239766637946672533958297218
45137315447031350827313966069237210493884178130470067445975252228902876782640, 55231453544055333629698609713417527296276886531215095871155865903487212489012
49931352688848363207745576193662406161150460959857290022287173634887635203661, 71849792203962635053976546051019376505099172876470886668509866282866802285783
66914545040817018184400891655318082612080013117247047113783252728174112686296, 7754340760512853630668615189887080704368820753510849081169982520826411411553
75390440346105767671694609687190299603670415553893070782118485748199638995861, 61427812380373854385088936647575335759998848679659465910259223146077726900282
22015595796733143243930487850449582411919942092222785537830386126728283678392, 1892322754470846307028299291408522215777218547858446498972218666958733509707
69242272051763608847793960918948847804340314452282993469017395980165471294352, 68043760947866810383826068118510779737963156789480016606456196052595845521969
16032877677354585307405029752362699080131374634574355802081899566737491198683, 13249438561397126212743844098187489635988895679028366267215846246670881493468
28415559513119514076995971380760829081082313687398700252453042154453747927178, 61244706392560903195118852815812158881983761545007023676376380189451681308464
1397951045220463036304818482386344240033964697885121422200446288728988955453, 56984980743417880909955881611557988112309465784026464603885095166823528356347
4056585020999425021818267181152190587671168601094682991555498804375321287231, 71823094120337459714965783954855457129995303133520634863226797623177190985997
31931204078585385460258979227099184777409315070038255563217192356125196583678, 6309357775627346396903187022493749596318413633652101189973274663859252577869
21523586477198856182866824847456885296078985648032896927535638890053936521453, 777278006374665362467298829404072771444205300979096410513803935166506529608
41506538430312957387187182223473923996130737737229520261472276284095941086454, 75545580321952276546428769452907616985768954744091881539227020937888945534980
9471509310657080553984081370814783963236084418848374113824108465678352130400, 59746025821735183787450168349491442546979734408027209281293017724068597290523
53778425015080990971744247824517293505349060526857160798252805140947822913830, 37153158009292777797938287408302421913146388355268749117047435960989543975427
34190954460829029640253603537379527196724894232713414166166424370605569249881, 58195638975734184703775910503627303118129104036682886930348825752911570676105
52127066350286967789629410560514812069164569576618309284515682794847199026308, 20392468827845827739408892062834985178520601606169641109327118106655444779992
45141623220048846024479179697286345716945678429922547733969206182872319438557, 68068766722643406957215789160077185744828905155326539603635195219682849775503
2063368726819249755285115834338519194588964960840593280665537366704278080736, 22474911676866089517386656047611381697222861058015001779036700034197280378555
60691124627311574596721114225074101124104596835824115571599626085299066665187, 36551294707232755739646524591013954421440852082485102712444533924144032795564
72557148933624766823472702358264337140077384652956682328143180522365514039305, 54496360418465377107383519351260868045850178017092983213093227939495881088921
31308219531753879745952234194426965800128655286291975943547699868732490596892, 12166556970397521048336107932698208373411533748620765346564806035600274586869
71888136293552457523783837458239987704281989066884628465593101125875845265056, 60753531059768619882769089321410348876529041579375665805831120871015917426924
75044078720178183489161905565893889874843418888509297900975076090910412035542, 29216930931293421156671300665077938129141883414237684690791506852447514181644
36819402809533282473033664902832538469167370150014967466898318084186218868127, 9813732077463271056568719989833700484480443549405675389707288755993527628764
33119285405493388868613187804783607213443783061832888521671337059469258501339, 4386846159499625099041578932782162852260459477282041261067066696602395025070
66841199488172528599579128505912195964387040575074568796973098719048540576480, 49619834678356813572543944523073063234346351200972864491256838585742317154583
73728096272365447472825938634732661581737926809720886380628521424918168361278, 49323636753930301286537453632849093664686917038423040591824435671306164733438
4613411706290258133359025953801314370379686891043466449767181504184715607246, 13371971801072962261618314156712304775835651550622079842633790475277918265097
63690401222986068355985082056304345358023079172495218869968457065767910568313, 4334453292764674584704786460552026250888986018088876334662805937800154574569
14467709343892974038819469763031394392037142253740859597566128387229197614681, 67135287728169613613720389227802847783340200588149010406832809667660645083539
26979474474179533336431949403037020120933888649106890695589482633387158607320, 75255390503524108474471570355240965625075745504066024783183902775316992526668
52461524930960393487017796583353460718105136535784368714647043118542250292814, 11364747670182374542347613062617283891518876947547444693372029006338516136762
35611319474997845792324350876398927703759299150049625811254129377734263794443, 5817915708755971936948489796504277705015176695574015055271155683598771846854
19034245889164133589702550973713181683265187807275151691354852176530111536648, 37492873325247571030854938845978272854770905702670719850138562361423264096945
18458196096930146310946982888841975874033407811046394407211383288723309197383, 76095177168777668445774786735681973145129643887971500800472433081456394892724
12675311885271339247160334346850281413411598244692663557064737177445275864368, 38935366603523890629701298710350971792948228266115251498024495191751958481842
36613380605307771869334621414101214787572947941879379680138518798282426634635, 8983518702068513996385236870125386947156152768420251887866439461429809898924
50009063879769905534588821870582188441200440507979841355673664969793957936209, 27886508627191927605623539830106962113296421981729716600754507933379525323691
49594498355502347447925136510216324184495272557266388836566461304983042396380, 32568251255872295715792083334307628743700791005887783477445674884366538282226
29368683291012341555052772799609812192666916721962116019153386442589290576908, 14057914286088964766790296712701189249307632359600659924487834465395645080003
31011663458910395123803253027146179873058782617285619812543607874891170050505, 33204350327191873759523977989099775725443513676080713744677322491681305425734
37665548691762893472630804538307416419135069248473821917898643121404540720102, 44351519189379172333606702856432865316528640673460973591532995486659962951587
53747625113664556136258491968822534325911540170247576138709226730982681385936, 2056465847112515473230215061846583535437218482253016584186607104579400400074
63943041433201655442572451589453784189099035664849263411559434260416414301301, 60414024067942308051769942214968229388674737829990915417085792757933010902974
76388828124856295639032852221370462429427327751786909795048744209146763908030, 69440176943496312147262614619232454256507435198304075509353777396434220249939
76450226336128426979104551564244301216962650043005159790285610687484395110528, 63778190487363903921404262053766525316374206032339295476438672866596440753422
43522342926757764308479934990368366229080986254615587451391571562570724532266, 8420533770740505310688654598317272580590691736002404519406395704166846443962
68423619235501526628883135292903873213320103886419551130259051762854059960070, 67610566250446710468219019946609561418381129268472832839380881043456254810768
69770845283405102099155935178963141533159760656683047727221555210682512161146, 49578081222975917248849085362713753581552936139892120675309842823173307941526
8050723197423740809527324770521119692223575693410518230635422921303491250410, 6766919708352458630832261438191240316603296586825378270808083171566208554711
40269890670321451192583882838251120971334802462231768987338115821015389470852, 48660907545099394902610260920294182675914250984204998331893685199982030575677
15493523015394285183290534328073632641419661403073270496969990687102971205170, 269100061944636840747926994466643350582187658981335368610537053695208212336
26687067918125849636264712501139581739185311769669636920608910462657291621114, 67146653643560101480603002952128371362694790282549177590023979062662644884261
24871113403215326791534362464655507001299568538369766566751232892031046232006, 34098744779364918230175283710377364712722865214332343819021693230193570806401
32670294789921973323796894443588794987926880093610018944510408031840676893579, 12943435957023148331328129550315724997496416650808617007572374946884002799513
18907380945105132669025283554905639717960552128686417386826496058771133001109, 18344558779380807655651269727273654364210915731317458998263034393690844208489
25863003835698941502879853772286952049011594793792587515390819777015397741871, 5177923919596625411210300086627577503341503142113665502188349278445652755473
9658153662499109129892174078757363781273567614428787039970729128032691763722, 52838918458760872882524612501978187282818595478831584189097743293524763145060
12014934913446404733761881739134885060829972145891929232151277648310075283315, 33960657787253120591983073696676097182897182096552475710304047864122829958381
34338389138774868692064145425339840014563817845337032490979601136891832049852, 57957658628884411930334206621020602179084733722284576419686676850475047733275
22956421457378279789197724936449869644544471661444990707737665640981395544381, 5621440498151485465173645821145130939979918374933010753079484876920786916647
38889558054650422336187502703585856781239380314824964812731138332707531726783, 22252103699637336999142474309188734915718750179378989655383333245202259095299
40515797828088328486050556586511647274343640570994120999648895587256280313380, 6808985668346847173482557455389312645151836146107485562307303329665091683324
40570547526512797538557184636366792236714532382235420255831691223220398002091, 67419163785198690431964150452075347231555510857901456708133911644672822383919
55216170837699843569615676752272758320098039163857642954799304789405837501506, 60387851678458608879716258074315156397973274826113771455451086850811514837698
52529780146988311349541731789982096311737341659722689692716971382890553468637, 36331073640229611066941401530398839512703592202469907102894905932383133211244
48246579365020400770192889296684141667183960461055271643535901687656394616757, 40429225330319118642935963761585027285354647920448529307000618664863961911041
8335397950912318581274488927841030029531830872416437960650520089621797300075, 43504134810256375080983817507908984738645231434304939720782313150933624977125
10010957666564476317373298585690440944407600464789915835245131854810087387970, 22383551466932616490358094352779587103013782931678810681289755582205662718249
59225313342858151432738558454842699408792703523023556561301791873791201241567, 20748554734086821349951184397858557595264747502935020327250643477922452020499
13431800265608162020127819220151754105911984316298687737100358848036241696992, 35165278786405751727966180427260105605142902727699741499251831787184278887447
69514339078379055977144905880375722066005980976738093411292756893662292085417, 55421282615713917651728448639577878878062871888975725209205699362890306770624
2894408678819616901963944032995363023014072827571812517126376813494732691769, 8271428710004495587698433500273924302828319800967067731888938415458511803610
15913671377633021175705166488868658750718016307914208421004984071620705986129, 7037917274554137660275152551881218633648591969219626671906149342099436870737
33593220302877785443604636287164651296130061405372319468357192404972649698216, 38117570530356539399569245924705982582722401407163362552727637914029428704870
27427282041214730141673912202498146860955984722532504656217123871537147308989, 1482734315800628668756016681367280153178165378116434140600435451320382981979
30636327280215693579746857460278071389075722172393231799148190749745591259994, 57356842888778665399786678892588101051103545072430194096902444001154836312925
16185670555299178534218064090987564227991508589042089494756201356362027715523, 21639233264894626501863312105719760481314636705149118094783930799791013913595
52030235662617034195982275572190158552896981031784162905540739540813374847443, 64123062528593116705883737988599313984070704385294040925279681009377098662223
35531102389457925039116763120745773311399670746827073329713541733923575811893, 29089206297539939424763457854807723757258931433155626110781903147478311929709
17631328049187345930652457496698720914075840801904394496612467915975245027100, 73901489079884090672738122702863810685848896450153655822716585113295906108601
21598269874349982522190230413399023694449872056525942629210619222720425186360, 59670368871634744874149164737563532384075798973915438434340861618607632862277
8756294061204131780910626543419020951684638205265306759235945784925855032017, 1583838447069483076080635654712366780570414069808289343320209476304211975881
11450998348217338305769735597054958925990335214198783754963291933534156991051, 67864759051821473559668332284192539498930016199675172716944729451141199495526
75333089990424374098047810470244036466150709549447882672138996087547542436858, 40355083701769156391276153896140235522755693179916583702226071815373938840672
3323277282341334766835593266074636228696142792948818707857004816645479610173, 26171141251294265767828162824987107833801426308282826765735703681136866845585
16013326120846077309332222580721813371562158233069315536979979837906082008185, 53125249295406778160986115142924947696157495203851492362874763196411281850407
76207572591763104974053201646891643122534723126189015729299594648295766162773, 38362287643411607348682797823391665645381025190245540790684115343997543707570
71620071545059474964175213879789668051008455697415901472223406721028260252179, 67273689123225155937488972527324546979057111949060173794437689348726244829302
59248360094985404605345184407904877884327335366051400642726529368499657053250, 40365083251207241551202770123608409061405761195679761700448870854422764785412
32867405169790789465646789320667458060875803161572797105882215574487491585048, 34688245929893783874943573617676896392996670583816462565278098597605528927294
42287534025581532155801750987380133857635075108278099383569379968657305086887, 4140752385748600558772567828168176800562127240273338889545854297797349755885
61140620286372327791456007477517207952849482684598256274284293784960765815730, 3527077315471644435058052956805336324647003661954361551027497173247591757445
39027545013050033579742741152289374531951882072158288258040657933226106399274, 14054515270389536142568827407235335138685426932011570601018057045793815811149
64519320840791098233806982590749830232757333592157766763565156203399320944319, 32226421766977910094166558247016719965714526271913400519110758224299626046824
21178320641332235171896225911500940412547529107574426858509083934121466204247, 75711383625475736336532830411175591380809755809373952459470250551630905209770
9454985330089807774491032547436813057014773234048458628107813822832524027294, 61640743177742217855161185269103340481060164438539107586449183437984835178388
15326462863919176839909946929090641470225717601888029552428744049761806392316, 10917450025544155271037160418908932052949596991661631043601436324742685609281
21566971247689429750323399664448423879088319876835551325379122273962487985684, 35366038811680643367546996342649000114555665508096362928325127186619328389079
7326287979925646006152746337411829130198741047982509046351986575036047450751, 74977216907303995998633230428836893326308727868721432622460666377770778107058
38375030846446036328703548603659967243213238426789780755675169589047434613300, 29057238904372739016250016730620403274610351423602030064119619611485645156223
31763200568466759840306682827297752870676240573000640564381052076935244139731, 48456492645423436205560693655007318500085809112416760964173594153160498133682
22693805657794960759982208945209126440014568627708582956842955497175544470441, 3964270567683527240142955607963937008502124372358162610415817248134116691467
31004464672254895581818214993503618810912735468265971204161321317223084383195, 60712655480465806703795917970222468848897367553884653335308423689545149712905
47876108426074170784698568613765905285722756668942805769854544012573210370232, 13936805043674529139177244289904928279432549783500456677637643485793317812411
40620050899142800019406057697797373207005700317972139544357272583093025480969, 42197439150322330780708129234151838198175306698680857567175005521081361660818
52520823494583262446047728130757234227768325792677836379373904445198061615685, 8379985668554852903597438948629623601818755071142270473941131170830608914023
71488800613601556885206056140615728484803544781514250603181054680148616055470, 34805339219004853268302672262715765793786944893233976087304460795434003573785
55515202292659405967866617648808943638549373388547889770507583629038504345130, 22100197943666171286438425540676213574937962888971794985480147835602406538597
37360256161482616416460083519086819965541158053810759565013084061505216556675, 38715503068648127836579348773916687817896208261141602570490897540314509608057
38430017458132018852314695406360240860530441825389995718779051425540965743549, 18752072553241153912394664999911362425628974433361684193770918993485123431762
982973006340427039962184672714957944168943288881010170423199698864890226996, 27317887637556259403085293295383905988926073376566783185013524085735157089822
44854961189988017509222079056691306125265787717855488877043772882194758089596, 14435549670420883325136972402180145215347135576084670359668189085218689899812
28443372483168983643111597078526910087651390866718993169532674389335608198102, 14612041944310697133577910406037986597911783423952017252731822211866691985363
21918949950084408767517851952189047783601999052566035545256696679223356608739, 41993183106854887901016161663553599613703713584895838677785076411807048136766
17018779401656059021111721092841329091060040801452778636700803532329092847927, 30530900381224448915173113239319071662663143079143250131128469565794980758567
13140481660845507473626703445629277781755863469007830677817017805404531027455, 55919081536118742902033110214297996073724255593921976821946034237447008465240
43853700538965114314471565875522800977851249840626728840286404879817097871984, 74810764856993704782332905623343988704900693618225730075011633266588507610442
2624724416859448824846164739999034356185705002882409458362410358991106020080, 33177949772787300805493294357163336816378257040874421951683574620790251317019
8440626525390976928576137209505169008589591389800973389651578328535558678818, 30686735294161929722188275481566105050320435110854214786292612724358043879137
67922655586702713504552850566828245922853121036011719621153323798763901736955, 27099796035580775309111011728499271737466346769298396528144531755340259813388
9867396760661691946428792045454155320932915409364164885716186717891114339505, 61440615324500317805395476807181725818453370763123100177612713599530119377568
49607677391189059904501526899588238092830373697185364893777048001098685952631, 8123761526595574990334956275328659832687169798215348718288786081563008205826
15760526609616039706010895809156622947242567104357709518694034889033494044204, 33518161369483491139847012032756820492389058844970412340525904704180701066435
49329772954238677620421907092147122825279331818730482984838928777723174024793, 13666146935058676472989167471406131955516127728462464170716060432804835380609
16669921123958335385508460954001736206516745013753235803750088962159541372045, 32790227865739229910121761967377059139709769345881739238302562728233641379537
15149020200084472505345592368835996049847349480525658802932371080248567217414, 26698856415183920404317727730446737430198330099015902852970438707821051116532
49745896471050496931358819951460729438662751116011123252471918880999175551344, 40026401791330614675254776080353832888951502823201155750898284246533384028806
33396376912592267244867464224082897064161901666419524816398215087463084646100, 5144838239435898952441719620381313524974502119624168474319474795801340184200
16455075848469054491067350312002256061319900406877903678866657465825272414342, 52504288369159012522823756023812380499694202191562157674945606967915797109568
1461413663950420532565105363764073824730602322708719850010859890181837245486, 52649794631458839363913666317647936612259744303059683084026439013533958548446
61928195450387635779571921670229189182538431298947674782814049938958137119371, 75041660462607980055689588884602412431724886720282283877931665701600985460633
51646217565599129864982353618517053480319829997416144503186996256432356447452, 75651005117550722567793326205247077689979966148262292710335057559851472766290
52680410846283604596583597313386007291209909264607021900718367494675406581788, 75774307875562050912127615149497813706204266560241104005785772853523395345971
62113144637926916578502485363344191451197116982179412872452418695099084311982, 33141119201032516310602045239210081810528990049422813995508296434124599701152
16205373353149840228249583138917343352804307965695655082901582591922714064577, 52278985626876667313054083397385924268502521406396037979821663448083680000142
22524313626375068184979803750308103387843714692405211993268156919607467693956, 68914231388022501985427548801966912138815665441592584592994287449587772611308
11120864778886334057205173791944065888098732494503787027527768365826697683620, 4223981889638162609653161657865457485448496489845576087607316776355906488062
9333473966807547746289923523318219749419647617412260098128929890507063421087, 41390511583655828010509780885986388054291640235479024285980470387813089569578
28705971400829219242250245341092118922432351082522152055431338644383952231156, 8725581663836244325594706036559235092047159136858967712895260375624338728991
73027600650013050220297388998287155566537704372811334527304955259049337693571, 39320732401452867680860331826869270991476684137458853743768290565126560965868
63363247441308183557590889546954020554978222660945074337872768778529244261675, 59464376002995309904791968389837131515160330958754067813210854080824062835670
10708583334382838701677624848320755639878619761048634089676496931157439095574, 459324505242192900119506382576773255852527107148378104640085742096313681340
41386006917032116488096869608602699405321064657655830277600555861286655365631, 32703393068099016160291495771013192414059640162340490464056514473658385418772
31321489058221002319421978690583562190873499058939716906100992974797233543614, 52666084151951127280318789735951965397093651597280713296315576893315817908676
43786756729631976839173006888323490618885466458276350920331639659074203798150, 26007836903290076834899427632274920187455478507845523839774580588534128829964
68700046059281530911949855741591560075625922324468767364027799820346944998569, 61192666615519686742391076719052102470373573104863180832625745022404803789635
38717675757769653971278898719731269739369025236921850131657548362631905094991, 3525403770434246261883470740456266929022115400246970049917107062093096323749
69378884261520336645068952385978468785136555871713612412449116768991369316643, 43776360207018146397090334147821609291674799074276591419174682237478751028423
42859912907399729494093932972403012592586304331697690961306547725583890614716, 13391511988737984597059432039457749971912433397177469735735310630067472536144
6667021687854086045367009339204896475824391514845455792155389516474330131766, 9747525432003956501842681378608728460282348797676221192630009523316460591742
27141480357331662770817733964826375300160161576150889523168679633407373536678, 49946703769931986627692582052576226352043253301722968995998700372517214196536
23967555476727213789014063618073918447923520760528509804185988686101092280828, 9945013879498220656632736616582118924739893889018239253480367830293969639184
11404517723371179328988372178141755841763781406243476016367589995539744069775, 27168459334049877990750320166020060879911580559963330991595695814110998246631
63914316314246787005254178731343275746753146010992132451665919654902567266102, 58768226242592780671305162847283145730237627549435964545612421929399910107168
13201756538614376544452447434053590882131160377427639592527529677602446741336, 22571895154076136380366905775286581370575120751028060471130569967346420511351
34346699990504396893796360283761914178250700680510741818121237838839432774930, 39809961217952582357106968432435249548016426423848496358260923849226335669679
24112250301515926088055988958412239147384905687679578652107010833286818972262, 14443209619474073016026094188193030450653000714995900291378338432842066816866
31192167588850612387030146797694510171120915665644234276716101772352493664986, 66115624596304592962046588832354170304849632887259029566628304326860437408776
17459222683494559713124437152662492221378878424735711423618691020829410010511, 24143829037773175495246626769692431294774658543590680808545811283073224997741
28528203400625405472708313493926272006978619645010632946109670413247487813008, 47283508485898580250492222144980025455537078784518825732123703298327390300869
37630018889243530261483009277381690284376554055670202286366193440252912300794, 13006967041076435885961637160833053784291510584552942645346925896219970751185
7241652464581508171860125500076641204290697215686342128928207083188041679565, 32478003836062747884373487226276507781255844453941214706289534734441020863890
44880003743052172119137966831415503934104080962446707800253875534138173063347, 21002043430014171294040008496577482339402633359579665195086502363377705416788
43014110939895912611470456087028426310938404618730298316799265506137094696712, 36712334881692551018318313778501804969037703175795842872242239159603616849800
12826567622645326584579619471454247187953780303557907998670941595873682568966, 57513250483531627693676651412770163248183207276342963131111660975712796787650
57761720723844358985600919955498827878472028828416581556196202493342039881320, 36265140536539954990255710476073980235200226143933240071416061857336001110467
60708492908793338494396367510482002672940004026569654028382599285984513386490, 76366827505003388942676226197147440133355633321599480446219446593878556745963
36617555049674707592491030729243040029888511903579765441798736098550844544738, 21143423328984144965903524240274201366470347134423905501000156309935750643542
40232606668264344351191588589634956330716560127055391270245013175880275830261, 30535158105045047430889180222508485173698321542555481630053819983784090439333
33233870188762072477323133810872147341229261488670640822725238435266607372822, 11722772221278047384785946010507695534546692584153365648624443981682542901009
62897678875000535846683050651485889917621801275004065970248715481047496048043, 55076408229837335497103023614089009142053802726334233344274249806887719504810
45777616062782921041405402444387676220208892537422083611686536930867176499501, 24786723484066062267982391337470463424233716700403931502114798355203940089210
39929927028034931433685748582231043532830459164923735011715259066972225468883, 43830354198258242349812803512283657899601842269985064488901628584288115516330
40635495832127125046820282134969478058259667718574047546487951430458055411206, 2689516741310872557665095862186521494034027043851934253571439157959489572845
43928480139182818427498269932299715822212627772038927762290169757096873237586, 70744620896102488378623989447546451914628629911559670167477263772833929770331
53646104596058240184971563610998655574870483199749866886072660076197220824698, 62662036084220951673858720738674142587223009425543913564720065576334038974017
17506270438665204581260112686252419753228162279449186889022468471607148560719, 15267757051813304571845145237432636544392884447332799681362588393908771286143
58615461622648125995957258547904966119479889026485404063296563753663781553829, 75382564058148603714085733787776707081889587376634786848340878641076608513580
67349135065472390736367784762881470605961485419585645641919265598739722688370, 18190101508366717002468658083494108955091606466613408026425162641613958601300
40561647293893243166106809982635786453783427553730601104594462812058383972713, 56162752213239599450139526115177288406562964834011115710926937826054181745281
18289349405269069484560603825286851883425533905287810675025352401953968620523, 20306982918402812343687446916283951689050633569856551083317417553648617607699
27361113655921956186919501223271298077118363343760732553690574726870773689209, 26456780949014059311294048822104494876847476086147894015074875042377603349670
10188389510573594357719429101697380838978117584924488751065987674887996358843, 9821550149911378287884390022782405233195419518322229636342040721369456861238
66865176193634701505828274726164695071896206038541341957410704196357517560525, 56930272545347261745757204313875341347459423106478283987579695421731951313629
25309926643835219707050308250045858787992757605346648597815519828731264436602, 12833243630739788873527917644957038323412156369177361913753084379892616306493
23341214722237332504403044863570513992487817949888939471066815035719968604915, 13491442107066592000492281144339316925867446656710891412628139490935766681038
5314105188195558037856006343921222094035383931467348085146997818453657339419, 41393670492637485802595113730399861139090507178951779447989574609228123524857
22401035227723201854051890473824080207265061360902458697718446906980403723274, 42231105414754389487864725080064625732239454606671826410466589151131948530754
52258102982464085384027508176438556869006434404743328197408637367207855571685, 26303179439058371809282046692808189773761821829981886002222000437941980628014
21197678157775247562816004359333939822037646722464773556658307464954152470147, 60300212448891408568796165833254653618537035220308460657853855241300527929696
48279542764729635370958295571594277378979461218381669553119638144035471911025, 18756934113403090839758847888323418710067702196633207073411535475176092960241
49974226732958392384383750040953979555048856259800521184425688113084928294182, 41924803604009221472525716937294247598662159197004783666701405248766453472478
42920431179795288179447855895318737466920455666874776684048286982584657697288, 3695436237050294250235658552079218329788704177693294493529375206164609398923
53302673774108928669714707713006465528055098273474282564695693257677116460893, 8429045350044303496225807115242131351070232583936753939497905980335508710520
55815216606191021772825665648950519288254258853215336270712584041504748322228, 39196873051383564945863800219013326100663441326350852690185255954579407093993
4060886627957091517951138121707218160477997611958233453816588790307122205545, 11247143701912128940664505310347068697694405287852422495561332427160955361232
58648557539926559541301924827373763393224141391630356232063430087854874077895, 5376705530256048363747444135200265646497940589549527920819389683857074352165
25008806061312578456180267300660310921217739562409374049860116166451618985831, 19776649731233411073574172518174053047182854831204316730714184698171196629003
59368559953718474938637242452476540279883919179701959363178576766454674856317, 27403315498749588787068420324586242860374530610890271103794298827453829907236
38970272090341264377731286684109902658469156692348885986321295321632685185987, 29095151957926174334529858387086022007383042528361250057272940640656227913181
15410177234854758626307888704682284179031563548752666270430491390079993268277, 71968138575623600013601805608655994023285306140354209450278486810332243056502
71748952963358131358345808953702225855842175786695263755145246170854321757143, 68695852023588887969290330178653670744734030425905552744408377692038977896977
10820902876892047527347213618866823280655584202601417486765641070051646431898, 59349912193514255940327124551453973770809592781031993740071675872840704833698
13976616046923824338104113332550511448836758665451901452150408973628216755837, 63459060502352586505131385356729805211550171355664252732268237499985063780026
8046382189062447960674171372679146228624440218077927789969491018018507312862, 41444039984523256172771393441826084341640846270324217095274165112258695455833
48735022248651427061782830770343312303774132657241434404762561903945306199985, 9368328746662184300433244047258592152185502497544436722354962390385459892285
66472119466345879802051884302474208055310522824701788833001481796424725373128, 56378160116845334451810895713658051149764890588596563413092307908791556788519
64717074605460888569967121702303902392100316594557409944976616159876485873363, 17674157067596017565400178420222896070540066910600571472832015261856379551591
14665520862966619270490928807365488929855342289032278934065995047295330469227, 38340517817268865118695887216087748867228067191157845856309860887167418725397
61890049616839127888619084838449757610351256181816675033093963168793964718591, 2635124176707860086269578135437206258107703077776358452374702777744027425849
71105861203010971863787406060349444886520821950812904906900503417435206780033, 15862397571795855068876188009987831195203660941048423233044678230191321079506
248965036991063976650265546181975469617044130563173786525542090580445753247, 25922765495574079670855190247714315136287549997210589254232393095875744357883
27287007252722375852719085503019008979541945588391840178262529043779219615875, 58551581382472838096364596925417999707920963948675556694822700831094356459207
25055114520379426013415879544078902446989880834788182097422279140767492690354, 42244181908826370071865055350527875426730681125456776650962239244473249498513
45106050742175056388455682771746260877469131272301300571338835325009592962129, 49976954531777159076524956475328661409733160359266472884328961638186167978911
55421446561409254603321038408547744705089840952106439273413056495095272669626, 33667539066184769522598840216210933641441443491682718125762905876637588191457
22087449158074050251094751987694301287190716459136655575053501200817364971833, 19784557931755083416382704983894362070776005229455621776222938070918609600495
37038805592625009846569279815849831907569660245691040776227164543608267971426, 36401221782559031151047378311324135908461944721279800515883354598552002590265
30657338628880733384071499351227969547740376597418695169101376895218366586772, 14986101970910384418761250027257174949132779200924369474825956642950508609800
1946317771549444197255817122784201520281347450407804772485722913455342319884, 1966405007015776672645071551500184414050552490973312407469685125626970247266
51647172056703867408009155699263074069112991754358479528047471608182593149110, 70317969879339645168024997097086341024755236664313975281286931397569114967924
23666276232406337892149119180685885691528635976024845634318886128858096493546, 27264058636711207392875716501886688855772622860244615371271008365780973275949
62776718397216640205831286153298532084374974809585020059553471522299414652125, 75313131853114250839094567258889988679177120931662219559777776442042800279322
28645551059507294956879899943724276662056210067020020000883916844223698933667, 25518868449382650282580167435218922514034116611102179387131100820102571278871
19695545815437746303856171906474344976341936877136217439111798744555931594342, 67991431259662059840031924075594263739417077041069841323629405668960404394936
11509865714458623698877499749718752351383962387607293490957462566830250540642, 64514920891912990527132179454202683429937401068226360256564295139771338678686
46243322471767870140864871450403284068859800139419367171238731520410185707953, 3817539859486014662938512608055864789817566853857644842450583115594427479263
1496567594182644085882701415700143686715498190705839905826223795015069244641, 28941052819296676725621248388242042815107982007400050861183502228632514215690
30625520349554312302627324074292763309718381323601137228423414070300908215963, 14662316879997509284915235352460997628062274628966476829303998881373932171107
6151567853503743593524074395772949627368922375402645026644336299603788470214, 49523846916986546270289272431993554781235137415806976421534772831886375979462
52017472958130488250862382380067155761565826870652106050874841970992363647964, 46134071402737925884115289599881247044916528828536239150982340098356120685930
49403851153956576023885419997540360405329217074558434190371439006304926672915, 47737469099420651340893807711838543872857261561867393182585609386199632079569
26537134217264414820237366221293758705001199087650361744197486712141142722644, 31725350690348738980141295915895663219872951615091569891419118616678625782329
35405903957271955807437059430790250907807177892908449690503107004591322496928, 54639086115320484044056554126474101068625329969716391559883699955675503796124
54866910201837815094103680978911511306442232482093231081739405386955763521906, 23412549756580515455110951693342566317207437654522808983682405451150633901922
60570979353874939094645826256314016321130439691180992695664930099368096935920, 70444027895755652898847133074049492595631592248171146280599330585035436590460
45272467353512794717554704761626972925764331820949600901305109059147248041099, 57517872663181370171939493998878245659525802593981267976322543248483331426316
17011693769729746069008832690599346562854133414473577668594744656086769389406, 5829109737322233081075104806888091231520383720317765872460976363818270103814
13816155178125518101796872239375816893357472655671696870488352010130325612563, 30368244395865583283547513451996002246788240668623457809295787865816419499377
42519972023868066362137345007573333368096554617369754897634756429635588740223, 10709036986380260158017059256981711689346271023176908217540751198897613667495
55752343679397865083430620707438158695950056779679977150620875913948326230848, 75887145198979048099441297418733405499070899143857643667127287457739667042905
48200531979070426706407002025266334296459278754644450757367206190473453061473, 20651637261174958916817383033806322238624702142301425809630667600212319919368
44695234768980867791991413853585824814464435338734666664541593145755315236332, 14697051431726100801954559329483203852048845974067106334325224090395342439772
11774861514081273402639709035370077849588043614374548250441937950631255285745, 20101555503914334892430479524665438549705393063085546384684997887296536321385
11999756631779011751288748539942576634869789922334146524662204304027255461555, 27931935110140157202175244599625403385537766258201777022190503647663555541847
8254700537043191176837103570996584824282819364792047124881373667018499599652, 65780181216069183594129658306129002299783280616108018186496141010379508398653
11435725438249536171107944542854550499027765310238083000253929152502513733488, 32088330107637732690427068508431976218024241816735925943258796316667066136650
19106559020637428631408578637493695379979462571650787417436913555176345718505, 48017223077192882624983550638045951604267196865734936859961883270389070566612
14742145967511651761213816711355298927209710775996065494335925429306306822699, 74919368236279652090632537541135515323580874100611891737918774520770634730471
31017085791788802602223180208943068017812775734688089260708898402131988645674, 3096854097848766044652740903552733924374326260298339203788971130685901254998
12755304863746900602821619924536158209169980544693282860169481284466326362323, 14598234812621701134157887937228170673688616278338480555702568623978855309560
65074481807240771813988660408228838016157104385714073032218437286731349125516, 12043017117272303666692843504850141088464626878636832898636865998722040231079
75345316713531767082428581129292588375701291729096335351563325635472643853010, 75993127876406779186000326567496091764917756295009145959417421399181526879294
8345370223937450730777359555665457282715065529668423537695647253928898342688, 60898279344465847895390733875555897742308133866422263139327249766164384270828
18853592851002015090532901662151097082404893728530949109037766035718428924391, 38398485996522364144400370723179558164487427867455995238200990701897586583257
56456202144638805190393600797943334120494912884552907614567815395990973402752, 1442022708342417579791374286488612313300083588628385004903400820330976073420
18008920520325412816663561866658686153186990133325065708100351957887816289532, 34084232377594328082504565046975723154847716407370737037022200091055864205322
68558796113371307343393463383253844698632366983956492206980232684447593981652, 10757123039173752974638439294211518099942828135117603039267426997665339230655
56498362153196600873668388927836115375194175785937052513516413564283666838803, 39861150521750233423545250781672785181613082178233556516419249486235323684420
28538284379635027405574719258709608256303158398092830161160381236778757483675, 31395698403905353546637978795233962076767911515151302364052878238953328589000
26758681469523537187112593808952255134038880610855273999943429192868613215132, 58218646037809887198688942795723298632592435743955273132797595574570737888244
11962446091721205731071637562348522340192534092263711664617686836762779585869, 12673767182500269180524244399639443733004409281736281407810088769857003793624
36444589624018258278753576003274845010110747999927998890266081608226080398549, 48237576266766901619551332464611387068887735314614803711704197546276428128424
14168221792653850165340713680036217426944333303874421443448584840943667006893, 60822919767052810404711610506701254044145024008145599291909560037480113141557
5413584852336491271119175267879191905370539332397099205097828893890339269856, 22669543082829671689428881277952848763305494549742084939539381604838437716648
19877304544069005632223669414338434586456048562439753234058111009349235453196, 53388062192017692126858343388661901143724680999187802916622885224181321898141
54450869609295401679513205550131035046926235119899512833305152449451771810836, 1302427331938959471951658739969968030406053139882758617277645981357331298455
49606231278307653449608626981728244352151475066606235245388406431488074102120, 6628992298433365321699722751142630263726117850101575138950709220978289309436
61152232986096190762829481293181461324589489276610960454350608516328484532574, 8690166850882445719133897546190638049754903923507359171304141406364925163806
49392045860573421949137691495952700351806182618162773052753568626487578695361, 11520393220786691721517195235581600622855765398776911097357796684080306701538
76577970647272154515076597895653652523476694167183864997009862478492654088602, 55882924376039696716474628692239154117939784236789142667906056612442291341195
53984449631796144455897294911787430555864718039892675678784910772802302360829, 32305448647612393132456285421905699414568245830726930772527900408518487643353
65201205652252753677845234999414419491189874319786644982274973071448266475475, 43230308256315272276162510979261725207712821140756810892780870851160128100097
43910654969575795378302674151105499018000195458677453525735468546104456422054, 32706791590209081416074414142658707245713457451773727047930079759706203319721
28794353968613364862963893440322095704934959646687873371820096562667379091604, 64979771704415996676773020943818347372491581135872617173219602034495337041747
59378694940762403549858009401779216031577281600262355696664670685301379659036, 52277917604294720137663982053978120084747461711212978249094274157923599380735
47961175900917865298836938835699760854864087399833882823133257104264705407500, 36156697653491069953934407061600517114560776156376325782950000175741537547878
4701144455803594145719978074654173281876949562681870119545503270728906733721, 62464063205938895983168177665360268082288188071403958661325985324785289582905
54447156529562708611907512244110550299175309298580743752369650235659396735634, 49478503840054138129277806539199990346391994665544763041824299720378550052023
72427814499404002390805446146616156628344081945635462905169136590048396674800, 66945779799208790339531565889116904915744599875154558931939610640776477309015
62921599845174695725375759763183486395202952125992886637583190298620345802776, 38872950469776056883030408146513265941765774645526971284707342941881600963673
71231615231039397448183854303349297443167487881529800888949404699451763338372, 35535824129515874980701982580355616647601542075889689746999476952237531472884
4682588482129655965361725228537737623932039245381230786045764039792726082236, 62483624317864220601040056748420730795739143660997463220830634267320470221876
29592816719028699592630866675066766504071899032080314210146225471563239636610, 13188168671072697257961625180922107944941739923401729697699449369234768487158
28701800838953241229104826166302704627586672056830447924391377599255403734485, 71752153817312635719281501293868203952713636642912252271015972764126764731816
