Elliptic Curve: brainpoolP256r1
Field Prime: 76884956397045344220809746629001649093037950200943055203735601445031516197751
Base Point: (63243729749562333355292243550312970334778175571054726587095381623627144114786, 38218615093753523893122277964030810387585405539772602581557831887485717997975)
Polynomial Degree: 10
Polynomial Coefficients: [47, 10, 21, 55, 33, 12, 18, 34, 47, 48, 41]
Public Key: (38023976083202378437257831854442863758065104079519798206473329310760275111788, 52505278847080155382099959597564338329506951161360185909250266318033756277062)
57657551431857903924206174190967637063275953075676385148757266997272973402833, 46282658175825101732083003214873589513754014245205794204300251079562437114310
20327407894589598314189381213475628440590647126410647825607509889620369959796, 57357745185354907167922296501349140197981513689576432039870219751796057855312
58168281227836961666300208802308897546692035071820831019197042619515309266352, 74367376584948757805575433224497411274730157604282166539746864033375349571484
49575816952263050328663716899487770858902395303595683246195436519120338709351, 31008839411783837101963871400252095007026176451593830465660956360405874556462
69749257327744606238449021050774436296463653340179437139802365655327563651066, 19231657268738952128733882845490679611304591059996391761715858893121262806898
62927065163035007960858485320981785534040576910125691913556557494894080407582, 62231097531346074327570682112473340683700560286997821923766523911442934061123
30941985636300644843656164948001898427711544648620192292071145105716178925714, 8215687242907121344696931864801833554988471612799114845744898505704471361528
20935915902609569952327856163148683424216302202290396593010496350136014356890, 12553660643574395235400590205678889607676236073113042235377277718177158034126
17545091355125361987093272388151714684630049140160160124109364431872557833452, 16253395622870051621709834101426228474833476841985182902105659546371721449096
3227147205727843237942844104385993007743241510739317974101182989349706848514, 27995587545850996381993301146416837257911033654024364241762302362666698685438
10021533469126262035112014192450592019769493248148610473397522232463206042595, 8519250405915965462883181458200115542528577177882015362384797916432068923934
58287395987013642677737876518487627877200814145501188510389489080911492568798, 32649790171780696166365872584630949634443626628460595087028664714331317707706
74077820918272784997452181612369792455458262196012455436208122394714409019220, 47724503210690042327710769909197529533234398663131519023803016692706158764837
19294166082354213284447421310906079404913067981062557246777484517124080531273, 32720509565815336711327014533716071689094696495317091353426501047840975909435
23917418927731144160822101669641421170124835749450313629096095413046897891042, 14025485151434113506595615403528819543874302505696415850483794791570702897732
52274638649345207869816080596919388590743929241783423465806804870064203253400, 43240351066834566011563016058210270786149344026552295420290527746902190251189
42122480267975953290410438954690740162005178678178520671772647489032739640294, 61124105679286291164817156930270140426604321291487939488847079370754624728761
28395307445754127809388291506686182348416434487862653827139534049795979525290, 38280319838321036572861086405090767999172759279976104661656135979252248930247
73372966204953006609871924456932837842138995053565921356413406612630513288062, 71540682009475097648764337677627827631985951851801355750183818159189006202980
5155744382144358059958239200568821405351104068407802629924013326297608020951, 9741717615843049693852757690701803341002162463502616084856299687228209212473
62641666815573282851319875996633644472645726153258168228917634812902599310300, 51323800590648978063132484189338440355537250010802759783520267018698806456739
8316868280645738968053478314044852103024910477643507936951032979031238845838, 49957184178462342029857597317885503644104698995209950556069100142271597360157
34149193597968775909388699121728645176658199430066659043550992703497961288112, 66368829909894656104740984944806683627386234013524565610172028908059650339681
73393510834968706666103857766440827798070702449129637598446775664543097898545, 65156592538250481336779298780656418420645148241417995217001465084481641735223
59232614170922667829101337754944443620956322932098620125635166724597224200100, 54291330347902610224960955961928181467294116651835232582082130914074695965729
19004276917391876724165846084102507806251351436382309765261013388338192312620, 53793228686533784230311225144127719560535026632793556376898471676121151804440
58879473567355255247261014337108838140288861124973516149140904728732179508401, 14333422797073725322676996359038320629236575070117329198174388367971125270672
33145183907076332088041929250990882264314136607400146522377637982107600156749, 19000341825865392694994277890282311472581116979350130583138031572397698811501
9393868520899388170435321900349407099199531024066321127065801611851020919779, 21519388972477500132768835082345028387710541600547503915560747071490544545693
54899598983030342916696858744942403661847857706836736441298642021768619313665, 58178997060428651069673057876589485387685099032837856347619412954041103162316
34613348010195273256340046068552099912633542122855739260559488763095438786050, 68902805751695914038223494875805860813769360618778748870518931862870685667815
37099866803189964825365467309032818189069428459283752154846071369764392927496, 50856370905642876230492562324735380882735986154427185431468997219982198566935
6559130997191512809249528960243699481802221331543740844301580700020950847952, 10437948392090548020381198091632348240316060247473160931299491843584716970328
47336512584949432321286837317800820022238091521492308112838708039901492251204, 27088133445843720019089719778003169237400047629699294787064119142147488770717
7670988064046666718467759961259679102355767249781183450933043482076784996193, 76036591639602014076630346004596316496770665654040318531335635653922083920652
38392350534835105599738062319090866578487189630309680913229650956158602142871, 25476582375720186202156903550169731296293518486304407003643004734265022011093
25726127632046231165654113361261849741792800038715042363245273226516627799651, 43923158412498437530367601068027017813263631242367399452617880815577961765423
4611662704930113436345175922696512709761166744493582000794040894185248400199, 24382826855410723016345531378948329547458652168265587840048102105708901126979
59977769052831427183000291157253810182786462531526507531768787779171799758927, 41420648795778932671916050537588502839777197874733311125454542784463689360991
11627466659840682648728149209353283122717789426217704897106002303624090048677, 54519475720107969214729422489311800977172994665198046159655422732224436897708
42165453557775439973665057739113543990506786656887060903892857120788628845832, 27745120509332977558930726567212684871013173645405801592003281137941911621018
20682871350936701171312434325099013130708845032349723178671103460202152173381, 50307236593336174746855242968008307927507305492056046036102761282847723074987
39396828251744745743790003620502879260116117978254943995504604740231484741213, 34707946432504129018259321545363122992789438556396969113701668157593659398446
70154955010420324275906083174114813061673537003105799052144128282593825056783, 43722385750888262227756820666404545268864504209893654671516083458682902254070
2596639339197826479540776643026037318108300023241760505753380392503568977754, 48428309232001375779954285821363802154315562481303481963353250894173712583767
32497999202426872916171728023503232980493900926477520586048014327082481378191, 67792207069437639219405731965762278037963509684256846823253411509467146253445
30745361250909709676198050555350927555505370398981278117755519981495910899071, 16081253249093196623063856276977757880609418419516720619257416617801499465280
15498568409884764029139015864771328527099729049880360979835032270271039751992, 39218390076520908983122291216194203848945376522230988798679781758116310760284
44832821670336525822747814474951813255361696582609964218280168086034891184533, 76281443364573035356715742351692398007082536965826366733797301078857095598160
28848053853917094139171895692697308742725211752172551947451385626592922403306, 58571739329542511703938955927852038737687736664402911279703228867628878949267
19924616900491422286544399751452330314103314935482114737202294707152623212962, 11785138013422853563133416286105260878377990431782538835579136085169666888696
40835483430525865783367111900049189720685472781380567368710247678876847233734, 16113699909329626154189099047567554161868496587703971512150015009063012322970
45245011802007535736379126913949038406641870477686527845640533983796454014271, 57680070757655910992251278402540519319889962110934964822334819553360137944304
32922472868515514721920520301539487125333201854064669286490431822808836669835, 36051394301020565868791969273068066786184039978877741452527095625829017288572
822113690682066887733978987699124486071768209924033331009229285469639885968, 44409169748276317348074314380308468003820421630370238596287415328364650099330
50581602229002450029599199627960602182844785049080057718184975147476044993971, 13268731757513753360456443513291070978513547208910165917166686421421328753040
46589329307423645445707282654776565001273985480852370381383244380087775169214, 67205181944624064558873619309567833452813666762824559910965655168497808814729
66381939513824929443913884519110078538413781644972372110673219125383041111924, 11699615603362352020968254651210764735743143149907286930859306851750804733205
58430289627605204471422763109348391982281003870975796390818483478374697992275, 48310038269946278431224716791580732500507092407468810677547617554575139136864
3414511667401516656801203602936025973280264597004206835529378776402122673004, 57154556756494441615484282750876176077911002816471525345959931176111033148656
13287174694587414160108041761016429862119896614136072057060047223765393131159, 14975880334234109385072457910299831379590722375400840045198314874511080902408
55481887817461816627196756767350903975984033400493687614375119397855272261441, 74900901493074701251410649199726814652614834279979615000788617113018510997829
55624322204932662904672540230607441963478243484363452392209223625287336183333, 716308938526081531212921301990082942712788057016794457468471597808802224625
2025524983976964718605291472442486454558451579341717352431355092499204281525, 76319150588799579245437075763632442686468942763018018677236832781556679633959
49511306285666372167260264508119701947946194033488557488413541628676355040952, 16065163593144450413424052234180826475720050673132912216593815307678010666996
3847165253359736270406543671517189425171718159347565457915015171681778927514, 73159751030269709998057054088573172740343077712083678066781207822246210027505
33886168121031375643387178703557268139170364839430452256262309657742890969865, 10572018622569240623579609532268427596029840266309230677983835463513163316127
67356355374521531057432131756367726483767873314480363303156784594132744778526, 76208075343889717835421128175898999917039843859737489628188019999769266872059
30836997948231918136728667014218766835246927036410192699113035008517825558620, 16723600233148436300346187284636768418148028941742023606373493874108822440384
72539610453767806462595781540111661598117007400081359145720801477300064922569, 72503783459354247652327796268520726678903500910803855962779640045359341581031
71693105807277299204490039790048502204199692743588428789587042014727820140293, 68417846775730493245430001536782084786779289107006326206311122740990546012792
8405655554362408299233145746730555685197369458359272500152537560454866916026, 63514126122120970955537283758740427960873221497868014003967428054438962075374
41852179254797501006719114878888056059680880892748310671320578650046578229556, 5318147831776468936146135655012128964103680679662486068585724297548415233392
58299195086025315541830893302561829680387360196512164178538214833104470882006, 1783199956656654652630328086965852128821754384656793638484491309592791099050
38510837297784217759336814373436419419764027665065817195085987844176033728238, 36692999446499276803527554079867123554226534743620712285885969466057745999206
1142177937177152987556945476221436367346625599532667604431817427110491035612, 52524864285993261049588861967111038241115854462329928513325726204513440874993
37133819895938218670741229601255226204378779769224841037056830382641669742847, 31650543675208940956359820129248843647801755665961781811972927515036650870839
16315175032331175154246025539243798824694263869114870540402471122910534545427, 28149580244787849426287263237452245089776995551063731326755915624051791281689
7488204990291243608710287018447674691451036712897439966449776583538529585829, 37642234114292978145781403116434960767121774156526680902501235892201766701418
11483968018461547129156248009732648796027925299175249147358108026062818671541, 60337682735890987477775355278049349397413103439374383199743834459262263479721
31727491612282163408235900292252140011087177313851518676090417862523037246185, 35272917259185343209986176882125989596598206981532077560211082972464257603814
12425544781649532481282218966523191201936986137621203020433373849331701720274, 36922072340754173522275586722343159434649915748546726735784874812408050064004
29978445846822173524760429623252738121679764125677292081459970991533069944205, 52730664741193077872742008906430529980083013387974433192970750391551160201442
4183882491965224745407431426627602660021607010283910538744341278513077268316, 3576214908811199550002240320648993966381449577054679255207709290502369588925
64695465573857944853050533853248950771823112537788038977050725729006989752891, 51899719046755392096688670863932719179581555084184428975514329162257335641411
19525733152595573301565939574493606231983629805896186454104820528283323766113, 31677105398492665072282623160884030290723677599876635943845438939589679805212
43976110565834790777182464647017843870506275656482285696898966761872148355860, 33409540252211568038035059874815535641110903095822774571061722959053287381126
6318344363462455431879548400719806456963655748937216137337406216987981913485, 60189220952735846167156799478083228818191293158415419717308927061446736683543
53810297380700602497174202526682905987474261881841979911827474104288654825809, 17470234948220968692955812250649396696288919202645093694774182420001457904346
53316469557962374132076442731081484509534467280336819686788618002458706450211, 67431847157955563686559745261909851093299784293062009178406884656976876416238
15226615019155241446731329485038783239912942145017865323097058813696980887760, 42107386387420128859957412334079252302030767730318012059233949089266891985635
67006397755662984504620562727518112598088232671698528304659107557921451241599, 4692625691265675885674026034952473547393761280179537760569460095834393050715
49465332111726970344180933305654698974038407114554830838338704272324966709261, 53676305927319595631128789643342417913005639526172318148490690757511482297726
59591791735086539879645429746183381968979942810263224201561499278523889768594, 37674093781306926935614002587502704466117439008710120738717789185550103064061
11626385638332097735039847813600735101797098620430780236593557650777446234125, 8620229643950565464112618095502778229059326540723313945161389622141249300200
20393633941644411320652165239813771785045521668518954386895775156196489660510, 44733710722741969138446590813149758533688494463366429191019130700104776296620
36234178912301913610245460915706231083664481726729788744147672919721770307357, 10333052630490831090657476999891486234796184581267997714581870689273478554935
70517746557468113909884625727322255923015534112703691685640577006970407793151, 56226799332421696979911833947817003153725906810158569971255952869817766931766
70977974003927400678278680768031929883099360282676028079475870526946096897345, 33138545447770289054141612992086177821490578695210469140661669414228883422638
35600954684177982682122895176183859200285133989132197508317124196749446621548, 55787599997758576629791722783925378273750468566548558361698553296183001249981
14760515518030004346552684418832989429471145042578226671865526888761152441585, 45144121186825117840523716499129540448796099493078376528321829005192439357768
19530280524760169035454013723605654362643474134809967040967692155818062718532, 6441173922499492651796464833621042008634934018138347668287376665678594973093
15336408530316567582376370772824913940159564083176200250037504720012836386902, 25202074979499690136859533488018212390653436441872662566470288678188726793928
11780661526237744304003850867170751986923620460010797871339457722894556335022, 18188441121192427210269594473888513901692113935141366205741744562411818999951
34739889943803615537651090220588548476165750422767422034380121597774970091678, 39224797511917156055150008222282723160199118620315748387176017569460586600280
34185509114764075018445288313611135097184654772859025446118052283232499358663, 73512215503822809183971447924494350646029825893403077948781939515344179485742
11257584495460652323014691655675285410527273932966956472059708664315753422916, 44028146246262746963900884467463440132798902847943042784824981562485106226245
40658782875276086571962077639467548232050495896729069497630554543773965385824, 32515229143973389761060866359687641671562496159971957617534714454087797236756
52731136857380128165059196619350515862377869279635472320540378016231991245602, 32111681309072983189863869871019290466140685067660866405645979017787895645138
63807113782007560834832062347711916662261348706740670316360938980515633959586, 51106867135910143195759669323002020181595417048440173391461394472292714439217
72149890176651420939748070791633875048064227746326769053643523276597661512413, 27264084324394984417093920862264004603789477151796348557653847750014995790600
34034913136803779285369246737643996039880786078778129760762403150151299519287, 46444930160469843564899418796210228978686711971063437994885784440032244517834
21829479741397894673005508444472647067760700107128811265061435805186039425435, 11044093985033157223473571474722125222852862558327410277976967431193413362230
2490618426230738389461214434955788680379687489198667311036218400919241328297, 23153989915418887431383845178630240668758339789930012116745360306559781161259
75346212675221074664116647292023229074958639330329269209081966255136437748439, 69000482477637540514178393037650026513642030409924822801948457941972458774761
9206000213237573256586305076512333408663393677976276604521945551262102734878, 21353883782613127384649294408624066876718106011563933411676662472389709319708
76437093548205294212719871916180563787344846827956126478451676816461675236299, 14851645359998826159702315235356176494671833363730252314496588641091385241113
14073670316965749023074971899113123089170605256595427794997748762126044854487, 24336434520701254019273957032288329405596281399803770289752876686100067749621
37888291017561454672252590633099421686854856346006216196306140527112723910798, 1114534306962749425318546189293721728090160666183010440446212284070507106410
64320693027011667870508771055806691866842222894270815755868186651199056321907, 58171874889035404215641917811434260802647532761089983627258951630078881776675
63109811557574807238149666664323599524774674074896008257862950439068015938838, 26994838763842631680324715760762031889671688733901175196886775361914422003469
19431865422571486613423711539036725045045608919877654799359782365414515897411, 26162953036628805684544002339040640845289548742150722105999853606586436858898
60574204733850980462132764974099756982685472874379383413147311052989234676270, 34266636726175259425789145992744248100357184446263378074807259206003304646621
12296484538261498766166496697552191768690919452962340036503854409514659426300, 67830552061256944611433591487750408055201854427181794505273395521750542311123
19614489914307339356503252157479276418620017250809299345483880574018117655681, 49683247650118739361945331193452369698283852029221929368268754388501846299789
9145336003796253317245935780119567327202674902057015487203382083993916293076, 74813024417762051735219740406466827775544326314187620849937892442786661105089
54838594951157075942872088331841684061784904601187838111631789623341176350595, 67017161286158211829431895693390732206968216049792108661635764766136395209418
21060223359344966614435887756844309305340685209410614708426385981823712287966, 62342398769235475285360806700110355627874867218298867289015932256927608652280
28043075764307242164509550543439474108769705228236612666194479355209903771987, 64257847732369866412915752222470075045929142118422316283013902630945448176646
26466591681592832825089979855958984197051371570360580859701904877100722662615, 7440111893669802607128816354872284033377393279686941404691947653200228741788
19904633551245773298135987102991313821949454716063268826026856327270058501980, 25774447088798957016711403196414531750419093202793911357846281816207913467620
54637262226467303182972069995811846898369129663216968077290523550159561278926, 50654276008555994142100784211103748041824045242041242811398020540501927765559
28677212341165985185920505063363225150347127804627172074879404454494688804850, 48459075427313183535944298392489011204134613633491109139213810189739396981569
40380179246272676209768443304761561004790733036107718888287482833717682938021, 47950599662390917902348064690015387417565276785210321266434749956289922903230
60822993741087305080841626352020884573820522300839016865637633902442709036083, 34746190917059583729826160759163288355293871123693761646391995942501794950219
51191010663145238287716163723436388740094335794023622197167864766513651828243, 67343698410430564475392996880750868440709949129152280946124445885838947099783
65191327163111386041748272308570791421325843466478262440272500743583758538977, 19513682661369666603323399423560046569075790296725600959444865446486705501472
69120719027632000093027313004603523649907775966603423723362033432939186602535, 28605755293255116107609933336272587181574319043130387407128331626299172461321
34711836698289187348901305912622767262117925549211841989835912833617472100581, 27038482297975654447023590761507212146675768236469040684028833773678749119527
24403412382507157741992132233884009856760845789775288002359800531180776787842, 62663441874120013806387601133960899838413463230724009449082736664890068602756
17543414316319285693204802268243448250592328254808207168990601466958932958440, 25780405118150196212176241013233992458259737589231995923381711747072298426307
45687638747740118873093005492145483740646299326299120677856217340245850209465, 50177758673537254501476568616236125105114869675727222184290994463062193775769
67237538797475240213856423201761653192495535816233860930282086565512015277896, 73638507015751121689072072530177763858268152909223461464541786144325929799843
40025284219805484419550905819852176590019468382992606316031063869947219035506, 60401429987974325533474523513487890857447535193294532962517756144825456773338
11686961411943493491185057961907498833226082962113160472653877789838740685123, 71582404719591868090937835700346579222247910490716516615550973536471453528277
46334478990482909552927255558504292261847237156003803091092199950968453697239, 29867336110056477205493240748343890865318925282212144863725117151913471839846
29331640272294110714483802956853789357974993554163062177255388821103957665989, 65991006507050764050728822728841261466811120206802219934407487063871305197099
14844338577729106049119800568557689322979836414480047897495258748967401149174, 53680625804182953132939385333190846235598218330741236507988400884217878436603
44134195120456145550844955457558888326344002200569379704987108505946307711387, 49402099581945070237118715263881095806853228310956811702358612317312183864750
34234332412937963206837380763016476159770153674949867981690412651236179287772, 17116381615502355843309960698302426849751535231523481443630707944643244035295
61441298034939201995062647433512581346067749022256317340544326831388976035154, 61716064068296162731753432296489569559829882291140427664545872108825051062178
23955187271583544442428340864846899643700935578097250078819845974967893331832, 71183354328224052841160509684146569221400612932556952066658710619070252785453
42912974179442739801747225582307632910950822811969578407567677313486228539242, 23791524428140731491101444175107599376490287122082346763572304521941886285424
63438934294949418401319596363720037466186369946966329994238933816899828942557, 58537461852119804485341357400765239280774056826452184773906714113133854203345
64006670910347143490478912484700283150989777578475402233423746126427041899132, 60656208335671496234428606528845113006784846863224351932105571622198751319155
4471905501951605026456519267090500327502047772177181216126165817434818395807, 45223647895238553039426136842126940902382348336968734129971988810346419016194
3123505730884595691860651992259751597094980581228504621027375448946827737506, 58508326166782986006692778859960240901063394343983122905292644653720254089124
15200413745971573394471900102898952647509925227557645330596571881407327399389, 31172195897516485657079840330385160261384040864991006656289515912628654587038
56653300230920460007251603386042074041916385984377232434060285584751794964978, 37147671150850814869650174710196379902277615043463949254425972006518791339040
33458476803871202863805785910191332629697516490874063424073085776511278357562, 29422650319275951220560521318356144717549974568455997351904927543009912502001
54568493306903852116622970415373217284702022769294315027665786769758407762830, 70285910809746912304207843049678023796752923316699388632563838010289392753101
49144248320875955745424801964211575213330253372986913852356966489634259512577, 39144590397450874542825532546475516582734838721939961403195247715896957794504
26270573796550517347193542160238907208645445153342534896850900531925038164709, 50024431605786093581539583372104381358323955899465433072838716291856617767277
730751595387058656094468291180001687421474243473849105730877733917185603841, 31435027842635345774021926178782014283759807835086539318649063268037383296810
13996967791217117314665114875195854129112506918616129876493468079805086796976, 13037018409745627621968802433852047791214172813617238279338755782121298720593
37794552495543770988388373715158324119983419430840474351510797843502886526414, 4809241698728982535225626673199095135517697969836788925752302865808353515286
57909868279162463267731577031671832418314823275456385760628517614848635973032, 74393617825796440182054910942035689038550910620726404299929899460413757626307
31664626744782269398313818495386325545781836156930426017047700344114424169677, 8136852750159524858006850106257440092856647849974729924212685541075456047243
44153214156395951821532350124998279752070548000976303464057094304895632037862, 51561331143104959527777807699644152883494558645010652590083669251910808307131
48750630628736985156201956406176623568553429582681094437607458809297323441387, 15006612858341742989514462221029211612136291758539357046290908490932556418499
31700345588663217062421201411696608015410986546592167375357175995977978107355, 69289246756890532509997349171425200683616237201927852600054516413715111248357
29479103184242554645165496554692765176580387094047593092353471766901287174098, 48981741773362623113982090066087262977116016884675192060249936688074062032314
67149228981193168576549239126066583891320686266050299236371289774649740700918, 66947811810261019383685650111265752428820314207306300972675057152677613972743
47843020553789987289246518160250350574902828268380318838893387975649063560429, 32651187335255736813815206618426909423050986848482616019119376377025469375626
67619549680268722101988680155392478565514519557870778757671075180577643782663, 57102906595482593681277442613530968475250019559796212701239492834693984132155
50948510418516456236763008246072016906396408899441390015725746070432618138947, 62969166979028729549023877159520544632794338045898807327606923149219412596293
12951469773510230084740179781819306606071977162124808015627060151634661172187, 34127803460362294002741558898089277535700550337237522407244022689107558328282
33787147325986133248164624854104603840821858424875134133390351677754232054707, 43614644353356255254071161447894587802386723808566042334578886933888024646189
2469190532304569140801198757085783083604372713269776360192631484631606014224, 8975628543013504521547031152609094699707574183518049080693975083824376184659
69431298812540159439263587824547356420492335773170576657831888883673686485469, 17374356487488146899978409993785905938718585282799932451825914474810037438547
64308012817146041692819433562482139765531905852605813657676510813527390962437, 62410448714719564508098343193995763194349098909761298479005791865107845786452
8574528851425343823883309076475513416579423424076652279141009103662286075832, 49176838576653926661399115802007262121896751367510689172912511214546971913582
72130679624941898869266526177534093679007862350772121451305751647484308254528, 53168292407378738553646037766843072037957574910176292911466890070386508378448
47286037548489411195172920867932472601374336221172843889767995403637180199087, 59517126632548044417241370789092979631027077373397357646497291863461815484155
13945929082984302351502680329291838399794576657996633025966590435310342431615, 27087513291635899115392988393704256269692156076406920123897300002051228017507
36772205112597141290680173341681388624571848745669758956236128884878761466478, 41433747463693473134080066264631121637945965334848602910768389288503977569578
12154470678328144963725279141082263458801410202942989060271032009899493658044, 67054755771287793056939802973521313485972645867762278974448123098598169156056
13623697604789507213967472241424144164455000160734585549498382985345413010799, 51454003119687233960595725785708204808356492525969107537138049224211531213015
23661485915255674831597556687143303976245905208975599914462438298711906288440, 68968698833264073522366025082101817193360389001064551014789955001249446855077
7027428123398585644975232228352909416733638022548695012054692007669639381640, 2399047793381353962116549692428349802264007516528570535876547121173324092283
16149152771623006527583885233580291013581056270831419842777504564093766427356, 51994741900884437535628811972072181612430431482249865033978811707757088090115
23813238224199545357441899017853690882424196224794886017636581766652607474650, 8955016538085271660406882149819223724479439272475266652256714073059444642875
20280899970847147895671333439942090149018666374753397538159571585647893546846, 26305524975606374872270791020102851081674473662136542358870251909255124498186
53587975946562734266732530237205417403596632583435908350147670298076615864797, 75500846160608061010840000686991656771080862442140851703830598200979265308719
14215215464201571667937927766513259609276445190068737145113209171023004929144, 42620212386051770963283177763269516751648842370849880824505255093642751696695
41595433860832688396912365636204662208844165154984277529260529120302117974664, 47998077105177149237730225892397191237986981097877520072476571464524008552150
29515138090854184382200402708156946310443322501754075202111035906806203155286, 67911750575753902388329298416563649868802688580019971509221051771078700434200
53247384644582051707166334750477230964056391141435301667953390331963548285345, 73198021013732591144111196877399596512801506885630539098379220930193847271357
16384410329517995379735121635150127406622897769111269401915258557439704831368, 74110260104525134090706070657842116775836024109096310355607130390914941088221
65752152183509654083504861100555181861979426831740554675194705088472257173882, 53824597872957238786760054895247317856606102380901946477782537411007198829698
14478606972780591617001773680338968295992578297319682943228840823185290660649, 16321761570127523955102872243486597190829956848055030318876985703119224414392
1741828383587932676190824285732420785804047882366557985084660132217962124313, 11444922584315478826206468367237043018554952079156037872825077449878039721369
24773007804154445169623100781587050107306086312437721014003771710054615684030, 50575235240735975991313551992297172544559769934092692115572252862439517829429
38350725087862934922433534644685919032658556837802219700245630887691487035136, 30291207971447672036229018104983711139702068182219174395916109810398240462429
35408687730256878253251586319378973469145758197327321726797712187678549189336, 55683177990384751912176294907403427686564445039587426592845327921753017241410
35102852490039973698776888353153108276216630612286461394977338586052534522537, 18203074527969282835350772074287119211630116773138574633541225135036979878005
76690614888004197105825747489918681824078742025607300719232146477545659621524, 45444877617008607633649607530870902663335116860038283135206684189302642265122
70310806617580309421922612656583649805735502421550222252746437317447063574529, 4349531694026734501101992881942258095239100182097952566446686634640858492728
10635810569991218386513133793237320562631100852136651519582638190441301553099, 66396651506175786067741822739202582719325554399770020319613996520486853962228
5172257675355720488392419389524740650853239728979160222387519621004389104332, 56256668865683905698829955994787357277061047982353335174907095468325120236675
45022625729586691290017057039464504282579181463823338307942894422479549172002, 20076889077321328986633593538181323780093617726735042654658032402109907512076
9634469336677570273239055252216924894078437865524504979074926394243096892960, 30504336868183801457350073170786236123158705117751400615841715868522001262404
20449262006899204518556647880067072572373869047604401571968049010149326186318, 28685026602714105038923848654023776057518529425415492727271717640516837130779
38879976053602924721222317734043379774644053004307638428083488966340882900702, 6707358320002788278264642647829220500591422949613211238357514326859980726839
4649040888737448206167041307074421651840836800432504552522623660559464319433, 2071699162252411206409796861991859867317182567700824985471954756126108265632
11565230231508290875168760657568104883099420514058137572776920271266113518459, 49044483714304156988649838410030805621423276052213376887494101841246256285567
22147360902093606018305143833993047926720186118764124961813976539011601697294, 73868887829742120996560999812308760654346909406566667785424938221840257779319
65039230806084172365121163759549012428008753888371476948957269202627894588662, 47455696080045840921904446422277454697779392926535034923202417085881870146743
26846655611009377233588091611989522016168097424738713424691154230874804718786, 65608360779422665344592545472485550833807984272837275065905949439372363589248
55526175928334090142098957464279114039419344358495129704465691761232795173554, 16773091893699367686520696780713290071573985242834590870274885057411335114754
9799236228034202155063423286065618756368761819242302109533459311077604333924, 34715834668918306166180825819076771624334503264739384879993235679956887174279
28337311247698548507077548789983387255716084015317407856864367875282014416569, 27471276399915628085624089783194225794155667130644113525809742167246676406777
4841874137383299023638572203348875322197961288563735564851330793464442306256, 64975721490391334993512261236689089597696370197077464327963023591354820427845
62085957323871230131167857440285919848850839977679946266232712507519288916548, 67397570239193522148031602057615410708605670513885064481962350263502112181051
15142479442949371290861885234363291136973526051416660571118298262710326419506, 4519311600980245207999442312953808941193848137954750122295326444419669345772
6466130066404016499696389237814879497020443438200952580318107361755627293653, 3813625026612743269320439718662104189584343005424734267138581350977587030570
64476355753335449433518741011973228284442969028146216210628750275290527835421, 65132713206228955627139105156426982608054612189855182641094613688191093466392
13876042742680436850429524584566135571584993576986710914533208283380355292287, 30022636862526446620368253339231020542936602686766079146686607960007792575474
5263742465804746252647420000579316762983311780262216280722920290471205016618, 48076721720218398780989405848455722982895240348248635790985638506496631272741
33890990727694655896568493551000658823870453301552167220157330778120453058924, 4736096608102850150515423814110095543401031662328312473597199542321254565279
11223690117890719360335227739864128189816482932429354633252710672286811308667, 45507848493098195834727623445409692255128376984544776781785391998863034548255
15040267816268679961235316394980880187086005627776666664946269400047547818337, 28176062431283413182579884110374881988504378860272174762130967294867954402191
46011927309871394777787848610894752166363338316576022436399507824703112851798, 72055058085816439848481610200994327461290540903435750223250831693732432032964
70944281723792532482767370845611144860778599452339486538870352427420048572946, 48092894225624468694143062316919040499530635947533955902698200142627818434456
23923249192957925629848400270451144053468352747095868372970606115843198992254, 34403295657514327368519198547552638379565558066118745234863776756232000023107
32164300853732161292198332506785566456660751354339153954130824988520146189503, 74506209447662124240003770725563406156552923252920312647151626455792146953938
20923192040213048483226511429716445991407363042192092446088121523660326606405, 63465756338386665547227617263853682903134363579132448636624234310491312505819
1872049179481842000029891367112020712427237319563109563453328333332235830773, 66858411360385871506913495355269815095169536461214871948975637369513710334238
19384320991280409613208055790328125650054673130392928054194924308553709253871, 29766531933152658872334448465867038754640714224067042895232080290324202138446
35736590461351458457800342574203427442731990121817515446525108280572622951701, 44867746565350890979478596068932363564405240290226184814406742627572984531201
13912986489443849153729747861942936625291438781278630443734859967151478427166, 66176391193261148252501607826969392373419844261095041048467377939873776563525
35636164283046823453001303961589528671107278020208098026391710770110198612014, 21903497325831332884039228056573530756246044406186351048225864947861177356795
54468945263041661772972335948007405174626080732804651153370950498147006042804, 5432345417781557113511673971718411042037651751802572592393250661420211922586
3853096750502375031971214828517275002798639032396939051806737349988761354119, 58363785932849934375436220659987482106603570954872815251477898853158640245748
8698011885202559021558463314415148036688443998912353387959993509132992675492, 42332371847451136878339539302170473234735969220539774887052475078005386550996
36191865780799994122264362176080749733279554534329476255358722704515695926080, 26927090429417348570787593634746996657603544648568437671195956516269492499610
21080212444919391536017561827564143177252892732549833703500133713542352084290, 70484673693138623543782851379746861020490374452423472679101110558536670857460
71990713187637806872154823129977370971032645724185171133125991726393420201482, 37282819961498403366726711169339538060059095958223713096434268136425783062136
5555149515187695372478015252576191338445343787583772661014611658225478251391, 70797840396001088801724889608289206787510998113413601819378229019053720973540
1256932839449698296330974329256197698188614940481407389146483662335153650533, 52350270048694892037600225724146128928040405390075900789795277629304091250044
50041155631691865356803505208821458087872353141552853313035345852867079973000, 60479173794231498095657347017747432850579284511440017816204057973160156509545
8613804407475078455315210727871945718507622970294940249001942211715644667470, 74981177668511995674768138780890266403336671653420997064657932988589383141814
49274395816807340192979356850615547412675665725266169422663797750517862002486, 18369346716650627395471190157510582802284495189615323175908991363380493725150
33964328620300694770802579800102608079871087649431138145507849705744074017368, 38459313991511117716360388327251663097239971021637921026272084419721239384796
17856226657400024081490525381193556605424100364613361734013820583228463851311, 34761102027612013393996783454315774514601092851342376818914740971542513775853
34481539929822990072779048400258553051727109910445721786694195752324790877045, 27957276622770949444841881325216419198902946288625152873016336021695032536303
4282989364646187338060138936516076564251352537465575895331394964045706884076, 60734163496653200117777827815364763495895187340651537027177915475564408656388
48931892867841947668009913376487286481663197525815624493337210460717815512194, 16356431620507701332695715610938384217115322724787183182275901928654382098412
4657088381050069439653965583493671657142163449380521814025643530894933455047, 26422794414382826077356642511179978891829115339951305729805775748360101074777
14635972164604390939113347210856796820490808314554239748822346279216661676750, 25216959734987161592954533495156554637421442657840813536513113275946251003752
72141209127123337525610325237299921780122220202685242692193291263586683228285, 65206762683248484346173913018228781083430188468043540630507377633086659857155
11542320076034572212687922994564543920475232923581431669955285396543621197440, 14668737117512804441620786402268701913797902271097745983952016444689362447028
73841483101476948122318089797671295968995445108631645592021294382726865933994, 4907159524036462732900267177208654714633310926173294249192170306879683145008
22349757804993243277357562637744397342996623664692424099339855435784222528551, 28132791399639498822712410701657640386951220449643564257964840255455683282104
61077267810962818818400460025647828225997009400152583864473252379463179216663, 43698312008409487012933919857871150989471932718322829410870657014001904343488
47569086114935746537416904118240743618131602434241579262488411362384799766339, 16900051917278588881136184761919404240022236870136062989169691688548942555083
47358655667323450320515340478938187610416115994139972397980833217437687524888, 32737680775018628747997780430847173908892225742313896750503337364160372690875
45577613249362543029835616670702200547897151190305319599371826808064600552584, 18379998415420365274397590096231316804466969333091256809816529764053134976642
24565323577925997298874212446736185839295651505610754951852112373036115231549, 9957703612945819909407580745831719230504706005332759886455098780502609399503
8838786347359502781392864601928073976507706715296503042841881263393126842633, 55567727300228653757866298775729673214285531569271475973316376521949970879655
70885976197322063247259584433402397977511382012531831334964995041681586334843, 20214584012001942257815064864868716314462809126143347590605404711353343000833
73153400796321268938173862218898780801758236765939988484444373543083872566187, 46931665871907123661818058793497588445642989909268790039790549651085858800213
1712871316902987668050881416318848109452404036403885811195510400973858041931, 2289527827715023659626603739358204862170109372700189136519081655541753208414
76435606037573371943500045714972821899465096188077380745211529438578360899522, 32314304513274940853711327267590483017456716301291305782870828347757293425949
65778262396014432067876966489353651015963566227809791002328746276425713910188, 21131642572549894427858800557321647168494404235995765104921432914086167100152
61216518132262338826074240914307953485389565014988437166941782818777464623215, 9278297735997672456968941377741762499853047132814079219651844025919219209064
996615473811467591550827155138663370169160208201900908848778842683882768875, 4680538651092524643516213814906281557742971260423243273169377506443474305783
29571214528768319634276072097316162679025004339752917703463114481686414568723, 41417336195441914808281627239115330789625339342385071703176266841821406214156
20082129809421955845940140492260900623619442039172441225636545764969360963431, 75177454390750426607318866354982113565971463760777686832727082068143953592493
60041723864476379361399734475216539010131069101421087601476921750541501815873, 32950708238843183993931810911713369643138466306734766809357249187231195524706
75500983052988243419000150720691171473863342605775136448332721728286010465117, 30711534782257795187912923383109848798000800889621442030285033448658781906374
34099875968709506005630220516637410576991762966076864065162420732959561559355, 16177393604955142973494250874760781866607770017340571717484183417465428837512
22598840604082596355330953859357854106577491805884233718704016898514315159294, 41806280587930921219318900881068566369877193166895005002584406467336824222014
29389440883147956646984827847476614793091664539201745999490968410437050426414, 62916137305854656991978810001746375875889942971032567659903437191991829303923
76755564698909568695867516983450029103323714440777970638596026025761077343715, 44049413187585798174516834897055455600805505938305572378897468922033874990745
76118237160830565683934632379121626782601464238510732584819462072506778380831, 46617802203277679888704380254880948765794936386713003813729887193575442725889
66275989012609570286970655252425658011584364716208877122454892811405640297951, 19325557458721181380045766848787259878867552920747029108031181641839888088480
41745095270751348268082852625483189599664168812947443402602400726442833845537, 6759672987239671797238504893513041307886405483453661138767577406838139901895
22140029965561082125802535398114130918060237203677003540676878743495289771494, 8701304226887221611177218716686177570596395110046828763432023389542747522393
21067161081319135699522887919176993853856287398226177860614360546420227837481, 47196019198727659020220933971143569209485408538153764730725401760695032811307
58831469379679422617703352795119062409168198315750879575865384743159925251097, 65087967561449494418023245389343232538664282375837156593022827171076090092829
22263884213885016603290256231927610296121874674190850651965064871343140970467, 18477556797889885697143090687842730515441148945002924090341075841938771809499
59587570232529220707351006323197417937206815503463564248431772297035209630534, 9158483081548151256280425384647804800746527698490977387267116162628376162632
23268280665938744536046380177447449137985571624919860698264927623673468579855, 54963211346368807375588550025985457986652581096299696128901083873039739986154
46164304808483286040179880895390054697905831034597288475702378305626769770622, 68354477512038654339678769189406371830423405622059166862761874287448394150761
40534803063385467574424632642525470527450392921957875440271132318004179857462, 1529616204354120362512482458262151130097073211726868353761293078304128535947
1064461790035613301063512590833170575738231963872624561174408140104790738882, 17894149902402418436062782582122606226650605315318378755863154508382511942232
26795390664231290378605651530059981512984975574617670989621373021693056578735, 75319341962911871170881328604142430193384419843847755769378541925490152751639
42079357595856054446980151451364131219188290326787284880588620841824465089755, 64074163381701760328670356673408511963874878986753353280071542820513799576054
16053011251751194687553422245077757233041370653232491724886104748972969791312, 20174470587046907570149553167805517465622573541908019535640770282745579307061
33085651882122768375570795986346558575773876957216112759765806613500204778449, 22685592208471540373941143711637603815839827674436272966120316803369692992759
27074100319576984358378081828896991866120828904872300976527208715637365387486, 55509208534988325497737905904231848562748542195262414793445723753775545942794
53534904900784051003268662453651400961958825728809125431309612607063324174052, 1002316421859106856425006840810021244559217582553103671817845895724513069127
2884286886644046042711752829107789080720180441490624568493178795062869747113, 16695718225331722115730663655343488038335222245744645000699238975351947118851
35155263600792847739069439517357157989329785263061581427020398483168273195025, 22547719080113975291775125818861805926849729421217290354418724398556531599632
23120663842966652545254151926939386849063407523895801097256741744995198525511, 33614720500224853083642649588459203466216255094412608966422214732873016081074
12703140670116614041488081702317790864692030926242704682107750544207426863357, 64107283972507810216997321317208745938002790877085555479223190804752516271525
65227815145745606552074871976624414748763487508910850132206698529262974111657, 38151395468202102020360920876013432763808403281353742508172254383068847106122
3188855670633269113087381914773257084157056621888765316316875725464188751884, 34728800100239695393240902252651251354554623958823921349608157229677464225592
32692463554103317892371489715515207519614510666599003591828253622360403329622, 12308976807742413544307139252528565600931054638876668101086340991521275599549
34330186222385505854581998238778862498830756712431337617473685660476943081043, 16655609119954492903465323758664385441613154330803055151188124400181953315190
76872598589496394079492724633825392934752927307236219391613368230100395525718, 32252905966207634368294295457054804995979301961009994754496603755484955457642
23498787596643712660948169561496853271432507374161158344095989085461206244771, 53127549434741265840452092801813719895346238318289334743228455195132609588605
45862820193440384220952191037049449728348846836009219636174891424859314509631, 29026697385023971153877210517392496224381628318702687947409218793339407714893
70971944272307709966557097835071525183952453103446851017579589845881940985487, 41541662559923359848276613674623181318996542480457338566971558347469597522999
15896271221474686355209077544138252490959848267532711021827561814990730862245, 24722442577796478768818381281695865151325169943388507759623486334566365376490
18272616220141081026948540097199140130953848777236154476008645264654730049472, 71440795977608713226438240916551177352900927638520283863015965258787483819750
51218165587375896865889715284701613173546428103900062573850235479891214507585, 4703806799342845892622765218520602179987327455313527948030194522343715812272
16784724701028964491769077054247225550594963796394485933311076653276430602703, 51323194718823227745797906941937381166643341363960576802251244565912690576584
37034171202354934449022064698840588895708828520115918693812809962827536724945, 75285718587536308203051713931377171493631456497089862453940952873826290924764
60626900447189558916382480662634775086085375119216747994837399880339440483012, 66940618356319570000266486362743985392383828914896509350442143365048904975399
2001900909700270273421066171603981940661875335995191181267282655871812226296, 16982219967027586487184749207873336221014958676227940931618834937543031375672
75760506078649546065855948942238883810426196604987055035300109792109778778745, 8809787473820273260177955813143682045953656656695843271182235960269769516634
71008179067574213351188097632664254919433405444019307149811109206770635347786, 67737159861967016101683455447092631721894357029861281950118925670563692490978
37649532791314314963353691685671212249192904897913530833770797017666770876049, 45851168775946427057886103311674983446722867211931812929727895759626692587543
29122237502624980940669355342470361662511906607528515304842332128694628110264, 28032603886494170581978929873700767375970548986810468226501924844019529202060
24219481031036212110137943813941096937671062701889173358880920601263093950002, 26601100091492952467095221295359309765307269299505914252174770582242408088621
75715700025112256926603014544670513266162403099280254910087704828322928701492, 26010008432583475400008064877353696351358022815367845138902632297967020521916
30474423517002516797566772689341677033243582298179351764570674644682825382083, 31447877388384740629933590004455181536898415523869285193183878091946782869218
16254493380945489016343895479311948653812795544314264580016127275961125704601, 28508271644475272020891217261967000873664923971162811514312144469341256727393
60937746673769225048357116261672201567789613628970221569170197525756811546837, 46912967593951924251467732012418213900972180454741439299123175933873714083343
62966000677601471913645682907580207219752409457186663089084355700186650541322, 58345827027517791391889522730432794567685605708853600784959645845934808637081
47517821408656018020735441416352629548374748140011554055486458193508691182605, 44449460392826064224949240084108682669504157846287426844894021500287334218304
55219895864582843551267995922213513425844665285608204412741570600998448405399, 7525058434321275498501950701573789693839535916608796662820250686822336382523
10775486260668864938616345021699103528505450160377712995104552436687159878664, 74278128218364625042714649558271235477697724856844665992448349113564645593721
47847552556151228983297636817468048532817712941302066646680991755538474409690, 54235318538309876757465095052388812949011379985263622348616076513751975667510
36020549838701600547366439836637107547987456380850933318697753101030441973729, 27291381311944740122088809476214767712197391833459046805399364992476192415459
43160584291653273918158948122100581068126082765693359423775938267107104238069, 47521287738465894090141966385638423164954397777067205423773746087280885102246
63315032928417683445125017402344600679273420069606175048603372062782456667226, 2555810739239440078203898924205653956111440314853423522120893409186874647973
53369760315780644938272745684929183957070128053545570447766331694041144952767, 32366706533267481893073033782901628918870052908249277423904600582782232215952
74272610947001798711853175821604620568866171242595463910314176163088308790506, 45571466412123689998461925174650234630876674370986012978995429943529426998741
18517165092433054277178821163476897992800726926488219960267328397217694730981, 44278371423928252665705175044698623397876712543825865806897328915052313505601
4252737304928423553495530918704189717975292411136370631579805796280011996230, 43658809141991414374608195141139600086623967872634175910592952879526392513215
53498685468402209182502574539947677305362953098132084348340237927413513269624, 59782724887646545712506822962932478320662428861729026789395958040853990777105
40542765680356725818129662475476594944245624696820750047121845970191931100413, 61227790316294373281450500911680220871519804070413820743444466748499229384881
17470390932538521760078201574278657534206617834462884105259989544874804194710, 64401471416511224824580723093524497908176434423902486892803532529233332202748
36454881391388998310711719681619411250847541303831818957315017566727959818282, 25409186721491643982774428574348094519508422925041935888320836928502078659560
69291754851395768547213912684649405632584338831034645445482075824403704683639, 43573309127950638502220123573037654812988429081441018422684855870225403386721
29514013732946177661378106337978092936186269129748584917947340784057256323022, 66887122982059268072675655975866736448619105445102562990368453105367943161108
23785619402772527567362763162108038213626711591411651791621303084879808020175, 65105858490124009892891898670009542994790115837649970855304088106707840144467
53037118628225811902633239282916131063912559728547293613436621790907022317245, 64842704475987607766378277013519770162411444844081570845787257309741458893988
51175922671286468130009521526170989602592989866925381681231141285515990216665, 5452164582737804061995871305162485627111522790530652196419502853727213452619
1934663507538897443126900236073164094569586794394146307190191397887938807879, 30273467051872361158117330950549111324005417843442004611205216174561274282868
17333152053185316822480398721136254332662784831029454490466933588409696836675, 17272155640725020053202766295613698265612622287742593410393705215583332546403
49263006459858006690594420987454281392709118144051397042160211204823843155103, 4915104932836695037204133373109526080128182668821182448112158535550924353410
950926746012026790277537720386151295962200964436486269307615168736219401476, 2740671589401028954126681705505448845002019979320730415502780181350406940885
15674611836397347373501229362605265772505425550513417277493845469826675712616, 226379775997394331929940885041479810088507887729462970161867979387915685644
72716356424898151407750648076787150803656530802905056391637454751316245037299, 18645527404665902007043871497835490801726957220934072726333617165020187884133
4414823467301433593921204090077500399948033683593450489524951699659955172765, 10573508646344351989765750017437464616937315050622568798675491337251275814587
44657178509409084049394732439990127176112832293922517674918803291673329720885, 75850396867343683635405335977274968667535630630722904270578931363141045726328
6296777982063096246805116100434936312944490920424119885616542207002787767419, 6458093620610701195719468179809129329013458984767892575774265028609050891867
26780218171477158138881278918682161968087801158669440702273835887474216611780, 64020808618165839050906869684073269985690384641999461788665541491853392749559
69941828715038017711426038364392447373742696593194577443606295566768753125850, 984259522864568881825932313172502769269008746746209409119642724046519513796
337028346966038236927612700496438710029631264416879538052521869172669231465, 64858643334945324624694812683584703407372489171092559657510053728801009199498
52192207317664083852260617440361268541508011988127532740659538295183733806984, 47123589933304811881794267326802925956034669988362564872505195605648704123819
37535851715008095347368607943179726307410970069309849165583583791387768239048, 2680483437765958264188147543514253156153261531352406003308969738152732198147
21950753352802794552432306656966808336358583684153924902735720625812334624786, 33355211645662897525773792030188277330733458884826229294765782486239715222012
59314490470992249513804783562543937091646428625017609353153561570947014792771, 7050483849326182836481542442107604129392293000329324733172456038560633943249
2941045728380751828311206805723106952328496493205235078559551798506220997882, 50527942695461722023973925417980340563355296137688028865486844380574308142281
45322022568204799686536481280341664410035463026526011537740857182903136387351, 2553289949393961613865943306604776317249147477896388569883478701325391236667
51722284347124403392061537790241950766020808371334033303626276135440270513173, 45918087480598584522658114096053792125248118905846423827055824495405748343582
10302620511875345224092714608260085361583177950805894809439034314425558739896, 9581081470281341900579349851245860761758310433913363086445954625074885473298
73031684296131183934059650853434885383891378494944415506347620872819567884144, 60015389258795260652525149582061601653248235074781060693376514018939613405155
30424979200455011514641958669957237294527730838314676837130913790414860553949, 39961996726700582572517187980661867992692221413837660627710860138532937715892
38786056963372079108307129772377656959435125871179828243738671100893636877736, 46142111377997831241142341520107469917529919896463033268951676385680548058638
15513879186691850579246807191991049125304486623067110372407690157739184511029, 54290027010380899351898607726881246045781105710125810906345814082955366631051
46392426946649837147613782295102636213421700655796253111056605382735763725266, 66259662342519163667931226071305984450565367881542202557275348000097587805632
42585199736482672547115398614649927430595975715029032192705026056790719297530, 74956721293848969497264478646331318896043561096424067212541722312087722378194
45117920326839695877754334157623278452034381995448435417835796313045080934114, 6028227049490936982029791831732483605954208912912275990322704404730044856860
71537915769026318357914888580569484292221731880144871538523182798439320496524, 54119922425588775356595737976936974367728094957319844744652768464448506503081
3472786589575975192766532425929522183652458289421279193639828914511382852746, 59538827220314367819360843721845808179709483183172199198013506065386186861785
51000328617686413457903025925036830192077430112495956838230677662105263654693, 41148014936183906742839543627852141710456635529737739373837091699517119170098
30277857453685140583770400447186020072433266189519144446265480591735135080755, 49880912689586051237903690094246755635044978735010529250123809427486676903468
23880496544288961614012987687479089828354143033216304080086165535014021971068, 15630729442415556254709806389564831425248699886158078840958538294879723234757
23034180100148833061494147975295772594813818061322767864102597786734559445161, 17441684495661722895703314577174118615993238328689643087222051065509398972560
27804061873555740729178016402964963274059440854461551355409020926211468860329, 74484504545068301101549319344413280361313468817067957550673013216125149670344
50783498441830990166240707894977181412781352880166828047154227662690833246983, 55793433663685336693396073363177976863132331707891509581493731534821956164155
24404014600079235241210461567398782551688823575008784169876945430936949070321, 69352090772797722154891486471466182317235096569326226858988031352001494930116
70959589462653439093077403107428720591812806581182021489495821203295327447136, 49000108656829337230966669246869964568660406609361434955071222063179090754138
35579994435091860842131878113705918199584039344599492794326298195391483423219, 5421923233537520574683212831032922813986779932877392586243122028661908234023
37597211429784777330913354622668232366331375011394222171560765951779688753729, 66520643096580898370352092039237115789197091875737184917364962443488948505880
39035530836669514753280682116331370349689292998822651161083548488960599379438, 35858395431271182719935989007846994182792929551439128096656846908260526517044
27714069039102791112909225074685125334337954739609824639556737479493160640876, 63853391623323893117643861260234574042285729698298430296760698975719066388538
15987208175587130260493134568729164768957013864378798449089023265445062874629, 46407828566752514360921363927841431498459323700684318861590516265659976819995
65929441163897129176507140621502847865710320884948779763857546415019816847232, 41527103479434188795702833343286542462008669923140023774001242457370997692130
16458782269443579728471214384568755487359301550801710533493561282722438691372, 30311809547679094124768693729383377032271979631711533069773740056455007401510
41811869364599122021189364353120899495019398215221815552354170196743329617564, 62206297760933659536719519230454798239765124286235666952922544725956212979636
56025190159276488129531717520711434005551320752338338770592503835635248915004, 71421306732146742181694522133590039541191013675835932265484366393370824699336
6182740187202528184770884486193752198153400614593993663498889289271215965501, 9305739816836560740885235190576022129738655482136368522299388237764560492057
1309915830645656001097733538107597020478595929085321587504170193487080701941, 33790191909260254964917032032925370446185865638058803631554563445065502071194
20354211702459191270545075812666434607817287673678069142967022777449792868574, 7689977821757995124208141120287097981679467555013134900739366168109560925894
54366198364980942336458162013630679600413132993187656771270465564086774282184, 37406003377447073566300902784773767543484842992468528659356407764975576321806
53053557871203324885091429011940931486349442529002363479790312417109978463967, 22286011782208180143853236676601247391563017041162998201375477730755996674858
71406875843781364586309787179322782791720602171148443516192419790916925896386, 74888096917360370102995427035222872002577218674412857409848222547023083799014
70488105614009520939668189478392167538432403943369188236846047165198256418537, 54353453680877362435471337031245562765450891653116894789024882415210302182767
56875274688811625011949678945861723581718952894263849940166939396440140219285, 39090744609030739385618902749199940306127485442135264736991952108589781989010
72124719893628049043004693519523790326180123695936147876627814039460411961270, 39802576542489515468836086099235408986613538308367542900946746717332581035009
18066264811892875829903578606790613739028057378548466858697415139587254334824, 18645747150507758118647540386375723831568703496302383130559971501058649724214
57991635565692481245874227658793352219212686616379920654984852920287554227569, 45073897056754939429120117398984083958908080546711073730904297699262601738085
10239643323842418417544100149946646301775638793367483969385424660140683311543, 48522816235192426216167221495255929283284139506925134525572197117362595063705
12737274295097027266709446963080287780078041129793708571310403032802888013915, 37036687652296948278864842152103856655534989711239950703317247947604198033176
66880224509204968012267214733874183729941530669486813080063131642822479312211, 76694442294276803313510951616539949526011333207760541247391311759060222502458
21500288716228223725562464970356175423941260592601561129269058832012935188749, 30468600010329223478520389395997760933491930326781127921452786756106555197921
35237781129280192951344295388485361025755632887756378793689636540543747520520, 66303086576490377233173203737116390955962897248396571647429373276726474735043
21492610999357943900514070335612028803857364743673426535658181303194388968505, 18236635545676706455406701029928212632935091965860922792244120183647788388392
41675286011542361022285235574142571420044721784434333667111336313714284821407, 76629372285806600247637964634950853506882706972641584299306125816025939102444
43358360526647072009902904519310661011778577246372505522778635625548359154252, 28366172489767141295978414387073151283299247342187624347849522685645381597622
20324340950734353022286566673907933789745699166240204553147544023616377330307, 34333171955713693153271180573707307792899902779326157524133981097067718965162
19699623668166688720801540998687904075236562735878721166307891796940363772153, 23073972128125351219827184481010257285597677461268667173604332547047632354728
36498556756581768292808701059329003084972738098797180870467561957581974828746, 33566117176021656079429155544097391123074213245889599031571003156299060513333
64549199156687781477204255319139308605538905100315706806672500554681011673683, 3719132329683001327932017305223857822530846507033399767458413211254586008755
75557708791309908822421828519600673042537893969660587641875278012148962725602, 40053836228728446784646069526736045196592572836640910685246335102095173466033
69641036432979497097198215327795169482945064129793646311307994667124597224417, 61249190360140035919830387326112748491358266564688014885827283725914617295153
34222811876197801328926906348132557261216449151695182787237084634662737347143, 47871068493576215297300522555748031132174946833252200334801382119038746475645
69327276632998566513688829357657457569215058429641973060423729908323459265652, 48935233754798676283737850759884056427636550470767193694051999922021315671840
44653920708067498338509807909053245175086515956209024260336734874089964046928, 64422688010930420960616127067235244445431522776903836748074209251210012464941
15655732613929244387746961322884062513296650883523118196387133612502731656818, 46190893587648587584723033947670054363327581017442656532857635133184739880052
36891420818932989172934160932781372119609133805067859531541261934542811185556, 68905133385705521421759369462278059572624599334338426286995163172927931527109
4584190638975969246361098336306524913540276301165552576621697065345300790918, 70177699400908521521444382204375631207214334778314022145415277648689933481731
5118445981253136911747597834363144594074523393510105446205265047583447684257, 13449521773644034789792331727767816045386171124375758909520353306171298108484
45418263041227969405671093472175652659217067758384841977363839143198764833993, 6498440858704795704543391544084891395402062703867827034460844539330896565431
18481541009839822097510003262419116901066364442127686563237520550431961419155, 25469582310892944735200150022915131199318162381773481265578414495363380019195
53836372871559177050956485631340996363307919891210936129238536067295401566985, 32844480472030368637649508505171018977908756618131906503816208205124430823564
12505319280154970416077255580045141966481288896340321982164426387471703946357, 33573958673736734748278225344992093651367834332711101307572279907025335860700
28683253729305267675334362592504846828222096092563333817903140177921748877775, 11231488649925431526695070886840937957474829887527975568078345271134016389738
56248902367753235821172056964617201629563831768942760737776427388083680412774, 18447771117053769570017326317459284872994359225513849852682542069779488939257
1599613259989207914419972768044115374566203243334431595843981170839679972791, 72347637673629539964633524902542254830745980239244239574780829079898775358231
36038350859820569064213744833820754038981448489183702724114845535207467436007, 33152633419264609460651029209088315596294698367440930183983690570536002157774
30385219900463617693094993928637309903406735663264882750575201540344451980959, 36390954247292251480800910832975553247012682379057960117616462116908535354970
69570479161539905242134398974131542447686601949197458235030931914142317593405, 35735055802522468271765541642635543333015173145749561662254334389099801855611
920690977840667476135688611324668992746465913657603502845180110054644499531, 54361390249858010600627425173926261126704622446158079453102742325538971735069
47559574945333196911737339152687588806462753847751142030955997905593166548339, 58739550096913567409646893797061626418726498035176210890004614920630648561404
47956303582533356842655638372952232395005676819854727567938782706538793377750, 13047865346911295313086368828456386047660924884179492226809282245189148885995
28061036179381743104617091669411866900871983293676962377122485127606180762114, 41657049050527762868542357979387252800137569744469742858735044822784440538084
14725270052216387423611796427888611060762177737409056046232148437638483964758, 58164487581184262824395150163550688519528512688404120672806545821182699110593
768570099183978643755102484872193593482634903504870952466919665256345905141, 48246858098517673430670251204080839348015109719364339434810292591400591681298
46862502580715412694749276179706076139140446279396427941757059806455860009734, 8354785297338545881982343255116294720087479183056608082839516750752678335654
33960921485900705369524557936210451885740150436296310262285249315231424738213, 24129608478947861074415657515393646410759103175244251265711048710873148442144
48244087998151466061135880277906928871960356640038979400123657272236351621743, 58121069365094990181329611675071666568171078947862091104677029419542218396662
74407295236208095707244929546410260511336078578795648782947448007817549002833, 66234426949240648354829663813964321705383528112908900679181154762088465155629
908058556053861500954790665316255718695263771431700704386978778036451696170, 13469748582542036183575929898812142489240527708843100049937374460904045708781
50010113194844172881848751235085099825655605908022893649924999914869424226910, 8552013958123823972450716296912804783788161275077738113462766408511440599794
29566222507349954744473911000195031455960912100265472070297518123361632583958, 52715337201192512351944324322851159382175826804350824176395603029369984008767
76218907620765004068641059762231864459605168636365419789588541836103517805350, 56811032057258543008266676520381733604145777645221876851760558565872796850766
7481016841965901164246941834475520852793508980625142871627721726193893917567, 32374914669733238443520877970361361601655540926493973689275204351659155324032
5855519452508229965122664911882993941177980770233467801711553773999263449371, 1089863704305627160046116951379090351426229400986139005822454102506270891718
46595008890674792488409614183453390917087286931269528277956522081197238494483, 74084684387069896526075053517223154222882789212849449157460145418224182189423
35329006366486509804187263413554729401703520776626642221783255455699202540032, 68898181238840455897164889061106956325161416417364079772447688725140646467726
3353538568629832549504029736783765970385872659574496436737679973333472207702, 26934792048440575359481994925718724987207422712232128091276606632348367754510
52643571115314606831696256925020053267805260516285711785347126844285881321323, 9389683409714864455797255787849870898772720013838291987800026128807675331477
38219517683193288240865230161329239679952269357420096733724428842600419417450, 8981301838774473640863465229694355230259668602778777329073926305109412857933
48037881865166842132461601480212029100482507670899997638943031457785172426857, 54781635369640333209779750789747434539648081695826011692098992004771311079918
57818927679448305666243372417674405783920618388330193478510043277426509016079, 61915129801254946709440763859294528177954135090322019231017170896199274924329
40465829535463289671332794474584901540957790980343023632455966039064855063441, 6471898751017206158865319148363086828859456394089764091065809588369631197920
54898894753027098392800588824602037917760230460433577595619569885402962360400, 44902094150913665475063509698218761116898078591612767797526432059166712975666
53645405512391844169154013935833281929338503312182195869583324486276331322290, 56321501370757234853931136141556012973489246638548656779615270510602260323695
41161898004815046723504310235539033911206909511180961615746649465190175946943, 14133709273635276427230813034225039467718063128720664643668694951186540657526
24780362405864907616389731586410772194585525844908351469599330300715576731229, 64775286684045345429183429901117469895222725856286098365584566564452581767776
35522036445544786900428541583834543604277385308686535384262381936080152021349, 65775378999132776487850034329181792580703955323894794617830689200211826490554
15929295348618531850065343047920006011341404021210013940718300163162114024187, 7394863314406441469276993344962096571516802500476188619224659516374699549185
27291485510604486792906847279033674309302137576864498529219488227430182953750, 25848591712739736797304802281759446899267990650929308910125496911176258150427
38419573754116798456142652547128445026430757121336633025050047652104594402738, 21718363374156929837122810127788389653224445525509610540880550494491329996905
50635612045734550994035514926300141205372012352848473456090333022893978630459, 26977056204560378277640359727672330399943901279878707598997651427971313395896
44937578063163557532968825995939186755567595115878261796939632057756370716878, 63517173149363996412299440380972193659944454367345706537624241719442779187272
22373472191410995725033489875341092293516281139238199024611964368541982411107, 14981059940635478152523892174103958127306905462583581082004944862850111214069
48929961006564020135961575806691074477747610701760697575911115845321635103480, 36124055054569643349963205120929081823536879549914311727979772133071702165372
35750924150134566334867990277689366781919158870962846130215385266720620582979, 65067057908549747342584298753458334038149079932846807248497695039287188200283
49159847579933107579678853820996692279369965590982387687601521387052227075087, 61712922634565245572938218130623289801319631498045548713874646980994021516129
19223996019113024634707921169328653086439485517947916367702374389856330082142, 23229630496062588513465402704258002395198123369198447993137526306501711111903
68229405581065670749494741341195039520066322096982495649050514836913463772649, 21088442235912586041251762485366909722443592621052481720293256051408110723252
26225347289237550014504222781139927282653046060503296075582179617897238270217, 44450669371638180589488007166293016452332763339469758048143497772040522232764
16924860598041608620672558237807496594671838717148939386629609767423310764573, 471556237501511541323644637457451172555589118488790918478534380156138243981
27158147278633644921376237897752346800815166975711458509550260596241979132833, 24849008727300326493658804995267852095462844002826181498812104744109397614872
19887258391331894384072193356501989157197139367587125417569095562353478976508, 25108629839298430544891201421830525685257512343956392402885271170418035581661
32399685951450291608343466940246369177875891947161292206335913746492016735689, 19127999592394869648152054912571547190415729087942962321899274580013094476698
14712941197549697493140295695909162274643689706541183763182047941917635064931, 8017754012789422316595066229614417129239901198668862967962644755279469560589
65329683698232437259954216526162130555423295101451745646529910049778989609373, 7247548160227587606941311077350365313140363555983700571974749771637446077752
4264372218926273075601622350359756136262931790451592217972938613059876815083, 19665816439047056453664312608896645635593003764102951942082419069777595681233
2548645390598712077776555701893304935438773898122609094843370383233147112806, 68168649912800474637782159798501826424179275092376318578151987562493713338096
27422871831990840914021221690545537910735585489952996355265880961936209390211, 15886238581497424625348611238832606278806806255908966144178264255166455626871
65443174715616633850942300434047267971047796336127753367706960152418996919453, 9416222891102733092551725892844439191653671419574901806231296780329301084292
54710310000364437118552988330856420016830880412851583765537856607452363816457, 25551632445916007228060733099886501896308939310491012590845316607851668047560
53692897211488494135063906533173765409143281191267619922236841420333320647967, 25599776870085640685695870786463333039315028674773615533148434276697093237206
11319452364985222266488582211028786799427960776224187502794591400634298757834, 66654922569961222855735918077351027317208138358126004468154243658569521803822
67102041485495932133484707828594858592741723784744302351469103886373874372890, 58514396752273749639208917459720174484187857829983096972476826626902202316794
39170721911837643826333477307434731083421525048354326110271090237561832579763, 8952703585782170494604769675772070003913927140140793849607385050611882177132
63059744939031016295324773814855336957093261892536822065038483142534467190577, 11520367258744459438415765872480030666207137028891597250134043562788355410964
62310648950490285038464835766563548241026121693226794281621222264607064146388, 4593593750944498629296904903609779031681315339370972156471493401158795521352
36345829843851759411348133755431557171848830398697867329692322607976350239837, 46115564522135054555158332159376567807693869528473508739217642895925440271498
10696373537767658024916181440879421580130198459957930077546877199499529705657, 56465560277457582608113735842328136669902230718719490341185201660921703794233
2926948496673857065044445935620793159103132957562002613363952165174186688265, 62311409177830568225749165820462344246250088756226986084297164889521375515976
75851223153120355906889187170293163053021879296758033445286180741348095494860, 21778899041254493326087857090546640446473790764865849434653412471547454388409
11458815506991058181669416731430300613009822607259746408807503068189378041913, 4760692011481990241852603659049814853510310095769452838254122981465096323218
8928740931208573432090003327245973662694296711769099630861472389884865175212, 14073908041912590026957965874697446813860963065209585748383755137637470417140
35571968766540111008963684006086676486756661234993970503481908620723579834507, 5562766951917569719595122323133291571280152776705685653120282921659049038270
19304076595187910412087324123083510850379430204869957552351282641769810633126, 65152928382086277725048131187605999610037264913374409206838188344349168719188
76654070026016492247658223632638466152613235639634633165223045367495457297705, 68732820633771977451211317991073571580120282814511094748848492133775110305755
55231675631400823937009735768940689797647676923545507546524386367723450542750, 25219054912160510008216411934152551990576464185995539795641806375318775466023
14500689540164912411062870794168996501529385540036347938421517210283701299038, 64164619087384156867613684473988083653859792089451928927032384244302216123865
55185476738946260409343307498444166807835210066759743709320953345351774798486, 46451786465165657729891267032884849507921154098642610813008093782700853383258
76436463156795384896598248839898677968092011582824833685636452108309639560389, 3880295501246831348985885161132888876157051908375128983788383326668806375558
32004331335933631377991351013460990273186847685854342404941063874382973809363, 62173257412880950167003383545630852732673901007942726492583274107815726264312
9702473260057733663698087222903276687681394380037799408093992532475768517330, 44646732031371340532372228375493670618538697418881895733129530964552021308103
8968335412340639515495616251934997509271615770861475382180292455740964237112, 38307683469293527055122459767365698600970435582713760505665498360617665586201
36164712026225870832199499904887450337130520920806661537326647624731647476063, 28232086939234102025698253994500837398102356752302495407506137042603480309460
74064050270366860397050293270577110506479926421546549118656858473789357165603, 60225558060081824328617456069865218215992978525337758491705978532470134950047
23142635988485439964270482212118434687405780981992980851121918936860242371960, 53761381568883524797665443952891230024715253599159204186566837137945498036611
39048599250330484246746176997572015035729826067453184834829671007084450667025, 30218379694465220449739302284450126951116481357830282013375231080193230391867
11027126779354402107906022365987072750355086317513076593659975521225629072758, 59294562460860303401356229356307070603988807214724034708344840827352371820567
70139848061129931866180512687127394368675224043080837674528973576704088138591, 8955487491211605348157666893826819285250398651439859630339078162864807821899
14233100491058763449177517273233324423312068721456167698318030996144412497070, 36012570141634866703196083272874982327226784206087357399531669513264062022966
64364307362555687573876541877416064741615128482044610566386920703781802162131, 1611531135778409394935965042660937822912602589316629248940970612804723002852
7462664682310369040080952619749628769804608159280132535768468928166347953621, 34002695910982504764187247201252701287207330656958508359589111637168002694668
68261037727663283188582003716534929920992401357019711633872369603046485445162, 34254912129499906578260188987392128383885941885525826015327775262789771057527
67968383367498151268399578121010916548336492577536255805159366041124316778550, 42699968506284826572177761516964616173322248638451337472730649417630914038371
31367493868468903866584460586706361009191066133298560335067252569147881729716, 69767021180149049322834775160138042641322781474455293180780035393122526282027
50647523304338269560948596928889942461838031176799844783176422789681146642421, 72611434881289917462915379824648256801933696433748902044280091935910083515296
12753659349645787086852471765922348099547217148087582577976175531784459202865, 64608227633112006196645530439869741749944088009947525929455430453385954042009
69452164656533254695566424764436294721075557679047779241662394479451613693721, 55190351088925626575285454573870622634393388495084082733229769545224466713075
11792527790622898932808623799344301588392199079297928201344122537743788330408, 9337892891333167684267073893542251167348040955851442969112537399290428939327
40324063504698457066790965646832601400229836611252802386021366368492915458754, 40205778346060303687416839023924552796718436596319623715939663877199884673225
29594950213371503653564143088697259534306607115375080244492420908498052313824, 11276576953274303369463807412616911164394251889027421440623316832078104554620
6231961241739595345648590659940428529191336574640138933908366271598124467565, 27971294863519831020795140382925254510624242769173965541493119874322585905294
25020188076973620749626777140459262961108730357365833714461750127488353952695, 29878036874384493227790312942890997342835122273005424449460671404963510568916
56304406528359986049493243126051901590666052883605566792448679801555761592485, 20881564085143872090338035829941953673386198465077879464677687942706184963282
10826334324794085057137317950153184477360060361433038715816969835494013042653, 12698589898678853966094914135741702568072006055319887146831594052511669066479
46332685078259324499605248894028953231765568219468476703187987471613073769816, 44743489219254165477290864476953842625661885172833840248268832285997333497391
37472106313496154248562316753709027128912060453047128122443039784554553687212, 7586119783242249140880223369722459616570273520680755020487802707109708095225
5750213546911443482856302555165537127427316672664312287709886647549028686630, 15360350913068680775784950379033160479302747441136373479948134675347887694994
42221287132617583379853940860249667261861796444013130682085252370009046005257, 6292641794378187652511051277949523185531067494558097123060344221883440162803
21884152224955276157092095171104394526070031311253193075811080778857845528038, 73397565172998069977839558361386807986404659832246788636790123915755056853691
56576388475649998979080916535210382917591727265403310565416078815157124906598, 34701699121243482980387385062649783245403256489237761345510480957229751395856
70418360013815561608305507510347964020235004585545258701187790937721683999832, 71827541502929450030713380132832290319685133475873116220122215179480809735238
2663241202732144387709684436957465286113711511230326452379441866223875976663, 52750015514497712875391388094060342412597574076448219028394064589911745041928
19250266710309762617124894490774871410567249894806605566492977781372354247882, 36721815654992392785063575394549968686230481817805316969306718259749625280037
50634055582125137995837962350803652946894868027457129549691840967676304585675, 33922241916721051527534814835758101920502162056386543071159864307310521135266
50206394065432652298788769198047487210507525155259955376885865329583655977704, 8571541709979151423296813630842436701096578205504095544784230301835219706400
32004554175344332949922688315828155370821215849853233097606168782584459230503, 43508537672198296077358901774925536969448884757433684648417093391094213295761
39027951752252410012588505847974804767391240401483524776730438962003740525335, 4907154341230357191190241283389280711417251691642948184679591940052515463449
703277491765362157943225919713208322980324725391332224760870195735386127515, 18637236683854070000262225415445363371086779387675641275503893464769226394353
51094401641464283968561894326912472821283173643316661423279042955475610233519, 4101297434874707127147394995555167209462195646247472857043579643419340976359
7280549292994606292779882329145554097016936502283556926266737967734164848351, 18854456643594027282954549895630428218755413160079867164781545585033078109083
14045859630998260579414867711388781770866181262289290949909189187224825817626, 74979758367926611809734198080455670102957278470638943618770034351229865177013
32950288699861577291251368709608506808534474907715473777889007396083529585138, 11388286430320047148007578363139999256098789566643419289996705967141468177875
16404450582922260201495756532197262048370369994373582520826302614856746983283, 39193567327780990061520360470721490650428196039679166753839469244498808042753
35271509458155326239402756889616990633801043289503776283794603951785118283639, 53845129519546828954131710099580392486191167071320578173790918990722524685836
3045447238396774438029935673783655364233278519983313197363754600962908388813, 4520713851332566145749768146524812796525421345125808700136839002389053571355
6888724173231614625538012006757121566519301167634432126023832723732100278974, 40350749275734729131402662522977652164878135792593319714246828429285415386999
24675917196587652226980484263090221199430906257835057780872229730498717339275, 4865655592666682605941141274266633325097388814284830235776555378430335847342
37194636555950086671846708007826043741331387034008962946006527534110634093842, 33124238204792385055220050439761645400173472819605514338142312968131612005232
71456352783642594429131626935558175002919416946655986735938258078233764259338, 63144603458428753453970257448612317161902754759608787632995038948223233367299
64618776039560582463593775353496092900219394475662313230539316429454963228987, 19522688738151267537803872109034770440162922647023887296678493353470297513063
24617384866129851182664269143573915701127065650341255365469323429073339769622, 71863786442403887330597153136819155969067547526535876169287640181966842549839
4514184920818056052177949735885403429047549148180927104177147178032248748482, 71477640695496311726316107956995744846373138186918376889626316187543165442496
58404217243683096049453132110888207704382033103116294864263115949119384834048, 12810199606306661843250670268498498193474055218965534576856280480878555267342
21894600291657234693744783671514162516336817301388429555492749952202363132208, 60965053290997150166343777070675025522528255990331467837620568274189825347864
9725164746239895220035764797755714539647775572230870360681832528066347995789, 33974620121674768530583793933479283409707425026485163518257068504787515792606
72175401337949401949438643877569534859459164090760923991409301403045499692539, 43379634173726559921306591978546526709450250408437353372470578159266897079117
6402935697830597288664547906237295824632382695058614619606554171405788857947, 61639778579084823411333062472470037788562608813349007777775048719120687089624
16239370723678604530880754022036286075791296687478031109843836820704143821742, 45886240480991511082283407561551687986980510938119553514606731280966462118774
68375331541547965609327647103216059441835100861648516490387174946224043560501, 58910153093793473265930175076405660758419397043869337648037800901714606517702
38997006577903354800103539165685086963731499873663530250478637251472216757674, 74011966008241775166480773258044943597153644525229805900137239482748029769150
59120013029250410710089947646486724607879365068935188041206437531631093259379, 12680003180286407177903307981229096714021185464516269587728737217885168178461
11318909555851248574415205544330185209675955741079481724962874131740341803032, 63049052730871093260080955038808275199706576166794112621023584712190190801343
76506861885371591314961654819091644695313761308736643779330838144800748616467, 49850493271917983932048420185582258984559285637422910391100365234691933703549
74472314893051140301371994726050820761863406096586599793796586571650459131480, 50621067689777938515482364883145887660789554989882123172908124965899514040242
2360152999819839079531842218533011314140953832350425637213299655304910394961, 2383800773479904280064492647478271919694194098790157604232963554592168098746
46477889216509023722103099925030892438166311932703189882302202310619996102774, 60608299732960964573129268004156686897013593418300476320769002640401797618344
3528225890337870718219047055845004747596231433775517047700595143777483928813, 39325003886707764667800401992266556036296348447715989545470100402010603265082
39362039142201485272658648470320446468656169873153649032452050700776872841342, 40604405104933287575948289503159097613290230047789525118583939795413953266328
43129419936789587518227893996534144637262119831532459569069546163291991668374, 22492100438675821446774694898133453765478561447918285235399869507172932401163
21269337572274457742550384758634185748310260312663203534351167551213774011173, 15083316484224015775123964533010658220151439674746794037782485827569303891978
30718045080157990321733421439675033448516682324741384499778819242566975368378, 22041400968966666165670504397711746806460229841516642849169372703933262105491
54311744048477710673845681876853715547990607635679751306786758690601280829044, 49578465583029469335283074812805051493365744081499471750220292382209876133911
50148240473919994794669072913334120579336962553063716876166445843055683712964, 36528749068793457470727727481880356780895929236754323047514568852810702832143
17649531293985358978505384645352281282349360356748289558043932713430198742086, 13283145013131442733934922946904698127987314786161043797933245866764918480670
30057391752379108788362904358793650163104768702695504281527500232575001791997, 69899959447552630224282889778284351308977586089792940925032552094232699072101
72759167955287100844481823960421551975455541390906975796147106033394398666655, 19238630141826931498232983372330550853525798486996278966857612286774896724098
29605473779240483748486562043947527114094174002035365218968671048987701602841, 67327226423207126974813012938057569892416748583706212761705580584611649511504
70085538018404606129844340421424610506557767957217815183864075036599214395051, 49733416822748115350994530541309637999754508266054221791510841104667923798224
44910581926261043808375679181946501184542230289783883613991970991114554882252, 25561306691806317466487229320639928895209446978979223511880153397427551790856
15737951058261036977691996092643984178628228553792116193979866597291545705335, 15633178964993304694885383242492745929721639039501204896010012177241728955273
45975352158060640564818417523769522193884667218753624450405743480548718861537, 63286949196884209412140365543900679139417121657355421394519541139872224924994
72783155498372392933926384039669745439298823492596748330627880739420897748927, 54517063732587775819759831786437246007703158345695737705719424483586343223241
8715313210748884689834027716326460200998784452755999723950396717127287428160, 27065051142750781143261558589216122041946591767627433942357404792666931685216
63198843775757811184588128833041146952042408026662815689956541262822442848607, 23649613284604547560670947386620137185089085963273076946493182168256363097337
69658299740770097177071634017636829121331784869840497353257828199475925220687, 29012738651301415033048314065477167607965168595822966223636200883057070171538
25671446668525075600232434526828675808142544723735404312619325117065129638202, 2538980208390104585480631886842798825399618297819650857184493931021083084155
61177931836391391152176706267286732184877503250203637528286726942759536214806, 44814886660510340393572903754444007055716861869090740658990913960087804082816
2068420204338502526631999106274799707399661008210351906317383125949763181616, 52647384697081840957761900263798361397144499935809541594405167125824019943058
100307694483912389824821525026319089100978689380403457461666555413153101965, 38983214826221943885055357825365341036424168761346670900547186964864033415420
69760949859030972449772626919760118639728124167413055368036523556466346930575, 50048559855862734466304290835520722310016001991338909971968897855647619060381
20339342378764314223300491502460246713255585512764530161079598218418520605666, 15981722115636639254657484642577487359995256715643763177533996612501190606237
47252132858445619489492098780872432550204946943760681381251221762996670356858, 2527642952443405529355498715975994393239170536480934325825270313515245017249
49038094855760806599716818928865292660585060586540974287787398492490077247865, 22002027566753604436040717171369094741033834332817555013435150556686051355314
59092965421195918787526011709037476566471272130142449164387114578735149176576, 43919796474359403748900286824051931069190310623584881831122620268893595414025
2336841433516492249311318198874561583628189909932581195012223696736061783851, 37617497985853286824032912033417041296153082918342684600970637834637766898509
25137427366958253849051241153278725543986585451228003486965576730160483789257, 64196944573416584128107206906347196314078802732125536174181107909844635493464
48841984045594831104262657180738121054545256642246331832826092045791756384087, 46643832961001360504687199355593616916513697838778034626772497887423400287025
12185019141001799421981628401962715647280141091043310768081018895875154705345, 44471602325635408263166255987789452738102010862156851444649584702132106961184
16003296295166140209414622073925125331423210766823909187586701759204733286047, 39389560507388879404916901895002605638893490749924628460037533622789114023141
56291595450592794497187545261524064640271251793061860204191055631129491172693, 20181850940049333033873594098240430630562380677050722216153221365371592704953
52594967867292648106849925472448628889529161262112185675469946388908806439222, 16156726330636099154347247910318215260210270633926162307871884266922761906604
38107092089515472817996819745134275804374100925625507990604819393708728292507, 53199513667331728277133984009447087263322440955181798173508905574593530018730
72700483616488188985820419069342866959365279444257411426267429456051030458453, 37424725534590580019834557636140251173679295307698116502716332493406252982918
47211850097645220246913711595520498961374382943305466625182361822855194824964, 46335650286767762510089574461363622685215985717435654781130725569049460994438
24436344194914765409789217426021214310399762797649744618941259835003557982396, 42129701415131707756618087006810009402430083781651200789893554796331286087098
58875971820150715686088226063215090048188029380200933558943215360482271223172, 54516623560638093706774535732235415152234638845361038788967588646471239181932
12127299533693366226144778881269548310709680130265923372155623552663712775994, 1818474758010918921778394256067054591967104792925298052310018646358767158369
1494331620884473634008783692896382988656219953024476469831032169189504154376, 13657020594564906225551572991966608431432967063947634684404567142220363602635
28408555505834952455808520397946064443277470716412126695038909602306627612898, 37762846737178652618709984303893306248964207328986947055314961334587559530412
42231079300508600426190558770709091542106490455725061711674450062361071155589, 67733814133770555707672833666168584998772698338192226008371931910274010477712
46262025086209042005720004542184671424884638278697508390230143198112116940259, 56126223642045082266984402650633178071854410829283474229678659245078292755843
54379452873673348332076845515392227103660528188763543523404754930709942603043, 22414318661262378553782436222641855081484403963344272937523724426277137831219
45025790100069226045586063302887288890881856082354423246852812423854426595809, 23205979272041967560071239126534637153273151752871070475928862046542623038752
30199547406555214253935604552591121794158476557860796106231651257513896763520, 20875624682755888190202955839648851221874655934273682459598834248345550461652
75537012849577424570863078444284023328034500018522603291801817880431132110313, 69162011988559536760311502520798032324905156283585655715494905888214155290916
76315656499949385556411307356997069830197815097319352733090149353125354473939, 69303392521967381260699485263438412282074023468377890260162373642006376210876
66035769823836781186701963004502293064634198164635774291488660466423433853701, 69119692012865516037615202627608432010339414294494061997688376562779367482853
46988401503372992327643429418729585639820409961291979220276006374180534744801, 58642251807478511929447916139992033206370031309412017615276543885569268915650
1706872833383671325426773757815155508353162796436557145724199900658325223060, 76298951469496546940171880480600516550654491192195976955297332843302653123207
7444519881025909321387268957443830621776061677287793866106879507183151469904, 37841629475134672181284022738189074594628338542381060710217730304192273904063
61571050382283930322554056462293009427844897282786231555167137900555085640988, 73835304634189466352118646393735515729792478754078372300372905295239724251123
66006130768688429239730378465664120177468617497955673025904879743763072154137, 29991297204658097517683360464175715690628297225232314580225333799602459880763
20328804301650698212011812641284306992884392061691721315548647425403149558995, 71878359551616198932816656265096964515563441621728102967828526671120777282247
37165677318885899877408758971857019039191161630777816968186381880117935982397, 68915538529555280363531625529450431252492042137213203235921737378327247423686
16245322643053123983022992848028737085607554902666045476343969693912084006140, 70986303878534186611786847656175785572044072148087482738960330569214779261060
52868460717834735446560626896564206293631048567186570641039113183984963415372, 37219703612873657936807455209157876848558496925071196200189012317943030422132
9240770582347415836122781180286416864922871968666780294651428739509166323691, 20627311636689677600616588658773545116986292254052679939084331173569784799304
12511548658011688160076287749223706661005237666945236386623847980704687509389, 69671774784815974159822417800691470704057269836785495192991253657303042629578
35158081630546129495776408000165207692734306361743699450454710026915627284200, 38491411493646463949589855758415098572571299282018614723696763880927264860497
66333833007644995104955623079501592831614736799394202841494194146553759625818, 3755636637556916189399582800118331075074191029216632474474742232939774230721
46146012803947368896596856277921243433347055168630312412004330689634901410320, 66564667644604972499589786539790516053473166826148577869579146213340750959094
27963423886691846146137171271079142365565138584408078732880633941023044101500, 18051816494912540489100245866447803155959269174068336802087721836469544960942
46817732903080856137395367276785382398033703328693036790046207015170754163011, 15951279432098533478216893108168695252925064653490251099958109088415050311030
1874557693867178872955617269245058764603376816498714927412463553039841843643, 23830670407132954933256154575778979337046815364094402672365539237865352751743
35996405545695727513158872396847330874103927176569714676814153680149182248333, 56246346942766128506283871082818196720530842850783348437955729056052052319485
22519994022911230310470425057176806968494096389895844874195618512184039681929, 71001378853393115294445438889612070421867815079477501953230244191617753014246
2960772433273037441147172886915798020488895736704680824782646951595618229103, 73781598612827099520138935021323709069291506262620186903373674875689068168342
5895221707963223196094013365431496024179700641504542310778616560068998102295, 9286293868478905417527020932437442309841798374892412207796270040633319332820
43636407189129362545888706343316205880754441106617973466027343409620108979695, 24363343960908200621635728578419105909697766719641315255320000974359652684251
45950088694767596067216501414109575467819251961368626565032225962984762002764, 47633145180236444075909978187611387880770735628696903558127304413026388128906
3340408488755775250396935797895522315229567555408871585265748981118448857389, 38151650574777072016429119924502549274712172344078819912477665677269770593707
48170978994666756978203070509765896807022385871058380393696269014865429630071, 59042355313480498624397257159919190174069773671666911339511449112827000135724
44130300586292129834789531197771892338677131225874217083128687333623038202416, 11976825645248334262052854430027751468754459991344146318915174616532305318339
15574189514503666133535754210276083675013171167626918182161844485474665786000, 64888405580648532775040800132821469434801250468029431452448661975498592644681
48605735071120712376219890458013312500619376645164878518678788237905186139703, 1163705619428732537718708041213702525701670132631460189079509058914963493520
17670072944799823843907001208548027195641103929182355748313300958961944331157, 55982073491690814060369283291938889353022866708060724557344155826100552902815
4608003735185694245599835554915184785124973866508008467889553801705574012599, 255438593594182995670536174739160429531373538623679360757356232233533557543
35752189042830338393507918125512200131199453823721208212496298113458120476024, 76094201540589721878847015899671453508766115463025841927403079123056844871928
46224817703550624060643654206918811479288724453914982553821918557500468517135, 70378428576505155591893237594815914823500234589501958650172293944116402594126
8272305390392482961462149738409097370668007746394763830099673738964174549373, 19542733606977565154890224978062290909609522672534992249608226472958265777770
46484432255752467954791612823498596722777219966399339939298800216395974409072, 16209372416922916817252794454276717873372525856108033968755278587382305547668
67922381707815973656159122609632496944561502119045494158372023518530408948687, 4680634994014619019956454240725236659965549786993122666299407291784158771712
19724227863901974254559603698692701073428116039479667922769289549097899839534, 56883643381823229307319042057223062063243066832952311223726805955900917876760
72728872380852390101158330220047473056201954684130272030519417709432122857461, 7449190960444913377006093454815699873583741856074791638071388920743280664302
70556317361790436986205347389079613338754927642858550733420611004676156875961, 24035336635396237204464873379542334352665756036913801969958245731005766711182
24219191679318817540273231942234247519072428717828752179013616421045611799171, 8190775542686595814053688408047995265420856144132166232661453913237713751595
18125253902533750000656598025724361420437369498045571278517775007827988276533, 29357750663229063687577477048883143127954370806159106455820754875897214793019
64449159565834924352036065638610651030118705053226395607670450845426884255354, 20257241692610276913891516364899009583034237197409403117384282497861809344691
42085979657386285385407040747726771816720962787961275445514085165101862455084, 43077841692177825712051001240700218820926189649454383578325251231301485694007
59409707719510850524952401838277985433020329822659156677942946464077096449092, 26528838788440757081669978658196585108681560916790882650938206942895673318710
64166103420247737635694731007196814301477054670924246933328153660980281537404, 9000137339237540511726695946539595692290515963376679256887634797856264304231
29530108270720618130473131536934245675562538762347396433257042153846510235024, 12433167464384951036267388993691132925782607286887745851851667953945976318297
52864032163440377810528503053076880823066996132650770147243351083290244474725, 55038590022233692405506946304933776840341642900788469878092104806548994122690
11560862156171018725881729988895621938000863277688084608394686062630483169281, 38648924130004267266612782495822241164611471573430624502414669874706463531846
37875625888120059518541053230100514022690127952651516047714561502942854492165, 68580578861144059337205677381732139203958025930216955179384233633007622281694
29289033115709418766001069409162996771921945574251228209488447940719365418305, 13448636917840367433024080100437877382196937723385775015963869933783703902126
40572989374874374724390799164964232564258698780171977744340965967611638953939, 37187925741048696310302241999736863987423025873241290783593431568540628121150
9341084683176685798019234479187538993264905241137864052912605144249949623026, 15384510834597667521866635497946778720450788734744157723422897620051162577106
19378151164693883743275701517270367021089270685901870385486725938632514700228, 18389506490475213917716867458724769981883710028874293601715148475160711052662
32610588462810869130044265729220289114439384497159799900314040260017589451886, 41194421398663307171730881939758399006506728031753716508466325309737112723796
33269289446049378525289623237528152390576264831394610505485804909523349733761, 35366955099661359602605359097940111211359104310077513785924781783212537028093
13230401899012205317246079716432310176458002140437774704496282638394264684145, 7961781579316494576760910126370668092312927961299986738553526535489617791712
21004751202632735921766226391816785275774749220743747792877029730456441651101, 22460897863718099953259122695363144529780702858582918290438097845047614347192
20024763025619691866131891561120447885454447572121094033080594562687869513092, 64755106998836306040321274389517862930772698515941118594379172116933552628248
46037682165026587222425278594936022068952751673318300930634274728651417498353, 27998809535139559523673339061292577385801843690091588563161035390966838709128
1913773831887946112251841906243597104945342846384325184209450587921436129878, 2884870909823909068386865174852458829855136257822226750527977514087679611663
12729646236506954577255845825040082234340527313063814650311395010159154314453, 33077337270534561867760462637792665789454325324736656728337348489615091124056
22850974968201990476400668909673459258367171507676155997373970664793135531593, 18770573729402454934595339352764537614829668824636240532135686304000711747690
35574421944004216717875600642720579710206402308223735849565811580520222341126, 63828833186323276425645748040853916363676243341434925600496132661160809997687
56084428354837377768718224766778830254704136460663869700132887759023449467988, 18216228157507213909523378025642611975142581898389376209564147553127780852697
4547721172254110178506721252632993189690055123903329863292424908455678062178, 47090509761133379881413495796646111754093409889185806290943621318415878460322
37356965388205120771704734154994675765078055765233757008741764671150913270409, 63948359333587246658494732573551306408270214047176087561199602483013688351676
16376089919381865700556226054091609336103758541752453681232912340884362202437, 54584020357363422338886634047171555608730600028169725295555721246270124727339
36556300710616552736883323187415201148049372718476938649737901342347448661393, 36233422701572195286539405378255686485146442214570265847299683967827076710116
10308807504498051979547785843588650484899192035521303669629805565370678730134, 64727964479830634917169263299792207448485849814111642550602216119085062811188
31281103714678878498893138527027377328389652630127375842185038996855610005063, 12488681311886801003333244452452386973074943946980744940215170579059952440430
564775292448283375832779571907553572394357126089421004993098389242643277930, 15283149952764276329631619976026738016850756637641756965899583079038437766336
67982406809520252381294028162035550695903285229378953568604648584541777499916, 36792521227033906048523730696346711012820018885198982343982234303099656021556
56956740193226047728974085070103709823682082508511227853469124539929726719969, 40353038290872039659006348135935331821087602327356939539042432326961523571793
55874073786549440703430208864056738689656632025605218262903887575261062677026, 10710937097357355005362356327595816558432832651109888933572542957002138536414
34833107962104159837361167954024995308322797695640373787939283487716957212055, 42019219376385324779155806083958560024817930161969493529002522188519311691979
64322441509681018284691701995855325353733197963172434874415340391349198055054, 51696955690144824057499094058485953131224669825753544799712349335686461674926
74645880557651198948718956915926572373744282463021657600117403777126021362798, 4844916375841158513017135177566557855593065395761982745337812361218326574971
61037035369008057639610558853496282632726712475893664459001374644445835011882, 64917266467188561445219323991841605500109848288052113460437909410103403626141
30754572233827679109220163527348170238535291211052279991409657397728478063537, 30292443504787543058269861450090891770617760878518328231185195803144963013255
32428869260857127821224544605221871864829932903079408711400313556072438474458, 1094295724103426329478257698913572253029262072662264384455645673400417863092
22002874549118212659441981817998751950934169309143342663969064332155502905348, 26207401996771164053757700428422783609346428922110303188618802372218473073201
31405830531868788489011155777870889307106477044415882859084021655603363742419, 38103937645010552281540054980573549054278689240451662831718413532187693910397
68651219889737476841452344970705764966478538725431415588366278301845355666442, 43932793199125125102136916656998831868817413806356758326506158297507021969950
72113083169448157906827847546267204089204275782657750926146955774857267907100, 65928703300016043633582935005175595042225822648372589502110307551404854002688
73103622724776888073578974625424152470640035073112958519526910397406952543820, 69348035633200360370761132555804862753756754683226883960255957143021034132039
69845017304813548699790266433575042451942956541686493603084499171504801161088, 19148383493678234473933212074240853560644589103131251363577573244831103738598
24603273971032867985509382618991756704483779693308381673494188207883912921369, 7096080321895788477532106281598998153733921164627124192849996376423176680256
64133767548604772043864757189086058858480436594907576469377536152221761620497, 40848171294433498438256072377121204936845940701276034914641721178405839223459
1088372100329627624943730343604120309146092533399347941288948578828893868349, 69644973756720941884096824632974037411041298757312564284161207504792652075438
29250380445393043339108636973072850052610795023891924877897267910578096479404, 25260927403617497859228831988661630673288354338677476039200012302586298728446
8786391830705221121128605413571299610049035702916413939147651253017555186846, 25910675342030160925694595690793649785075757040925356386376183080429635596657
43057249501679532715444155896461012343667294329820348288299903965100732710709, 24955344817082122782017156217248870109649659356038856142613040285746193798322
7302612581668896503449814134401202194874165135906379572385624040888611908794, 1339464841294476877380712609953695138034211196442291373050055707763315054167
14095520142247625701595965059246116403941540535004017057849675809657563470573, 69193709334003426768013224150877583312951064728052416433288843571520734381325
26147407870333689066623008824325264764999914850589560384369363219953834844655, 68624412545851089192534025049343075514532814011474531507291279643068733194969
60153166076765802709449094492070076004262953103533409577628065860511134469030, 61943683131407651107071071145631367218007091783922370557154877326608369621368
13639569587439948089692346831517599062496129552585844064680850465213583168585, 58668210876719846601314954295825425801192997637712716566003231202538019859746
50440580288055905997383962841526004889369955834132172861823486395150876812243, 6866209431722059987965056079149066683182987346136794232420363371999583485166
46750112152188506423871799393573567305418824887873632147076028954676100838930, 31380991876947125682208184725230427803531749691902125252280302800502860515501
73563501149760319414104079385703720425106347884190755498022307919503802047289, 9023699704917053320475397825757664353423676538640632796092571913742249965667
16700697423423652159192710277675290830142751133464086839348790761885915741404, 68221331674354097399707913244505326600093188110268003782389503315899941385923
37912099372448536812613112074489365639410688632020537423177342157224149742584, 4378405463864450957617892346447995653630874480760676817558624404522047503176
34474347731537190055138632810562974199002206761500247484213840949940565509454, 56530005599346883692311400731627372074281940388178975963069614251122010288026
67833368285014620912796661279185667065612700558886865099773505726276653759032, 8032040195237103149801174517993126605815800303560702156199360214023663890971
21799826236039712775900852721790635299920638814756650174760561045635353027731, 42048848426610182115863785980904660196616092192732177981581459713655241424324
22481361515901384899124075215814477494203026596435016376275676472560541305866, 40142228473186141980935007951637925308052670754037886822380643729412553604135
67180999391742791487495251700753267361041531780194707061164390354777268274805, 13407515794300469563151129181646787409486770001418699823764265186502304010135
12343264098001026276973418079429791375624843458703043937634041664985323947821, 24588008776547241033097179336437555265450155195084255686283757041017920718022
45880633452716209500956397173968302935989432984909641424807116119922443108776, 4720555925744099677321538901282147565089589274629144463580168871042033954635
25402616179963045638645406882941802932255217188741800839548968379866249213127, 419703339837170739116733517084242216477777345243283867922880685606766619427
57117813334028861285103065637617996148599933369492261742224790085811616644893, 64279451034820917630232838845433864626624553573678835137878159045466946545446
39384816508570674117904809370961198892108697830444969372467989793438514043079, 68299470402151043293770167808842618322141728725540087622712302096008107898971
54040091724887647727303062701398721218533087665179937584716352857385975447477, 47523505857065567055655930614318250901110435235963949648431778262454980563575
11969375314101027963975590333978273355775818411424838237628842496198455253995, 52883828533007451216606256634650282628582511892312891161643497386891946846692
26920623098513093655055760677875028646647122706137629996896516018306349825207, 57374714808282270231596799094292989058989824694962809923716288415143760333379
36877200975782557736559254347166153917007042384808782734412529333774716368843, 71290086059761834221753117742571059482444414677105979279031191450301968526803
22672921303907513946564192471042605844921041651466075834660181323872201819800, 70109620138661838647335627221491271717800423644080173307287144874955836844686
59762507801265003353009130066191643326974630604473553649209641356103355951518, 48566429159116423271081352780338890206267737173531661573500811626433168661720
73183103246744498069346742804550667470658008229541335046830700708093300256344, 34675251692829193185540201405063885681932941545312885083457725502241991496215
66584171296334712103136581921247319267179435060846030003087356465386053235902, 24777517752481248400099741741861672912936823705089954356243165499427965206590
8799331657398640833667702036055537429507082035035795715807264744365870575501, 9680784771919703083370135913254741018718864028684273478400295810094159701535
4741511070885186453036045533579241865460021601964609010006949553797702904932, 2035398023078341501461504408413742516511225200453854631537311548005039380838
34784889422274631355751585768815177415085588848030392256205803109735920047154, 476207698857594523819830982321433843847119822730351824955117046816376528437
47701014584789677680660427385197412183677712870783148703137906451494449666031, 11186868547788320176997615082054951231303764178435706437925495786826221502330
6592438303443996874650918445197657614316006774828448436932345186946170795312, 59503198103494602080917908582748169027887196401446323275765748067484757842081
43405398737820786108225853148545192478293889094744274344573575528365730790089, 68743677726134403049879333207557625455744891842797686765105765248310723489160
35436013376260871496360357625621029648791140741131339332911858295374820060075, 36111272581972982432922221927367307098525351980864959343368030735620057831834
72200880842508552735475060407620061072991031151517229602385778855236359385152, 53804501586665562821575796824525564299652912347930657549273190457009769821145
56420609737420112609494164204306841172461251961201504478553168062190596898233, 75029926766342752788980879853827540729799663334013392691196575406227654504224
50612137334280198142844923735240333323250147029326936947696023268563047768311, 36886542523243113485182747867271352133833956075933965170809263570783757673578
35885887399145936218173740205666309179598465287604700073205465184845729185999, 33028544728940773238376203619599808927521593800758694893957554118275297581696
36904912782652516239056954238866943156172004130551110074065991588433613969212, 54432720263424952637165895962386189751631597921960828398229229284976820111820
21402137436518160697196574298232995350481188907853341215847687423643308780954, 52690236603336068635359429456488888855692900715689712100612788005403411355855
70776631681960905835266738014662509570472453313537639483265277919156693017344, 28742225257888215398985368279389601265055313654696728114176995442748478561956
8733907884171175382193902414648866572433339606965366893421408911128777827488, 17667907320849666701438236009616160835441042642224506548220050913546316508854
40684375908217082542454834302980825303616085671307169003872191638265777588021, 58704733219157730473870570548845109010837633084454642611329191462406619324852
18840500227220950316725472162935406546427547134665195087765185429537681662432, 61301258463634083701121913343441178225124673374414246384658107707018783668139
76178456835778795499821072158970163311155878941675604829069255811676675474320, 53621870647864944452935372506541066242522240773960117250774477825735158018819
31625948255555739541876201814700179505745293467449187407877809799156850232897, 40111639315192399458830353288728186102077757954606859141206694260219174785847
57442708563190048648130611985354527823462381258424181939295528684673214857942, 34238230036207480945918764810858058363402375352689924336264640744917798776672
52935954344901302058774168134414803805931058575915136267362603795289029757669, 47405860619536508932006899292485297253051223107558724415307568015357481718533
9719884588638090454724781569024130572223861892817935173973933975608503228086, 68512285184535651282061623740839066930697882193765154202379124903299967850965
32834654369387622918306642283388298341230967110267367563363680306078468038883, 65669727360873177975289879499394812281421254280922112779036208292961570525555
60109064275199403540748682019269025390469389851702879169784473355117946717780, 72166796527809347998615442707295271735294105156013900804560708887463881360604
33800900498898778976274104258692449885869403219785498786146777995321207813758, 31043126746807609593128482615246847278864902802122609821315369480820235824343
24919145324181084766938339385211504188269801400135592918507727655674399306846, 22703753083570032892413728168654089345266543948247088853264257806560893948323
