Elliptic Curve: brainpoolP256r1
Field Prime: 76884956397045344220809746629001649093037950200943055203735601445031516197751
Base Point: (63243729749562333355292243550312970334778175571054726587095381623627144114786, 38218615093753523893122277964030810387585405539772602581557831887485717997975)
Polynomial Degree: 9
Polynomial Coefficients: [31, 22, 38, 26, 49, 17, 49, 54, 55, 21]
Public Key: (15369505794529471217064018174493145838728740242142273092466479066603160123286, 13869093251118902490011622298766549990953133956764922993837524623499656132830)
55115374127840741990194260609604913105916810223914284738919355544609813053208, 66298472734980192930353791915539808771605656762357905389032942791869839176835
75451196445913407446216548791502065440992801015458601585797719735704188517199, 70436893219316536509105314559699761382102432451957862220638328315006217480146
18538687438030355393955536635910280773200277458488257748918628695774658688123, 12404885454251073412459948489647384938405662257120664049131139382383280628767
64778246836972108856817450236190507441887564992162664050802464908010200739411, 8250345498306259121441512980509456857039481295907085919201211644287380833545
28224913859897709762752700851635068898467985202732241008966807880014049101143, 44247574537038521813721569557977305687805034954067797191170677373316811526668
3625991352497157905852573917750931537338388136091832937482752612318383570617, 57093313602020432969531719890318221085423328561835399401167162574937441305207
76188457148232655222809777930681823008106033366394241425929876999235457221707, 70097601501486326648118818989573458198166617532130406553761490738034646570452
53088285457620896369578251782773428340616836024066979588078407950188011674869, 41810847127833394660535537549379068025923940973573258438366593429409978562626
28092776955885019249765626904702834319654948148432094457516241230268411344229, 20352072806331415336311387470910204171522923847339402557191891434693696617632
39665095218433192515071788911946782977251346194191494075346479570150645984444, 64280998225750545652268423337101099594875391527819894895898277887139117642582
40641121013223839130144930271913460297958995659112801023869403086837259187681, 20184902784667761502112538744746436313773067986233338877376489218750223351308
48862377532940397674004308797127627953768905572892770960853054761665883709807, 66874464610179175722450356778245377303293071060839051195415782068493360691175
41483954710824733829826333521075695351865962138863639041618968921235751016267, 21612227283665825994206819156427902897542130396797490848603661560179420886508
1124478661860187548514117677259602863069636837915136553241570224952139296742, 75687055150301385544554474265697885888269759861421638076070156247314989008090
32375674940313499821253026763548439409898431674483720138489353786147803587533, 25856212465968143743748729766651766481789739619252080683399076354921830295337
70586704054729037312219654656377039382457786696734238900968047411884403678036, 42529262085176748899092644538512016413803714181095702509077014268178217470570
31294668143378444582938942562115258045625683418170582428543343150427165772571, 11105353907111056800347822444910877532563681410810085321962924222733578630458
58845035412647140905788718066638080237210680649264990834850279460832746837609, 64287078776027696938935864900854126638888179290225533884515782374269516404551
63112142437472371399073903697355758489149934563370644466749123416576982594755, 13969919451398434758062327752737113878202831414116894697235272493051129502144
61779058856980665951357733572765174240473250707975135420037211855519966183131, 3478375754943146794430506194172451495779969649860611692247594932588214707150
36353637484496183224931317597892036334184839594974746707869109155347255545085, 32656651638653870369252810822833309723272010146038894136631949795145567172320
20958259994991482657170089653059429404196481705186235830435855611580277634498, 62462847828345813867520377815272663158204105942620652593707502353384967618364
34690220938800028375328509121743483068054656924856681685068717148906533745669, 20441364370770227729349428500882446990416214368435153232039263623552326292382
866559235422531399722817059923180024896288456246152210904956818107464303213, 36049060382636309326571767631354720705046727437325822062419803077894968731900
11821268469534738839989427180913858425261623710068046668340044960294105608876, 8356847721733031224497278950131979841562024271807695009029104010377111781640
50228304755390823172337873878038697074679687018328101506909032937768423713625, 17157037667854535641388402414382890784591307221480520002939375095827968209194
56685319206427668078905831300087486736890916400568701135030606505880634887469, 74925925123444141780873323346253540152742256874016906227855471942776551898686
48117972372028695221990351457054308927093262754301676432130188049787785550220, 48856919096446993852876153837868420134598540104423119430722018364808102719497
13887878759189899994406492725505607981587516383952598146025042332868163886202, 76349826267262137384607753267921136798960958751204333614785964910525918939591
35466153415044954329957102183702548829436654417343306804833192765261230563900, 63991951177955736372877983742415499141004588495525647073859816058400691817089
29079625472538259519037064933752954073420132706693603934066782281475789234629, 9352696428923078593936539887059190623523002280301396632718944450569025499112
26333272529803368373984602760447242513632249552099791042304541252375092624745, 50638563446000145336108497267070026721488358064417223503129853313599415938175
2937329420377258398475138059708075983752402529506181466259935392679982188431, 73531230502117030396052727385513650185854940542392561457689948374296693928520
60580187142496910914771792161880501969361821591676308936130993539213247510184, 53995717618755481802516749761521320736012883982195976064281712013708234092398
32223850682662769686847104028381099000753321278688864504113178356933798450083, 15287299782175083036227296592103420330616821678922652111699749611109236799158
9839256273549569017861929284643197074062951912679779467202534817065663629182, 56879976872931471165731088134673137770964160692897293979398433775256816441339
40357612509565743995587886128758340828708074675271848405309581183370103623756, 63775182865268745868325262881094125377167040058047598955908641889529499713063
30909743120035164338339211737775076631279507503123615788203669906642508602367, 15861275751517650256904028228450759864796356450031680940632825250736462789685
5858224409708679225243838371471455163295249522217615322531205404302194285736, 64294025731564063371346698841387953960085425313455567979517382601612106238046
23937705594704809311063998256654583000965755672007693514744862343293780659295, 34955239609893748188075628265298553403242423677832714356237243161028898507257
1184733083660814508538123904357857859649843812900881880540077035640724149303, 71171218813478884871655759407090867252774479967874502126223264909259271338378
54082602195011030225485798042040307534078227473928693307866074196495980566179, 60892097624132917579338680695343811465992520014240250838613418169015384139616
70755581490578099093911831038559896092644601276502964318374960502541133493964, 76439637156882970699992322437564758658093956225512282727231818229499192840162
60765927475283873934257595989438704158280193129029708947944605523603637821471, 22293163600021104059534962396932552822864247766138928480420321511451562766623
63905840909220240983376468325889341618281722466941465184280880880252849198323, 74773994707395432422106150559324618102346396684758561584936898863497725332064
1485254684021117357395395093913184469873361846185749509317050771753765599850, 9303049938786297737738038149582919761758127120381561283279315135989576701890
48144768709832068864790407096297646628731480066055497698423874471739601661498, 28421361142237349457472071369168496590736723335413805795956220959838441390205
36717305802010629130982294562424789859136651750012040075584987208576825720093, 67110429534820883743007657538989796925112279323683419065546547835259223791408
54414814009921396302677005954091327608765610530270601215736397349000156536840, 53802365810512406824920534583642725796536830068487835610144974927576333004438
34798237705086862939347063342889334457670552132438173556783252773027317450214, 7238978226459462803128598408488825736830011413505090373277311469381009389040
45245011802007535736379126913949038406641870477686527845640533983796454014271, 21903047549305233225964732461527348507725388856123549620205970907089175799104
59168952902674081393347604739330303980378372386103780913610022322882418760381, 49024052403968814499460789499323981742703612749943766382517205312868324572992
64036139068579654278772929197177511796663667335563198953192501973026205406011, 38496370711683575378102155831447417436906419382565569265937902847960918891502
50933687233292692939355236111227628224026342675495467708851493176879621887160, 14851521868734496073192930903904460612315385241003390819166590279899910460716
41898701802256792760919916237569070155362877338273160360319837118552680897668, 57959480638546916202808128414119764437642409358815088398840504639071035519906
32668815628435953522193848425795216150626108872464547349537455612255635209446, 42119262014982833028826138538706698357877155427357112026473170284003062053028
6461726800205747960898317355617469256766647387723516358117775023409280598852, 2311442321295215086598542487890615579446552109047345892901029299676215986307
68336757925035471676231143077033018858588820399466266305880860325342299716977, 61456609772116639678918584274404753323619041365964804738961774436804548402715
41488376562682259649013896768419373939536919360516015978915558901856537999639, 66968454509456006511531884096459112436095864115855820586087162118351893637087
24711958440144138938997482473748641116416799269027743977399029540888302404435, 62971170085180690476588413293278162644208710818403341360365920059833445614595
709008156780725389424149688613137138755577332296991283956691278145147150276, 29973444483724531440286275543428451188159246415631653769604301114704763092566
38172137862207996588964049805162487399602928755777238256436666008453959160330, 31338566163421996260018939032214956280298549911432962256293948955857268322043
27160818965882462710990251712234746571049864603352150877893090480671836332716, 68105525314805276012676437058124703975407206608948471565172130483770274979993
67345223589554587918760972021692558160378242610538247877326900648710975967823, 51410567406708299086592779964666307296864264313954958005648535421362097994770
23589733286569020308579352396702357469109008083370594884748614250529087600155, 52737494196874650402084776476366988380773233880182498969472687736477049403892
36727419247522737804480256359375314303944072801154881636108530565783493872192, 2116829811846781494412426778757421915483568068710592605191571309359467118815
1916503898553479347281461964754364303864031099063917590714005838907846159668, 2331319280675203998250103226436382893292591997383131185765475290644285242970
4520229759991908187684654553993828202968376171083893760254013604687475391356, 47250038631582119509197828984117187400220560887826740481603051522336472832713
9137994233513089636421378932630971743530766929617438217829831937208723029531, 68393113114477340743115284979458092652375271914379040554817864224392870325998
33206933721531754509174371216393394986413390188160453527907583894173946756601, 39143748472820886334284901360036605178674551085547164362187261141201873289789
24091880670455754442038432926946336984055586032431600637664531362401893694697, 56544751513792488219692273555174403467045442459571663685008170740675444625880
34713248180206440484722464407424181035743791085318949892450259445257229507579, 11494870983140310876369635287274041012642195978215904725459355437298507835224
43823255862198926016732718005279613376131357518673340046468367895776809509607, 20082167420858951825011572172951219553879533058767474172742041830173410624070
68046219642926846219649043629830173767175036628405672802641278134999951280700, 9941712475980775572750089316377711949216072630193851768816865198560918989156
4947112682423329622365347011411368974336448046784230144093866641487437887804, 70202596112685251345422759003867624414786987705883122227099632141332096992075
55650690425027836897913974625508110628473943723365111966382643361473644096157, 10932170358515270365001820451097392905442215342921743473171644386794522488778
46880333205861954706875780606627928378292969304940513970651973944390678900852, 30224512198379022004936054351374873374715760655470203977540839767558111579753
42900001194478775330505148107683721659582694825833772256949014537938442398603, 61680720265675125119680442429344863232058621876647927739794953106819963281
13548221070807972038820442775383538503871099758080734423824025831812686588839, 74029550683542037002514617680614175647246081452380615241337608131140558017704
6142588039215270983247501309214854865114529539931539335433801029844438095927, 64529524248370598976472925405304738964541288219075912205367929039369556983623
59845560488033854496461075088855556700630430737690544248827177237627868176109, 45398900761655464518120492671171097107871729764618304110631857224025026384713
22896236198906891183216822450346206819445358147458652171510509150779014030186, 31525222196835115502706089630792265200457065898635667578929101815813031714997
32984068596616647306137013097004178100328146077112009959196048935973671034941, 11087696630589249940833463856334562029275326531656449811341618199855182053625
20393633941644411320652165239813771785045521668518954386895775156196489660510, 24494521455526884709071793802073967950658550594900937072538112159576739303616
60147638363115396526018502931206288365451079038012691147056523116426566857643, 71573764701956390372734999836406591408589861848991497153709318905163169139055
12673629278375650904749197098680914043351945456639442916521579676226105563810, 61518216179541901362453078471224584495604595251449416932937836841159610396735
12276399667748428476719927930700910321828342128356386595682106926392665043564, 37354659530016257183672422734854390646912608491223489565502411967678832130391
35738843280982660226519851890412901720095358345548329697507470795402746107699, 12727043962444144159096832975096191037039343439756302498199368292622003585431
41234576449989847788131421254522408502388865076227876936808861788148358514912, 72001672496640783420358945895342730122349713507913329723153294752669783732943
21869823223951298158244188030537181641168612968096270040349022064176903816508, 74389206983800797341119496018622025399657810627859679376605648956638961774734
62006751517849434205074345510986545928645716002468000920892449255087750170942, 26118966711875365185425786217173902625556597744187142183868559574638077937272
75426616859430115931827810670902897371506854607807280513259366956995078148635, 40934419330855009269819955411435842876832580862957565535115340294991258485195
25605181492310025092623010470834995177457275493683885982065017476523042037753, 41120920734368303382659488848727384740411663554933403953293367579375829232302
66247590629206453392975708622863053893469639407501508137128391640886289233502, 2049734253325911318342897858917733954101245694212205673126263194934772224958
41429182090530113623707285302671986414117183702009859818783741893009843541102, 58966669757341296980827407126584756290444231629081247636461660853577636776439
39984136622818809185187653836675823463310752928967014882911144597107918461979, 25221816286175598370284885263302896991723224237516644096361163698869228403010
54018344138773897115701358788859346850466882339270300410983529314072786589602, 69487541977019163069429002607494216666879653268359783033454912977796842170883
49109211074070089614982957815384634975997589616285151539855986668712748893849, 8532223738268336574414422314106849485420003721786647425413355445287891798658
50701712012760493758098707495677515587069233480062620664663992225764265311411, 66316957332169085146438700361141256496078233795176907389689998490320752011574
73767606006709020783051862263030040211463387110865952611729492676189174756641, 70302527732090516081317564930895113593737748538768766481475411730327677970654
46051413020380057329297099529276944417470340677721829608367693956915157967923, 44682481363594920015386389184326709643610979470739811119276179240162989298957
18804632064669787365356941515259600779564346809963181956280196115415322086715, 43521770772042768049590581365852741698805480187111238301112476315258346907748
2611215592272116931952929821357822196509641426290342580252610181606046276989, 4311265388836792966118047234569423464551513294569189870264750219043121598487
2342176544130767189261013510119488287551028724651991959208097672468397184082, 41429777058816559598405059409621246055936111620426885136932495845390902711742
76696182308386995218564742498562437087387975703453075153880153839736138063259, 37373884219869285569378658569060653933565235120426895801835537923437214450824
31004124404864090649453160329031348349887037925503496009051258407218967155085, 30315916404157842877035027439026049685223162609551475635408516660188588936588
75886085038558806932184077217756457015915838685622375846409382567909803856339, 27646826746275419475141530304918111566556922020226944204605086026459435071496
47004226207535618319644400414334136783199076997383995422415979573737190613654, 41032840205298427178561312756860604722031638011364432413852140959850506773287
16476011899475765979394455535050881750055659274454311068994294657026369185458, 23930772389080936851694493338140174949158010052611907663827497797387601900580
48117033938483975021959295377143372728308050962099636670947327152200978638853, 52364179217777695163954094963086710677268423703705634448821395935677738797517
14189004123400955320181227993767533831090002144672367040350972219048620031014, 14061849417580046220656850586188456194291134310549500507141878416858632270892
36000124066508714926091936623690172455468883524740561057485411405068423659999, 5124682423715570007053180106405459001139292832455010089198343519294663168897
7029305701546577542933716638762962433202637788318454732389862435771309606843, 64097690121668388456763196313440614343327473177731472582042862928949496162422
71988350530188241868059192465151558308275002744468207911378644127794053817205, 41308172914888314708074552512455139033694143883806168466083642070552637953703
17752968764659524219752439015114868765912074776590117906940605339171649769627, 58339555902163617325355368180923604549739613592130879548279712432058372754971
48455660970790344598977972148029357571150780124326372182228580862184791269094, 3031255006941071384015143940022803876221558601285153480375726859066016756829
32562507897992952679895136920952172169864641971419743266609386988003094597967, 56916144392144604461683330937107916544901196001631162668738730239627548785172
52363651582766114201153095832745330603338346370235521245117321744837400108509, 33495890167209966280974630778824150687018612233083440680217153587838968862202
76509979413232853220341841120277291767679127539757750272294679869241976040195, 37436085183077052476484596652557442031036359447319902649398761327435164740628
54352296150749001167845803120354697829706422666120183857387481129168819069849, 47005519719079042973694366547096457037245750676341914239055948133198214809932
26591419048090405574641390650740301369176792688855780144611168174540974461149, 67223334594869487157690611642800497149620771502100404531823284920028472947005
58820855834602939125475425927466836144610687214055797833301100972399934444281, 22308920667544835065501986103777137651669033976412053119569281270706446211540
75745042167787240132432672817527967772768737829677171209921976745221692228049, 76576242869331199245406254282969946901953165410971524044690254274311425940863
61617087370041765285249000000321285610076128626887207989605305301654652054230, 76643475596225113427887866767151075546988795816141915275653826544018937810615
46067959460060477090125210252313243248536183221151901125953361502556595087199, 33778902835626300075021117063076415907406542809328673226386806692577688612206
60955079132693213325142052723917664076837263539671311390684274015140943775725, 38859413348561584075376723750862866893953753041934825854603848552099652384470
34459300087442909154728708471776846146952804887092386231564731691646648614797, 23293933929861830508280534613185227316829869550000905564325410997827748054432
37408949573128650485271147071292466717362689190943851356724262601233015258923, 9466255019342800327046854417271971541305124671195594906034665081882898920287
24181162240926627188131686077003368962972359552902824914058373514473543471039, 32780605352208180224149359877321551216988503020279219569927588603516037066586
33398136965901498439425585527200848884561238970527361196327140163397409902858, 451142511637213941405179830231215407876490445497327605752215237590831400086
65686765623807878625264337728529273912774923564646781578762191942366248415997, 41226780713943581789051311245820826941054835644734659947265236810495172586635
49792943795736538414498640293271245454966048599332502450557903197073647112200, 41445221876931763956861916032724995896308425859219106051688813868279683924360
16655027712299054445801143244956310912083637738613739962473027271717128966401, 10998492546784324875881683815241381403273740679765080981828918507550040037110
14394812168818160858506827724229706640459450968811207534949315515407619685959, 38456053770963713322907102218614934443628399883014773195842738914896767347883
25636267814126457135293641425678530795531580746856025954515039255186029705853, 1907054474996693260621376306524830198219470677143626932793926293396109136104
41671223204613803120016734971914504339714314986316440544808154119372148547492, 11198416161171178827090025240711987956076560371958924251571393196642973655537
25920475344178999501780510796790214500055568578807020154219104402403372131401, 30495273243177469789478586157528777231631116400429035453391451167013792316121
60203935592834483002602990118323949361531164021213667886875496458549642118291, 66873964633943810709681495143599164845808599483217560018090332847328872256701
29798757268568369244098751053731992887616518263745844202552047429712862820759, 58267270088815716824847200455694932429334257419586670725795876482421196689991
1900212706506871354193815820083426379689785555376087995015811197066244747905, 71541797034733193449067945981317319074998845299371016940932679483224006365400
69693873536304178467301396757938279850391625891376734483126724145242866742497, 19898779792323792901878626871952470011125598372578595206033368593974610996375
1645027888872756023732413443075995538865154848894495754562307848107168804518, 7070799955871927975115235103702421477966667813805153494304813069138253819066
25491480318283200194010874120737508824371488745999220498866705647396558172112, 76411612937003381970527432474613448832496630614809924489444800643247097276763
67493111160250799697014159853870666739223239449945485712081114779530054364870, 595365955669830200005349410121784943715322080093732205282903499634456717503
66680801873951865981740521367242545570777624483317772374519431778486912079510, 14596737688136714969857382389562591187792630518340110566609987628891186348599
59325296566984516563655187777851643699259228693152545347877159071994290295265, 42483350749935229272432219618015448852868319803421527649192265285533613529567
23735384220249966573795750377267718675692061520397447958490984870404171343417, 25760935645109719375932116656178031155379338853155332931494744371703481518108
34497555017630509796933751333348982766298217150191334933774951789718397932354, 64577437543013836478284541482730534267240493372461779966208486863640329248986
37362429628837363869085033769267568445272004752847339686160801412547850818984, 24915484780861299183895712790053569390406864317190371971695419746017921599818
47760323631232720539889448233032412015483977505639554470889863896560944524063, 65635927967686666014464256355268640705960510191970525061732846635011336613906
76582853834393464081992465451443284842469715496118608275277616615263066349175, 47032091332229099726045324846565143183208666247010298502232615055157267836427
53221420352449494937434518391779323575659525933209500008681909486250544717821, 583511018582628509121975481475014267349134188476981368991691056697418863816
46939299283869995919181410008837946125523199269740685697917654334656362800448, 45233136476670603786292114803352042678445416340503925491057317633737184447230
56894955504477725130971382540707412137526925597994865862727096493978375000321, 11752653637852712292072462824721790734729158348791400700133106995883826337304
40283306038973792645954763403540022227650320038483812728662309263905470831321, 15855432790983725936080415472494160257566804571219100053528458493935813718774
27986901124534912711992200478379218974077873388301581393837653416007025189170, 53913368099603033372555045757324112294574773294340104359115365429436344177137
52775780833025658711400684358032240326812656262702053917012846467017444208580, 63901294251488645120257609769840637176301250847211774331423600552198902402011
64161649940691745080333697328131916723450424493282074393068546802932567692313, 35335964826551996708435390844014160910026156234213984735275199879943962961838
34390777951214165874704537471707538385281425295492401819361667527005590095210, 73465706734785199143393078325930089992743384902535974979710811859565512101080
69055503534336930246663738367695992680867842212322121820861482040930171365849, 27895139252844848521916376345539207021120237968401467276910749559365939846763
57664165737794623333565686594580660788474645808263388643494269362901035896646, 45945154818183509992502568730745732859185548301727575523166236407504824297230
3577023889252468466281692288664896101116835468938047996559088538047921526714, 69637861937985010875068806840238787096845017968846898715920259257375884996179
14329593908656081759337300784513689212213607137647565615560977184907333706274, 44275893394743596129909673238782410281654063348599242939472967821028646348823
71868258771511043012711147258865530494551828799608984689942807133776369920829, 184505239439258139694058800272228769493515857279049060334925615119923501669
2665509966978767502939669424654022344992724922250324322194810268127332619178, 58402263569706047291293282024180467470625077628745219308060034015064659957443
49454419295853518966032247673289856619043276968730127195071683603395120054988, 64248890038150659782060904907976434777725270703715612101509055233142656569774
75980852959538334631393329731232912568306618975562879537318858220923557229225, 29243854944549276381669009814543877019376680670258515738475150499613881089417
51850925700493541556905244190593112683379108177916602265929213428688277641422, 8088470159175811127774152536062655327579670842106788196679684915860454889139
29058151944734218890237400686459567051692912321854302950508852732211959431449, 16527463135374109014919067805939927950304310063252559214595264949657344197557
11215597064548788721635193498816581189071247062403043449086752963340589248124, 6859850256753197935252424612379123931846450368805997463041122488883627096666
39895078401999787224021740833785892212201094050315399579436206900502035160698, 58564226260481477603633268473584445735946538630276297450989695797480771882723
51573432549757395120280765478228639419190159110659409171675130432396676016916, 45271412277318157818604075524880213599029258523399491044876368545397243855685
1367431556519758855807319501309172872441533702526698087044516752945281033446, 8204264097062855791313279686459750880392825433515280423079667510092035211882
3918741996356847186297863007983372243117260157369883983066967252869734298737, 57383209963857764773640084907919296387530612774964515676601758876701198656295
25911651102730861864530246109891542994932494791023457839773072566893660348390, 69150638026296606018033666374809185932427364728328835591454548984217204078296
72816811114399895545257220436618660709929232019531333781006617292811422014345, 7240162493746568476767933204064890422513492813378306615113394274216572780673
12871520453568678020946183783764814127667871049965114398967503917484557941305, 13352883602440782625492823320299078766244992455476987660067155809972548719329
46418739553545189933496928554538077686125174026107703307153045496464253170386, 53249581011340047320205747239387402488625121351336559122212182819663151094133
42133680966164208383065617220077620929978532309919507320940698256985512092347, 13267196106997068647960450691463752496262078732045697371309447465869007394380
76880648895622343652666666627288688929423059542617223091557687707858106861838, 59774898200777161230868994381999063428014434573259963876309187425863512249875
69796391953694821983738309196905765451586522337572593103397708929676722077187, 31471821567486545546524737600250302642772528306572754525206248566402947632706
34753096667504231493375742583304608626663627656551754485349537010258688856218, 22956743459852918932012912719255778612021378430505530125239288379717503453584
57911842160055750838288403422907264121742468859716139869695004135111744257309, 51950316713157093284428892658581750647684104652075513659443761075932928769509
71199384477851169928380204692197565960195540878602084537853997764019614162028, 6709965921977380429724308980227444553610458078773962441159818176068564274270
20702013264076013634697189607866802650935680712635741764655661330150213083580, 25493252441182940969147301297063723421663705478339133946572735731278989119215
21269998701094409127146608553591186558058894870124641277173142287631181066204, 72639220838280359183033093326169010562957550148964145282886879257931043682940
62519305265805456717978195764689032473188534901368805329358115607766475815709, 62329945740233381868102624070302434505251271508423736772083550053186753572165
49900506971442116824033740599303585012115899861415601878940816261544616981854, 30331704673277787486939770705929194751422875411353747939513977607697488597867
31459016578877470889026598033053427133319297944003688162230986982614248923358, 19191181149569875831036842649895711297311221828505390271540941503408725811921
33260880010048056492389322983594075315269527325589909162041913192117211635607, 29786030042688069319439034013630218683495759343613241922148111283564028243813
24837468817653419229760347503900333846890653790589397718205229500448548279567, 40107624021851260686733159191586615398562087271001985258791764551412508257746
38900904340034856296747722111599450275780500757830046662050394078268816433718, 42472781434387985628763216418585609979647481847670966170873431068563987220387
42764499481279251014169308830684165738145782165747338923904481769175319173656, 38130768120004600601281398220395673548414939232310984531258977122492558963058
61655531670295448705418417339601501714509885901130329027583910993176176730974, 9564296736648443558143386209937442333929895595186225808941225468954392054890
16302532362460805825584160464521685549257065469376347698687704785469543987540, 25923770256001571761478481050371884535049351204353995855843349889920055821297
36902163201439463398196513783932293937158268205557622299267420114055166822190, 74640991424700756065650417479803600654498367312157541027056683584114742460645
49113409493508460389202364715131549934697394137341987914480299529480629644005, 73606961823713551858073334833442368798167359554760759118009469558276500887262
14005430720650296755127794063581502961434368482058950526721332299957541010870, 36361913437462251142140833502343650586671365761650050689125859580025258815202
33027991309378528773924479369750788080902726634615953887117334608084646399717, 58453844032089238721275417492519283453671246277076796901012170587898726559673
70412075038009312852358481525098296575759911954871367294329132222803225463780, 12785160470151666782919478925916122222940892108056626051273396986710580870401
67146521190140054970596660498671866195677501161212130093207932352356236844508, 44005537391311107485999283888588721588410786304718430483029355182607126937437
26495374720063182268411554737536767378415612830291461835046306128758975475919, 13099145643904846159472395576423278237720033889986665133804723381257947223900
25040414939174574962974026347958743862541955331796731262724951667450733456782, 13637500072602459327381096161376034854347510112757100511039350491709817799194
46410583384754705847402766808564862920016820748201809790754690642758805881421, 18948647305210659752261900127067708413237350071939993547264546825546840210128
14426568403938733156328707145973625835799143879634954281898800908880863976924, 21424157408797628070123429365719232540073534493603273952406969500441611710236
28796138251050456628587813529720791154989259645693988846741529469793634453293, 4827971816192566896300753753252644806710987502633941478838762166647150045694
40964491911778842224362444641270879340298408069165516317170879993900612739770, 38752672146425977908078531690431702575368176555935808971947608881809338477070
54426259300558472516670608130668422382952561274089290047965571210989898927514, 16852576477521854023472598767295321460490473498989735129184304866393082821645
29227970604699016139100855407330286773226985260986178299907251565683834957418, 52821250507455186541402032320489012599698748555671660096771376493052724571356
53213312185594351941359843606844573873977672712451185243796144315415259211279, 63772060848494861381938158499150888947476652739140876641384915069067943148270
69326863512499663867404067292633141215795407704049893261445141584325527635108, 41790113038498555110950272044211741913392479972013100704526369027391385677031
30880110998972622584368753042979100578421906700128534937318564028085258243134, 69272275906954528034489568316670880026226080061602486060771763797205100663337
16671547138693249349300996793049148201785146398777963693282779450379836447038, 10159683710277625411677375063723680542928212049792504564166220643405920027822
865272603771809538345460027055776524353654717111651092362132530241559670505, 843712566357392590220361936021755333814731244447054847612202305110310154313
13566516583253030219852976275779916011758797096791328907385761989938898509814, 12616998924266248135012989739860919415502071154326149402690477411454574142379
48046370124917109206846434780477701142391658411022559283864056425029937577674, 72737295274598575433775540368195943490093499537546079783101362774483820614873
12885151452919222857894308576635399873608972250209358282377925443226285428854, 67569164657004465660926844606014931270415492934866521885358289542139095513684
28195314491432092631790488966606383246703463908749846622297189496539873802983, 63265737660898501479025349273877252141707788108647916555132380229859730707400
48245434949430165511767732581789966774139961296280077680051515568264349019567, 18387330130564484175464072501560208062008889460532475382114595033453001423878
18238371759077607341582042917042444517781909750724574238986578733132902843642, 1115179946039388961552092864752956028385724078790821608559104709281911882813
52587877012856049191220030113419437676041255314511095034448637716856433791845, 51874171514483044560369450226848205663421333094063961381798916842345832738893
15507946941373656742565503587429102424682872448903025868851033842702216660620, 938393521428061241726982181289852024743355079208671250520422487041448330078
18674677579746254447873394320528772209798042254774327814592723052132674723769, 75806782919232767655005601125957558637863784478912860031030040890674494017761
61150990807741245964363901070689909144402373538970124918963574738468284977340, 56285933112262759177452678746645221386702612454519790282227757686692033299244
7873830902037540701808734332872019726646510301426626711408591224854852481818, 4680783774911455102793072134954595273823979153386404875973007391338017792801
10997572278833669772744718792281187899399570190171602804446748440900012509711, 14860278415262253994711802643937439467074806926435083788293909992932081240022
60424192236102306745171516161949116306238837915874879439565166477453083571520, 7055509856834571983061668754050717239428987556463520153358699136574895026632
42268475843093592631908391512484072988131230953122308516224367735919080122526, 70076763528582398052948301067527414475521211307676719887725986578935788561961
40263757479294903869347725688574114778105934111195097783440761370886983869499, 24177312147729938598266099203599989556184903978421715306078617441395971591516
39257305310903786096185253784890104077855169642078016329201556909177957284240, 52852015631583274904580962369334030395328478165478331530408708015602189167441
72527577485952426418173184971541155954769187644424218025976788109008743683010, 43624123760102242849722644647681422807451743841317898295588088903351985424935
23666896762154257530455291686131108875542577883250429018974150007882015419152, 72102613462567050983142461937853529257220618064169719120573952265671796286133
28534609427705581631157870050684028730457711820315790549902360604861324956212, 367836930187800523340457603117422779381625867209028486260125663734039929025
65704105528130496488051515510575937066267299283222006627132069076678502853985, 49375515736955578719472881977917659240107481341018793739358377738881402674971
27499989182007661476952319624643817689649209320778577687113108304625860407596, 4540130106601660193753154593432377602075576409969636408849944691855289009696
19960899439488832779188798604772500755209089391580426133390940901093979530077, 34627583941114865089963533852203727387519336046340853109860580659466319002839
26458838571733143093755007873780917115460588691622576486393956899009631363696, 59285168462617240953276249256416298679517178603582259888550008377018956899179
13678338250063839774603109684313723456638318547330788814448955697883556863897, 69127575146829813226040721588138727382377261543775946260976690916285773810017
23012417045333391809411986108065791362337583461504281583591218445396574321669, 63805513781237979110366240190318155921822846675352946708143728033640782451250
70425242731635556212376911656594119420279616256337187953100233979005163621111, 71218197428027696062937006041330623356382529895399809294288126122657382349376
33633846961251276005182334773142749004177237694075187353205405231132516737303, 62691356327901884026069486264987542321652385936980022698526836200863510619824
65219487613305808250338735757481149359514308489638716370335290094927153586754, 76449581178867803929412712737803192530882137973438728627570961042123572227383
45820494641885528038205431027545126256977487321601167073270697199130027859927, 43605117813275510264147804787448094302888422547796730338813247227601192904467
70421888919992861266420281857284643246157838918032563961979444059189713264495, 50713849653280085027558832299519363439338876526567345459458539192150920625256
62292456142570604893323351411881247207195906476682178591122533917033716575377, 17622938283572705973271473080066930974530032391375623243835212624629769356405
35151733354749358579379137640331073621387184955863981046425661266113759945132, 10081828450060014844342833428210060359377450773859605029381333631378610089100
41184073213451338589035370685784098000762907178814577404316297078872000980690, 39623054468101935878430577524499435284793594686666353437000734094999041396549
2208918642790397476234591183425900936880576579105979999165009901628160491280, 24312470897997505112609104979120089051859870241201942956927516296393955265784
49191342105728143238738987959875869479339062671211266015752640785032479862937, 60488179360023518127475169715763760785362296300709216991280569413422050518817
22522052791913689225777499866663672298349285723616042655929638753557023823067, 70811155837566216942838747021652392073141924851193761384026698821333993495964
37790329137364137693563018749350658955747813119104052770423329517543030601735, 21325333807935525875118834590742508916840760213666110863461058544864807588160
50582842191416166116737587682898834328066729672612552872765941351098408160613, 55630395929377648405152302519567589549248903497509660533521198067280616926252
34829793222948795586710148865030418775757034070907748519004652263462736186300, 15607989730053035522057780866019323495612509598411069987330690941064624347928
9048726704693507556090637221436051731203273156839875616398321072113169764359, 5893968362537254505078410696793639973894791627499777033762793610373550670407
30187102013899697284946152940752839551880115298888279178109364687716284799336, 59835566419005289888586652911825786541926123280892042008476787544804730903161
11035529633841869543855573527204130138646101036933821097934011889771746927168, 64684844786374659584433335596611145994499579725543898956180881791347282701774
43866214652394151259391708241544625524699994984534390121682727323677673962299, 36019937363597468427924339408265568979320844680137724235113069569885419251081
18882771531326473770093609619867381089846671444732360676634938326856712764611, 36427901183919822020556026683964028447105974817590652731914848798104810270715
7771610038977652145504790923572614166657012164351661130402049608256555225227, 72789364002777466770341015716546036231045057594293257057104270313869167216650
72670432727545572940470246544524672374129262213496448692055555512283454602426, 26527495017074669481279645005910105751526182016905042297793290493501110882902
74125952244057723113953993490442482898614775772605422577619150772142638865126, 37853767096211569987281750409047363993459478078620536121358363073410837992106
23329248324929216952952155642663849942002506098909379323664443238554702288072, 37463127065639433545604884127176494030859365156167409401579056481429508565995
33213433634786421218255944277429110679188692208125559111394513109045588306993, 71425187103639584694633651312135790596438955864962437850806404899714833159625
2810954142084375381540210265311090860970282460264428294787318637634981243601, 61903287284064002158959769876303207002719886031296207885914696698990972929069
56923535530459506815788080731149334984638313798370456964024202628161296086938, 64944561017410499645863645279543167979812203269010995122425304732636916447138
56628364114570152096408400478403195936405456071102467678402954042244771235069, 33651814656675202628833893979067807644264855801945358107151935104680561930447
66523941037328518915033024978850647313396627599114917706832593520701501885911, 37758204644566462178920710157694149262999274415120649769408721120001233031138
35893347375526398610001257005978553240853866775487198367034390877759519635820, 14225895882238155488980372279579937027991643475977065381886834901417503657990
35290875266778334584542173571962765104122783489094033814958117328261462435405, 42232488849059888428498085159465686994523804246680680781918740312594182377259
75288447546261923511776537041378145135906073544924172291505834547855196514206, 3858117400917906150724694819819370592296882223033558584035571873533711592872
56342636499730429078571772767268546050313552939620466919805185425239693042832, 35518311303132182258464017355871070856113470944742650325989059069097077360966
6067919335359648638348539806129092709235132707798295040631873317817840851181, 40727522067120772997956237180550917050875366269169937218937235030473082262574
39452562584112147192465287859249032448865739295527830566058795171197651441358, 47716060474232937114008049093312300155503402348746273019684024581039519549897
69837805637011158591580907106251726573805121637108511348180847375067278777853, 32654634028091999900313669420655530403915991304892116009790924575443828759905
53798582444412192798010900160933118619281306731058188137458334135945389930442, 29636102849086026031716682365976516765649282508885877047523324378868860208945
40216252776359677852135318705764946885538752875592947513432028149282274333117, 12173697944020260434518729339161312772029384005847432401779647366185371477001
76005738153158961427322037307330174843835123740161367686935974359567618831317, 47613015200405254850758644103056859459394402841430761154328230864585142705808
1881858848404870537084931670173437554929897226249833368137641638418893913359, 28678372509127909488205675428959360780976891968322227589532417865647144802826
7186697083522974834396521026699957990136338759750151660796515609920727510278, 36411909670255749340263804211392791291638821034840422336971579979942815807194
66535197997471725342717070560344283489695918628368236900339902481642056902664, 40280348162791909692431870847039928811943727576131109370834880401772273135938
47387058555574727858301939238714766015791336916414454848908598462382259112984, 73474408213671868195279512805650526593838715859886676737458680491180882548555
22437234977637232799394990047461802546742609203007938676871260832592438675424, 36196169382092662060874221677336522525465671088342330417970941361368543957953
63379216175822703660010011171176679120196738103681186771472219622843010480478, 43475188289477718773354234993517284357292747868957637952050622905724437088467
7441905778878217197689340445845268520581279658539529060184702624071506734189, 71062610084802535582679551842150180368980207547218716307041971183049878014610
29910657791296750110277193791166462505627998623307573381290336955650044150861, 63840792586633717649211612108944749530004913468723551026800650160352405750305
24970934772652656607215945567374920489668539356763342429058028391281897375305, 50676318049272357716016623079726365702913026481965181726988026594196723087790
48503293220943687166291770504355146859107820905719899171510147918363351424597, 4964073783934924156944094292804661947074674493843018682007744977795916520343
47524445361588172672759516120033546768874944608404115761888841317205007630232, 69541283140074206739880922430695420649599600093639236197987172835171161440226
56466724824016637645817831197389593668278172868088079026138262428775349164995, 25025204506407908815125046507863807971411553025656548605918719488972915635911
16632337975107667563221996220783959833839982308030769325460877004595212752192, 8848080926268833639768099925720527970536274898960205499356727151869543895643
28348750241578076830166265724785131611928654268457483257589304140841020185857, 30664616312357402744129845802782263573318992789798692302427020137580037804166
70418783023075626032589726381457218578141750451009144014180015958650942612539, 75824075685390890013216657942180690171059011528164559456647828863755434115178
59344626373416610786168607238253583194233589861645243223675494532483160866209, 51325555425981982407112442418828302819093966247849246533567974501545849134241
32280811165352259422515827238951684845005528422857277606501419757103676250658, 38694601996428989519956625523982524206315684250151979170731980113685870889281
6914073083456737308028131763073907325350858211970433938992621310322108944345, 74438570411248820456958985034058445972941996725696289371918758442597935279992
45490776322440133708355956538883639262078602128766341718085086480041280397116, 46275404379654615109690293027229834553979371209631885628275767762455111034974
70546638260612032285906452568394190416793323518846204559670486964998600263607, 49692874987704241659592600780442028824635470161819713861324432490055124091859
28978074908940331125864783613960864735779770937764167291934490111727160292769, 50439815418204086520441401168380121461028791922019153604935653096818392918055
13247793713323175696517639438086845875255964956973582279732546518503568154790, 13315429966046637989018531861053326602014894489383191791436860742791117718926
14600793282388154643042744371677515726760863479110440025774720465889488030804, 21085862100509068487303516829745208746866425834449210554287294791516931148141
59392310699435809559585643475851237854366381561008327003170286572406999627762, 41010118686481170772251887923962717189587455542874430001042657353275984872604
37756158152939591078904107802868398763046466122828269450902577269820254325922, 20321441427724852795578626627625629672306830369398740905502845429029390314399
48474976718868387356722983968381968152291565226871007746386075973441318514933, 43520335645008886183367373823580526448247028772790919821732090353674391186409
67944668917614469459569100969593745195671158471079209071990419134168213043340, 71406383797600499293465432934668969645870658166769075044036414141698182855786
54386230946631010478935089566735786005320617227601730951196203813415692425680, 6711721966925450070146548691808867099011816206683238605218858045548843499243
69226836116196103042900352003399081182017252215112438216739835749914899870025, 11856719941077242538698522388573316788356798033373434440532894637535413429153
21970903326731109251468577761970694860002508606294046811081818868986977763488, 69421190272644523707619811253133287277046493248290303586192117857069861353143
43326865128222922115733663361340961494761552942992260522710408969282237885995, 464537623990970750881380187708642575578250870049688205737934615360025582876
66686188692369362512345270712806308213539901161032451563757609577140399973026, 67695060740956674991901486223045559975228118359573421563120935227981199435286
8939452483817739443242770654241871858634804049162057872491315049015311765241, 20505113065292623135797393553597384299554720189945248699364791754886872313006
6030739686572723665570501336972721842857092281996368685904447214924169334709, 23613460761959244813458509581945903064103219617197860157977628300451402575392
66591594982927253402521954754054977411192585877603371912093371627294033288108, 61617482138616918924946132005092391372782842747875652421531638753985358535651
8106003171779583442435184120089380533731806462187159897172633304591736842373, 36719694615907216956091300468476855109303201319993182382354461913921057635325
33073975228331937385977604765234270890361291542062904129909328257480933305433, 62443446727922858430582164174469243168557003097337864384365620076543693973930
39689801254969573027762095639336128136889794741552238361085373381272633667089, 70010541729790500229929762281588812480897490790100736168992799538807093714457
2211954733744203809484694438516692319940156607299204485412729000095385463526, 27912666321685361672753623746447098115710440347746028498128102776482468437696
5011233103432408685968503904761322192397001408331750585152133021368084288624, 75931388242364533624526620959639744080740418354081226683806880928719646584523
19729215024910455282628373959620640577565709919366218121817802880015235130827, 25368341116441054295369361783336344926835302680264235405535528977361956711743
10097143514347437216323742546854280119366649503320533927672514955584473620271, 42132877666059946255597017726558457686169631320440497032817412998495639390221
33716292734010765638657017516346098162597002496070667545554488428876967743415, 6008380179847668601797393076087577066996556460423499110694214203232664674412
37355896748764320587107815915510405991046072885370421977609479605392634593134, 65685171420212613517115945999258833279058015673786518917312137902704896207647
9001028694728266032287378234436497202453417292449262691802882139886283325116, 55053603428785240802251809817055723587069823133438062508668415839350362431027
57895158581805155008344465601050177586125310327783994997222461037270468435701, 75013772852741197290985500588976942194985126044800894261216067192029189896478
70103871258349850678386539176032804940381383080365270335827051327242253671052, 12492030152303600892903070668820137017430681871609008551570939455833126121369
36999485018742068431043427557728008078775878138899207782195320507722532522539, 54413058213693339351113349040642205609832786581522732221715811504142054477675
73579173128591535405083935635986685501047586411185174770612682267882483547370, 55441638984134793004971528959839213351038130964647439662073366542007024489099
17875556008113607953223130388886408744755574806477803533515745226217838809072, 22779583276706611527749222576788812870835776263397417041192056694176503236931
20090709097349805150440675576286491084023846451959020496437449544421209213307, 48978141965769491799407820234970933020411989050484953375989446037830356515647
67255464592049911392572431145319748325586853573063887127694100385009668141972, 50468933078048251600067001579917301322020833925083371399935773466225400721837
40706054135310629346471697376796658497378083245879129290592049405986799546454, 25550536450854594144507392885131098712526586699110964575808861467221837662026
24290402603837199257980071541176382479145422559156494539017079758971773104339, 65200008859269990256615440171226006454308277137263264219483735894531331317193
56169722274164712484913730140479870862600656415330864160641084170096305462376, 46483214235954203159902494096988142369894570016115157534491514324436006542975
2561450691405544396682633343045057121437694386601210366059035370509968174009, 23761729200260708140524689633712028523791608065663543124625642580423833794007
49494781664965817812297077301717103168346654163779728404599294287308947290415, 41590252287309089635871314746990989420301663417230484010181260298301441143892
59396648946280443348951271433233228364825414312256714277193923748816912782244, 27187316091581474407907623951905021330371404889847195902059579906702796316517
60322362942253630927581313379149873861115298071347972940145963514932799034097, 61145153269068290607906708729558484950715352866836214126607401302229720449773
41911335407559015914905672658194916707054682250566507363688388746001892403091, 45267210063156056736459361750089494268297207436050966358290328792378937519392
38699387782376150322376923369794633134029306423467635194067906923814342446609, 51333470951889728664022315908253809414260373683884596997626404891180205080097
26437590159546292410077922894346617547298062840016086140906763712378300638624, 22145631283702617259378732969138756335996400870012027616250931731524898418842
65043244751221262788157272056914683331989615113295747645899928566828152979872, 71590502309896513481742714415935816739450193985870882272730343310377410687102
56272277424091351217391583220210811448588352700784602573520293129941636709242, 27059967425603315409803402047302413093116297404087992546758209401013606781840
45373504529937521899410568317409685164796632838208918013993369398756297472631, 60065142792703863003089742343999492246607526374342695430626237436591654030033
6540029830225226777794055405763546040004562605198397417116315484465252047899, 18993489527884960361813350740319500465986565479589845631662207853342604480189
3187620599984481942547534086288947391001756925971207267475935095766801055635, 47278382459931241446362180043424318788004094084944130067083880474456891719552
16735386709506319094436698277101653351256337178073359651570089719632427621339, 44000679319801253576344099170376802692771199806788049938376280306491277693306
34838082380711514169251437865521812724357415355029141635222771451442444129992, 2082794991169533771504587049100604598705415997773234414840585799015803780183
50776003622868296851838058352351663496211482789058135888499014078224917532659, 39142145774378053504242934197158005792566631918744498887711004459648870151590
36465513550607682969419256721418580032251419792060687362262009242836281013980, 26928695116206331085412683908226474327789455577986851235601000668667101019498
62853165311547375928204480573057956989228554844968984811225272561584856361091, 30572406680779739921787298346110872825829736112475914569800676500715558132258
46992477797198186602106715861083368501139092606820027811531837811111760207622, 71642098254752701275218305383472677213977782852126609473365373382651054622762
42345103010688535723116990292642787013123305515339898480085151150391002958299, 15192016675808142866725412280312309735873986975033571535025307794146695724554
27974592259633138524277735575131382636416229467209328508983708241180575227953, 25275323414312688022786849622423296148554547767710077443673485445151188372119
13378256987599074505298732186659687848447472570034841632035551384218478932996, 8643247884702817183747348445436449361642423641454331744008963692839559223762
43042269158555549811166380295157337707418258246300526558177045769976802499715, 13232341143391340317089720997473454481362354965119219265192236970357023060220
15023002233901280559243181026934488528752871724355233708857591783352058798962, 45986248161707796121295320956600412257255690676103914700058834243951478991324
21336729028601716740352831442637209026906785248477262361854954497561747479328, 34472766091951183495707997090648537109732760046281185516990468995419724348805
49079344333636699067789005382082767440853798992083821633338231994083636782206, 29180994367944093761238862569496461713761492432326731760043162565801454294584
30230229519767438632290342814891361412464377788946713723732376800839715026892, 72364995208867653789029285366799960226024106013535352267624833760780567861729
16871285967316640464075940203730016299163319732580843163412000182723984177649, 20416385357499529086698937016699267179727346789915234637716622477263691623359
60580121534762124310170518143577782228214426487562253498026772702753526252930, 57685403386320412188266782213107616822824651494405288777027676827780346017446
37437875056327775145275517990946236042867258449061343071914629466542510128851, 66684543303460802024955297980352587613793135097759283601889950759046198528270
25136702857424324414897740049040949244818049740940177249634134705142243409463, 55956399867694399466918654927713242759856970951310943086114451414959437059716
13361296379553104488644760439843022567708286353625182371722672377731369255673, 12548154950579564437140028787467937806251959480968102470028746960219626297262
43674424938653690846627075089099488519702480778221886832367711539674342737779, 57889599778456547263148381341241573561208068322931464777816153339060808444261
50582937376099287307124575399472325062595709559923005188187255884022618153400, 9295357822331309328625952752999086142283990213029098737116100067627155055894
4298210404232291888604975542378396093351940475081692136837769976747577535985, 22682295681487943871865723210730873963730581366628055662123838435596256590702
14919922909748376492624689068454865400425053023750245283014101199354824265840, 74812011772414990407422365202800416668707744557665872699315208232724679253640
35378471572144088829850886024648384636136667511835433732290832701726633665529, 13180869825382724178271310561377503909288930066712085687669739286309029047474
12623352277841128082324616779623239303349397961360137448798630136450975491849, 24703044627041681445882048985116618779009597696883629460366849021931261660320
32099505414129481887630995295634430423817787730063712462001986800574162854730, 36522826379191374408266775056919703415654061731090433649721448029595853387539
64079946633068273357857222765958912084275059312439069192352814758750332125892, 34274122748152973504578274567787936474604413316809433879150673581452269353644
45193054595256460952260554503031790600546598092047711033053529757735590235674, 63672378845544035818808693534954471877141491318468471734276045520268838459160
34846588393775924613139134083814832698268242552492527647867682143589902877274, 45424779008930750470687156922510212955117991115902300571522537355125192797600
60427431057319243777889142099794010345321425928239120231114059427829282270015, 31914269335650634369753366951024038170443657015137452715950826755281773187549
73874376201070444853397295564914973261659779029886139150844133007181013466107, 21418338171466542014145750827165811791445077263842743750515082375858014887953
69398685356172238902185515446567403279909275249526872495320761379949218123956, 28358306270242177704486497696008466884943507083420909570080382934558195454664
44726343337849318877605096720966127466463555684255011689111681714398489592043, 74844849866627622458622297813499136678962399164994392060254141753965552987259
71355182597293355950282944346103147529648454983323110168734524657508130435674, 63483727422023744954231261096578623672571237590360049859321327258982511520140
68066535148098065222154133185533579917082080273119661410222011065461328073529, 64762819137197329198346576731660478841659964913742595647210984335773836973960
38396040245231672645376348774634202166615307811702959916699795244688972348968, 28145477341069573845471075280273980368354486991358676431612737441350611523778
44545415090097111826111856154384687351359396400580050024200329168270098013947, 69179753080878956256939142913001000503629453599500451944013761477568936423884
16706911880307657862696237155622372948767366468640989522385205120709441160946, 12922520410638167097714467817414190163366144328864087766925452213312824430787
45314419492691156332788470510609629968789968710575813612050415461723469741382, 69028318570407418786381432029205577953626156468838252370898305102480845022138
15090685375281443803813638952583628291233645997512997824583423581827609874938, 52558465324587963432662524803649802103105394483078914231305525301370440770370
36961275995513630611373855993388437063780441251080826875354510086953375724023, 4086465852458066666889606654915821609377598063165879457712912182981865955828
58785525818857713689936116018258386363597350715603467497111709331007205267609, 65838824914301583794214143336767478662414877675979618073816254215710824959523
37384864742077996372248764493893030267058483556038574476594517244886195363902, 27357268328773598715496305525939872602931502578235601967020641359941888152607
48238845148719792289989308445289804152049820926301220352408844197841971564415, 16676901016230362753392032581397021146159309564265207550494214263856363882039
17415035103118818430569649839037543206883290756725744512706428955506604762430, 27663895114265858560674182450170225276032522709887326355675443063702836922969
36190497802162705393522934056930061874980663044018556951664319673566394399275, 27972530334679078462669092678015775739150567620929370727544587004267492681272
5354754832991969004638745153903075429689854739321479324766436797587839741470, 209411891474687341348198894659761306562766037308729312600237838185158712556
46923542557921356925740754480068524156758569635564169510036232506028722228019, 60552500449605529425148643946555941482362226178276997208073560488384094303115
19737968051033502222955324656884886577419092405664017708498852521027595441386, 33802205186976745860937925375177682000129510642860427306253214701549966090431
49985010844610470516885771275871038684582291956162017238063310834584154336731, 40635006050627086803105486776886890102180248950573674021938967596118593546902
60751508371930150171899274585432296860538247390456332515321558590421473603442, 76561642163054150462454050816574080746082340924616003392307859427819872600321
7743769494054118295450849758387862432488210621597831275114483015384905141956, 24418409445886666439046872589896702037353888994973941597621006852674474900325
49016326018144542141872720778987387687601061347601366116103786461365590178967, 65971148296655497566677403022940265260792204198150807109130300392499068729467
40079548446342144467425321274617575712016141879065677450599288260960848175116, 42985900279216889561098305304936699860580360774178616161458420131374036768460
49367514021749451267182567535866430218838525495014317958663155573079148768511, 24656857577589695706791522791490247183760244265702490205617198073919791764996
48031346687303914173235194972632622018063432540599921938844244397661455104758, 26461484680447172609748520517683016281816994979975431486798699328642107081486
62508237772862781948063822484491760190831301899985698975802345608688594369110, 592760932860343863248905775827632595866663529607590713427474989476321725300
8882918704306387103593898832526855061259688148078850387835566827542517369844, 50997347842454386609438900976716911342090906482425164773337601509952035520930
36756813107204166941832491930471256816972864987236200443464418322360813216814, 59253358454922368599752098070484606884602625962902505581016589796308732189391
66088034472317725853795407436636652380849920520771593491389694282607449434712, 44707884435455261253603101260788694416916646927466464559321993937155600730816
59145380476039024145027709150280609118697950577831492448408616322623515978549, 11065942752634342524973206849170260563713593401132312362601038999866221072840
14709592767488562501880762141038529358286761501177709055803904230590480163471, 36237334269766368922552751639600545195570009319149595020739150963662807673737
20876917248677774043115489841708211859936959687676475427417957823006217949755, 64157397375798047403236415809095454419486021321578605097816766117233092284623
57365988938189445193725345507329874742163291773758465960928276242163919938000, 69155778431992144203084139524363907020824801055583369541319789502750823244220
11724520902990159963126896692490719497289168155299407119579976714091047517635, 30205859770782763605033001183561557527178942818155329469271678520367511544112
56546809552911098975328630857406105768872869598327841283551589614374581739864, 169516015350273921831649078364384433018031022653284867164981444689193799181
53646611310995939779436177693718774866603161852731507756954301176138510660959, 14759556274604715037482708520047663231195394665090525212951255678361046041783
53052752349721128608711881110805324727200964390033385730286926059150190384207, 37850896749708717307953244800663301372399260767985418486736665356367635263088
39946480118135328994921518005650022022982606023590778134893366103174866876998, 28116875243190069810752309841773715037227652461806976900260731468420849849963
10866127873475805994331047835994659572361379483657631871965507003366075307883, 71779159926042844554400164383349551258509656850036773945482917545439808710052
32095270474548177161247811058644589498803679793822833740125819188159099564070, 30444096042769831793410734441607623627919045669688665942921161592196986849479
74865766255854929846058289109195567316148010954794629313974539800109278526772, 47752639384478755637308449292193404487871537169467451677208594793192367114365
63453818176670530783829009609297084468288106461297592616366256678763560120934, 41692222045028846022820113700990308970266561415602854357207814202586123726810
26013624978550942237258287551157803618599473712747448603651239762459976301176, 65675125937165833024411007778326609507326669080631231062234948202291824742165
38806895162402181286865381904870543579545275085436312556436777603541993906798, 31126145052040684729032176134495529266006393814526002052757196385763361899059
57739881171568565264228759975048761610660781463059717564283547298389793960022, 27601568380229043738180873570310406287297807178817591549269901229688296240893
27662741375161932011888392833151320616648953698449473305832617441552180789724, 32185957868460732512164119132118178094459253226058161140447082463575377644611
17918939156526188707682799413390173887753485706966266910927640255197507227445, 40115162911992286806480233021134979794801509457309819503015703660549865772560
33221931158136823129874643140016663699416092700981340256874192003812334897180, 31026548055115493668417695375075165942442862489454478598639335622648360565869
45855726009326415107950102664041254309058095635074429817145424660332461086397, 63299057780085453073003336455427789634070264126060343620962368428820679986769
35850393480625306299419001381271104544718255931023429961218950991871525787049, 22826195215156576531851375135806239254976868543363763410705296268705868594345
34609676504393798859380719515998563282841217096240211808179793089236214475310, 67639415342117718343426115170233680030966573279463849303878065145565701941520
61983359478810819205625068846714435136601918996270495918295997799101386958442, 54360542822205152847952405548545699929232640349344907511273150697533368270614
53625417038589735618115582177190538908827377243464070246945873076985734507160, 50935097455027708620885779990405697605996641073232205544169725945185975973047
50071970166717509188621873808976818571244620094092094338047257587020223600348, 20856189752043905210289811031702821965713578111928555497875756033694346353597
43363193396302468071352774620552716709214647920988877296328265280006337569480, 55200123681861102086846152539714862324604908812809782759573068518987589682610
35592173259140125098619954576428560512776782948105714408532681941841839133089, 6618638847884175772387302783035106488849390669878594461454716230620657740240
62106624194839727739895719449629637433356413354844060527790564705109673349730, 49923574805223026782038319344278378101469857824331881336955765554259635403795
65429731702499514974493908519728806168751280482353036279732612916060807620676, 38952681721321582162799394016618431405351585657826243868859682016587314458351
58452970972204520925245548600669387397527019591753919036102485763834831118909, 69601272891255086002620466821929221216146725508493997906962430146786417537405
31555887320417602226674523667077004131758561908575994900224099586795200108825, 26084214018162608110395563628799790719674530787864042622503672196156223818211
45542690749914680255813182518911537782111377923976437414969708169940585430396, 10004528055342344543941129407124740420069440443490001207804351385928300723403
36941541096606699294154571212561589679229463358541545474694989688901422865519, 49981929162072069783674613841370927137447769333495145919076476364187951902892
6691716522897508829403033104193528999682156372247769528943271056874348903985, 65451607727886058567425426837590261117997952274550221813253536825417398917139
62440520473421096104524941003129477004473280481863598278286358128624858112199, 15126199840884871202679753769220901330221654705639362719971921298341040321777
62810174451520754014950979584235901899339842900456518464188843211164914993618, 52717761079604685119237514533762709612654745809818672215989040808844099531900
25083364435969401084802004218083179133551858009177133221673663637521387218724, 8938896220009206490695403444291241351098599133183341455865687770333105540372
58335764566123377197273259974793273992286268206610416865665543477764022697550, 36706880946421665090458201883933227284911326405692364331435437978775399138967
22403556845160169328911873239955099662962894192917066301973988508563237805122, 41723681465031962722153031532771810994562461309011750668061320636171497071081
66916740267377580674334016995253053582544000503519910303364412229624062260647, 4900376922523056741430961259585449283699357793428388343477927275475236037476
66928248931153105041453110310248372780872842169402670820507645602276724024597, 50198004555933149083928029174280913427004985692123948444651326003984364051033
36066903917157610383187030920351762307907084375057023475087396983703311435971, 11001517259687328040175437048530202272389742280260050585573517006760111837054
69938435441566643085157818407555373481417574625428079744849013823850682141257, 72293692045645370788357104332871740053563859247886356357949204228877831561260
30009197224905252666644761789613908814578607825318960664539193883834538889850, 10499180099773859856934263958476550635059372961273504707390599785525578963460
52951279069830005287341509893367789745952604215966024184128691592376357943603, 43677977726071310011731149551227644013741847302786897354558853373994285861485
35211315413438574659577094662593988896824434776826514298249626509017555730849, 48526663704823490256058566886396138764330720713816390354512165955273221659735
54211481346356648446409701785804976458935884833109666731028395466063909393903, 67365830215939135002190498107791759155436731250398821443314260438274150651782
24320186159671990125954497378913044624717982233586332993582799393777846531993, 5222774884665144982330538647414920000975417637393333024262432639208513051933
54784009578984919784572441906847336183030169816064648246173207407229332602907, 4227154031543429676857638447576849125500512007928506817814136485572627080981
65917531185886993605516600779392539632646444489290280990987175280831572457533, 43584036202020519665194044114461491452129927608931236859465029807362174301785
43729718975881263993903205356704196484423519318098540316529786114585922341594, 11985989968651225592755254255955763783065710037170274786023877844839856348445
44905130006807280993359667821126556216676565604499847145714541780928300736785, 70283158603023126419573905059786601578045989167327371201071620548829557603553
979395344865478520356121121118237810412610388647479065853879102749637609788, 49245224114876023617529753819450709085434237478930999640968064547536706820218
54034052159511079777337463006106070154223641279574636274013142869563566157392, 18207562199135641402179984009752356714713420112667388059806442580709400317892
10212755287682541924735826918321580617877906704022500157420603138545781246541, 49342985131106249485295835854559330367316616370345493549077252047637483064255
74760444380424555913448542373393326946443358490241514379247745635504859223679, 21476159661450474429762993915986309043994625162904805048335551991251192259026
30776919842278466854267166991524241138585457990845456084234286500567898610859, 48318743322912539503701034407064853451239113368819261763604976566082660396671
53112422714938223185938099964639161407576968612346341566430345058118531125193, 70950881321100108809691913026840627894433384583380330285207201012031437739743
32141303358887213083956353382048606793544775032933201148284831354917194439923, 26814857080663773396076674894647283061188448345045392180073044894027535198101
55537010487131618239789501321233330757686734990635947078367342784214914580619, 45711272108820924130453559463086380263921319703397792752021776700194950606911
36604121908778943013738059265959380852174294168512237000508705340198724731360, 76543854004674132695110946970761337473834722707551388332626044390197432283165
37988555034312605887258370040238570198923879711519025196918961768178519006789, 64232523183121625644910392963329740640456503428253867382777339993848257383947
73765287398763576634667460847978516370868583358560799949895528530802559937096, 23912135101349822282861783092628552042709113865107364537854867597979815557163
56501604625735590346239365168088987262890438072101419131946374512820658015536, 39462456910286811465065075833403387242388937944665679155053638367377504125503
28675326417382323533363612134204629247503944483747323858141619064803494839608, 42015658491196558300162288003065719378720901843385958200118205419644704885799
19499513537930747038251976904648110521209918503350604068065546761260264942098, 28166669994638355211675289831962247618563093669493422446926376945862603533764
15477541939468853698638107911258768266015831250279788221904747151528679504435, 20996410252480941577416056637209278779456584041407219258521685735612998720509
64015847404057234848403656609907124589079281713782839698868302151146152601410, 13002209447228024378995116394976019886547013584807662864413062309098695326696
36941522958837894501407141920252470457323579218598586987210602123091242915311, 61279263437221989449053677189290369496057103612701692632442099333665657203802
76349117155440584116479607783905117499121107099073696826649488474445488720609, 64055283393090851714333929003349232216806659347486419380738704303450132964864
47844251096849916640086530702576289297145550133500050413282274671640484699914, 29500762423092984803740808946729377896963648511765915033947848367598275734889
17528253005529522723665421310279526278486164174774400670954190480885873178524, 5439298891232912611695759459387043600847909570446462459632271595029404781225
29179302201708154117512507366657148355934478775722695410024087837308932889534, 17280090034855863011117203666394155661021781654833238017247364682614505580506
64526537418784959833352141339302167476882696482914548223617896653243534421796, 6521132002612745267733791635563092072801179252807569922370569222137513329834
58042144794325857461943417365576810139954936014640943701397958741851082008094, 11693023923726671645236581676529309155695608468056680503527464489350878830192
25144836632628332947566152605063187688386437505754674468366056259914204525135, 11917612897149295656888169662902750436437110842956984544453717438913469360768
33724045800029756315725644276508853269465421064191050078508816318218695341199, 28030330000990686738203930567638317457258156213944679522585458643150500905096
61253444191123887289266141670652717239192579485767013450082950961022592332805, 58689977274852263568024336734521952400353998266052058730524639909982147228291
14847771564911974881838831806573792738271475866330554348627990643325995265953, 41797504766675419692575147225586119628819012805111941355578604260472988811908
14747400542635935538179278541919041981466639621430317685397142936797999217037, 2657182490301014191312596271798339068379287503182820202250553823608898108909
37709430570054240605943699806108979969049408318310697707675405155804738772025, 60392653390234470283199606281991344644952698532519479831821772149628726408609
60745591070811541846105303409573118123083100577136306698299867323510905022650, 18520041396056938807705608726807677255370619346499464527613829912720322284257
24009915279911419569114320018286891565901616683239207995033834341761662031108, 68516690961023538748076010662545162105373851033284135408137224314431908131557
12980729769099141678683723579172820743977221751104967600381876299939438992414, 34409357042476637474956102462133248947132982127726529814488989067122661218960
12821566405736460274716464721218321973397328191374811777220398223622982308741, 64154373774828827539885763025967820907101708495524089935202295990105319654684
47264335300460426783613272568053911250071882479977998825228372359268068124440, 11225844849929939205197040590124464807678392215212467520122841375349106837349
44685786814874862746919331902616713725093229572214677807748707448577278510248, 8043573967443238351044970997819995366403015110651719622102401107086035771074
6226582052767296437059320998235362560955459904431808583061179459089553377564, 17707308780380522249785342963073872799285905188028772997772391635694151271306
25758623375362922623066561618524030604701954521163044579063794158472077444700, 40362785048877977674778362955813542841973532118655238735792406801812846935821
28041152663581107595721567635252153357197482249677165246026508984960114425574, 7856125949799453350886975995695022924938960515661122718758416792237063115133
62192654967065890954435927178374753055155521936151949154808958772610493376590, 46960502057149085709796979138822785597214964631706705686354205037845219814731
11952715434311785239060299647355868467434073338252147461613642990409735084134, 58945978548835529776552621443019623010866248206459131965102194042067414341222
22496290492024826776450739879045649834483218563409461784955170029998095994464, 37993210547518828482860312525717931091667569264958424459964809139367960107706
38541222432044242825025969384284447120163033699493742716940317496365072522374, 36477059869884814002544353659671610484497976533680247649641428141982697768835
17013213990399404839727760207882871770483586525496404292902461385632444369665, 64171624544428730431538367549237329878949021616748362481810187096088098562780
25927729218445790858835981610729371646553929290404167574832509065043195376284, 70199239412049836626748669337145830679368034305495599534017203142579814063817
37084524051651979865383547202290335753150989917807689343694784883699974522506, 72326445633378147743014397845826224820292217877646416133549998269903054592871
32101472855732653169081229385948616162138968835975428836985096986240395549167, 2870903090088843090857711245028169500280187727307496591837589948322782030048
42122965759985669111777523227879111158402503723776206216301270634479454909918, 57215040054619947517419999846694179388650145159715702826470126339210982472036
33464799631269511069842739146640606933255004431708426699244155176337655224163, 3370391663631977643384720938060967549538822775050939493118021160275246113822
36452501274481271114051591439522847215289173034986781122569725944120122099595, 24695905304539721370362953245466285851157467336829438543191236422995843698967
67724434925202535586618515057959764517675294889625036584681367358810408222399, 33781626566543233971352052059919307828731032694936425400770351028646407404642
27462207272389349535123047217279473223499624344742708403244826848133221952155, 40914820487203025163320608789597703539374687806813017034293015703981565994400
64677806247162851377017618927405353820634452888450661102228409383442950650532, 59802093752160639780371553151259260217910711413146914825816600326590842359926
34767524008835786093874335783527091986182335218581798410880832023878798438400, 21133460621026104070663245168767599437906506040376281059893942154460525881900
1403828510089923863962301193797651358115003484690287911523138317945885516758, 4672672694758949165322463889066606632835983411152934928954840440229734098299
24692844566567754208799437615007431951690080176988713528422991554632247990591, 20411663727266343194088813765122989315771656756665899748241776013025259603104
11419232185173827507163473765822908191881840499429094090875257133563646483363, 17034960931009479194991152989183293822114130203594743688685196492783630733861
28168127492811396229320052674177996942333007052337803672358983843409399008317, 5468992265847876898056647628235964674501566209252850672810999196582516568731
31543488292817427757909026780338983067391689651758048146559397049463769504480, 70384491534195074462333497972287428989687624407148307857814422663893608254816
2859051825750105369803794872741671235133207752762965524219106518704154147155, 67755374754605981667563509605056071491270453668879939040106079738851196377020
55608015159382815150443253401219438381492490669732940287183111976754012959540, 68390647959102687628985072297369805144527196115109108818262463049575105369700
614684880785726615629720936320827992562936553126369419866189616300860923863, 14292571170823039953384583734443679234548000361267062442281655953834719926574
6026186361356242928674569297631830768934218823968337064192060974226744915909, 47834358568471633420919739638084253763839317981429586217052459593454518066822
48473105034354155763861433330250445255923158000775795749891961591722369293102, 23703207662441746116504859706033019263862615829604144011238131553376424643832
64820063452519168060554742218992103440539355498768942232213365645073702798418, 76680289717846612184879053542332629849364184776417304933083770632547176838005
26784304568749782531066255936821648982796749312078448367621888081569587288806, 47434725521467939047141207216431241898363624961553608291811255151048636799216
27676579655390688927307931483616428118695566742841948551587866777092230578207, 64921816808904590021856574510093723906177997182098333615611268611368578135559
47850905789197588610671915550458973895423712328338251008819397438026289672338, 48613977017186103193747051692199214243503133332018556191110050672913494207274
17708773706036014277744713568217876339957642312338814086600898504183504460306, 60717194224898970181921037572165645342189517780247964199418588504384831734495
23919844811472755100014492622452375538946524282456826892714294139159379327983, 48022890304422726423020412265781784753994392718404446483679262670908304727651
42638020361951683535137145317478512137392647405764880285850086492683825188188, 7307293291763735449094927520673982262792063618337246948436302297620975615920
20462076268646182376094040193687305682887641622640362614093282090295849769664, 46337425826092373512099387116117121875142191764123015313299962097633494079096
16550347801936698598484696346968161234928788758637182884332599901602936862482, 51946131554577663462980688657697573980859751907284889708489816393676096899496
11109291961623629852775445593616127066256034773110964864840260411525145381040, 16035573779260927017998436392625781231991897043704870074192678545641629853780
59140524785823484712792096857074452839434413426168414142384841068562187646454, 15065120321975626595723131917485867514179019895771831496502121153009698991410
7962077184634099565990626777406003453462501073391310233178812114217535925108, 66339055464240627710621434817345710445163935391342546462532178495124282135052
31072987825791734945090225910768153210486553395627675438452701820503581972870, 45007798499499866636627302526366185938621958240513477558786461579612620659382
24797389270121435132640877992984838910650469165115401842046402988564789910589, 60401349427076649081544515215903980153465410491059715047780340989751254594
50299306412110423597711330355592691222606440476499215094807825096991682672654, 71579318833676481644869090430736970144019333847864419283164542093931069861472
28915678068594468371273038864269718980094409095819668865883806847366884413525, 44369110597608336951235912471575783207891397420218952505335872607535039431024
67740169586263585763785876532601591362433240125418716653021587635331062620218, 30357686299471953603773976846533366071841620786789419110989254075604661327323
60168839770537361305217742126222907169174447584714350544532852089574516527207, 40736048196036674105956534322907684725931386916485739342616157097950449550781
633618682147231280954657846929364956103858001932599313045479907766111362645, 15504302059849481350726847693347630384457122126116798020663692347360830013130
64950389735882608248279217156871619055310903143088909897066717193636289991948, 44532907734892818652967203647386194459069385517689435014501140334910245491413
67855041347810748678797166367450522103088932550659600735783087000401703596841, 3566168714959113040429205325254393032254133211231260213399089155680041053199
9077486678944524616485596972343683861791145098722593691624775497112943224218, 23285777621083354825194980538903507250433815453949170110149498526662419607687
9746462295817202890987544843945449707778419889679804136601502199416830206383, 6384937202506629833216572685643492033236155402931181583026000173664758992222
20749965968347671634734561867994772311128031437016854555985861933266541721318, 18427519499120613699309338995841655550202886674835980416284045978138190487711
2320218689665766936755901006033149383937322203284930041557772674794565463526, 44276806779753628373638267373039205220862031652224175851375727893165191664603
44181714189056469419555638538519426350967512751072050635578813880993209278493, 5644516695901280787514988553178826173924800746214777395879607700340157219123
75172682776165773817897727928183219095016174911322015000793904413105561264732, 45862749961061290530640506171697403323468414487000763985999156923208690590606
5614818733647746499779804984911668374637527706951395183306167983472449104268, 17341210652349312186333314632723834223404231280450614454159591729629459736671
50451014912808389134026011520123583230328578679019705503298291499432632740422, 70381531177726716587369980954860517308641144829769725401314306998593153708172
6059740992942297529120260845580926154079687626466917722315022205064387291065, 22799320116402362396743446761408476469317714200841510606112601331894311277641
74993740279298829987889050430239810351958883909342547545463846020894653185426, 19923198960616118520852356534751166272521654268619844292909905373029035813072
29256823790941038561680571944554603103788895557945216579599304347923759840234, 17069150180034572595576414098949890060016002661228972543170109352719018308765
76787667810023170838500853148069655339881592055318245545298594656264932103510, 54849442114636256523353474806365939073805870865667181232560116686649931997690
46355417661493653399746880233790797008164054416600186815201600382758972769800, 30225684480046574739158926374171028744316174794507870866609487463696672270037
43557622831097191515815120499550905013670316773378479019213796441422878553255, 58908810075976397607331009702154854042195360173744618749401808946754431813124
19547855265272149242849215571473371564794561948884389031313184821073317166305, 34260478075661819240573022963077163128951712266049678488516725534747748227743
24736728167919636617276067071072786843806615517315106945816603686471855571593, 12604513813900413606505445474726072843220297912268613150502658758197133917033
9830223795956296283791435326866267842938949972113682301123762902105510304475, 27823528986052045517165526157950286241037941650110903509453122649368137601078
69566742055317580990275792865246000966342818948386620456670113351312906714466, 76273793983948624793689150885333257521985821595295429119905976611945946248406
48487861613808393009111886029162263319409214922448166327738429647390327109312, 74345865445429591098785328492051941003362040300967383614744886762562555560821
62946672847369962224243527002715381669374404132550091546686020674908446277738, 21391228795313299048583939540645201683506723136058265819414210626507828291837
14238720383011269713519722424335950181746248167870908745439334424883739636693, 22629860604238499750204074523407179278554189318981713067474419199593919769470
47648338468452792116881516782447706169870491284351630791384981031462953445228, 20140413366528810931825777160111045081694690547592345070113173126023105743887
9099754986577723837466416599750916811396424869751186668644631965683857171446, 75517066795154790627377343935532309261058337065395025586060129581285548772547
36440920628222829015705381784522029027657776892082593416233040752064811311137, 57576480388272574795237860571410645515528146203055287697665187251038752185715
10145109744266367188127327385221354111612641636065053285525356622858566260483, 15237892734591082926522147718136660547500640976005827528681020588458674827154
39918142883013289007817681101346119633255178628055841492153029837317064118601, 32505525929200142633762357009137534587408842598021620619216105286879033268993
54976048150662950068985135130913630330996318900225818914434107189578882102620, 52330703888698731645112666912841583869058583657125469306764933158626449033057
40686491229497215559233110226611624670813605189860957914998362820698543032379, 25330827201445937134005548879716292247764861234498680783474369773728966475406
2497198650283978588814623779213410246320090663599481344576584793390769974588, 34081103852643794031234461069132094341066785214844405905735839816099705166496
35473974897985976841589789725221540097680313817630195176469603027361078785209, 44226916237703251430712732424577050978741535354767784096360162930547297418001
30899382834809079686456088820802524195808951540561272969581403374883788222074, 899839283763720245378139664670529414403595051783109583842631179622910125527
9752749212857218720877121818878769966898189821738847751723345101638687938650, 27088404650112002170850088101298109377926133331221567867997935306321083749675
15015622793803988065235249557207901737538021532640481553071305503158742288172, 19109466918111469971134721579579990695736681422829426765273986156133128995554
37635091117470039818912077080692785993334658296672206355725184916356979982770, 59140268415294129337130386472706378145385104511098124591467132268703622049311
49485252258326753454133965688805361454246615477302927977871148678798998562160, 34153131397316469836300771391621892785892005298655172052852992437900735160362
68758443828082941605538405453794655684148473776960443043817531351642651833461, 74698347718327996641130018424438663978785083433810848124691397204224940921905
7651040247768496148099398685257683158930735138368138136333385448737204243660, 43349201322996357413360102702222704231185831925276981482595229136984105861874
54321715886874243296266474248956870157346272793251256204758792129791909786514, 75731866679470949071396887904459062265258639864289520320293035268529856633882
65119490865834361132600837098670440310603480579752357010910495729258934671962, 73002172145665788183501495641626646079700107574193545807554770981255223204434
26414690023360579643970003001504751150589274296645934374973862869552808165263, 37689517218910538925488678957942330359589853630665309546223417650476520203907
45161202397589905401849142691852209521245648135186523331884612622937125387804, 42692703995859310001357377146798644557342981747682945833422691970192041340385
21179345244432439626427763205628654316768383802127337877421013936725834597861, 22651654948136346845663138361953057958435152049950284983728440222672964613577
46995043504675046666855524133331465935208546244234098690668033173528020822656, 4350816475592326544155537452105711888180851381323013603164642503851840184899
52250931183988755110131965489781354776342703745798446883820841264326966900880, 11124474443052846116328396639355972378283310062575608243474835029868551265996
23264068159270458227950326627772258597409229497733350085688267300243594953725, 692741010419841068624472207250518666172155755081313362796223792688069593810
21537564317085263144028133273332211851055434727998870563705557089579958439458, 5354333209574505938877808849602028146053019065757447816649709708019772981002
27353332081082784671115337983763946751375274305790963901133094400654456075706, 23337468975784440443668596348789341338062839002281350538159638156244042381639
21978969166922566281112685228369770452842025528634213131683331840077657147458, 17459450629440577526656030344555262460755307991581101561007497912570338486024
26585481163327125978067527698151176391351929766892631824975843801971149613787, 7386910166789751780683438059790180159587287595571152888882793930016314312615
59142943650483448659787504114879859036460851635239854182742188445080745220152, 7465073343850166983782745617581179491005609380544781460323390555716112975841
59038248041399953760344208853734669620215617301023307193489712355199705008439, 51231100529595818106290657895417528197157438502125834811833602837823401618166
54506274050136900913248624260421018973035941226619189487663668683094632085274, 22991890618078687086698985935150731502126152639002181283470420934854951537072
62790155593321390341959388254100222682713665524711401583297032930262216424634, 54329673212443709865269320291557238432372392296196248761360960850371381943480
76085422713354406329390126567328338222249959893093602575840690995548208034499, 30243674255205848753493716610522479070007645685563135478829964486547255168930
50213682324688415987860545230073177959783975852723090018963755334410737880262, 68848816706917661418612766766534626958635997625084669146346324075519766887363
36045882393497592950989520914715609930328439710811800717357162402766462752645, 39282434415550738170264507124731636219759472439014092856310700369799148328204
60257514071313184070012383034047145427943008965648789820366659702365144965561, 14411921765358116074598863751850022427185741105993097435799749293936891530995
35013645106696066847401143816879160692448352754459604855036891302956151618923, 37276549031349948814825067508654078271973681633395781296787310033198449065501
22347281939359623785141914751141484401489164320189601114728374905672267156484, 19577370761944422217231867907237539466017754953452081810801809563761853741793
48168215923874789069785906662289247955586155796401966707568661291123743917724, 16699521625796224019949628634648289108563520811937834173996567781910953333038
8438213443269771072082832297566122597161892504673698186998632764675245765530, 10728145558011151848335398945799647634765008994215372806617488175529270491689
31657211403189840130348925716331804697373792063294826437012573052238124768024, 45413603085912056624204437488334865693888045286296248594815919033538360579424
18634970732631242887882841877231361492288874363642976210654837196669243548080, 22973774533215802597496304786567303500855853197929695521678009974067642659876
43298194834259715008986234223532365820313074944199000358834563073746347478969, 76584156218377745844259036474927138138981251363092849496776670088324107811208
4705196473787847744716479786722517421761374977666355751757406156564696203249, 43951941041836956571898814984171701515819411200062458423515434664561049644567
7857876888752618631652345331451593225800282930214468614927250574544714272996, 37661323560120632520245929245655186507008516698314197921937543524105722516735
20414100631295185632160909070484777503097572133776119506491083167097576283247, 11943115700594653825210659860208925093881344521840070634804649409519628104895
36915799092722090396587429894906440134988128100415278275273277158236405569042, 38443499856793161793229652877557602780174031807268235955386756919914548162650
73424121069168501512979714595770591487839592864695102743776737584996334268590, 53005804818435193672295211002366069094017756341049483148597132490395958015176
42596609088200111351627635378628597345140120007606818150207482480759294362025, 5673468567595278626747223499538289304406048528598912086140917583342546105427
58887088345143497893868172981258436119360429105865771392499650054276083086518, 111312578926107699969985815704096745665635195858085445143932380871073760965
14901798383313215143142125722541515200918119185120455256763894162847006756793, 58552702374734670838954695026482438218265163326103695487290031558383755081154
53953338402345366976822949124534580031922188499984288628205221356302250232840, 2574526410543168559165136483711190366374694788808024822030155297507836787913
48043881328649064242755688079477905977955229344110141995370710688504695149462, 63015938649916958445616156619625217379992775981245226732688530514542544603001
25763463419925589070396480369909016633601993583489131174365846910798607037437, 16084204963347660098772419547975878107630713897866829336525134545082219318490
21086575889867955054658577797996717139080927456469393939957747915979767563103, 11910133415634038921770090843698767662269590752661362585929554032767717583635
61552940402950585230803521127980933947870626601795856325968703324358389319904, 27859717887458379780735339686557806144053361302088234864924608486001707383399
58681204594739811374001774490536263328007939592245749951180771240491983890942, 75517138130594221257259955366639470113582920916315826887483295823516289319398
76714422015839710204451048548503648957476454948463823894328526431366521306902, 958439869487754027883297001747154332681494851365376208882698952973635773398
64829268962587701065606750232221505604531250625795870210272038749606416434906, 15171601479655726010419196490003042796861186518927440130757499577836003075803
45259670320178224207690299360553199048643488449670801532422271316491716376425, 27893981958263741337095690606247754176081252804225405084072799382726205349735
66466217957864307682665018046324160878433454302335142708101846672016264968323, 8007988250037658507413932224499347884327796729110435599224882903901369540879
74472054895849841277918282881448451151516575782649815528727812270333899322430, 65944065023672964689851473015655974915865979273447605835308502004570110687187
26085968742229199085812951808346290522238599247701822512342965255678496157049, 13945824292374092240977958432428884184889912289347671989999039335998649197685
58176878102169779877479972032079997800570935434029324957373184007756997508216, 66990208946682332157585438986271276169075122917478091365014680698135505707687
35503113609667209818432431153158241743469639381446628844213377582676342645783, 41232491682996993471045918082780521059862279303775565939566155743962279608557
56197153358529332032267287336409951537469683806088454447931887276936892288360, 75967017578177059502378292226212324920129554750397595448794851140988017143831
54565394605149555336275003174526736647070861832171352706039594294004971174681, 68647909494729127518669853039672949094206657290345253690691603296067376698601
3239736477177388901376203558257949106944961397687208698191978152089915652527, 69787222013937420898899274591171146213479953168579473015929637429227510341200
13901283993965836573876102529544043932248037631070984353492440072633497416592, 65200585319979846266907272107352499945664790141758145439202322069664540565874
41954934300298223698163196176792891028551875648304610550465987808968890269806, 63829213398147336150244731495005552144873422081073666781718572352072402805851
42662750122255184341039398410056624987444850726084783278067372922922053763901, 40195673716068776783519701051356220862018682111992839804544178546900954460205
34126754506307889892776624394771816472198247567443827221659692069945423322273, 40948080231279134599702668067823201446551905162340485576593668731896974095164
49893156279660743124775616365003674253047560486846873858636607448035527535648, 28342014477159856578952733351676025693966326981919606117703660279096031020828
8477043804870816089167991224381788833739344971445699850050865200500038700747, 13694051221988970103088272700042976737873145844710396962851796978363812310935
75437987366396737028901233924720938636715373191347049340827564298030218488735, 52839858832671579415618651182208486957213926156617702117467072214273149367044
20254512592699214265924963178528093859476367786137789132759946811529484831036, 37926603323241268150767109670217211916461179025165916803391750742908584286592
41843814183289879386588456533888029992485804293483516825640382861693367331586, 4120263620312356607158335362538802613396950326756690157547420533001789535233
560022610652128007310027385079775116787315178933912973733802130723790225312, 66204743170558422471110140552665207839318501856988138711063925646522864339127
28303590490248464710600061901567937711343307353409032486265546552470478127036, 10597333901005790051141850925667271437282826550248831156644480550234693474126
26627066806208261362341092046045596092075230587778085872018827902824755500658, 76279244308031975076350878223238071121678951921590629109132236206791321544352
24432865803559863802175517217841130075277089543724601004865190775743989969130, 21779687718842865566022808179101654201760081410555634244812666071764336741943
16279023517585466762984017715078178925606559537246165687257536567116311513125, 33088677908325134605302544952781431110037581220185859746097258223643542798967
43856239153918344978178474113820428899319405218179780981864588985929081923479, 26602418838921781810261311561895998051257740055402920022855862947434521879690
61433753584363397375670545122948845015542917728261307231831449787297818495455, 64595189336335778356769140342032379266805924102522542061203476044090424838526
33597531403060463906756212400445311480333431948714364584779426327258601874483, 968610658445675712044578764515746385376067038937548195050237049802518910819
7142132100147462327116461871414929395198834564989050685309643352965210873130, 57344835644077043004296995456447054509847614222153733692303140157790344461236
20751259673846620748249771918148088528784022031218993438928304679149108376395, 4398896095769146827760678401442288544609740633595928301711630728818375969926
62679736247688115597482358943226936185280336432800086549602886809750307483446, 27080621206092394898251488375078854289724024080283633707123940841439910170719
14725259922662086953276232414593757646213010175888584311269782790888217451801, 17930085733013384267702544091635565565417616191552761511172467548192280925774
35835105171899817724570429273327606173351170086401413445333474367087558364828, 14433484712008769149622192289756683972188548075282876223677134563882044152071
44361844446813790128829946125572001918624338178246869013660231211950389432101, 50067408752873010934817079615705001691278881490340806407578163478775221364086
10493357809185854450168289892569191140403058513913501986827533826761477127569, 46671812029911848122428572733246803864840147100435116951360565849532567810994
6075955858944902188816207781552150081850847905843279974613671128537164353840, 75150965249054106030943222454989245842668507174820014500851410294863609430476
731881205565682610000119543586947589984471917389803155661011121086844610905, 44519796699371388083169685410358442928810821145816475834449043114715863154343
74996611136236753288786368411112844264028765355223804737722750798175559965445, 60720380098752252776812342049360944856107405676472603623536343708720255629559
13969494296327813823503181377968848939856431788475406686143627099094841407891, 13457086795441737138020495151540126727957435069930619607587765863585079604903
2781290585817119507408900070553907447838081491875403645772056599467305650959, 7381947575867922306066837477864845804836293316430222937463031463571456676008
4593525302831173840500688781439581087230711224620473158325970743145832613428, 36284878516341463494714723832754120381123127402108647837202516258462323906908
21111547830375911639056314661097772014078004536111686844432107437609948584582, 71280811058778828370808720877972273921096917871906208307791297334226319798143
25662037854753309205839498332882846690476427215330145567914740184901016829818, 32965639431923952018118922998903623610626792574112012951486018184678456033045
70843381702279097567132801462037329175199473960380103187322888552143244084578, 50253749395733857136954756213213716680981274324546345220613400992537336642882
20107839363981626042482857580102814355453006073945316810389858306339978718538, 20076198807079317617814228404777270303633750928377676239108619806856107805635
47219694931238315383449417947492527729278741138203003502374627934976575667123, 25202422362527433758515234678535875203126601265970516017067431816828115855212
54666300860457527014124145209944656568138992778069945309772046743652724809725, 31259347673261800606072219471324368217378787880394515135061169442389056244045
9200283779334763747168634549031468981800040518477972735282030966244347523396, 43132361162752242265844529660438400958300955076390166759841622834105850126876
