Elliptic Curve: brainpoolP256r1
Field Prime: 76884956397045344220809746629001649093037950200943055203735601445031516197751
Base Point: (63243729749562333355292243550312970334778175571054726587095381623627144114786, 38218615093753523893122277964030810387585405539772602581557831887485717997975)
Polynomial Degree: 11
Polynomial Coefficients: [40, 32, 21, 22, 35, 34, 25, 52, 20, 21, 28, 17]
Public Key: (66376291931095115592365267342840750107184042590929185338803549923456499498160, 17908075136714556974109954698502933324560789259197372297931529711679447276833)
51403089431246176261579989808416172896443435602281965877738203848122481751071, 2441333737659858302708293588886277068022787104082360954079560382753458636896
28517310262230579107915579056631125350617176789525770011590506735442862172872, 26476393785471463456989954918635767326798000319027939349507987980649118216959
76279748011049261925565690483151276647296926435065359420377524074106882334575, 18691934527285365311056331971657762506629651952141188584023809578534985652825
14317779227194561108992386606869956691573469775801411166956582872546757864769, 32020722528124275764236595021100483387154121731999817760161425305435801145184
38268306312218096188463813527711495958584416048453058502580077956840835353669, 71158565174308362821057649111261399072298792251241917283818530868398254136022
63235848504510688655012443444688846323920223584210926626161914109277070031553, 14214244210148525215119016899993742008903460317544111048090524258793719669117
4820786334050478967166630639702192912777873132091865490631199933196229416866, 67844720273170663521243012673163431715136377604235708030818939894959049854033
58972483029338423529259127097415030266393578358535138408195485525419151257254, 28732131089933811215897188067481681176364050897471748651929522776179607839922
73916602837397936283174671469218669611203748635472841801815598987120718962316, 50193962846328482939215796021876764037320321617009254055069377290096645964319
5354348032264529607358755482209771652405813645823871034334400542982687095204, 53705280739681615590704631077947323721827709726108951715848579156643803689782
6701093569903811559850739999071280735115010720496413842616132108440777112457, 48876326606627688215960685752942427189054759690477447270395973295340003320235
12800126066487847117756523225631394122250133905159308501360511039738460096283, 72388576903956933134436239160877022097475796787647123408157422658733219886228
64136753644385675322698953558789607616614485003471198683788255851600284983126, 72298827761829728912541451669947670642836135693058604872692530634307597541422
29124903728167666524610614258432922694928007911306191862563807055274329856020, 62496834614220807012438586152909744839729446290582114936973730001846169669143
68970796914100594144471507413470064130958404453869602337932736205913486685054, 38448543886847022733411824499830252661572014059468616691544343478552274645106
62841938319625005272822797310665696581689402552789777038975677876961707492657, 19944486040353547025067092416183449182195037962440272909764763910133414119495
26676941201974574767780568059913861454227511860034298623365623750154164543287, 49019434871805980676158386756047327160835141165766168522208001728908082613259
57243415472796424292018995996669214022785960477483181649990904618910553875969, 68262949962216108886990039410969814804235922912627567924005884520745661911090
57472801773947172179339704600326191503021310853283310388126040224178479809639, 31399791873799760927743904663974748955900328610290653925056965867167094773332
60038884889239671487138895874047090431523237901964627488143594768207495906055, 68196337874241220604676568591509949574396049224686064324068010376069014610319
45488639982474576437679498528140313560337146867160080261161967030110092077942, 17046519446521185425349916871215670631237382406742842547691914833354326714789
9345007107432116555271140748415443438116748004461094838222283725135018265964, 49268776176999534664515952753673205305604284105679569657266135350398239333537
33145183907076332088041929250990882264314136607400146522377637982107600156749, 51365203430157493451485236044072046791534609430917140635328390280288495813496
54899598983030342916696858744942403661847857706836736441298642021768619313665, 71494103263236384523622769904093868330589778575446985070776314827596724446547
69905625983158702156465429712138589346421484841318549518766548005518768527046, 25418780481784652599544617318738090761618836036498262612890476592957551762169
17376863992867085263014780112899217251484080942120175757468713205235618787670, 65819689498193714984983786020867896652177468284593448251765443661394335357956
14550323128451543576854186681417801269582977250540642115328839433413231730045, 1687632869510981248045438053007981818783453971167636617392667215088357931459
50570241862267505031569349092498180533328552111811879672677530542097684710357, 23959071278235538250884303846553364290097035409329806495996392801333842522760
6107054874833438102165708630939742895219633814095317498702372268405133975949, 76682146191123222451679410859415738777918424942299211667448862635366251557997
47283681114368609975244348960584154448194536888078135203474788915709664359797, 707987994845449007527378285726956155854929436581515675125437465864880527027
35176828827801382486245799905786450481720701296226346203830983212948057736253, 30199887157108734890248045081390146520252771162986385350970430714336718843438
67355087447759119656318084479095052500603204734861708061707105502666188713408, 30209266641230473682978035605502368047560656733207730104868412960742334308931
73045930760478100634998034451280946054280740702716706116269757422189982883624, 16761766781060429785200120386302474933982362598757684435501082093197841255429
7435552835205002002486092337050308980845059109150694781233571535856023520616, 52083935036272034867876049988967465831894226292674771089887431466228076112625
57687310470691137930294033691843992904508510567237344550225012623263976767441, 20117756370164197745215283726742428019965251253491866945581943315955643246471
21142161195212971226965085858840565388160397554640900216619638316999807313061, 62290683783993861928512805308995719416566781797646988344695022320086102627301
15552916190369063637421996882426578040245931548846769749963385500031122923310, 47104334395854094756116880303647184013163017705625133553879156981113055483740
24106830858047010717964648407290988758655102520383377679622447112672159025598, 55808212872533379076379664821717488457206065710971231689291240546897469366498
51140335287722707730850651679681369695800872893184108217921755480335236884032, 48061714021481744526495173118919786444394428514368583041189911340574736458802
29618282311764553199614473327092184544220432170416412329327359350513968528368, 10297281811611153140879653335897636527698321116741062607203832377393632522933
41279783489357902334694684615920869495057484902243811999531456994550126507089, 41675164096932330927346070060606108537919097812397325188361173672754787371768
42355193754636405778342801416250948379565600468797723461150317551096195657131, 59832642218768503689956161371466371236809230477011482737679676574344182587229
29784683327131064746821818613834208521807443248423599845375174099094259766623, 209279861676518094991397462135304191105702472000997332314298766566484930224
74258633791005335076234740800576052201627743679951356415381656430529341871284, 23831104326122923269203263518799166739629477749021195102606108405721021674463
38482924558065430613122397357152912988495332323141521763241704815483601353722, 10694791270675157931964473319041978397785147095387913476894818943800724557310
45245011802007535736379126913949038406641870477686527845640533983796454014271, 70615138330608088269771907325527737465675944646739063092439448650206095177902
66349065993809657485702515474088397015919365938505782170207685531916456695092, 39921097923693893098719396035014410779236093307098349588397290454684746624846
30020860915535725339189336288032602480632492919976533213913677209931618667274, 43845836556590252695738015223107227800878606620629310472220869623722206302912
64804610970313226241058329160401395276673911119550743450361938050186246037825, 35338173551038122913130355799577976038672479038264199106649718713668064181445
6495993660050804038116542186656844717213912881586312442803516155297844777393, 67152142154236320246248714781418059675473480410945718642151762488322892130095
48418688864785636495548012506769505719528181140900039380394377107902499113829, 2953576078869042099698550998598261547457177524803716493538144767070132148201
18615198059500691879514332863913046884969012681211517634131638525272913456191, 15933762171615367088295620847510066075713327658044141511533554877346908430496
76816296585114707673777881287453415317104761496131972567472954315233183590328, 61274033142615053904366767068165582589525637199778226462046039688265000798881
55859619197177572113068131567099201323880828169352683515647981404932864011273, 2090631033137290959523807210192152669827301643600807590243670281174457020992
12719403814652108421653351125777324531178863014879905174518934389538658510562, 48258184894458134914211227882136655681803763174392647461134900925069389377276
14338188120308216780186622177478137357267590019059985513494230440293839778771, 65616349155970644506262039202265274727009620705856677352734974269994147575566
26358675521465310835705576730271430307886112403519753647136200338581975041573, 45882012401077355319060587274843497813911915326208696716397579713056975746241
64036139068579654278772929197177511796663667335563198953192501973026205406011, 11534520534926082926125429932335252074079720039287588885137683367194369154703
45318400763008436919135690416858130058364946162117403409518211600830931383069, 41289532795677785318402439008015351404113154531811167854748291628584692888537
70968359661540369240361515917392069524530350413421334664286039721646760161012, 56488129056495002946417757881363291904995042389646630244457017274626601699566
30587431252864985129504643227228758222710308622937339440051285496031090004686, 21180788553585757292717401410004378370911433371618896001876620871232123669738
52113563006690687864611448149954829132391389710243563866818286603065796731947, 50565733306725744992206668433625268746632248568763671366454104400002362139191
56489604253038731920367324961521995282411951046810333743348836119658493581713, 40687336288917170675378781267453987317369876199433350870187071368560122513400
16788837545983389574918658754666092058694617434457120836499077215165266816532, 74669591766060905196769380716095838894666501821210002159794822294850181073051
38647326022440385087491642686586700009366640925515955089190989367967192507823, 16896365819145116910515393401341569373121293724814532011056358564274820292403
67950778674761569812267324813777153811305120602593553085607081511452805684153, 65188173479411785040018586695554938573492335839217011638902686901493449683841
41805574030024317827969038196911012618534053664110291873632286061673461849549, 35966609601777097490172626925283804357830079897604656741761928327085191947052
34713248180206440484722464407424181035743791085318949892450259445257229507579, 32040571790463454226656281326234710471684295930261261530391318533808238608975
30971305450361836639441371982193667865166166339758770234467415574863471835811, 3684235307340846534557957005633878195018234543115935705306348999560708281573
13102333064830633063330003620038765358528930802392376807315311724829735895716, 9597851597351268013552131297795625651195757936574186495053030642548940617284
21483500843822650070719176433409579210536782864628266403187410843938592415937, 51583817017274747015642876932885948314224215780364443104474913094791226138615
12782086964481996304784481086663543739802632912070524550226282245450302640641, 64601415040715306518034883974343598893450110761769692187221362871104120976451
76120636415300652590305498615480266786629602568867643373536814132916449524456, 67500987363849402843511708978525612478600642449853165572818026490018238467192
61742873720009960565590934436346130034590220218808430832460588995424547237152, 19037586625509809341312750394717873187599984020962184432102724107362437577807
9746320674309851730416112954686626753582730201742581524082401625264169930300, 25836374566862011314906042709869483809674627621472352636308481621215514538658
19168855152424785706403931306037583969278858727123123254753791730948743133108, 68353281169004928469361526648132030340797012572174868930963114677565520714758
54807917212683351419005124377585592765142983800380344692746177851252643214917, 47664948895843640613535482382205297126643448438769530670289577752831178759519
8104101175498569519498896300392988717459398571672585484348248615266941793283, 65675064793395266122225209968643039443341809332551450246126733583206522481560
18989668930378865167983532035711481039285340206675646310699502297093864447572, 19090873188104406843677241458046923486453478011585712374262422038793234128091
62511439482529013558879081463085469828537968861226388549597527768605827107419, 10284679811735317323258263636851205202006106520937194804566041389458234270736
68890860575420322140971387617411816565606725067197267273632146688830917193904, 26791006810310187600091843678094794335898626251660470519150948330083177007899
15466460347326380903390524686094048086869915472033558851424329605196477282162, 17717081211271930665311572106963622545542123878351606142870752354706724105692
68155020573659055184434154458094960973860577665661368506402739519376146327525, 60816484421642352027658194469080860277771414393918429010523786247910717991736
134383531230904740559944178734224140608557537006625414679698559629279228315, 30429228524143112681101850649900754272822223609399419422132138414120328240644
26737057871625985357788012075291679871063526814571335599210738987417098581065, 52769046752647994027923553627854315156813025507739830801980813353242503754579
39101663940012409674301984518687863012893170543441299393448712043236752265441, 42011923065877935146184147287035954277708708261169878814823900893238021978642
66736507400287828292421749132199829756371309671068365821373595664982861581406, 20157206674873806272855310744944020946854130228215437302742899048648622449259
64640523374967654672346053664139132816633695036561250649872514422149090176700, 53510659108651501065777400992978821405619842550354873669129146404149192418930
20890970239965454019138191669740631708970540628823897378136032574718125442960, 28975500096037300485228464134789860636968181536220689814672983129498390832136
20398025158569899501398796991020940364971252504814468422235882204820023767930, 13249360500913278711504264280423887606539995103440409978904400901758907131195
46133253869519553292867975049562729157117745296719223511496355082173637977852, 1314971568145901742536908646807078547115274342459553671365730584350041527338
60622351271211245157207742769625771370171603167273572659222315099576832697085, 45201171440264373187559954726398574774049501781206324487106440704591694947501
60579756024430718369926451518884903460921090092423595266830042734318309653819, 29502889137204901678017888412585626103031038878659106504894400800616333961017
29097077033315814237399857333373475528978057614092048626768497215663090648741, 49837294761369228667787892126090607730562723125040147637944402730002935936401
73767606006709020783051862263030040211463387110865952611729492676189174756641, 52632646941469968571081360990529210348863716999527784532625968120334016029323
26002974853281599269046627464000178478752443518694989792302055739540751847123, 43380617611283811267618413901866303767597469533004513435098887935935626579018
53217692502695234878773035198105521828183780615249625605983027866526475346047, 33793682750415251836827954436286447376465366653874348288202559533421487592799
66410298286760919607061202108166941158394542694011251160208331771953570593025, 25184332635516523015454021326301399909486149939178424472742341742469421424759
62474311812418825990424796847737998681496411039227104914418248236881936858039, 16855593389358674877463191034405759595648639743847707348204835473015125384884
35470356394594556809074263907299049463688094295486641751374813358490915015872, 70528973851125233000621594639229490960196416825434815934965683482272880736280
9734768764960862754321847964813178574941223419445375992458952968990433870098, 28874658818185132019562121497818455349712442544998180902342451420496587214795
13137023934701536631221609021423027944018044229274288116276396664480413375184, 53214339476509311312354450871608360868323069885026053105031486285158781916600
54797965716190437148795238746013874009226624774548868516061987666020033415953, 54962165742241073341001228253580001777914742717051678683588774508790313983484
26062368349801200377819617137063430494794126735844187152011286336389063380892, 60868041291919918579510637202447084122206371227889624764819788126414712331804
71816552720017790342188624442879291885305685565648338510449386539491430420081, 42081501498224900472266590975347752954359829290968022532058358430997383835504
37579155461721355614458547908170527289196934430946125532606357620148830046867, 37326012367039514685373746366363478249610879299184334391299260705363581297350
7366484851110923978601283985409143240848046314695618428993679599702434206021, 49618128393540676547533737798791079635571100016839686589057420485064283351443
37022761464587347279841770816296136641769310202374294457878462018223347016499, 52881425755711575163630462113945894375256759183699332429287015456972963302717
50385926276842519527130662100071436656450509239812784247766049569685064449474, 38813791292837694950320323155099071669165322964405296677751350564150795332971
57749022436669117244681369614894570818947557312648658692864577207766136268888, 8218088090388489900665278469108160130478165480136063007316007710599194343538
29968368100240667889880109776650715766650327151929710289704141188138497193264, 24267800633598208629607918993996118957117708450103611700260579144120718572575
67531518007885499427095611456391053532340617059884640486492168994325694492792, 70398099344377318766622990066749604145459802634543320502321471025294626036725
9964375956965397834113869522312795189625815228067574534231854743745050199374, 75820848853458738466115370849297057173638434061870150650573408829591915556794
28929827060620825460010551422115993448507328772824856940944469498196270520551, 17881783901495215298327896380746234017150108973374842820932869021283311922368
46030070162095709491219072560126726969359212442319161693700981101645154560220, 22665553736121875629953846196508445844381117944592613456772153707232863476513
44952462472714605903357012293527465104778833328800863977031596344653455218925, 32118230672132694061432286498837519756843867429528182023960188902365699731283
63060934330322612846701128490182832159744291303055654969062477925522966358299, 17473410894489997000347159690053815799068762258164499900729311039656718959847
2160085195930014695387536912162990001355403351760996316818249591351315238035, 15031793686146978696766101860786785794215888287211114329417441444584891650964
70576019560079742450151769711509012585769480378148622578377408075420590973581, 49538625471499645044040499847414484407769527542529469691979556126127291474602
26550215809895807379605551883962266336115035770352100716111482516795028368704, 26684458192033294675110679832225806968232846662948315026582876649952066268378
8158271067185217947121855190434932632342015023371806693103892690360831119262, 65735247930576422648965406432321428626934656476192952146172947513750167614261
4798580049217117307748635838844491164318124381298978277100176241480482299705, 23105935771533750214310700580817457520061191531965726906872226310089072975384
71618947939572726241600570225715574997180645021333241851052682037767515837853, 22183476522442739805192013753449347249560249319165566237699750281907118683021
42096155712685686782515241549529333935106273202776384462578647212708879390160, 59684301909427939081330664541230848635795081505994257384193603728162213080970
35517362878969867112528668169248432449551079057716426760781490233390526875857, 72649713244999328976512547798291231847642990244244925414566511314819636696187
64287230841424709922780844141284828446116024229763272274411155210618471375807, 48762374457333293122974361115946062273256082468578948848068219494291162798057
48608961418613160138540120178241277452750735441556178823521275385509106793539, 31663795035139056966882255119062956948110949489237869574448045801142237456392
61967390618921098319005666047045103818196457287886989814716068329921682547900, 2329288772546146775052905315038972675938461805596331273084889534128429117877
59566601885198428846394534140857684054602657166463181286331571065823851351221, 20291927047899651583203010978983354134136182414271662571367087487334161590158
3005272999495289855612356950888557521358540433930055989489337902358384485732, 59676576308271234937236906428496592252396167199849497040253473767070284844416
25337371270521587396916607160440432375993809856851503419158225508534167771317, 51450550835266390208166050920461382118887924949961392451251796374647866460591
53054343526036307916315922606088782628016850608799714764271487421068946972568, 35296709722451982491927757611215092473518750418386523768741023043671286577180
76754754125903057313510955267551024292249596847285318589739273222879188063278, 66188824687888098613756407927661295130293080396687317859587753332926794878544
76590542508061506340077410634531882453044240051790872553983507181369496044162, 6847947218106436442322409561479611996542321085989477756368432992828775484206
36093409499760729923054239833852224316251897195706105155058956892352880212372, 5822703486337031968277835356387019810418102165494952343255022666171524299789
40349146569312992257985196335339580595930635429504659001909576256309250297394, 41500113456119931486243972054338128692958208078856160317322841939502958133338
37051881775197836024951702638851564202043087745031984000912870264733825926412, 35098204331383584259365501905436305542208982398326579508787206273113739487054
11143441532418092079509244639118664177217944510559430901149632540974437907688, 29468073861427843622660085350627512913634045602190358542368299208837917699595
48099361157410258436450515653801639738106729787627647470029242012948279509397, 75801272746786424911792013436661651092398635754430923554403018735866061020451
65562732317246552199550181553110709778073265310705889910618134154541133708000, 19843291968450638890892866475553371822271359069830699056342641733894660085072
56206646893144530676681764353311958962338131610675151546752924277397746071724, 16998826549576733108780647296531737390935680076585659097736902454622115189924
55973917931380438459034235684937295080219073340263720553062853573553137438693, 39476335509352269647184930989247083047169742806227300517060253500162231456130
53950670873417741763045426927577867454973491912693607701704907341513914961691, 36771717045479288632379058646007571592284255918864063260161359410864246641836
31657732686355878861685870102123199745375870977452215180488930613770840306206, 72821815082300251456399803129496021376121853409874250081294585485600915507883
74971435522242621215105411238819281904995616018725816226695683860198027894899, 59223366259446406468722439165213297058800524160619009485894628081372385486305
37946734967205360772515366210347191725383900259688169203131576895626176537762, 9713457061927561132418057787069769138299884001652366801100879059619781058537
63507655617229035692725251303024290425194810878998110182065157606958482697903, 1800675914309222937346679095773082729855801332824013186102735692498437509182
58015457225320979007639249889889706053632328678836247571708313326877655486313, 18300361928881390151813569069081490846874696201610680711055092235408008431866
37946053970616192354166282105055714278653466934205770803005764062413968668074, 57731259944880313410470654322826534220418985493674467718683149073011569447544
2798666327559151328046784396208281780234023170915855287537383461120383661163, 48921498456988859402129917061656448768810321046315882936574487475667029413328
71843807010048241099705517833140118418696027474469862728312888261141969213837, 57516059231632638944584064309984582776966261583894930290662737734267761216551
72230215359383498427544172055006009720404068327129532864086871628772375492721, 42221512033988450637956148842664170497571373311688466237364397168666577856866
29516953580242497107501105537968036528354497079456057659801229334439255574137, 39116631183514999469193778176136783670913567446098512563229190431572673901666
73625368123322844192872242560835070568517364663353687613335994190753345419947, 74002930177247881967969367460270856394365428011710160500484795818134034372328
39343883267023537514189550997208921953161713595418508308115425310049123584240, 28571052792281399903130219440044992929799299819825154647453898354877896840340
17608836225415586484425247479791329525307389683121632684455017851774635571772, 11026331391473101433747402905722842789656589940042812449758608170903735711236
32773404000177926654634468132505850792485063944361858416530439920074565065231, 26698803681462692007595646387479055035175268445055407439150718874959151051077
14284980204682868620989074574590904439864463102955715060191168928072361036505, 6451953458373018458028205548615834664492164074982089287369552962999533250683
31310113960893232614820109881754239458561318451444666035003285344247971533363, 51282913803066430922068843082010731557188532608165234320535171001242009570477
39175390690798290591437106501884501254319098197119268746056647754957133571491, 75234230864976242707210304061290203215535942048576564890761993882182270337189
44815312156208769914576521269432846471497523676268507699970318420250971613932, 3719736978169698791519614285163940572690060423550587018585525534333177985593
55425615794043499866483001168499044902095387904990160417968388005964158019319, 11101666174990096129477346288793481080302308133193755390134746612248053962579
53904641516429488002669863405885451160764357451882987532096159064194350090834, 31041290071944878477592512419270846579595735714722377802027986387285642748821
63454564274532317866016642047743858100790657820241686028740137330569555261615, 3599157888209411825883910306457123587969956686850186509609952897544128757469
73032314747919754318945263082468727264519555834694039239848917196940738146609, 464858583049604120239529582186387476399630174443222860000816582523541941022
69575955578253068539531408912942191743524737979888298049440779820541064046001, 7097141317026078260761476215104377034738687566868506164355151530192407466069
36014387536557854771635767651577154581073705479465876047612477676421004923435, 72587142984026458410004763359907652026246530603986783676293202508818140565139
33882909881246961906870470021924657098592520922967849677929044016921999219114, 33076828848989822325744160108641904193048348649888924385314626779225297449986
25124804158939479437932039776324409748999238502628684697499614672619168621938, 55929483599046007185826057410146807664170647000511341166300187709202881446937
6795767669457698180534762404111473196559139331295684119931194362715234547755, 28258691527873228074619014045677081299037329547802118180835827220890759967899
61346671843314913002395645944065778596542111003326575612277900496274861215649, 32170394543942336259896258094980450513248186458900154165388801622693507231491
20693111805408634149264517487288074967031169973872259072180890761087617047932, 35739213614882865823441357170638421763469089844234477240344969335361532294345
67005596614957874132982946046073841544948644861547831820269499873935179447058, 29963078819568220970420443827676050189033993917634719210019071149221608509359
75355792328249236476978541060144717392661963333994077133439875484737988389778, 48701922401178966536248466944421622547514460387277939259970438773759838071413
48721822874467339906775597121802432659090569937318053080930030274097928445927, 37656804530087903285130231037935448080582860927759724632206688456947631201871
25063903148535337322750603496540317258981662070217474179759557443490633942507, 71014228081738279792330707629415276363762656795480734707192634038490644867328
6063376678862697027521322647745123620966852242443017461930403291141582049831, 14312948148029564734198056535492104465377691185940276093254633425088968088677
12647818321213784996419895002375735158596739223627340458801340661718918042039, 56099976918878280441483542237353153377911207749447635770530715643173803468945
71379790909667920411845986562024321561660421373828642033522833533615430401092, 33939850402955221009403136699939699898960510596610824063638359906239817015944
56385387055073265173117805204665770467220000828363872884760053313825212873342, 64265342906998113983089795471617134785960553815183200745118779870340509238116
31866124785406336516491684302432671782201641744527415960031326887834902389540, 12427016843482711941563284523098931046211874791232773034774024747701081206595
4441185915146713651948178445568166077293042563924778985742334141788120546363, 3194102052311822036883080223869184110599231034723093989708870778028819172156
14656002199225955748513333308266602123958998552263883945453753931098543456806, 4149473866197101917596801845901980411943367284957921359657651808967063072985
50228234707805648606776482861106358093184798854359689652849900911415132784835, 66752430650209815085054063906016972979472105369696104561085080333938613262107
34175226116698148002610738004904704003577198151985215563774818204312407697751, 59242384347687758204094218454866531514155985456710176589672369672465107403026
28097514453858375216847452376608777147368509200379910960762685459733007034344, 8901762882320444932974386193893728181813413449364035292395492460128044871822
71434201307382224214152619662340809528719135655001651974443261432113485240413, 4475124382342605394299965935373547572812344145869538214945921286066468829760
45438909114909055714393142391130051533406343341400349169675537003796106551630, 8935005231255473186486502824823617956968958895085311679610476069081876138125
37867297231626210903012632709217845366895346124009067308655681557073223597446, 68950250663706014218177023798541936332506719209462899875277418035407851855247
2315679913597051504262092352782102377268450839085834504409448979585600873061, 21375509534573954601789255835140930080502176029059056678412889271754492357210
76840374224351493590048353010807372234969270091411803592865573495863823836640, 7978608192561998521232728569094725387574985725008103948903128681524796564042
39561001457852807340931279952770843749440432483273561608411331335462567223937, 37985834405632087880951725029699912790893264055569919460345736211406213573890
34054946484765787006919958598996016860901177795415030658929107802396386828956, 686689399127227355288121725117146318263874201739664402016567721227443085839
38378369219972051271837975085891337961896714009037775031496704787458980384155, 73368973928032827251443164689776539295605587017774584294148426832022804647178
9075836789996701759652407255282055741212100833876879682112562064522255708097, 62914185970189586742363865903280975200267754320671790185367853090175679139368
75379410378365917715438680361445156350402349521606427179125928698690739194193, 55316762750874098004099193863435774797065805356711117119791933784545830636121
23722472372653913090071660334709171770798066028190201210461076288046154948605, 67970331431600711667980190273847071495696131336005375991479777679544927434725
41386056664908389310252689302163003586691476651383867624622858642786488644065, 22798415954689526393446250137347268475898040869023964405755394461253893082749
68622793398914470804222508671656954363288247676872424116606353227010129490494, 43383240436638685900680177669187682678426237554438177384413579584310343135197
75748635073990786917291723447539504604102362870861870428369765134587185188943, 11696841654316165948312572949821404725099137106769861782887873509481193740961
52061103464822830320509864575000397103244858604661052054827849539517088656075, 43963250447109242802825786237231968163671756915462215082067534738871054677102
11489024136642093491801177726421088569201729734520443589517219687779988887469, 35306641608690096107537085302430352954694334973041690727513437499062091286173
27341778902854242579761117234174544579358009839084643563609687107113835277402, 72582694176797246593914910153950407660421921051005788221585321824173929181967
22262624765456176442555205650889976227186642738278311204892380262686892525464, 34393229884142552274364316688841242867575020632174416769060630363848664941877
5880877427779351937042715875259925969528456022281370997481678498542610159833, 43693491248566134017617808748738817928948501018470360568597606055283356579535
40634865556077022979454402731900787163296298822805810312909937149718689611009, 24482707826283711446873177253785423587160945536964425661228579514531113927626
31537523447867111848416257782773611204018940819899581912788180646254030309442, 51906149300569569822021051240794108919854070124738275117928035146419259244253
51166361642695316221782517556167823150234432314895413612464085261650221345199, 31470507466822791329300941486905851550578855804877906025950582535283146595630
48832814985546014684562217584613241440881154327902068236313917519898091790484, 57019821499337440543937230934094142509567706044356236837031941369717579176484
55968158083803120814695160076973149356712870928702046915449425597753916908826, 31198744674976145610004278482006142262192051140553646726440451741313908687346
49097653495573172447269681176680640754459748476649665523282750565088483994396, 29259755347616826569160306302137323845797134870241105048283647519570590743490
74833511489747265356500750915328449132137930918764380717120874334453650375659, 5275277930992712290978356271031149145295374375782721477097293900415234918263
58886465826389885129018893876584704872727381280053104263619544377629377525923, 52461671631759339943550256456176868743523799635230138363417364278033867416249
29697496083951902209376525920776095760343083520147364806932465503643593055947, 28301494574700424781257255776149132171613666904734358721476649253873091742865
22555325737754069960575698128861799888156338921020479116197542058865080704026, 52222952982085793369123710358417077208480309981799038558581013432193160458642
75848852130063756665998532745614771587940012699827808925218647695437926380506, 32670682625189660518448600992324801485744536552464989546477798542724626186394
60602011942985428605626430940292921509819991771505718462412265523123236776413, 49028809818213766839207079591315417564517546069076408737093369923887538485767
55888625689932973097063715680336638929500535130493729022634154351944014676469, 15570409006058102968388718804145587168686711251648668202667832841815251153008
25155580391835439530024171748386481452672315051915527125392547992335159023240, 73257067977116313744857072462428374547392904887355629921179961082402881992414
74082997244209498311482368221843535995192645491820866968604765323304948178254, 51167262372045755081634443813383793039171310636046196820958793186888186689153
17489305475093673854989687129678887410026751401600859520496474729018806982606, 9385719910039163223740383892808049586704633678155588498632001027641381494766
5339217055040855524296866800280418183090691450496662195554916083732176292308, 50286107552396894890597264628500956626194620639626352851758315431621079228516
76768635439804435645006326906432614700445011761684051201995935558553331142989, 65236062330545607145470390306210398268138031349205709002568891855702123774056
15541185691668448042177328391852176166622655027758329864555147204037493760291, 16463523356726422318108435495249398865334868214488993842049332102962650599293
56353675085618746952876607215768685037904876870602188007908999457138974104979, 44506936176962545565892130223238912901806690750199572689987994527247855865910
30409088052484096650549284928455972094843947134005831296625492880080052469783, 24727336340063184036432644444918283483076945542957839249547519544820828254671
46944275603865921260827244256124148431949632771434655170407883228657536449355, 62929317423607868960581151281208055268014248493451234401107061232863702044447
17770653533241640178118971426355228925156118674278220715138018042655810189683, 41536737302410696819330747407035603638855657111397231811600530961104201719067
75363435977431375531989896289438906912099371059929701952139827301970065330209, 42798554576228193789983476441170858649036240316366414725417441407688455994807
3860640164069249572035464074257171972780126838031601189892631500246327192561, 36743951324796616929195973371438985420386895058775249433842608844964288879129
10609840900494931312995379796118162654756815937490811967290408458635786008198, 17677425727462864502624694099877500592055043294299248075538300403688484192931
74809965350071299249775223418005149626243517011643816705150086347199745730920, 51270758580873885329024223496781259814370182209790541511369149277630007896498
43106746882512573080889437129492043174277850925726863894482374300401784005276, 21278267001910930948859675051026133070905308297943454373955401277446197472432
20979198398493529434437560002298753944784105852066778363261946233622464574404, 4143325639314693750172299227174856808270251641819418921797880257234967016977
32395176100508459476172939016570029847604071473773810615779782016035911313284, 69290956918464350487981122962713600079495018892400904934975448654907977892333
64388946003611825281615393875381619253475544197210822516628650339716509288880, 29401189458195478345113390615843714072838733264457897624434901916967484004626
48583294646365203130977529448340127176390854971105844075362941296639927197558, 54118490551215071200474862202629439172957424313213081134818072152957664669933
8371652105384003887640671087577795468849113503692340843626175241339921163359, 25676517648165589112057850384069367966577579511166001754495437589467225145549
48606230492917739626753091342234679721386220886210149478908589431522319667062, 37067107256104556830034915641327513661519446403543620803718735978307969189509
46460295456356658105955928125280604182508858737384586990091925398299923430283, 64469765257611179001864071799016480657077621596444442599126041677629478030044
39732772523041524281705429183201084430726441125041370223919108224885725806737, 62947554893850902461228628743582005531059566035502154051297144739631994459906
17267398630228884285729282395090417384748222728898557244603306356251703114574, 23169833226736447755130934173535951695947457328141440976824020138099297373884
32085112289302562090064239319825817824663158898459024352029896519914350497032, 106410883582594986065692071508680190717191054013112219951675105366055527260
35679639364921346718248935376384445786124135290433173526015583252818246879242, 11697812223968124071519867298576907715894487962676724568699308517266375492706
59333046769008352999451741101419261131651286465779134232426571717490903959820, 33606683759366281099012542452994814600829864486653021012408314896311967764114
12753340674035554767168776378134321590271437210325812277335567798165353325912, 4487826160838576262130242855239368283591679493715873621016948045686992778516
43620207795598129047386961720614845702928537532120433804897128097619363549818, 34714617028148023769933701020962552797282747216633333493853101344052961061595
58984361189678901653060970476449357564568329553063270243743653647237755430333, 60799161835734346665198679183724994116316189381130426594940053331777492192255
75201337113631899902832012836718240465700987887394724965880464468095555017237, 41594859397190548698403922097108732642907863918763697484027826346829415255088
11258255907947078803144779770637132807592776026234667607018500059473103950681, 3475823076963893902692739624930347340305449383664238582218594711100404926790
74026322610079484850645444119948527935352406648416547620889207416184405765934, 56820330132946776507767979264838201908383716010178708862144456060144575733227
11335828051085190756203373280148842126909083508382025071245515625997512405275, 30435844528444757403111066976499600263669051783848966133497255566200273386357
50464031597124915484055398292308917587466774259109216462489921601452918556236, 62675931581211289931642069132487048271590477333859535470920897224612170036447
29670189743369750313871424251637755625186011866929675178316254356644257983582, 44111835110549774708118321525462773276201143057225980252048617796982058748314
70160557160020409427386941109625965512386014207415457329572670346462822408629, 33412610401461023557218263413448476630897921100512337419028963165178656268226
2952909487682667966618233895717443764305356964302824843961224899853406219568, 23566991500368528550012654528120298407033601820593475393598430592928500475091
71333168281180219420345874690066949203164633947909939611313932837768430199716, 26215704828257480590805933399822860836883095006434039308539258428420957573604
48020744356903010205337169849445409660531373328084265682965690966737953921179, 76822602478646342847582724239892685726093353409486634283016719254828516871358
50090874232158185874111338844629479400863692944499022707591936825093877320542, 44804292642111041023200889777744658661010382341781490427369630689810207276550
15300659550034443898498510417679726820677326678920848982100530235616643901776, 68438072152062824185291952537359931117091442191133317594541550268004956231581
51137018449004411562896323092536421287875967320360970119815590107089479649497, 46600120930344779302604270916814848085861695788382792555580912500868804072388
4600319615670034806570766770946839326771981840672642723836476384877802733513, 31464707971303660416334022641964987896771717061625879100313319520415779584809
13921364126093862891498229203349325268870509002696421228499520367656717467043, 12024769149241264796284806419752412297438501983473913136444805082858700684433
68573990570774582606980743384714820618925544896783479841593847304278939451484, 39299687064621270808092219075258512494884059137597905066854313881847972343416
59489935057083553202233756081887990803214235698937108694096115485862566064694, 17965850282864522289240319102681945866957964972474378180853074418926926156952
57164284127473785596433750341966190860464837088966725985252327822008871484703, 12067738462319502243515582628118922067019504892351886148935492767180793268740
36463825416664872523029111351383690932050057578526508844528845307158088991936, 54533750838794680762393574166131034934807771751909730042840591385278183368761
22167601125988069119831826106400698291884809656976637764133582994716196315880, 71931101727836398374688170198488026801719132077704630026968185853583652670290
21360434422762963903451889432945001641278300332776781569018702493539121327501, 10359901004621569609025176036223625445465397663895220221126998619603967643009
76243045311814189720032750951630750059128210965284297803464691312539096406330, 69449868399561101827572249221606673131364865843684794292895101114101744785601
60692677584465597843676711820777191756581061699686555314567617038076257213311, 25874255579460492699186058442722786269441766795606718904617695651681091876557
39893584903144413443925634583330464896322374631203503495563236553466916411444, 25646475702197155227405385665526092600372471060262310006290791634247878516041
58060021867381134145576509038011848435397333317979819619644644211496665360609, 49684686216242361821821436082990451007000090939791539583084054440631036835296
11249503390379210569000456928738953750839035802574751095009013643191466395347, 62949363292260984937847250994328935407228446443020844422746951316744943569763
42328652858274731255345982524548934324046993909618726897361086629121147343780, 74980273377125554594081238371834923028431460004577199488089112839667283445864
8924644497399415440877041485465546900303058412238148767304990511043852127483, 65139044913705508030154151128615139535917092743746071589113815633923890124099
22621072039179990500772054245041561181502553310983333717803092082402121016361, 35121284359420981763570049408644084038449999399161034344118652230440449227775
55362633105065509914680908957626004469643053637008570492517852956425423898647, 35496027285441858904480655997277711881098038156786578498469352462598996074377
47694810873737039720835316508273720484492082680615722362528994392908870247160, 55244715433501011312545239576057431440929832375078424159361583922481245771609
16588942671102119402413079320086481880678297523209215558957943714255517468961, 28166590649348453743691631433591996250228062329229217172244451197689779418907
58154645773038175832360204410388573994258070645607960255562329451296201039897, 19528296554150713913091291030655969743521050470109804477542001737188786179085
4224494242606630054950613940806074755024111508426843333837995907831135827343, 28471598426717280382632548482424292250323056628185931476657236464439101526601
49037861029370317995357263168554564139804509466979062568691617818770954273003, 14105879025171735456654306283482655584790942044887842325698155334462020504078
36845671530878617178528909036380559018739067516271641723209519710291580273104, 14685567330175882047696281143083054585111508333928427721891742603658613779266
42574918008960190313419059009640712162346979978427315941240469322571610103216, 30594468481849614841849685487097024973850610985287342465840790275907290312205
71281431835302706167989815082613948551494131710361265133695887493495139206328, 34190514185150590987725396074846927805676882718237963918276740886621763975189
68550939484496399761320719113531476167094362069397873957514859347690980599838, 59475511534343895370554198621428163351093557213137097553300994831923383009090
58046984585056861190106312368157823590408985384677948187199131610421342973399, 23389297703864337956351512748348967499007073211533258805635146185881126242617
64309297495404834870494358012466767297157145096402976821530693922187720088690, 53794736132633404703101326743613350660825123180212108926032072531584329547995
5858337736983892912996941337979584835186208176074994214735389149423813180954, 13568815041591270061021983398692340607885510676663893397036252231471557967259
67028780010455151663759602537465522145693538006526730070040955872434613150300, 54408867131313212262710487429209500529254746807821718424088119372319149139009
46494381425671382817050198292330133441906872286416677602259755178690324810163, 17034239813048292948493150116265740656674090134267928485536845431456322296426
18258251159067782511052677860537259884942093918959370246350321813921816279112, 75773089818724241802919117668816374480408174821956421325569435181204493296511
53278324907688964173466947624329681424191554806431049035509895675083048567810, 34789580597073036090484542777079424907000412224308464505889930380162779134467
68484341794637332520539132174817811020951913703052517598123569488104881269981, 24542982856728114445899518311706509536916269671606003933610880684118877141589
14483298256446341339594261481681952338462203697063814905283257078831089948904, 19665281230728864306573316324350712651282421640674369544444989501040353326908
18115082020683443261727313185977056965353796187748380846023880069111367305275, 1345357525070813838322185897835759814428644039634081131929417871944260259094
13235501974690870486756261163601907065900185875653156885826808868179645198817, 72411526297054377440287979642300121403973629039782813546449411389001771040453
19175009604624912406516440904734056474435804006354059241241799069554461229850, 49446955078350216338948741556040308255849546303530719861451616089115998406038
29128985720153184588088542475700609316701881284237007769582434856113126817012, 19811000705145238105019420149681864459733114871331054394445450458266514405626
38656763810724016610875498365871060868037772090485418852453254669163023768804, 1242360948398928285094698145891394614125534381616088266283503853652005607478
35359320587469017798407504919493953800170842556835965619021926493346480842518, 60980270242962020970231110966508575438990207389706307960854782838139833018028
24785587124688260680152013865314857903894127217605292704391266467470274483150, 53080935715049611115241198834769116995685520556894404379643959055346518292076
11512333434346665130472036404274201765270085762402493428877567500192539353917, 22230150194900627571150713223157106524796514744248655447478333816882561288430
67040685587813112188760293511814340792879211471498337589165963522928398714158, 20000808238405235634835246565158663181667944971662545426269011785616386979169
38688556033391318399004931585816585585321728540427967760756533946718277289766, 65735877844730332781193534164769200466757816273754848695300499817390186488254
74299896842964388645127711445569496944092843291998870644224262222971036436851, 35944253278255338379767653495055232656235367219108645208014271150697882703161
74480507781592917903570706893497305602326405000461296439761990438564966569688, 12474306660604240677005923427319767386621111846413373185292822285349419719161
57174370513780343813432258472215626399349003341440478142746760987017021144388, 6149839145191609606525241085328100500865328577639407592742412502173541987105
35518372075254326756402394897730448387000808086256761925179816682281356697730, 28159315744358370547347743648730674727241807231695332675485306050352356435730
69625914349352048499625031146175661646061100681519994359547627982251589174141, 67221354738903682503019275600982236438896196820051085759581326872075388020559
7254519440953444363496765956996605582986910369942481832728046754920992182552, 13480074899987253652119076759643240802515587042259714288136808531633996413856
76523449553846353382982126532579612413529822269497480913161551096791197503188, 67023537867654443347270218258294874540796987785483646707379714045210594661629
43793802309163274797762924971049796896816365374132096187088105169196234778670, 17172454497589283471912035341544230224212419882401366480349250771016879738728
71589219710675286504096654012198350283218466419725108052649762065140923654100, 64044730466616471218321602309774417266092329840778805733904278352402855556728
54047440120467884196803252882504499166820861508069189445203576818163774971948, 28178961994271231315744064677734203723795089885104066697928846251570336833273
9587399469241101909997026698969291122691376296385277804509525497994498369433, 20713252810703195228920374075342076499472377701690985465445442953473176801275
62662977715984799219823679955940606181156429403654094251834319120224101504637, 51099153739340323328150541870984638370251894080117055229952247089699505851444
13040840844930954930807026429117639609485391408403980190778833238833992275579, 54303014030110442837723072361871767280763937531480092121819516052262189242720
11976174295932248530850008190862998450582255694676405811727341188753967843016, 58063664968004091353695191302539952741682219999273550590142737551381842852402
16220524460856600268638506764319214537765757943502543290921374874071882963864, 25951723781984825723266959446581846706627387853931660912140268999985898233337
52845322031481427833329442463506273058353857804919932604427593273780422472181, 31182496824434472343136857942340734412507165809988795525754064327360640944281
21544399720800369922755069789464996693097124749533430315760419273673117492414, 8282769937780991396782342440195402058995787333660669149641267668332819259981
15325836552995120814250393181528258785650051694227963237465430862031582909248, 64800937638065198941903794733433660693693407976757497545527806307604839513053
10722785308744822926931576815783096611800060148438621669200254018229872685256, 20161916408044916871355431126055518892881237270674466306265176478262706104463
52256740807227404175356593532887917466977134294770076522459282295461566234801, 26215130820450525430572511997239587310000033344500610734183169772026470695242
32895608879751221959790668085022711925079835321024096949756520205831694366565, 53655143728439581473801815524561430368126889753863171394159526579606622413981
139825246822448993097743833443918199594783504066543744846506861445865822210, 4404297307372248399562775944273801487037035131336525768937918217050947193035
37115719676879555805293990982479513531592552555650733027885736239769640385929, 30406352968324705883047282707211369463531122593906202605136195216758143892792
59644946590765454686810788791538389424706728866125694401450431065603558409864, 69221955554833082074535834743284219153593388827930141756712921061498104492894
40500386007879580765414117055880151458814544306898711992930439730612252244917, 62482455160291162897219658094885181949343366687609066959580906062423976060517
55519881357645284619260321890098341849849600578303483042893939608371050224422, 40739837161645285934968939373819180414889253983789846304774535683623909139939
68836913641353647119709327208798361599898644229061342461334176526963442872908, 792241359082444207960087350022048754033884710950370532136400347761421042982
72216868282215301635031821099408909650599195561187130305755698347886299606901, 53600465835156174087032136965669417633817028991661836705944696777399511768490
38390498926228681265773418012967962954233465006535219001748852510981657121180, 51328173683345361002274011963937383826954450201202855399940700028233322262897
44756657737889273747021680418747644446170322649340678317245351487958289336730, 47020416201849232781628858898780791745478734361736900455774326567207534122638
63489053070964390635069680361900239115336334288265868139696168614497989647700, 29837808092882250672501807698742647041020462014790279020641472872380078690815
75822133063725412434816112916885886303129966032479816862020579206235640023749, 67241398857077163305998908640628906213690424641196661406461888334331392013424
56474021009676660028702800500139302452120908846353452814128148980099399906204, 4893873171971639847656261198097345905430956340047282060199623545276045800884
17465831953305544224085273728503020383222331013025633625941463230149160715511, 44172878719241525494815160646712550098256115180286049559261416184464046179915
66560321324369126740324539629091586169277867920645048475039662650624524804512, 6955922729172986316006613888114578309423707947209888414260599713993487029300
46186447688909920782755077548013798228086674955687332961848505701333681839706, 21463892416027721969546765813107191680377523784616270698412252113889971095955
15117866214122402360507592327707291949796690899892919303041941674277876448614, 76205938371521481819908428114426405279156545022952257012839772360843334805280
45730092577269175469620391853866103953265796167969948403999723104009501496610, 55856310570328785702658047618694469963631800826269795205752133936658738547879
23737701535657106356492824933581625343564162970232071911877497054945993630048, 52942077172351903467319051061759661949677306445848808617370571376576665056098
14281468285302976318495316671189972321627307378464358425427658907424926272069, 63890066044557858168404055218303083649171338174496563796171227352376519722842
47361283162711316422016863901438272799955822647632759165040787861154282699025, 6583533187150482467816485225353709809406847047651701109032950789224320033048
75817844283267951932724459899322781382811240189134626504939505312342657859160, 29668595084665680932526072448798848945982738076193872686979419344919304373457
30998775478573292010662394410471682929880744861440459929560246577797360832939, 25150431082657920875216139046042853830829368428452928745065233007502794920354
68832844599971025533579161113078274074094650611733058590889813257575755995418, 16256998639439646484694212775926387128906509442780938655244315777204199517707
10453455380445151755938977744743509670771896371435843376814317948214029583215, 6008303665914026227163936276759422209717244939352753991835109096693254865561
76140851377372726989486583137854247945158652535399765509589997429931091047958, 55015847214296224342368596585484021996383959555106308676189828073349024007811
27239152616439912194876739584121522958038394651135435550827445027215989185132, 2841644732324362441887022790475220790521751645301929757637250554564756079546
7662192071937807585743534526847129216458944942806318641886721257135651116792, 55383817866716728349008210846466982904051084042203814095186425931887536247137
21623406810041249543257090228223864637795258260783899264850992799485258293882, 39161133768562155076862597739202732746557159072517951690133434356251899783492
70354676012156874023785713206378637460198367662975595062175569922562722644040, 40768979638080766649355105555656651478580871877112291676779680377372492951027
14867534853493844947816647104984836907794733588965136685002381162483117847813, 6490728003793823559292455454200754353323435043828771471103944994384961708428
26848451673991836099506091923766940135798125767595083806205666654598249886202, 52530962610729753982062311257207495778164499303605475290539184409282384247872
71682390619403802155422788339783286899153946275601965226202159350849053783247, 36062345305395075897090734016891514711401497896053707086703391347849663434384
64406870045053629722637674601343546096597827663020319720814272880391937478659, 34772644968092173592497843284772332049089316487438375308992174972021671724059
35687543376853366369445766364015254072020798930464950660232877886639948302939, 39205224785419296581886608473815325527891918103119664712264358055556361667567
62869133509379147589514487476426169382533378921720108078107995452477147136380, 1624187157505809551326702593634086424973421665207859624263712551932874902175
75633426266948809764352300679875310817891141011978715819669194220240766546731, 68299533429552241081602462222089971811826779629780349583945639006293796495424
36084850326528277337636246930422685336101812178379665275636809504166181597663, 38600985921507478761962068899093046891198239113035648806868562650740823462748
62036024094113845618372467048458794914656055557232629129599710618195584519642, 56810392247694625758225361988436282767872100575052945062614875682036211317106
45243581085315648655811095716199679358653278231296862735796771607364333938103, 6576620325986296587726934571919857053083615298569553813022487330237270685991
12454390403534917982150046146076009057225412098427363163595285837314383704251, 64448402001579670041755506910773662343608733895041133252072521315593472517256
37595435116837272880388234879543410148282006210336817139802909442665177714096, 16002495661465207821177776462235138066768816429402821494211045044116941352600
11060406947815599840164574730361345342465191463217131199035784392726148491425, 42847858237330958792825545039818109465544771355982827249559201629142405400459
9917200749144188287414147712179607160031101427981435251939655139025160201457, 25080186881089173858391488385068767727599903960364175851040879421190806772889
27256908263606981009191319020487890314563084767267045325690777741052786796395, 36283522123518425566407586588789520632952647516571733225661907004233614125269
15322453379011215299524813558623924267870931797041712830413397829206908745243, 34911326127503603126361629871655599634724108192757816670556451597755122386328
30250201435069558361215257983365195292114276186840054039155920213632983735684, 61694303307109083417728197806206164962740701330929655405075501387585533179799
53896418303715291215575348373752794997004374702440170630806809540921809165338, 57350287123598551981040416564575376119698599816666833790642068805299745593900
5407476397536042920831203733615964741978350400222081058829067442496834187742, 23434626572223125622887874824953125633922492606063807259835025623645931881603
70742353110606842785428853348767116814274658083552662338069814075088154835427, 9665912890201523729059658391051108587435791771170270661865941067011300580409
40441090372422874029439461261327782492386937486328285766165035645237208347449, 70626153936035927889516697049962570128529651420125266409985043141502480590113
20486542973887450004050253633806707688435862405657228238171385533010070714341, 64842676463620826273286180269837662384978197385110859310088261376194174635197
66146682998267960001639341513493836354882853591515374866269368190651601761198, 64414822288933922295215932673339263323089233366362677279585190030619433120727
17094469325701774031407670954676476248604529321775455673279875213908380553053, 1239547997549712976867541241243473503723502827403943578468240336702333657916
31380727034435328972339406223381747104511627598046890264881855808953758205350, 65766726793037272426836242495983172639965820862809767570649844985891392977071
30394245689869516590768923549002628364047329749784757630844344516758419006532, 43475325089391678109286897350866213594316151040955273212814168666664779258868
34202368760786701534258745829182473836400372911645258814683984740108263280760, 12420021231776897516622299172213069580612169845514384249342067804743032460841
42072876623503563573051153055685564922973771541044146140343931248550566379533, 4723573080586519607803099149690329525501086108470027307695974431393784557332
70679765329526012925502305078757242361622303690731743861546967302242462803632, 72911974767325251090550929582312578633434135818004788392748210554267518367695
16838770783901517414551807549181397577890451890296609017901238221774596129857, 52458522327351555792847808850703857602673194342253063232701298509781034812514
25367426047449225793920213930263610305345499957918529196583974558084379607595, 24499890220340533154972889613103811402969349974669586957606131456081351631860
63385114716020736494757769767422739621533203587943083274504417309683187490206, 34250798649417376805057005599757299011180127415773830247640648256911635702663
24903291187189071360355810449708629658440676533960002077646180582582845145494, 19208476969071642599972253356603985359236553396631153895831405117016876972298
38763050581002037251409406911906110532420038217577644706463518802307716834703, 61378188832009543929182027905266750312111305114450257180497064199148628243205
41384376588509661044018541235457576395647926094790882558896652584322631280420, 25069363276632308151024419154791633786507911592335360117048876023365811953708
75650972223670036067885292137354808392183167029141961176461961443616588776553, 67388838298995663883047774391399571043137288007001436497744724048542831148407
1080286662299964094319797496053367085260707529681507046138068011082243041230, 69829963310660043372401996711945425377804234164519883996248665594002177167858
70929883223085245173033107951918013047154998856677882462527184800259459651077, 64739031681036050306918901234306421936421352069201569667017534306321976043846
58576679680541756309783676183949742133217870177372289698408707757308146592360, 42748212729786618361929565644351207565400359139841439144547780868064790102167
58043786311429668124178056629866782702734851637502827204001509477368625497562, 10295880459470342551692953813366616252008931595868641041070426851289925467984
75609210694085966871819107076951928964785516787999055534581531536792739213093, 17832643226008010689736311881765646111838688249862765723750396409281747793585
41633104340058204515483456675715920143875970785555303275930924675702486633298, 48131787980750168657160563335617961494382649517229016831240606396336929769820
35919964646743848014603002094386523349710282412949060532798336470867415475845, 2883346586718702496882394118066268202762496655000860162104879231759204307679
35280355022262429677262341375138891602878777436533832844600174401702912687958, 45376268073350802671221727546457962469824989069022343329102144794379295710464
31715273396607759759660713547505398743898586615652944344039356456443390850505, 25157136073358198348927241539417125379120802519268447570842172042867838042993
68523545683376516086109233873770592995015797148475151837607300467672180914562, 59007675861746219304001189126716527690735287043930158239422040719179547139621
6416197877867872154818760677074831702155387827120593057093750079607810390241, 69570913787130228154956776345813250779625251493547429641507502377680526298483
75694934247776543504745160696836321205359111220959589249395033944500336825160, 73372105374393524550001789057606395363235096467272507998198883224924934466253
61830879596906385736149320007921429670592629082001333681058004945151036762609, 40343466988799933228240686965899716989188153380153459842138648150282021962253
69007378231176541853244889020469731912022466330190687903960431263347162661969, 5949822551766096625002431476809728274686009396502819068719714740361911217423
58724403772457260274115365583373008608888718050247100178127069461749022827673, 13689025833542818053649989457566166638399960690042911813592736217381366864954
47951731501461516682594076402036062311754891767432726992235618475720695290246, 31002087864443075046113248449703161524222855975532963456741458765703289661173
24564387320583430492004004632898620225469372612141622864965342243763284664628, 7977946024571709245258876174159301406823281332386040285105640115730559174426
61302954918566481330659377003107973445408390142172477138834222246912762428102, 2416562434387237558238277614450962866200211926928978411246348029302213608710
47624542671177160573076773858287941525724513170981982770185629487856244405035, 33395283258982296361601611047367894639584254997841046209775268901672903876486
11690534107414557004110216991492625243463325383899774304375228526964797543668, 6700268199737301917914984474714220842510337722095317064967222902634243964617
17261199750588258154032781053630768577155353923637546087495596231259910233423, 41134009289066493429157133094528764305960228379511999814924106755670614964076
66897216957515223616028764428390073837548115154065604179149022972891521204106, 45080491281937737804771635977095416031525935960057578918928208675828900561759
37407111113099958277552277634028989685146442720093916792794782339324591765221, 30413492194218871099984612786252384002754342524437663378390081282101803110095
27511752635058143868475745182019624457300437381385987260419452485995616708787, 71646258392726978252905087258305438734473504886179296613203980971536214271892
8458827131755213945930326140247131282103452286870970288653402696271581763783, 27919752353969747442646261363778412356710185976777360177067809041268898086869
6998659976096180234665663805434955267043331835315504887297033506560253123175, 11374160330251364151529366150330911238150223537705704322066895662302520989813
3579354429450617259291432855162215359350407029638043818726214068188611079377, 31459008248596589507112464679541821989847822214736394506278863325712370288645
34702953559093262014571640506228659413274079679347848731900102768656164918359, 25462815150843427770003915087126315111758506897276449192432063344417031384181
49203426731333192872356278769019180686162331087875180369192673410684770136582, 16704746964281952848589897907451189934337261819343364672442076154068014236372
60118367292487820756129691161658673997065089947394071432728741467642720514897, 10995321544251225134466915901408296550810465876287713059343111726264952568513
39119516938673608469108678243431191330632855881804415605551951755089815732924, 27080418997059842013664197127909509825374937620156524788343544291222804180313
40121240692096454181822646486836411972857507703755566939889679080117506154778, 55468946532859164613073749635829485501379571729464416979383209726696659456056
53449178647784677891267455888994306352017986657568741804483132841341701401328, 36225361224500260616080004228102264776244684894923587101578797668784399088624
21360412869361122441885112116120117477359722524352794037967380837817802216830, 7112732216125730690228176395326211322729284350053368647687880312442428821418
52013426654397917227958513447681249411744095836579818266176023374675892348173, 49764070118912725339536513927878159949251169251267227309039084499897002909224
751187625377914027218993650889122890330780877779836933143861129848084171906, 32623253943827001065983802903787483720621179369599429101133781258749934406713
60186739157214091997753093041078252104101347949441029038395207148586816764327, 24615036800778766348277600654319205573077009265332211326120605853483629078027
61945630987630219457825822668636004051032407515508608721424427104116424101487, 36226601125825848020446647418630268321700831504289429246243521227417295934103
28459123755501338471208192271069027899058168690105063466513704177705405788926, 31448522489968478411436461080066509892291450122888542840772460352312868884259
13224260052029355767473824413617876172105584830577288360052943233791460546599, 28537680778871457948921600190292115585831492969608195281861543911502531150149
26332288388002152096400615982217964680995293067314467505729614671940216725309, 26981587084643763149696907319296574104935366009159764670341329290874066870797
32061949188553251592216169953593195152216026195889396457891233521900315902503, 13678894616105530414467177075053954605085910451306577410112862250410346122783
26193184480940243523065792959493816779100257587630737076881414773607116550965, 14045338638042377086922519129430375841400400083736652908517072292927880982243
14726767012784676311544977183011270531997000713411538215430880563317356160802, 64615934756088744656609532868384452498281419909286244378873546556490213640279
14493611164893618295268221764408008412519797764896757486969478819339080249186, 2334816282269852836571055871190137087109300535199123655882705042779534249235
10341748599315556397165428289369301577232699667432612649054507432628003784792, 50566480442237492405459549948327283881127017972993959318066515350895434398017
20944719420948342743167239699881747962551448534024462531131598425354817277260, 53724619106290826788371629736819075932235926059063323806831344742249192061033
38513348333973338041465261092295336573815556298217397944187731316902711327817, 59328349037588708652683353839803132838613259823728851978158360045976728367825
31056911515837221103335180697441219077598997918411459710104734446230044921831, 31678207267041758369813460028812440706293681209868073802849747668079053686819
66443832105281168949290816401740308744375421831806193402173610741631463468383, 66706061607051344688934874782100684662168268125614165803352469045989386245463
18167572391895773319547000932956185590618025716966497566978653265657383633245, 52126087238715760679976323709642794464686117697170731905958060393320801320086
60996536999086716227147570839005080264890570767277045781113035200662548380814, 68250254482614702621896959833751999573864650559084056777280430388312142788516
58519330025847414300148183172664246380706147042437666795527101892929031746924, 53203416012200631105423829754641141318823297842193140266636442015893535914078
52163796683590178326468505158803267125869644072684335270128616399975524541381, 16542356334622534396875243907797599517976498180692594173471404612221681430191
56761685724045584498400922508574267793496329983673209203619997850834355354997, 37315704188988364342117920716353846445620838441709717118523903323878336942975
24768816363582850329612789986639354002715658933589835314987879754207836390268, 52878553226273257911855121104551303558314324449041867221847987667541587084221
59864195416296246263537117913431249804438361672339851014320715360698041233700, 23311404307607908787954574893459349411847896451744826775851663948871292742035
1170471531278031474180361548152954956978915077246285293658714544363976038288, 76569440171755164309869248626283744524791012058983080328536418114544471121995
55703149013324611610701640131807114337713209901986510681715281476733936505167, 53281394044025072164363104718497625047697591285997923556454727554136521793894
40969358248414757631115855812332482398961315153847575936876207801393350573372, 21896239078641087431949678823060096994183091953187054963368012053502894515910
61077093588753905981206982111220719097320548253256678375175512315885386354566, 60733574569015473400347596881700273272242785118000785705736240577405124115901
40359078460727313633268317045517343157391444989880164423965085631206817078342, 69630033848146435084192933328464113598573192359109687426445482697067420504477
1470896458586557741888958413348389613921589978245663337023700494237600757302, 70528732622934173660970628488734484433081672102214436607515925189555727073063
13621302220949264784291399330942824778813688445909084721232148619885681388415, 36791488778067549259291639170088618214896976525400852822408364590702140908827
62355607213772924117179657578552352029446534117982502776129109438566187518543, 24152625544852999494233086224231349995915016766509107112410473513263296092662
32732011280757987712734718299620882138713532248823961856658485620095861166665, 13888388256286784002063551881063631705803698769001383078678624051463365972658
5145557608038655459088441533728942688236606581318187724759411728095474495461, 43886163141744838063306506658422539213537025708895833936472236994489442403662
22317187075698685143371597464175900345553574846304567679836870330289050828574, 25808244461164221161921712950131381491796454050892361906170440869390179839265
17124999934851441825022991011784859643022293738501938692432430243800252031435, 15664290313394517319782504878259456438651103883505127260438604302134209267352
24334392446665511725695211720231236072148061124774979177819412829701005625342, 23495285371702771602094408304382706490945258231568016624585809762914204108699
17541279113078192410626567551827251380383033880289667741431334870536135431437, 49121125422778019344401489511898243732553379796654165542635904026190524685646
72088572389953411244638768170333070046646132214564990169658587795234721574769, 19129487907659076252322398920110471330614793751397388630923845188043507703875
3341857103195766035108424023759328150867716317174789505744368354081845450376, 11339445974337143411473831307887440442834933416259622277461582207718623739847
38143210960108216818155110995888696649581984922659726214895309660100641521989, 45718309643515706895658470275987314737095307161435947502751651475401943037503
8785594728026431319376390539915212280624801180538974661043691307467460672229, 29317441719063248567486182470013830239664722741591640955206641610844658589724
44672676455906436005029962579111090936191266493364741351016492955706972995408, 49568289263263866786991787474880355402213777817270617096120482859968190845640
11910229639008388497107869763291042288846939297017502643792107094137378203094, 67640699598118750164954385180355027425681018915820404445857873279762969897788
51756388559444891538018687107435989887324589642035231866567008782578904622088, 47289472055897053524473772312503915671400906954531081723398466627774683547199
10680681369433634634401099968109328090484972697653481355117878574136776720103, 49857242624875974450345341464896486998580517347692177194683597730126899772340
10402739879313911904875337120130495757388103112649617358851544084774886402811, 11591479706215626429002874688043488783587691744962331145513421197849198078
16630052615231906075171515442233654364932501600100374628920084531112475656991, 65779723407077454781341115246209279693452105090299816099974779519435047843407
42095259535675113412005497259160311942040439524469773362943013341840295603385, 57525653153903571397061092882991736265291203699031938857353531831817946073912
20954509547887631582678733786396565223620433394434469591541399611842794194129, 49639476004240786794992072817857583897504581431395525439051996031205732477329
62972241123691845559888271550199622693130501953408136000938473319821617638479, 15731965685459347455455029289613595301927455187244797093097992642936707573656
3817038898496609854094195896362001989431344697636701161193951403253715953238, 68666816287866084516551522878720721085409590435524074207533703884447321226242
59943494817226377019191811062001022005575517761853526529507110352265238845458, 27792092968686347794696866366602581979469920584566429548441585323711753656523
32700557041189230832594581128940190454717326997048944287335518784213424480609, 41225002551746969749443979031803221654817990371030209260665663928676898562505
62646392812164439963560687758242164631483560858314312964010210381385370324646, 39179751111238311304286212365814009922924414126533691883197834757801846596564
22217126969349867805311668193513835526110135050386406224584042597175633894711, 75658472412751962056293027067429831715706659689682412197370630043077549162160
52658867145044317628995093512821131521927314246032361836588998916953322864962, 49180102139644896154115598432046841529790201747578729014268116681169420601116
63546341441687251004622744034602323530031081077287933657365549554188222482700, 38951072027979139385750324078356635908441269457653588154861299725088885674009
74869212838798311687688181126655428845353411866210792645942157455301928218023, 12214761088047133021847278704651721449289461988922549669036743302744311053502
71234914989984362239742839024838503043092005094515451111732018763443805662103, 13716596589233985693352626922131101892926392915474160542412001423308892814431
41701995553187042047566432630075212867452240527554914526030565691498380342764, 70427404584983701442747571323449914852508841817100369881855875255651257443183
5956634025224383070167601872906699567875681571570496543740643240500220596393, 67166880629238851638098291283171205438989435501275343477882721354389585636122
1098290443592046842330202836572249935220607387124469354639377785957446966823, 4925220732217727950012024655116636564704249816491114507718997994505567861662
3775018444023648301041122619187780405170327561436732086281032088105094035490, 3399130423406619317913431307499966460089165088998405951261783181775779413748
729946920968001200245070888719693769842428332708660726429871880625442527495, 73373465567737405611753301799033335176625226460099129195152799695171714920185
43372866342411963836077975642420263566869236085935285269514644277721922223783, 75270770079816898415478025284165350242891898825164462949620557863729658291903
62355329159212744628079686496219648742858695726375890019313828688936863583371, 58597129183748108453986873211431820566591935367887791073678225024626428127375
19966952221175457252177821396666878383010087868725101974088504804716696275063, 55519916565172502966597842325922303066183887087206111626073984377685061812414
20319462526521250308144328704230508882803217507751170680584629339103034253813, 7783588669645396843024261850863120930705469958812049803665555505925984166903
60834075182951882655342011982843300782301050955489070762905395015053525430668, 3132480741958228108139676893700027222348587233709483902143265772205161762500
4527301369682830736936537028348992553876102713589788546091405942793648760180, 49840704797728388725854939883854970253022103890156611937238232137954216650941
68229085580694040178168067366281816401008630710337693104721146962516343298420, 23635744536109562702919881418733628852873656880553791291178440705730110883300
48401376093122668291374512572469510550749603731687520284182225349186652021057, 64001354057360337060498529642205134997864039134570413688250817828944177898206
35574960549006128944674532960814542004837045899529491800904232414696890728450, 10642109144421560936512433895035147796591229165153155377076483845413214661504
51266428843909373169133889248289301433201577559655350989506453254843225045068, 51322680639663316556046427389204310501502193052834442713860374789842823234709
18443741560776416392985680436365951011172803960271188867483810704797754886972, 48427416631728280487163007083520985619612791883412912431715434848848413788637
35185704533872374604184123806364611666730881253005215274014384076270186052150, 849870348610082267898911896230316615611318556057127645857517308023102214812
33321906059160871682931485802820414561011161919144783176891949268477065891954, 44441160074281726818005830957802821260601374573964866732669797763776310331628
15205087400962068325259518537096198895922416484658366871695683356044653212943, 3429231076684588214820710053210146630645976322438529639830915919356584409038
74740229690713742409710867936708523273707339331166030843072843726126247682304, 34216230564112051737365045720376426031596152830822314683844687380599671666386
51879789130705129239216662874507712299220727345833457963111273038761120022220, 32427779644260103373309329608391116609640916915399072522819031665391600608004
69804352786643269358530418530626816018717480393893998512005560270956474724988, 20832694475227744450618067523781360834113142602450762652498874234623588237709
65785202688462461032737969783266162286275473501097339139578878517526117645441, 13595037928686687256269565813570142915050940726286525042151438459522973319477
49875004652512993122858297037685804551517868734641327378022191177975634675150, 9372803034788360475695822614139384432203300869467936684996848150580245424408
57039305613654784637938890084459733297614169045226085486260656764422340486678, 47507651732100237692394299008620559265090516082446037970743397501022044523650
18757950896632242698965742013635296535636812321297658793695189948761035991435, 26512859496691897079831145475635795379216565143188886663661437807721612671759
22528265757424714154943121193042962747837863395299404293709150872630702874097, 71481484817219351448996588610513686979341961908673618538339289615216448177458
18863214347793404518032901157752831288208044960237569972138489333653463560819, 4049037776848649132727125134708327824779456677568224752551922692590395076476
50252308564696287309555700369746968876437160732783253197950763938855990793244, 64120909882796063709590046147445923004072553675119651448366556932481572308902
75900268001336505218564989937026370729811566347853120948127182514342298922500, 75573579301941447883207956027224076940238287748182024360875284596178927101742
51572286360916519768280259295070130598519674741516623121731954248152419656825, 22714990509044321708237092736394284584905826812501448613714763112733502695612
69395787151852627939453547733961112566072437230043305168881575091897995615496, 28006373666086302118354526575495634316356229119866576707877568938789823898498
66172924367101332104608598819895447587528750486120353866262943657240752117517, 68081741636215225213430574874960487163581019503713692686075349603684615362036
46259971867991700355375814127085524938594285625482108463851567802056092923387, 35048572520412273831223474501551064562390245812942087657625754607348907810174
71569916488919167482173987428447992846382974062604329849492541188389921862395, 20048773842073325323435796109860086475522253107752925005723725284250160971970
15705686106266298643561769377387190726120301002276281780819738983233525644175, 49516650716286945404597905700017811711621888544683980922229248508946398192093
38091560665919063095051539443182091439408234495345646592622440117190389164583, 65408860201182728870573665055801460579538947093696214204606430848233153269460
9479726949400130333146145565099445655329515531070869555518517877699373997337, 62853006402027524698185884277740405986408585455002227611212427964092183113507
70928566875364502447928359954602917512329169323667582421711921691246079314384, 22221954047198381718174329689881645105770791504666048601776945580883145820161
46756785391356053330945319101861800889585814868737759503105185126622078141570, 4876800276881878865840140647690318366070061253644434285305316880473523629740
884320076898825114709503759486421837381802438947548525884943123640861441548, 61430683858116969564493625330425665816780477596625775425108828195514529851066
7724283908041752514077153536855375423174938019073011689305700954348470476793, 43427715129359087559313076129877442824173416845123832641002953044695290710668
46101145247851684277066035156961048856505554686729135482956967758107249002149, 42122885998243467639189312995554726041122453787849560728417871413332091205496
6032029706325817972043460402973949976297231070849545830169314427590677970826, 37218756340868788587243270877009582913919179372672978605850040118352744338833
63839307746918941526471757252565102304982278995752902848398800008823081693679, 8829211485020074866575238287825736873397953861416167164473479287880522180521
29049365085002407338580898167347973319519650432560249578218327999131584132074, 12754300135488527488155800675994806138564694859088273829584899354954471572779
71108567460508139130804858374953983690650180768327374426542971841000472924403, 61207586858318144225819432419921749852061217512069692754850602835410903520933
58703730510123365799732326978862256601495780836581237417434224915322862064782, 62797409510408266097131294340236335391417799464414507202139177433219653638495
59679068296369228621118265370490787549880765286381214913898593662425893374525, 75595026296885857010905130425654208562128334461734355584969309140723702577472
57604258141933351728158101923951515539054980142836467990767969210324300075771, 54380649417081535946511453139569315490984164611013615259300905291239407614261
30262203526871891209264230607803720203546793584918269602058668604429449970094, 3005786857082562919262503391740600582696594851066761791587594495954197793081
17778616671762820848875502566359310111328564833344261673130305240620351107090, 6211174648600091017670425825209342380519639118280413394115636741981023844869
6303002112744213675049347837637021388857846458713295230880316755362151524272, 62841701822908085757476318243071274209043755137114205753977257371949360176800
7981790813665631483698331811969428536370693641049914631151631360287835542631, 62396967866714840967750982927607110708062929401919647579928855637220430381701
63640645354724061292244630820987551422197309521139374306097743843279992754773, 74255899635188824710276064423471887429868638331756345716524808442307656779061
59499759763619085150170236567654631211872774138969076432217654651496041000016, 64715635813287177541829868022302371284238425731490055772210167282890999491855
317286712621559292862526939186952876758254737387121980800770209364054122277, 10369158003469511983402404093795834285853198193869568949145472349539616610332
75194162648464799193739821023899473734517404971911714914137684596354291775082, 4624316880625708407927402911933035412073352560580223072529470959289850636394
59189949697015720978690997661456828814342924172929596595254480963247305418709, 46286414655751738309942864133680819858132973035302316735996690315895830716250
43208055133050817050155299572599900413932343074143500914908640102611529758431, 21273187108105681720410687219090631350125232138072792745398542848322876341442
63508350605431399036109074243547256465401814542020099118293365219282030192295, 11455548956536996374612764363644033226161773023769637704388714637785989830519
26279928806612699895501482913886584242980466465038518696628290211249209941997, 65131600479220134503684713667459948038178806439192126893088387836105005750205
42731457279896532420868510718917862998259175389773971915461677605788739461285, 59059897192829760305382196404477000918494024169248557429497389225310705521818
29544973656131383844593553816295564158670356513501780814078862259485743669216, 26527556607523940283960387477878364916472827345217401817985512431552376007547
59167640702693209162680191580254535786541889294555596910820932849571070308631, 49470458901543081003693218868950146504081507314078672411485500270884881971598
75180861151693867047669573507038208115481560837184699601984394312907089059662, 21685088781751483734458540400415968850807229883015395329305683457825932599051
32327334091089445843681038706750690132179732643936961104401599014797198419537, 58139999168064036741209559603228094606265197845454177432140567962109628692742
47824238140812017865773862691780763025899346255249230983217756459881209208390, 5550560153912737219919307467052799599658738614428867185447286495348905690563
35166254174395020120722336927734564652150493530118328781895006151223684225645, 1116491298139778800875137452359114107961040504356595976370836752391370224475
11590136589500339097718711033385390110618538073517508187669119264003974922431, 28122544902045634445109163836233675640634717795268633185364941952709045963071
5648977600556675716019808097399383121112403270883964803926247271980407050387, 18747456050515023653570954949669123055732292563165110802354705330353694249873
57138753008888424027203787978513570450732753257440931192698541299411116522388, 37740454414586545569730288399877365703425646717659730915231714057796991950002
38589680451904137097780139365989729291858926546378740096117731916047341733350, 54398814288725323386501059851536054202431167759020031925633712904851595855003
23040585751543675395175743574227908507332435946390402521847508696008905050011, 57204698073050123984882670144561562416291119758773794254871513071816083950780
68405137960464201752503361179965730199478296880945016826486844504912280227703, 39565905467921185987211563822336428646708366811981716590660339475766254229956
10754863449201771559857358131805107213697440845636056200700980316598955307782, 12326007399048024528205775337932313869633477850616514497357609094609002507295
56384435829502129541483475489135394832600466032503013911130300133665314632628, 4556163204756468275283249211584568083186739455684484212309634999864429373178
67563373295890353130232074424456919036271503140363167153509493137740056507782, 29124781225576621935779054304312767036477204726877896940389283827999637356383
47475538832303730337642451877803837399338998888843325582084508594973649599486, 18956058133799903582471899890711008578796178742203456030133461536017791559385
5435676311472033636953742872117701469802342109782268917743402542062867167315, 69078818344749082845536286948883862694994942306867881584520658122510833563144
76107472486873853360573423445398558507627243996104338034975020459978904475515, 21328185653025000170714188189190793477197622823384192357955063051735023370395
16226506706488848869402966481980709524127803763536468932104656191717652493126, 74635686699104638781941030689252400458493177857915260569027341861466635978382
12436585143187713643225703637819117147671863634175262856291353562250180875380, 11954526350037302833967484852565381954463289216492227232807798906090642095865
28672538847285889377451314153114946835930581132519843841883552929899786333340, 35927583711510777173104585914287154860642500543014530872121948087922839100836
75571436390824202128321861071695248470535554458476018497587098972272156693917, 57559002382409030587627553734069709219910438166108181687842680812206509497640
46702866056192084193047880422422599399415550885394083921677604646128300501622, 4370217944316997385089622045968716173354658791341039727578021724652088187797
10054707436435532787623567089955539692512040584854854608662326423378108709023, 28181320540733552408243303251318519163302575120156983969701756920615156765692
28208506292891182098752063134677983779979261027868375161559347287927647652463, 40914176132969841436166741791614359214095634022642328780074548334454939907020
2280403987526089211298027192753633370592270415602081907493729846279255318973, 51842352828059107498228125010168155232227128254605159783530640878517325269550
69826700286057300614459446071763333025318942699202654388903280756255613338214, 19231840496008647505875059435236658909551394256173550017588064609710039611600
14966391121603175867742753640202901041833528264110893309677568310024825130824, 55287129896777229894133630752748375586420010033664163429894743309251696557818
38881876199510780932786928230637740078780690106404496330305930719789389318489, 71558532505331139052338222240935351630273280105413297069101167451177636135275
53421470875762146047041312575956235005529114647932322096897938404948882680, 53606340611012427137716674517516513276019085873636035604820161789455497318846
36463167473082944673186046702862222181053967582391150513209821418914381507144, 73652608404251292325481746866459960920875560838195178644434209416075434268545
56730024246746113191547327541158206025133873947690379430463106157150482139715, 32019949786835847461738648466008629042748638050014859305068126558404567035724
24518177844157257683932601841386756560496690809520896830539561792858901329096, 51070910245070662711016336402941764390404496693240928900894604768985795150968
30111598763856188419601634669405522604191062741423679954844610425637587930295, 11156910495834622224366359845007631340232601149891482522811179372909738209355
34150042825297450952176017208926342259750437831499982511232198034992782926075, 42844353051467169500896299817279383314223427452867875353324481341355479990356
54899621053904483801108303459747145934125395508329628242305284390682434546607, 61112834968449227146554228012978814499917030785536173570438057009095276472300
63615050426738725147714631571444554700110937559493925415514050910141284515252, 73417230841337986973429731988610304036595706773262781470495494392184198533758
41156025943166441015783713209388026891844444209006367176681087898221133454676, 12950940640083715834373560971877953044003815623543281736712730781996459813559
60851959810137676715640387408690503097144841008848983327993802825642479082971, 37789078070845641034788905094124308107292017686605625371974069938686813512079
38605007045727561192166276802693971979441625001292290406318939698564064337350, 22209338064824371513111958402217373849543304678431259327082920290866118635145
9159590215807823968041811713606929350350842594157473501577205522529367354586, 74917717073708285145661602266778145981360211417241086307465406936006255050701
20257159627840516854255857125882787597438120855530964256294264406270817475483, 69498724433777376307729657043933817826654340286362797310517438997045065368432
40328428608263294979841695342308604538227033957484102665850700020337843372868, 12007831072015607183816779145787008878800261207227802044349946159134329381985
8464552409446297675027371066387788959348826458772145810258916087787042632899, 9458462450808883362390619224810480562426165988581323360939522079932701000130
61867565058315638705928786268883780403481706737076028788353961872178136037308, 60080958249282689802832206755426884700761329880071231061537287055549331731904
18663261083822690570633348839207721119567102849913725966899890986190316699793, 35189965273969421476785498279040201424916798131379614417850448615445763751785
19123000808712715680217018341179287611193491855048574089382157306203944249573, 64982580115530139171329667575769599690125063079663142857786162613616035277214
1069517705818215826497635974591505371972562313162625166700913204662554942117, 27697795004763138707352241687683544172938786173482378134391951299004996292675
72920514513786942258829906098851653828894511269889488348537718194650601533399, 30446103922117558873377670943420495030747333442169004062312929217816862851432
33827824865724370422649525115536083316860605217876816479190818544939183264152, 66505871717063823489604304938103313183326973548342776840874121327088770623768
56902284677822697806306070038288963215017451597596123387610478889041471429917, 33002148638142052069821947429078114912992910008826459044287418312251670187981
49222438309068476132032490132577116953693373322304019288075896923299474075039, 67746040941444900010024739220640647337870573245063168476876432597179481799876
25283879634202230347643871282592421403457537880486125516787824680514444412367, 3363452226292160165411471045728827762462591914527863366272436239005248054968
66671600228067838671411436248864712447610672700861561719014191059257709044472, 15211873791556729093761958686979494028029764945896263784831022176273171663746
29150080061964318260136847378102601372136915140753405581015449905847235970586, 40682299419361478083758815267652051780416725732097969826472977214147227417464
66064915841495297703995405687045620740972387626490316481100882810995488608135, 31774116713694721124955175792986566934168172515002908828602946116495032363809
19269125467943873236145239545272140803730462794840321230978861222245308833184, 8322784760787838540812842970138306186430755263464113001657549318569699708664
69073375526167418274390888396932091839337845002069468624093997052626502501022, 11779828450475434765001729942265790584745649507624791025804306331506806819501
25694146478947718968011232314045101020095273691492488260916346379601427642297, 15820982562438161974394102655567508376392829254075037914321301466788041329874
57669085843311749096800607339640863608810512533641352152464403657803546634859, 59800125756950432394224202357668491710410258220017436797561110524712377427934
67284054408566002479336080315836254321437827575586779437738677687950033102729, 25624164865284565960655890269896440912977464608057320361517321059451110322079
67403496117507904615323560972556655638629857485073629438522289438791703684497, 22785937355412928270778673305866914828689184704397358395614432253827354953273
37464751747287327145207344034347489783733781963507166420894605821710945616153, 61291738231043529793350256655222921592852679915437662376948300281221190064423
46207253529057485249034552332591889080732194829172693639957332572366188330602, 45777581903667198098334293349230938612061303462756691366024056324353717568426
63443466342446941042808490169995734448802821985574572374880076423062000499982, 534961865602072160389852704714116735145389072335300257407538657336525555010
25239240780731507685308663911215126092375726922807998823902328795582402214291, 32674816624749243994727086746153232596351048483181560508459641811926821600355
54572898271863685371411811530458897375128354201926812816505850526171611014818, 55025753535989840949985947976422795112687244116550445649259637535409529408094
59209203520984470152115103325912934079575345730057504875791656003367761900980, 37710433317378228768473394362939644769440739966860294160903448892898101652082
38816069947876024617250531482082566397253852827268576523138401457964750254944, 37763466988381266225569233721120391412874141926361779191143143057115884963754
23154301113639284785309904453638480316425586932616694820705209037983403842237, 40588313770036990691285006715257693267142449142949703852652132134287643910107
65231959300827085214577885995469609787631799433184304919813831159801358007712, 24290142823454095913514959875096538717657539917734352270050997279801363973507
42466416838665768063659004185291843203146865308893669069999523432566796887701, 54869697608367604755866442894632100586056195721635253744410802241527518768231
6145022342807892414361182056356786029096948746430749666912672926659771161125, 20586207117206671531756162970446598260139178070227682270306513694264995446649
33588041388935807056551753724134201764498511108014717886616343837794291843210, 22943972378953658913380239020979837028136794778116869608215212461579660993130
48722189903643433165572822524948098427851631952548907419575483270857238382307, 71808987794712033008783492883949388965779766063011802235288098003713788631218
38083221684975859181058593638279059983638793291442072279206718395225315393144, 43153467571552282584343099312498147152339359772835867932887072288402932433064
65562233131073682419812757433014252802040694012749683950149990451683721769200, 30529291129255128292088187941356735762411315564112661566269750294391553855791
2897627833347472726494946894829356859430751692427659672182134114096449737938, 67476325535993925394725594620353783540660039040225351147536251574904365700282
18371546269165139762660922988092784339822453965159767908199451092188484102161, 22878308312061580161054101747151395346699481033090657744140223918814265684476
18693356208819447428985364482328448990307553492806586819081573903607152493765, 2150408857750073876003219116825275077779496815341280702152901119771217973678
35841873604284104551981561792847039781932628335594158440911319960884421242204, 16029154346619078174736580770575719845311540717009825434528545479614993778646
38270143274800906675924546746713038446762334550769494719246584724674534694046, 29097810251315301295710982800599812300370733147032750563740630752152957205857
6490484415036307417760426700066331099981646841817980853007570759423497200833, 64009719769147124008402662260764451863336634731997183494413722513233041077656
60127206369757762711245422460478419301823099146394442861781022367896051479966, 30897813293013250090518267060426708737515441949760795903943114860140575925224
30269864620882840983459218899732203680955815027336569816453807158188751697154, 27198184240846991515374470064264143048682500916866115142835947145305497256557
21097243209151742043241509123181845652007955544481408604949883653126039818374, 16418000826157516032838379247405672407715089416988149852213579347813415710617
7367310262856602463523367698093639109167630336773612377377149834159860750539, 4130638599208430267827694844202720196336398344273904924340312771330408538063
36981010808217177157905972563650023813105815910673890690316009419425539385328, 18860795401487195445623482866289279905376542901574783798839781964869213201660
7647513570461477126708541030021360973067730703370382192002183912579520484689, 20157455744158519366729019683569488498256354073989471130229545569452799167831
8303677265686547961308918700446739019813415592540166571566781374576597130368, 52551161022333478689542359587268222916044071461532598257476177567882650216531
41631970473428113781191485162956738107091623284359133500285659277984367119824, 34217889701358817822053747699646003818848756875975679111446754750142826293262
57974420011981267437196939526034844081057375518688399246613057918767293918729, 24490173742181714381076073862526668173540424774621683578825190313571320913004
54891813501596235352674148718923019090871435768970199300825809784005744245636, 14916505861860365855507842395792616522227279185991825916979961494010897997915
69796371221487864289436166648401840565658233521473704831903316059459793701376, 189095389961866348942992985751540582592639906226215005788803108698324669188
17522093321474846552511497657559380432138022677822556999644271286327974956151, 26926030831952134789466556913029791757104027479722009156933318626188873690573
27147419859063306156510402027408325361606854526612966378394676047950848454624, 14021948325145483378057973487627959844033356927735627533824319531629589016445
52619730904624972756399331670633451739378795375759666537003043127798069323962, 30442503699890389383312631680534982575284724932366080428097737006532168001974
45137205534279523824075701496482005634170347991461415369143529715435131197692, 28236657719478493643635989920914004111396641540592943220338250896591122865032
12218925668228014256975431145761086687146212165434093892668370395166924761360, 50523577777531585937613491365142376028182345116343519890219414557784702621488
61160088318866826464607250575291478248531117389636288008224619913183051948572, 50271293582924924750880485041034970968107316010602278710397198575614853309333
