Elliptic Curve: brainpoolP256r1
Field Prime: 76884956397045344220809746629001649093037950200943055203735601445031516197751
Base Point: (63243729749562333355292243550312970334778175571054726587095381623627144114786, 38218615093753523893122277964030810387585405539772602581557831887485717997975)
Polynomial Degree: 5
Polynomial Coefficients: [46, 59, 58, 58, 35, 14]
Public Key: (59804581170988448354710033242270028274529957433719140141365213032210133166240, 49252743672768706612942418066665399724248763970665539455906454935326191435300)
26749885140244093823000687843425549287727856235120989999823887227188969397377, 11849697237216750765105583037484851223783667008772584906857421443450179695351
19473078555382934230905729129777289334813187735383907721498996539691188257441, 63080971974949706417759932951551445959392282485500932291925084425280386868263
30500948116304881542861356475005631117042487010057269704977301489253254008727, 21091792860616505536241102791868985320025043267730027140925048425574371174185
69221626428151571079469561165957715030365201387199748003018087787806817175303, 17117822707545560220458492949332239067207505743150144320949803846228469299740
69633909248446963853006313416456112056310483832458049169188633602882092989240, 37919134585372744420650009613516510730150444552546542030342466069844324293198
15783266478820173566027208015414005757758100249366905069219005395996296388284, 47010997905179918184688295005154910800473377492012822296010840741777279701645
10385669136897986770019893479077283545268542333810490197523944962995658370942, 28240729258715013265239745543234773950778731918957554686314721054033976779257
69400738877162760046591742792295343177168362918873877060912104095728592298792, 13098742558062143513852758482489475431058592744174011259950407421941763411580
19587294750253640140525660671828974717188818328491568417876525512425456505952, 67045044411894901855279132197531940043761854858047531783584944676724972179758
64019927052989950113394450754708134929396306161787938746170360137869771793098, 74873434465238026617803161512455969931137621332100066829980553038311907580125
31738539511543671165044491514738710136022436521850583399256393437276730822252, 2120924283180891004354150825121752587491454356833039507682464621083194747256
45689796839851232890548811900987154765943764966554692659229857657857893045843, 71567461585041804933788828517187386218900611827737704177000242543316511595846
34215463073206571345377697312641666393134186378690515381905489066657358129295, 30008804327037530223557826810147243373564546357399373537639051858704204218662
35926150467422097130125856561037225357697339913377974466713811137160484924109, 51427316556364736506280377172980274097911190765791825440502459004269994434940
67272701531935097874135986192221028970630957647515682091856907084091099705141, 65154344436136865483749702795956534829583207728227396122072237287126268770858
47334169609366170980137234989901217199089732037738115489326831386504178600834, 25921927678679000986908728780328399394268402779651063989271549817213066129799
40035341211930196767640640741060941670656771964987875146233575491041050951338, 73063345505977743047210543757167736237250705434869686404439541551411765138831
35428159148183160749024693917119434058047375603030299047789902137777104056878, 57508386093464776985492911760035764280850892631412825034161756104571769511824
34690220938800028375328509121743483068054656924856681685068717148906533745669, 27286018865965112822834599847104887279500620332054924795870403690028192659982
30902979955445989978485337299412859573271658519633995176659763525487446548669, 59001773629973950953124783294870386364592604748026251322374310477033884329780
6037189707729926616575327190299873279915155659106458755968241334625676774854, 17089652458784226571988933659216230387548082585197596114638459548574255790166
61261691118220308218260296096684553220230737890840917180592801234563209457290, 62939461833048572427703410705314806745074131231976488148978108439681355922680
12647855385470582493050713880195418580802864034617251810929374659117414114294, 4042408286479820186671850636318605416541992372330389190513117000930181131890
70876688399646742996026107569169145408904169748139726490689296197726293610498, 8887759154650270902828409283639372489936144240161969581723355972411542853082
33107249153946312508890092490536265528793658830641489568577917777534227662701, 46939780954388793491360112730940579503633860933397083317044382131458070510249
50029966480636603178984588185241543378545118912002616810891877757081842102531, 51218665144899218413307009769524106330997590389686313160837245588550878681549
2068898051856019367107466800527159771416826237960052089577052593201452686531, 17530675261154375225080952128584791542351490465326333379545719228939504146534
60757706558396271786071297092744231607804914055718422081934456521848288570392, 63875114679066607649696393799934900244992822129628833855372328005244315971211
20291236971118705132583688132638094447516343231494262650680247166515313418583, 76872734006838934465289823452726948937806935982177232143987166141007146635183
7435552835205002002486092337050308980845059109150694781233571535856023520616, 47254496958353600301413573254142726892302164078818118277438986161372518499677
63680816573036843363780442672967947925478624476353208297650702614731284059051, 72674518245050209325300927790726015981215503688106171329455601462158565231229
44876711721675768382659240608040123993953734905787003068233235611807650336551, 57255558155394782316566692547301192189509909966213688283865352449226383802155
72092611717636845210418607707534219941770833562729161090067988744366587018658, 8646248349710839648261046840495000123955699019946052720941990545047805838952
13041452740206963175189884319074235470425006652518895990195891216768152051268, 11001214984152203736395393096035095073694414468857967487871050263772232112595
50440974320203782224522231663758026633291629965952558381510852345592899993946, 25755210930264945768876244296948886325272445210394226876253214522234195511894
60580187142496910914771792161880501969361821591676308936130993539213247510184, 68252889509622795753670753126785918284842496646663245773511282391917250808257
76318044482642678556032955345974216568842982806772346359605176269801586809695, 68713443932893352413036971719497599283025582714704902102877140379236334224052
43450900664946171110648843468848692458470338691169204348769206420760362632085, 46881107570714557052888366185857937220711611930576920013608239727730362370823
37473826857313622325141815021025177849115701480826546966013314713053365286502, 50988157645831755787184502926021963866539215003190065307555105600148023994963
23230818680905035882521504101326516898535534726642882034089868023722010498276, 52679386990253139253947414119411114645038579256837605941463633438127162838297
28990154934959391433251561239971242903516392196716453608913276667931908139137, 31530263624207124886473192783511849014270066428595753090678287517805179348839
32138070166743473914740028186091543253889510473676386568524228520965032111053, 9437077523262146493053370811391520679351481056428735421427153088546108438233
73011787741271537903615317023440985898190973402324970881089632845340306487070, 71014479263742289444986418577937599347812078549755562905579707002686701894595
60346145743399336658213398523134755395744395322951079582237985043555933781872, 36682421899366504448694841271792565768893138340056292528530107496555741700625
56859847698340216466949932249026812786282094239974304470821934163263374689889, 24491555253630141769139035259613324556155756636421620003906460000560987030678
42790222746471617218064036994918489641996717843400633469276103377977406664322, 67505389471821822845008927452351361933251269787229932594455977919851464169640
59306874559709884504340472212490281803620061849999799185894171055496418503973, 6596012201455918531780428353024491691857237821222044423523040113969738788095
27634459097268516639903207487656818422856540000625860107182732126397288838692, 35162763379846442546768556303296707214866690851280951343188228055025327935881
23194529406666998625232728587758757610298739140382512258208892429047026152406, 63105803073651017128757516813672195435936291476648744305005424497730939753625
1799058937551395412904107003034814340172057792695079121305525165922921593761, 29234972995099000421921260179959437483701891205843290536237199768491587384689
59288001420175674590947446383495048429054545872688246387817365756381650819666, 74570819972471856647296464528293856513219850733713263484974611639899267262776
5323737471690907154691730114937445406298715924881040579522283337939223383295, 34906156893679619716095967429364102474135049523275760118843464257709455161388
17308228516980152526956475254620863858864073259224133648850421686954536047474, 48334560076563301349321071913746459198758502002587152529542687588632111271578
27995130793904387799262959060396937886867654612581847550640876155992599596355, 11282413608366717115499239700789466407012492281428752184845023134740993445510
34833510975851928361356085270901591370565611980524978664859764801512680541861, 64663497061729083746041228365105296974817289721017572326957008301079918997794
21154289686566465395782538033901419817802726051098363644123574069199427399310, 24457656051347756316444362908831004967610097678056145837098369155276336204800
3444169646923330367662733428670445316851917360761934666724992671332409629574, 10293295925494510383981365153844314217672414791159884268759056677803946364905
19809177613729133298807644969570696333170864894598894218821897365434208401295, 36401643123326008737974979136446610169136821284382313290529065797269076815753
61777288069917204399132862600315614448225648824783327252822068267715742800730, 6241757335073801300498990350125776185144707910505377313751451881358506318986
44982444109309418617864297301399875773349320793134129327394543610387107509642, 10465290049384537714448733508580211646065526896748597965944574397253747741784
20676865728842763010455157799826132541033991341252644596759666712700408453531, 10880579892219161971341675095723084324478424620400105711931606145050826588506
53308687988049654793864518119949852792282441122557837984959964467150774842274, 75903019365635968836697031277789928255740070896430123499748139056834676292479
2223103910731575771715667293408210339001601667230303157308566159837965750711, 55114855211695800593556016040643071231451988682180067633446000404895259554227
58038398610978952533222852451251743529625641693724435740834989674295150008986, 60248825622292510190709170375989754150859274795506030823879003341165764900020
26220879722810174040141667714627433391242680593238778915241974135896076184357, 30051970697438937075567050626615415399103706462893109473416763104216084077438
60953743019522449612791926458972584068986185914765092048783206905004782549273, 48980611495221562099405952040881187738922656467582860789192466006913756877720
2366973035898351707719517024610890485313945053102047534522123494890091473809, 31560962907467449118046208519692855554998630609915489161309764255197479952291
8875236290403287996565865878519990108909413063500862321053111181240464416478, 40902154306870931177182791000526169550492807607533332651119003770316591377256
58508391609195033661093132065602596215107098878791929365096172022283387843041, 36087625882488875055299374194818590187241541500288028985308773615981927198801
62827005302278937244172383071886653425680630107259461409674164980463753859677, 58521945700146648902956110997284767868442188863594536482899854631229760802026
25875241798011420357540110970022604427675072777590344496413510270938149800537, 21135861193651669505164981219427685256784252188157561984954144775432415278211
76267511032500696933679354017861253645179461542056290733547418823740859529465, 14501462280742376682802584831967046919669747622615825330535067101067585259593
70126721799800871247930445320331591910126406989412399636310385691024461291711, 32122547045326927373836739654786423829320504844482231399485909270976527899840
33205631328930692249460086238136932838262068422922570188609744083884584521238, 4963529525807170986202687445685982329539347728301184013114696587530769770221
51953704406984370922864373387832683655500172668704692177404065806242935168839, 10832851753023182368337368278447370605375353068578929771013484772291980198969
11794707632780246450737721546851313527993435139769131832630236063393028444833, 75250442043029662707457675623222753564309354109306298653371854016740056841951
65291406564047801969447654211561103346437317343828769922769716576418773139782, 42341062486936083670426582229966485097050195844240699342001355921817032458222
70400158238893635507670102822006168376449067094363893364735388950861642608009, 16188893279175278245962737023289828513359408792035618848457761492317487084541
58487604619986010580946983883823928900727713607699829926404379223107282382802, 750412196451813726495204180416900534091637501007709335179515008245776070988
53961739232606523975134291220620214579066476506771272850565366842403224769669, 25683069353573349523372237386365949074873554742923828003725541382372787454428
2910656908455916040407314642658849645801343471867727513206904595524074798941, 73401575273646127693808379114203733345882853971779321015661802520730688031994
51431510357140669063376854907416988611609447160389027948262001181888433056162, 34004292760021219337981144630417787611894450433684729661739146910689436047958
51605029596938717322673669679132969107972141065180621632758359218018614257226, 47418954631284762609228572313209460233095878553040291584589490195578892654469
18294992911790681749965517377841317742604766585802572660722534531915261714478, 16509917600037450078911173443298100706447778794672202000571585766948554955447
32432056129273038271458782698538906818604711059223061157207473616185119766799, 45206360856827296044732781445000394314200563306412914883031201104234150789893
14291040219152486132990040242051652706168877096163216471665723780989705686245, 13960451498703127283005688035505510410846425784013609904744631913306371680616
507916939934741946101283686601027490451383756420075725297259045420854447602, 24466692022249375010754037081588709006524333433046999832906738359269514569541
8630373472226988005017038286994314625323528162423755448918531527299751260826, 65346264043534925199685650734440709844455747361255401824483278111581238817061
12275186494190206108634157704951729791704076010765939851513343211999852053216, 55709642165248925054702139553358234345396186215109907528656256493936178782216
66201300341956629250144016470027097010310116502619613444783002257202874028657, 5428236739483278462723857478268045674348156799701976554925494924760087056496
26738926431064275113514563034123469670220716174491811616960569920597746500848, 41770928957955049183559434089795946993105552212481734211983796866610775658426
59187221046236278505317346943514031624106392058864108664353113678690352259246, 68174725437675118309321336407680666179149047374402979219706420116947953258898
71939030893335015891173481343860100401948426046618251474716686431746141121817, 62832047402738085673223480061124273699413935174972365529898236418786319576536
8949164115170516085225393311474799278222691717368275304107057176170377782006, 7254168506962143969027914523861547044383869954646290303564894513238460446015
1637899893456033075200460420928371775808848616358012398557951635433138901810, 8432070024879770750983468750882337522726667066351676494156321991899997520943
25610557434107213195060333199266847243603069664235944056084488867724519080701, 55028582723643757654873865265069715826071653791069168626050618049479850418688
51545724396015639765166765228359362772557738794970132763204728412320535667358, 60676549029968085414653665981086155723061471676391092107719883936042299789725
7745169176806804369428140548408975769760721515463382131475450471100382904743, 12585624638673023141148679307899114703236017646756301751253637987951508793003
53236124120818164032716389018671486261079726219624557438959007203697214863075, 39506903329588947149829626557770163547277302714332554967367951173762609082979
6198480773676148490609769330529617299874774643756545903628019278513716371269, 45031431988483598554718614866310028932629810325461051048633968555159211250555
21182978838564356852867141796722542061955828965998221778539435441131044139116, 15903161621056451078258004339029317656369933782437299569741136980622997244723
56577076346455561478423040831495368972564310145004943069704543163951125557667, 12920816304748621131118141374536085874903742024395014554204573020584426293883
64655496454613833723688103408365316095902120179336279429901287292602277541906, 72893151720243052836766567849990935933352000124369526933418479664366417720761
25370489543932257221662720836109645235635055782746335761829273102646950564536, 51667419673779955308529527967517947647357710388095573089544718896081865681159
40963262056613328330988029676176522731536388617328848147734201068932491510321, 14570730578916156839083943274355440430667091365464468887803752079532888856515
40712969414610016205047180185709637125823175383600242462609888422613054025891, 73799849634040654003593778286434083559917166733663902338391370866365011041288
41439089260505946457410442800414606637754936382609968409392867752082775047297, 27394333423201726952597027413549180964627518640178456908202065067026468152558
5586445746640770490407927473099266313090045644424879611943832271097417094292, 29109700242709427997254206644925740769682687777626466917359275093367786092900
11960180911501188890956831516582072835670049651321371585517645514023737182777, 2551120414581956906049432945266865998183302905887544211889993588487975731648
6251311497066936358634435623113982458738778415742988060785890871736497550284, 30146818372194705375941399434030113796201717636212327602734766823470007831634
40260201436452464518918897449405914385677448394883255199010413280997836604958, 42134230144385955093276622448818320384969621552251673954782813420068553101235
52261454718330220578513031375295136734884510368671308946102455877898055436496, 40355337993623855301428446833044596196723726743529549101347922809738089744481
69035482451227895002144518178194344846945930151521314931699490464362328881390, 27396834085901518916455164971873445236831346658256365407103881108593041390940
17108538549262812327092729041768671609069948131756847850671070845953542430304, 50139975566499200791618303255519677563243729145314997671744769772198368703958
32351978016921130745683608122151469753490331436406936436994795398187295809673, 23221906711734776681087910966922139443785505570125328425311148272015647467611
35176348013060809407623950061432538742204817583503950007047426597393952389367, 15170775606102822085980146645693714565960296695988796428640662906266409232491
62519504751814147416339120182761598969241957684336424859900460639386650649549, 68596969431301125073207589713523833562154744574125766263461319024385651673271
43014012536795003688396943223225589504305804535233890594897196348932734257351, 33710216713833855100884408259426005125008207991491723292370468798018931885824
15552033758240458423272278547139636302904861355315220202819846079216331285172, 75461696011789868573726008903434853685602867578048988708774348987089954887738
23972534331560538695348623538878810089602289822004900743159860439776269010692, 52521017160806836234284853722271453251042821428731980686826409664065402816363
8681355681965515924012398524929783924970974671546882754090168069987175691058, 28962291207574694979158908454629191118865957849624692312944540831786586881631
57838394256089734925195975703994685418554530912166994601073151782178275186604, 40192751764653654571939566325787104481884894571972164663381863673032677690273
34762208175549374591371471483074708453610858512997700566583651366472429019802, 12238240853445375500776940312342665676995642280435508054907516700137755951191
12667945543838103106195717579781768385343440395899709607950015798258161894291, 32809047245917056089945304868181197332613522864330664326048430212120277060870
76451681930419447598149233027688487833324874104689601944026502314069474065290, 4283175504848316994228659421021019112253552076572011162964402584189294548523
56163585122576346151713682078869965056311447643845214560441947359351748319061, 11261814267124626060883298537145246892981180402977542443598343207285392703858
23931236361959767849844596132539038940069317522789413256638081626765459401599, 51470958697541464072455583212681315465277965644155266151422825488746705583295
20698039788723927558529964334602643190643741044763474595915157623256715812515, 45959825107731209147358479900925050018138453364557195878284937112960688035117
23096470603215197205961780206942349402413912183650578320631348479416901690165, 21666685170569771441387907589894048631859510989248714749643010064420434054657
72570111603272371095689699370054478890170045155193880458539118275694034051466, 48092627750254114864579356921623135458719822116796918578458188826961419524188
34120752529296477823089347410142717046631445101929806466631327156778246862687, 45843854640078906881113867388969281420164511469430914292005592679303651140034
63619239835976276041601859098122483725095273162598387620277857212035720545495, 19516926372078671434260590789017496249440607180658460654889491094882391418807
48390303283868637636436015395069071884504298047933694920058981884796380374914, 58550293303396131454970232475036468023382541368914056686243088763780190891571
40413426171178641232541277557343828912843508818184981697894959231698716116062, 30285131546621827875590865282225649931191494115491668964624613832274757313645
15326933043447686965320876062038720523746251894177450197663997100683202058559, 46419381106119775131027151213887614704201259805245563340739381744715703894722
17215842571843712553755641468161568296468326245451640719218458663893449768375, 55670775993011577355465142792784113097120200395406118141317556538203690423809
58673722352014949635913032421254703704273991472050863494036793830236860971614, 9121737303583024957018388049352697878025166477796359791463383856829132822670
45704575074913575269373274559808545915449817826824498477613270295555911110371, 10140572757535554920141057935608366917086475495491810768244909527486599775315
65092175705605189218592761315331909642909498753341831737928188990546014309809, 72107377777121590732007441826496690534301250326687427205347372938210007202493
69446972928913681666284511743408238581305653110010368918510797074216657829275, 63522954134443537318566980281693453773770048425129256903307956098771577974503
32276820838341330540828833803970926051091248384501273225576837033436818181469, 15493289716379849989212520149316568839967622176822592656866029821706044018168
42454461746680851849420417993070202225406163423361886515383743129402142751983, 11659432698804459001069387856439411140160320620939043043587836312012396843262
10217598262274001991200227064605843520815510868594249430281791037718477677095, 41496176759264381851888103896636720460672651431426831445661406270433028418247
55911808210412281395550454983579897518804803106565344307799789263403316204775, 52171684609009558256993788607469097277088975025796368312849557807464546880113
60097469279285780461767371687962573053938286605181802967003860221640268127479, 49341717871212546292861044438302132737547146654799602736752464286358836456665
66847531458947556026036500765459575296348224975396344644541257678556261800692, 65829604080349996431471147068319425710602333242990758354513245759095718165377
40456928100411174878482629376260757102966827913404922853450956590990084738075, 22520501809587638607041088006677946728695592432060932196800129100710978995895
53231686384577650977133313042240005374976865959463483297872586642521003860023, 50687535831333020856933648460651753557970375558256358062205821837563333533409
12314741486524990473083238219410497268098713618935814631982638658789793348040, 76836981695725551268214320011175148277653047355100615907002233053026951599497
46591694297575527738928140648626547106029299227543353145190177395518140575883, 64407942449096866047345208350279051853262867857006170730656437351430605802806
22281545487074066194583511909590428121232371036829341945837738432061965835153, 31767851641492148638950056317981616227649910390503421716954699852636458807672
58724242679370655276588383073496899138986248979652509048856944555917341365476, 14115367021653731265460653964291267465703698399986043607282604649592959383745
19036618023265244489776479195536004891771998659701498974440789001495643383298, 62574082532986982307533895178001607067426655440528543242441706189152830707290
44187821060047524768995573904484015425021612889476655974613179922347666186588, 48818280533648250927224451382284239952552195838614236386517858024089815218685
60969241485758833437293443832570632454393859533745020595381910576569063261584, 28018069301794449348674736590427488322340967446709602195716024527397639056523
21418716874736323179643147955852834893910948537113614451478387719306889755729, 46670890691863893702124266926441802347554199030413545793673267758502255552547
30639047199982762130108056378052216564197184917990137749985506666882601750474, 30472190097613000188046968973381003357171334206283860128070380656082080867164
21917238744925149112836796609438877731675032306581460268060496100174326312128, 40073163173421960385189686259680162800873567537726759662444753074052631907130
22686288807328229753469206155112777987556384468334112403633579625948621209317, 36517999410294452754325390803510967178957219715892690412145033405409737927770
31290868070047774401779718214574647120308411698657726952412783631713095318345, 8834871965598429860606291349109256033502743325879508307452622358154432925593
23362764088977707979753935424942439223585576301489571773805865909100502559837, 55529550058768923135406556381570428004329856528187016851644126721834963504444
19708588388502212925691944150482491331223942801861751458773374631877080284547, 43796497910191942949698881845373410598367815226646179092645297123622348878893
62049640318719290150417892074693945896611881551801421722903811343939964487760, 52698012555753415123686021250449068548495705668145371419065668466147923677775
10109944904254857050166856930379435037189809196366640223883097286875163665114, 52888312076931678382470575453488071934490886895679334763513895788533013860932
40205613733380632640136971241068113681112400483838698608196362156052996690304, 41543886948388234315803263435824149879527085438094075476159543902087100966418
57097615776229220487175789557060519838500725823759997424842863902650756288463, 75145592293197587249402382112608789605348158068197859374847219120303340105989
2349797984425180760157847349953258876071840944569130592156182879418218916137, 52508284617456287350534590179483814990103863577596358198338307782338358835996
40554545150720029222434198247299432701312400259185641085761090309340486806381, 35366643716552969566492914452876984033495758930425383626428929130280753607164
14130628745068230055697979415040256914053807984395019906950028132079697768544, 12519350082335212419849648742858987999382723722599976967269296442545604539613
47743234532221556147246886216545827881648757671622770998539040359273393332313, 28125866643622302209560442627950484484751923869856624787028764724004725496102
57585054795364333816711701662238662760982695506095415039058759899133931154583, 27929567557829160575269278113429366054705359412678399674951740906994681900895
52255609516385872397870297314189292265617211891567676300084766211197748516495, 6517769367672738924097759141137702338422067132295562752979747442662737912594
6664880777815938630232892079091021731205931167925532546853121225364527644516, 25091448142056357603540130115192658689042237679923760108034812489187429923273
1323499579955936279628648548325787821092044179658326289697011901705690310625, 32880012427159204350373061310998676820369756219179820449764394296040700003041
30391673817250440337305436502203472108940783061620029170585767274044773354301, 66979883955940654658751738296638974173561163202802204288698652633868584206077
12462103031515669288247346879120722608132791566754235864551899007326749131545, 61164640275802167714453460329551677224811162372187042588767247110816303127171
19265895539946714792615105074067080621599976402416900796038613157212461479247, 5791085737000596646702615491228285347289935159551406749516773996163528059197
69335945100332693238091353608516843705420028010214718513376319761810210231810, 59178224765852087805331182545049451696337339025609915184456793078431000504797
22031681373470074473773752369250303465768572750980087344851167325663876344087, 70174989704418394146241676837569416639657290387796731557606392301150920752583
25494836386951823182068285409770920516785765272637453405570291948516010267213, 65619986979511459677822255132728007546639692240704609840445853806318635923879
50087562529610945946365857226041953611468854261403431799645097358153456246236, 13092863661232687013736524397612111642375401044115761659927677594371319892998
44954186380556161251746754723896613336481897938974253989333019239764553526310, 24641083587276588282675239686009724598155335639825753454822655263325010560925
12177751562979304475215365199287474688772376383924039140011273556896506745506, 35272037509250064070723504323205227223015069984298706671290275735949424379749
74709671738619330712521664650348290792004071967200396901803081945786037788692, 10035907974634817588228824815794217912900801762832114093338259348120048463374
43665583100743631794770424804623972863185358397947202997717995865688460410663, 186179105562679693078443067748565005421405100571635145620664445165316339293
23501560287276488200538160920576452434062113875873549354467894610283616920372, 50161217160070892101575138884119059458897037277776005781714251026315146465845
47947032564277627150590497279042473857519016147342136067365639771975059569169, 37399415997950649533566807988631650899315099426605456992111504497101108745824
37430915041468741603142794971902744589704530995870738017102072109105659043679, 23250441047157473882708588838621575592980387932399618018634457409755104488480
74707377528022773357225775913203955697423518917909717290020266886901128921009, 18812077616787699493794754418004953057349113824438861534901873602403405526597
37335030171061014152239825204536916087480766918641645823815651357950294258413, 26213488930694267742721726108672647480764207933641054522358381388597984719826
73426603753255748765790158924533680154825113617534753154178401774981396755390, 54729892277642348904963465517934684327574313612920314874863268579438346565585
56128526837952255569739497182987783742375714777404767530437125262435273150889, 1366092832595105659009274447187162442826794875685893966403624542523047306776
40016440078444703901218342824269729096279682472205878852457118761744909033673, 65924589425600635217510523164720647586623916994426403668259744383063740148828
28296415017185033823724226253267005970156935297337030136121547371633037605258, 63005470859223416440266915026022598688689701368293411287443100107180309292885
67094600757924430563947171876458756609808141757794745793744537331999289417579, 2302424460293511639419759366577846220890557376167288697974051310715786997308
27926227102057050255417833627041977440841884559672527547858569558997066320214, 32390323028535886296624646012693206968857585212077766040827464980230751535132
17544792256965936488915856957577087328130615993136184966833869149115364347074, 35144998959244939850926853540915439530181687195909267442391470685687920795042
37982146979095730647545324845233959545093820442156449302815465845951853436236, 4310311248877877220540715129260254406152962639928532927540393731509310880858
11966625482161170982366916901958425668676215008278711450268024920487521940635, 19384670830922520234677385192127509406994729241522969917565838966784943423751
61276210334930611428675252003392367693164667559988946322426822059195575778358, 15261877296002993868816839642739432507137256990959138316808185360005798778567
19601078247310910437619633840952249310365348206022755620715038700634409882481, 71821154747555573372533517230627470023438183445799000693403227227177959010070
33994735999720777181269615061990487807142223350439734702840753880465953654423, 39442443266753864649572272817180024802714159737318361284814627258945894757011
55710625742997323094324183406496941962755152069486419626595659473320199831446, 34565332744179490926783918277419875422627096109767621443117303859769256558376
42200264608034797149398900955207981040196157898479413243577362909140036604572, 56641792819340000849786127317546094959189334657834484992027648592590846285814
19088049982572118811168912284041257906666768301411969431764192088832697085644, 38634328005545261126874628072863211770455066403362919445802467838409141123621
14719189005444136847767203991796478456238827930178541190966563050011438436501, 1627648536885049219182232534281627639810865823204873608729794945493225219285
7086849601477957507299975061948606932817711078765733739070494540871150395812, 62488808373981556667309873476300283040200342001090676142278457208010499445510
11206152026853587516951292910242302378958124801990767646278086792224630486217, 42145030850948472269442187476954120245978620783765219288935075854147103031598
61365240835514661617255312678972152655182760097294838966319589945798553195006, 44664470203166173243665998545788941273122289553034600733259977165259235236301
74724536900938439749654813181905471697864814962738991357164611628721304505698, 3520162972328934862081983925780629857358983540649495741840550189125870867879
25280916252542416983258598440618078790869339765627896628150407416860297563038, 64409656484265387898995796651896643815969790197986194506803314962828030445217
27494178330534428701758038486337986194997063651587421153305907249254327834939, 15588009299944961534707226986846633879978344993286268328488204245333605943556
70829793822254563718354329152134144275581899008310110949999701748106954995354, 34159292044702173068757902560045105277565311645352583833967225817246295112219
38976657174689152429063693156410454942829718779643790990571796647217766871255, 15551895988754684710287545720869716995490861117062240502669175908451805701519
11673752242493187499633423165627510411539056329934851632573321116537937181075, 580414914446761846997593133718586162142859092518169627561687835737738122239
68825880129763873839776667346525329552871707698008068021163796902563949585699, 46387071939107996227931290084707588416347329876339225653667429598537725560406
3950702602366683750820867137134576030866445994035579541567499686688070910496, 62275043008991442224552495104014466599854659474153908757637489410203243859098
12138278462175673859770887792203139334919050417470912575103231606958329448319, 67422714196425329398820530790877957167801093724375818777991160763612305136803
32331301766305511885303608029019984271412778926328354970471298414568868656796, 54176684986029739941010042092639782792869350040464905940020775470320036387891
34765233439117551638396285405945531628672800660225698727807841107670958071201, 21349811165620599304766470426651149154272395714046204669599331644975612673905
54432652147944022715210846443315400979489656596035042882837994420665813727759, 65434159877317619353429252225318744701445164043788007865124728384520292501626
49056563183838423389420947772083326939864918041802082906962466797832415258073, 3687443789298126064029086807207147264570908356832938574529909018164405567358
49447562008605251348720526699643150146020142415494278682132821871273393657733, 24735200169884895964729179159716759121477063007417806459980765206696321648302
62116520754983695568709780895668671957659536208363152142516914776854190667428, 20235063979142480849407420323372098670245339364868946457097526257243602071178
1877683717032098224408746408847144870070382142742798889309255958799079271917, 12146520454462630798048527117060742092439450744531551525922376303141841928751
22937680924415215866917220930976671652370565753331750982776748983270526006402, 65562246296241187922964878948909969627989763980417780554684063262426142202091
8339454963118143579811950289504281944389872567819297872605827609487845003022, 30329923409919061357504064295834930363928908190437961927842287368481286907736
57286950176531493466361917147607091579175761333568860884550591034006213451590, 50878139600453854733661631408554456198296999912659001364770968580587675858594
74685483104865305874134504724664214976495250906156362537109624796030653612225, 61681370875482648737973575666017267844330330306177017596590972644475392766502
603683646613410075103244468153500958694589033898143201969719381051954958407, 4260680384878718765850301142255261616509557113458215711138054964257704854623
61019957951740444030719292294648346927346463565310147867827660832966147178699, 3124998863215554454219561383420878290576349658976832067349685079480561927218
37777873281000762023027670784298466388451027201640838795044027804260728288201, 43830555538079664492102235247136034329514698025370261267310638651728188600104
56151654723019776868104531406221151552912776615957929425722764499700278500892, 59967715036569031061256967926367606463898276630470167111655270246318461203625
50827134987332365556914596155134588610520633006915769780247215756307966007592, 71103019264403206488021009278800467547964216005871245345123287269781356875254
59531458696812556178902003403138097098352820299562275016282288692118795874381, 15563779093549594349679345127665950017998190055406468230381730964368673454401
60740336233257540551383320153927022697585317704224006323307774868004993072146, 69203615810484526257957387146037300253266099752154671571199270706296860600620
56423705745498364719439595779397030283079409627032914463024864773580934323271, 26833702999706794404801697579175447936419205258818844028358274952456575058408
25781438791450999542958723091224835643379860066093702179589945468960321043318, 31909687227167933726092859394574888663450367273294597372519376140792304593470
75815709663265961526025926462282800358233898224263995052888160485503033642267, 12426228320614361763508748958922776169303167106823778880666347690954852262256
33700639167609591050597986841278276548589847315026329513295515353567096410396, 53799135420818498056142461563485250431726564394048433382689509791185565508081
55356859249241796723342572984367855249745384074805832111075184561997496624999, 65747083319950661845332692971677288736610543377470031250706652826672605534882
3166453064872267196464800731380078218271059986459680294873071306677894383445, 51282171822204567071792434019080620939455364834454540224473563681474250209791
72734349217371352181876608593891204482608365346488881904900646072173232454010, 51967351072273002786228373617685708933506770821586501746900905925165377567925
1480614685987136837601767415780995992284980641784721397359558269106147852545, 75686242491798044196874967015553977576539666912135212173571396570444733870956
52487049613195899516608974469212529629928194877855287094123504470642161376148, 32078602136096114627368511454132092962355875100578078201364718645540512843555
5079011840527487875702010971039234201412751820455686506951707171014650194915, 28564426503368727998097034551271798228359876672457963330811514847784272732791
64316047485395452986365142633611693849048127274474609229359247986915794092560, 3693341142282863758454867944252267691540594971809587973384360492743592083990
17447573288865073321416728686838859018974636379330753752705356716854764881937, 16179226201693189363687960222547787735799643679842045813211058069559477068523
35390947213631048070062725403920661725408029204367837320023094136039966613196, 31889712632892527129857220691597377080199713165604673261944769154104972484614
32885770171714695897676020967981876381704638797495668418362413328393694020828, 13525124504812223428261701721901111409957232988049701206081141282308749239082
8042310480290007990297174270784622041951865554037619013918765346277677260386, 32744386065315460609118395949893260006190851661149717626975476152887760575411
67880016283974995676966831373768528519347055362728508520120873957805907823263, 66384602921328332959005854667409549612164755300519292214926673349180334571956
47370281861939944861328319443031434340690556837123009224719827325964721253464, 67328716367496861073908379876054659179992402877845902307100163218848645009929
42090293505199246297183105892361939947527953324631287460785542012103568219078, 55615788509973765270737980135063775967011834604936054700607780103962075255209
75616363499986292577951549623543040313506648850571182552906993041143797922644, 33201791590533609486135482148180672455432409512548551543585643594592482197056
25508657991379388869478275525213365988418867086708525998336973729028743148549, 15140942124280618797138869251150468875564829030104612791110336952645458891339
34943964115277517641728500043370067342190114636646738270532082920475662028599, 62304385716430904392020923534695884432110295987312025972222968745051990169321
22839076177997318096412471898991568422576866496592018513653662528730677250894, 67318101630351597791589095050621796049436851325359696211175547623123362113429
67386617747034865618186939572751182546301323540998328806413387333689864051201, 1875610528237096548397610808833156980769859295235557947636444264466444380365
28197423437545272315059146587752553825942488908391352763245937241241152611321, 36619626893686848881322982186150067538993241100748315397150764940687040847051
12585433955569060994587996036181554720460357838501302958969905323697725503165, 25540413075457318454332037180958805380034152521022237323039949924443193633234
17761291310848612644620448934514360333990910049041397967245809111371826934272, 64206455073263455491865855756614569601072833536016393142400152912510522419490
45808680780841746030580870557648826777834401385666152529912484939437256335518, 17026046742088755820408783392934644816514307147632127428762269659135200417298
21754891782567018069031851854583413502234306852624547682639515311288230095912, 60654259511683427028109596241338601015755115507146229795342418159685429961164
30805617652568847510282690841921258893250673618883447672201659069413942522508, 54729602351980203257414244405170044072514787362926710337847025224770751734592
50681616571239054212482817869716602874632667483480837221622353207255325608414, 20051568907194203885625035642890476170797691364954927638712762207011756154219
33474415555209014173061671769683218660676591885539537249789607176999761911644, 41295007181119556179477226259902693790623335931137427766152775640828702755356
62296457418085937485905154620694950399612928609989657939152072511916660378413, 17585049663965534384118073094667565918925999022659850562004229178742872584083
16479026822540328303711953235178197616931316190180584594119980296153181984008, 55587218873652657389868267443714132351559582270662959455944060488309548775552
46205810950137997316288584909062025693450229944296655059930818257808059532999, 43288900894928657600322547858934494342937804865594270734787149242508696226886
75090879928910028076354992902627858500674205442092022024269263535438414694241, 33951418648765285974342296815332504379486494898674169235110672532452255285377
19828899369618890404951836177572727296543814687267800326492732897274423333879, 210016975049557649323323342767207559968603086223346832225989777392138634989
47526354827243452485829105690292008628989180213822277267298666228490364561375, 44915710321726048821087256505620340166681319107986343346621972694965740742885
11940110815720230670944642062789891055173752568188733116386761652839189628348, 12201417793562607553036955502397118493745935306984241241053043322325405336432
74391442170833286724076614721887346956568446681001219685640611070756721966957, 1990423762495572592649213465853766505953504061567462355295349276274546541248
8233612785751483594838953734380885673676656006454127385348557166609490715821, 56097198568409738208896592091897608266653158543671319275300740825638007674812
56329509054541475458893299671960962214284735496976030021420833806415035680947, 1045379568792496266273773576252503528618200119552061492120489798903932075578
67348996378650470679343924621456315971189820952786024522992197937631803373838, 58955703916148459719589008184709249265300000296707681349798353526751086666667
46209612314065595229660457887519373848641124766515815388869469215591029025460, 25987718346707968450037067979037448077152252859716573016282400152229666849195
17308934051513520435690293617196270801269270443435401878161794554329586325364, 10592116052668793217285784904156458259085562047847216441374978965445509811780
66554688313173419977620357382517738932058072086285903994596109601652075605022, 31444036928712757923532691741663051171126689520838118035614736762130496940855
16491853692204283900227972006049907272452848671661648511664678603059802840953, 10721533652734896619365202441268257709603453226043293264571406764421407297054
48485142543363677427784102053023262280714814440911353883648372591368295513206, 37792056919063657018855278549942748629796548027327025391902922813295551305471
804332057306204000292878508658380277897765751486769671290758721166236802610, 39640977153357544212800981408815709044206947790210571118560902583881224189456
36191786833754038641541700761773963937394013264183291823642025928782194995218, 62619072847112501972531205853847092412289778350526095400514016679745218547733
48167058341030388378106659393651352444637824503381108680184047067152482326631, 62199587169115774037515116745766017194438323904227351319243523203502063775916
34773914178837669210794377243963647176557397888727562337981266748741426631511, 34785069957295007592018992160647059341492655171338483480589762614739943337255
61126890595697022324286475191645411275131397504715729861272748207569600631083, 52064185788258750436045615736980879244887951896443010957395179961781887058761
71108280262307286034939375308632591875484369324503833103666962317284980973604, 40372508382592015037910954731506611586112924529537212290181972690587744320771
72588327818874809348887041695048595303402960618338247120033482085536006477905, 29102177982068021190790840539308722709920780808601308111197640884638541913610
21496283175971151965204641888142359169225602968959710514406395231061136203650, 43549613046001413910430946926533255789876916574610775955019773867869748990835
20760689290892626320771683354971049784041113239981856643229186679540564752342, 9015033101177070944456490676191143718490369037493019259595857244485077480201
35859404058127347997288013064533384912030493828974053888317496649764389290868, 75967872307654487313333917018305350144148309052765167992735043930346551236125
66822407257937280329432911918488645897886201163254989998114127110512812795289, 35705072745860152803708412139960378048969427675335943018669577293620974484673
20513521755286042145634701381254995100691497099628116780151599396060317546655, 72670489839189440141631733128455631055807530485251632933886233507070232081745
56405433561980208274495452438511626276897581221723503885688705308576821389694, 8114052703838323875131651566325250106371630359542481527615993524868335710391
25747720573653026062730602896741291182217312223232779249568388473259994582872, 4644689000469960606641778028524837230998924324040932915746478952192462877283
14643512259270675142145678115733017384499690411204586915978861356139798607598, 15902733977573675392562588332610418559377329526386321017059942419239631122487
23562498987070988563436342969484301650746853761198230450520032577352647339073, 64744491696626857722313301656414380390209227647612229054169596921517691998838
62346685343685390393845075730366752392604256308519997314209169528132513337962, 35207965420413218067595511104527015067505898156494226452852538259713234692152
31193319094640009214226111308393408630516158466072792892043240069426768570195, 55321893044960765477626550093326696772306928872406424117044551291545137913240
40803437173122906143428278221671245656830204248489386469614924319878926489387, 35245640376471599840110828061180951940644777624065780558100054200432350392880
37208247113988120831005301121186687992242578094352195609372240480102478724461, 55312955796253753182461263687198359151338180678917061610159266485662129355493
26953712435093076306232220072694880185817194377225567416120687882878702985298, 35416388608088313189127173414876405829888781286231186981710913487492866317682
67563316001241296803849756791645460392553184036922306838305854797344413920393, 42209709114135479789108293583588816252994634771985655371684795924428569652034
5963345178694676986814874780557374858659639104669258898728308623819787810877, 58765300215803309730329572981122038833505292172994366180488582939025305545075
28818322378774603517827951397214020731334279981784397876419448028026430834209, 63709119724808051107303902086319853080457785363208338642982580188455231662367
24872764832032639712762751161668049240182758769522775082995036539579885666900, 11824520130383604769560684136822870090253128058948352744389572377644600669034
52903782867601881612471023556540516731808453998389225254126817037646870220944, 9698255178338384227219801705065689512581808767552216840710921715881989907966
11845397280458193496446411842909993940124597860932463867968153835157359957985, 38253541719558423731713529784096467518469247305434430531221174392713894494556
12739167854539249875941286371776874463206234133459984847962733438282793690100, 11312968402011834131399962524937553692103132859309125572583158391045401079240
34613847883744270430175449598804358717148710716548868897142049814587673884382, 58116190820400986664886657179142987504476845143452541628195867060520592606663
43579922862643788309204172281814787456462652317710201551806972648428380348669, 56672626774445526209250395939445954626661650641648441102069769242877993822107
46251793322174811605614897159776225062605841408002163908823644594449774457911, 62031446471624704172195602009501814815143610571489220056005411163094451518218
33314507547528260974059536730604856628156704108395417235620811614147961783617, 59514610112336593115396505105301101930341235746191306529689757809522227341486
36173464741358330110045331221007805616695476102199783604987175437617489817562, 51746659379616929706163395048818582411015679127493045165472542236093563237963
55530241192274961980842121907427949890744624586919818405680502257622964165566, 17789942561998788772918015848164230261028161813213281726747682562020127651100
30155840544879096943356814026851720673195597822591210291889030700147687360121, 8698884036146197801361188960025167916823731067447017564719435014013605907454
39147886220087637370499707385351896421994864175484280547446269315402978061408, 58874428506485123759228868774329669554984692657212948368365653174781953551627
45658629817651987394349350568348366157455377702735361559594469989706905755434, 73825959064501391881451810789627305749005794178829133353372114691931418733250
52071880241133620727250796729703837198843917810513112616487028881746523743409, 39969472029804444764217854520878412651656921895113128180789418359947264321656
28906610806783872054981821860707787355617708943525680890751512892845969500884, 71255467908721329892939580988725358713306748078159364061830336180818812746447
10106150852215517919582296939900559055248925996882251658902619659897976081635, 60922512252855936232836297110771283267531480128614774116318496966484790191624
119373143543930612413135407566525369218869073013712564884197301253873437021, 14803891499665776234370146859320420360793856340837295867810986131962558535054
22134407975283806738152521530981869189383385761943542536839565479235882359512, 56171341855227047941710901082797793570365752435605039902510828428060181817033
46817017732643514054307016396349386446198637357306804751643121601640453537342, 74491792399485529606802530569274726778099096821355957886881370808849892798482
30970386563495613618982890929782828147618105231191346894700017621844113313071, 9068452629322709175662344972033455294295924825053586561779258140575106966636
26018611517913417857171966733794247234748712406993630294429406651016573954190, 24664165128221522722004884819655108622153988599402232391215995063252335632999
29077751458595397221463700981346743932042309463724409817942932374550690977140, 63362296529099272098399770674910531279233801808013692207366689162387698968942
20987380964003839407183331279040392993364414563799459364811561679780932292910, 33054944578008408586166746434102191304897992086680486898612308953140333552770
52964292999802625496468838876129625621096088877596181277283095964631535646284, 27264729043597567500225682396168200264753973064962735255036803966482179534798
59645365304043127669962533931928001202765581080315115865847375150096377861048, 57196330081918235716964534780306129729381115372949330081437423335210779662596
32359769275751415735806995298908618625855370057100734077374136729621794286487, 7389543516197025850230742590589588062541453880021373383372350457581362525620
1259313238076412344935875325712565307042685319913712767314000576519365636378, 29252226817465944924623370315084605041482975940006407377583415287664689204321
21589373407411346753154388655567454893983067480917701007931274104757165939785, 7706459407552074250885247423782086039803526619393966353672468231085532090675
15636980637571805927492816307153668387069568291421162804746935690791466522334, 37782448841636859774406198603314720441851480393527154950019403806705750397740
38478190418426226405538059909669591473563021728030621445146836552830751992901, 29238033572681581942254851621672215661082086556186013160613873627417803463136
67048607905563500206720736672470537393227777856904388009535327093765618846021, 68580968602230296893917699159324847717916678725814752988057572651058973970039
17640855108077620465181925724154622618513292612776709856687513772204761514168, 55351586195952655203980484707927242558073891857475436294163025769513976644129
67155174520495153329157340389072361869645062005148071386279166478239111426729, 10249960856721463987237251481768845940627752025224761710158957291619007199790
3741407629307142639920835092781371761552436223131375510688524124716768078734, 51636979477133653101183250678181741614863707051656526854777973585730809656431
63880140622073314082518584229943400577958581000999616222729430026038852702666, 22122819492360735581420117123358151047228159862286541169465158793165822864585
16655197506503113543523178898349139004854520656315623387071146159648558476128, 68818208276049160529638980042171568907276252646423524715505971112054506914277
3683588738356740865621495101406848497186190849004436792985222697955573973337, 42158022205031271540483247906238339989504168214616079540864418604863701685717
29415470302828676185560123668396776286617364861066392590726286116719333833885, 67391298519404518671132944434866863816726605483484253971540516519169309207455
34369653021538039868831328030889689434220108582047130424663125049164057502988, 25391621538249250826791700714257888518895159994847222004680126947950533950345
27820366911682973588955526796239085100078097390114582834894075472563804157391, 18703830877429476088655636642345156694793169510693309908854621655161207873816
70719427635728646377177584494721836839193403279775430172913733678649308637730, 11840994914546510235236802395766424140685851869861795058694683951433430216750
46305626880291548505809631044383077978870293007509120756007015371755352833517, 1043482707871634449969639107297816772438747001568643070420282004876414325066
22607770296988678735811117027994759213569100073477549993329564417770184747153, 22151048779105921486779439484007872611297299858797934655911622372037706874800
6533003312162443381643327422131113226428169986859828760978177625525990666509, 31310654424059983848035963450639854227878149452874255376805500057272703054149
49405580787548586828102923330701705555787101901376461734988325295210172245394, 55476228786235629827535919791271524183374175030950126315354214703175280311709
1595525510782765454239501089262965142415473492798371875480443403922898604696, 5797792766470446911053259744532166691719889308521282204228469063022438983017
75164743198609479414274476118625367926853341889529297328476427399277482902760, 18137181024287787626443405644016329794682781537153465534814587310470474904971
41962773642341239066789175737927078438068097008250564300782255633754523005931, 51758356248905125947449278583400340406169231525034084021526263356696827803621
66984511633826258166649361371010302355343329869349468919439015545284078926469, 36553722440530982521850279263256004372878127554908404757427052314953308194423
63578938869445061692492630354451986205292071805954555561026014907822770706497, 39269101624998287072182397393887492444674965371821352274153396028381380979375
26762038186465014244692489463954726449282868132174781418185481536335504326969, 55307549711230875824232816329456325340019633174541380442309979581007708814503
67804632872515754211173397293281211101673933973942732901062658847455000829039, 29625484977346615434987847990833778573996716983060043516740971051187055959947
18433679275568700134627120595715292283670537111346847885597214781173786151257, 50961623150546574809654128505284366669202996052613371461514969092749317993726
58542423318395773930414024200130050691282441930948227246094909706494238672843, 20388339676425909049869658568889357156079511942118288532948039151715442101129
54590203714774465696430840881550268664292485654341409348957095315162831569662, 42123377401756608815793612095298408599410173654760728603714503694112482990917
43421530613023095764828568128405708458926607553058516936734307906321313709968, 22361993862932365226028698610610762421056934386498260266830167984074746807145
60113029808701017860919298295100126909163975954906982596914074405451133895034, 57265530118901128862278212169048962017343387461791273603013337457718583992003
46383402191486370855428932706747930674743597501889197234180975161156173983137, 25492549193706542159583464413524423670311325476900263637970719339540626786554
369988614546476912333733985194673359899713072915228514255866214061611377582, 62247126613400109023526360234903786448948981440113777560550018497787930611777
807620230962077987391447084245520745862014791120713390817086956536394082385, 46837856695212593476316202874299408966172526349254076867108418225683072214622
69375471610031683575302418850722830038797042801668924490912841453626694894544, 70520881608226592560570580266681485917367674400484598675105877334136524327372
13235353513078666623938274823542697580240282372416403099164529955006704786849, 10743746380836174679583419041628826461565108198867841434772261523734135876466
45308378379356603698421061606793911186792442890935702733923213847754145978012, 7574608412127596978163252599207698583172779170508566659272897383136780820923
64243372476414228757557567500391429518883503599495877023463528986648417042797, 3430937585124616480940657280487350921549091135571094336162025565670109938029
73425455399887558872523099664731086311538232235120567691972280134033986287790, 4819158875884087088006926036423712449000833660307816018195834327360146092491
61915301665534701547909159568951024278597003714501842546208811395104797216825, 58969278309840337609278573099501717152152185592746857407772142903946313330970
2218521081849338940323091122589965895588197285018485698855271208377416579508, 45707479453790744143608255109834976082626429668373835616826111754506654446948
69974825554744663614538756202280053715757420850899527052544339301010384120130, 49929435655954262174654600467740757371953012930867203657611484603061193111140
62518984939059997767788259173758430049615695161844960599773850928898887865137, 70913139800619012379777552314763704061979172913656079686983698121563410665586
2801796609655337773272344437921625565216678427532176727748413047891827403789, 44904858142749343490904591691647300516359655901123491862837419118643678408414
49625514092795717818120488914501311945079591420965722129821552874060435429029, 5517129242619443141955300832397204240961754071669403190101587314782092403688
33334246192041238456400302921765391111409830615914133749310521594496544840501, 6395842436629505401191529259995917045752816213842758044097416733708130643735
28827986427965696075396816124001290000044144382928424241709413647792002852650, 66233240513944946664471676378328391255625326565066990132002098099478601068795
34505530296494147950439625295347221774461342672416736786569748513171418274359, 72793925164504903032410898772500566457969972754389200901477571176376599116708
55522043567025537917003339897368637741216098556132580615682658908627156721164, 57774450692232589291746456336216211249748393915840881129968135731194827851665
46170730846699808916944718713528900092472867790926145449330771785020766873357, 61918609076833685289890835088015125924618770993289639853089121242855097325056
47991158870499841705685249066407922044653246746313513419387186959254286386758, 41929390166928238804492399616756892555688293619701067092427069863055583454433
13034145816416713930376224412747721359994169342785176604782897630393301840110, 10896070462902590857012849351936257740190735648712606277769908122642508318781
9387583086309408818366900474217155594904124489476032871686003906312789571065, 65665880901058423884479254750468974234084309188209773528647112199143865930851
70829567178302806246166251454243048997140621238189928919666754776849438298576, 39102670633568897484277960273390571520266913504826196519209469088795567719804
75050885411478627692054943669242276723521304939120486733088283215011990455236, 11153724492936819540435459960367256118732125073784475571237108597528267570739
44239924924482702379267652171920279180373859160009413532728991221172096255, 26263843391274218171303761348932235635268912415428470388166272759579032178042
41579429673096662684040009887958732385898265615456886991704137162520801919050, 51161870086742739346251419521182414487570926257611402200285346669233573846785
75635390407342699952761924066418061217814556099968730522291983992901014874854, 16778781692443993523458598519243704198603049419991264765393414292007607716906
34350190699287529789772023082943506104031851617661812831089474479087081090533, 60866761241107105514414557794354853535223979846688827932642288605624816742592
14514975449950987124568007200404744528085503087380805916972969978546840651258, 50088120844386108897926521051824904691386954653268388936848268165347070482688
39389287398900818297440111316076671986906423788309739181121672731734203466299, 49009748168994628693962949733671983631657876231774297183379575386626300941796
39975931347317325346911087567141038628061000446557715285792907553290969892724, 10679357556840262470108420727588665371246753388135081822569905513427331104847
20740798170921615579752707389686546764279453695964392769263672044001059349451, 56742766839002623115415421042335226950469697967319031091943594130232825056347
47366682914215064344684024131517361739535485534263562490524189373244346656086, 54758600263503328764632329401408082413397792528158060434327501331956077929130
44075028242942958591893736707667928702020199606916341274351596255010472915406, 9447861657910360316560048093676069084758373435599387719248066602169069881528
71823886412434105007988004644721270494604866008808747482388170812508042811560, 59636117178156116528618911065491138165477155227632654036286172877656951451247
33814641721279524340250467520048276748522399828433182805055677045810479230885, 19653989572388662018671476587357991217624175225868947323076873910555408331495
69532035805033605163189158356987083259478603746448665382844629663257729972714, 68725697201356462439017176895951482648004710373379506168270625614216231734094
27803817728440565797391613273883658071898630584419444777409924614042165981809, 34130594054966782622142060102676653653008652309637506377543043881454488651445
30704626220099285654434072850990734423586708011762818463153235576482652671058, 6987796282739302594588322905501902897623858584007910035315962298266266766371
10681470492468262164594004999946970957096236894271750761879264657113710945747, 66038844913715797854528401538779734790718012659411114363232730993433744441244
46627934013609848398910875488837801916329462702017837313955770247738538792008, 23459871424213058338774387737007582454036609776345598687920693779689634998909
38641912433843750591203176945603257717529026424768771489383039117902408191321, 13531205198381727024443806550277736322158155132205240144156815314833932575220
15570227864320453516598440978568116928645891129460684569670783531554136438731, 46397283252652119639834071352431998665916977745632628956831492055068506221133
72471285333556799383440261140148595406726144689820723147822917283053083426660, 21106213108737244343113204017016033368997982223117467658273907541390811823758
76009365427881830152142069054802485744370443656657457662783939691392972116964, 58494980520486413816169911071368040994661255876471407772332472879812927703963
73610140912955897243679992632378248957297165872266291760774607264028428977861, 44624708997164666314304210273043638200750095774601138373854886923315257675181
35765768934322375766385246895930443952325585386392182260016448525229188362107, 34110221911406468679433615939658765373126218313088040943942546205164653586535
9817677596400556313689735410354348457767102691178359120274616798933821803932, 23095051160456556903699243457182821330138825508541073501982605003034181306173
58818317011608729542876800290594178521532150205502210940355723394689964797465, 76675807533980216090634206313548110441049123590183606839768191972868161667977
60919291926769582392644830932944741580957116327227674207975065549451845820535, 41332970269564956311584805850342780976325173657928696466062973360100372884363
60365118982611627668352934265064611055858139539274445324872916570370504846836, 68884108756055928492755436150830014140035431013917850219276046518016248682375
54057436619392219959545343092815134015448135540153109464710199401329621767845, 36713047140778499196010902376838084565771659804009868264375746334949825926580
516501675280691120127253038339361431541819066367106734335111948900243634949, 66576598720066561103552766147781108920123004027115060086261092001212232158456
7139559467821565921983592795903094086120306904830187918224505868803869748196, 1931907532455001679890764379182377649449689755499862963507423526671301284352
7520958759578084085670345941614008347802132523758935734865748460345018844296, 43059036594327805347381751178737652342524810684008786065053018163803943696570
15945371815475064489861250382412556167235541691685155802974687241050569087447, 3449142035241906601414383566892314574521414187849401825919375993548043182187
31781838168613498022433316150212793546440417666380501956091554986495682331622, 36557166091417146947097059411055798426620180962233316687756019909910402415124
67077370505650593789991449251935141656220818772678137524494363988876617751498, 10681156954403386794650144069288047882390596490824742864423625107335214952510
39501362852643124237306568388055868853208505103969208305740843022122714129579, 40550430733091692950710080609848813755784490158485469494280994437904621403334
23750155856036654441195720193151974871854555051331320820673495270350398574539, 8370237150705926111578661713078973876193267476981971652712246746354274927540
4343591914726527001426789732858860943022712446819173126309917373577261200155, 17488587546326448539849217936336643949652854997244827587681360748267318266793
56157656705945013923641681204413399439327564730644430192130470189751489114412, 73536560064930777110174811561200885815519128321674073525171172429126593856792
59934930189107589807160110675333567442103805512838935129914718657254291081370, 38177165084788480266468431439915752231147554006600232230637848762658067756679
31411927833274843455858102405804126404403684102538786213681513185028876742958, 54285696424130610280779707179574698958084119090187733229527837054600285554926
37685622441976084760159529421765536318307020621208873312583666473132247590347, 2804331667194130407006804148875920640651200340898850779955298271798970885411
12192479101959791531807319816764148641834138175156052526835532534512172989567, 35814332726018167393677714351077034946150198635747149523240240967282438072380
34526601660866871547267294381300161269902433963065197173144517949392629950787, 54631861269043980355047899694987728599501365374037707019730818886519434269704
7849516108019843909051926609559261263811479761911759383856727447858249819426, 36463790576524379423767865350476007384115783975482612751987375225034237218850
42856200130237139066247698373502776420820004953748023083574820300118153342071, 55425660195436381944493919683396789394977892524365518005838191034197321002982
47442647655960524628502570063273433128017270639487483955997892236096560041414, 6605244134405187775504703263503159293252695949711646072375116885686385972183
44442306108614460717309503947183237132878222710130215401267361493918458073558, 41044405108050480339952491150645917708466729681168429230139594803987961121670
34045695699179151353561928468157189294456223633981067209701110990048712567251, 37131474712101472883822158561964504041568321103516564424119871331276540063860
22637876499140377845710891635837802757372551847553856331785414697375041990119, 32699655817768589033552499017624790020082023383386118040644794936612598010206
69788394940044552794161658974056334993214046987280683173891246770537421586774, 42568296591228731934995037147198763239916613344808532256241102463371986907832
56056372626755859533060004299087823946105966933852358526923834378307451920508, 4366279576224523413353870018068810159770582997809435404153167655433946550130
74686145162453243651129615051332748623057102963402889576122301445852060675936, 3870765461155249151805760769330913963806505664103602182338903227926739824890
43580287441084429300739135420830222239108780610973032222924171284865866390905, 38196013962060145380462014495258337023075686911417374126823182741456987283625
57721175728121816353949703524100810026418195087208130735586616922817355173117, 76267803114776449304109152483695519501300325407952891840317869941417071280156
76615669747493623866420805600286089732881300463119044775709030727515865431234, 6854238531101156771471547553508220925055637707435697666092269693423629924122
62383516797668398321221522557693857966027363212839311370782027146891108186283, 30059566580971241980513727214425357912459976006418930897384036335572872217993
61709605433617335155955002420988540687496149262215034441678220602564551078850, 24349522714880615662664928388555792278034562629797713691628296923592330837858
19366804894398660356526434173696057952388329812868128208154980987694569359565, 11598272444359079861211446458899098679407602672871185049554240494623289746485
13542316130688923860730365450563296992584562797313047697750401222023779347586, 55960716217377510520949886700049632779975377478610734652105325735509304916970
34111035343422544340959772440722398619540009502799645434895420874617413918813, 41516910687538009224340049349077444709092100567690868305118405490161908309991
70425915582035736921575314884888196646697008162935713034786500599570305278486, 12597518616374483696401365523901670703607852214883779857673881991487902117052
38338385042442736268374931070023955420964265356400470030081672074178373410626, 66409384777329289738488794501353900243616767284186384027934776217688717848414
331681842071452592409203173447637111249316479395243407477451131758302719457, 6867001498103835767225552692128170256163456372815272165711692394558050318745
52358155832494581522803590658992936100575846078743371759737880065444122110200, 12001431355578862324288394973676127440062775743997420985653127035375454264970
53593244822974144566614319128738706826074896509362329953115952387396965084843, 9393608999027798204635352786089537744310142983664007799386534350728220421608
24050772328235661525348056931997782851933951385853027171150376144059053729374, 31619968189947882938896723521346293226118967480567287412411753829721163958939
66635604825089478660397045653405738345789185514052612786334706410176625538659, 3327630054998098274207531095976975650820417489401925486444219359468468667297
61079243974493437875635273752399902172126017059532414134892548145066016189043, 33049470887793708454620870437018798741139025526056591379073868841563482240521
64912239972757106692290548516091409931210980277693691195099374206548823970200, 51346602224711478115042435184373732070083586329581245614024756236807210903531
31617948511580868245686162872893586646315570442185833742689029378571135525518, 53479219119767783831470341361661431704473902758823719696728427855860911641383
59378489482137647608628916747696011489308593776039917404119009157661724592702, 12510980019932213216559069120615469124679121126486869869321660231392117071851
68866503774098044653116906138576839310006872619263846134214147461348788636317, 53411395599522238567136302205135304458458931658763242205796254331966505716870
5804316038931259446113111175147565733905316057685697387362156794069854745960, 55878779653728785863942391080277561358470880005802663938649546525293033246186
76750264685304204925766939712089759114533312676057812186394984930989163237349, 50937526334291975104278865548874932878929075774455623868198751974234244434936
25824396615303332616289650562871380474953872342564174792776782353132470242692, 17613155074637382036411498676614616226305961798142355410445029161821249180206
62963774299073305350889205647526166398141850512532026166501115978859913542915, 1182253428558387223972227021535428518241366328618719407701208241540182677061
16695379879392931675998317288608057074170143559716624791709742479762579703563, 65829475315996127537913116059433965061877032805150417306288887915476473020940
19032351161889656080343218761769248492070499191982447726270658311772501107316, 64118416846992107995669540037468302737077382485167976885555258154843036700829
64584054776133324870101912511514785982547670771822711143086869171351770427854, 59642513115330840110455050985909309456084349089522370968152416254049298060166
50953857632728152029240832430868875871547855265119598947680443653728242708979, 59239264773592128929569663800146062500749611223242540170297055106395040112391
4836654688879815843445028693790189539284380568725816508608275937928380328408, 17564820654436047566279562885185653730850555391952770415772027591353414140909
47489595872780677586230188912959067737460193775084583297175361984119322044340, 71415507014941353921351361134219390522987505758456969380596017188080784900130
61700910835724285644568461824636949265175362716801270736284750086535275290459, 41865410286337386638333310960101162009809391654738695916387126846467462028033
54714802136591671809524513015118810973961681454793800338149434700678303018888, 40333965739925811480937034045388538934364950361418676903284190539274395094987
4461088593568605671565966728917908852918373635343524410290463080019190212258, 41779685748212220248955963500330480112463597225233558455070340022494106985444
61392854498703711193342384358189537952047913795573726904500432036143869442228, 61166468076039305267844470733283834918471648180538244917383673811922683157812
55318267713784201242515859541110396255750105996796301467416247031618036638250, 60507940174858213980131595523418513608207408308813230750797449446154011988385
16733696734610813603257471410026161616834418588693059841592669999115762508555, 49087650693850745511255291152907248861121094447407872490968944733252456760331
35204995716986102386541325802909868585888090784138797283596783611432984168882, 45332336653849124835546522436705231143172555304706958723937293992269388585383
8504447345052016809537941858651711306480613783002053851253900054739656507900, 41585720267360931951730444859785750260749848755997621252841439830635497600440
47699768654166337548993808333436351043431256014247018252824537098788513135298, 8426784376320775164575330184425393340588501804951754344349949438853377008442
26441639780627408991323489329430760393006389376204171690633317220309240838376, 50423835158143429136530747006675870255450554636857308757467736885424402781610
37005678746813224117415885215581215024804540895323816589973178242038872601822, 2251275794772767638885577793969344812245158185584461423005769373777188683536
19823141191617620110374814226346274934505538514774987644951039489635808598043, 36137516335695114660882703014533495199692386485049993843796125571385142251472
75516601516345612740763369874438322730251012135988524990727719599425758706046, 73553664292623364698157052372883589062978065272301881791791316550803927071249
41252484626888287204553736657944182506121898445357975476454067023274535157674, 6042695936225168155238908256801972271238107616276264283884223660130092674588
12191254940654177797395139290383285138638346511084142230199653752021809863718, 55740827625869452171297066391549087934120095566919967274443492370814548148069
16426224728245347503398137542978114925062964945271219951264941948988381779133, 59382772703982077559619131327561192713368948537341604260372593881464644117938
58380392976484378523498727356790164903965724836097265531370245231099899185582, 4360249782672759264193516077772040631980660819264083302746646801020866869868
2472111525285688527778210620737525938568240040127627718193281175602125156972, 66513894522783070848419203131072294417266452416277464400939640877051556038507
55128935643583669203349536043952575936644110397806605417600365234450321607280, 62154526835814604448321699688950018783770926226807269917701484185577690922796
64968495445747937691909526509161206384177570498603414767831572542524972810110, 21338064881461299368980017514029635822028030046048893878540933159629008338438
51780909370235354349121328945769259484074958412413353351332871746348566538872, 3084730816354227988786020046534962898857857109787454137435602764925042585496
67477448351716386943052812332619402276151104068313709840359847736753190006876, 58836170963479210215389314341672807746258560695411399702081468670087165009338
17992101637479923945751446292419557425083450279032261435236537262069468042707, 44612359985436389254704711886216514113060643550260238511218280313596293738079
51521550439465963345579269075986260978684720539887841007706568483937857782709, 42280015426256033977121095627082012010716312885916817028667443197836950620882
41841748764687826581076406283149310097895526832178143587758706712117478641144, 51072775635330065824942261919855761990309803359935292178621161103160004540972
28210561463845808267108043921631065655489639194356201357951757241825871696889, 72843523762296610963157259172418203149398093515872353168566211539343357193930
54729754652151351749901076222340039081687324964149161386241459323106051771456, 5206158585594667301359750884110988371966620802555286362177374475375277954941
51174985138343522613926639298575560117289655721597358944608994703931040624560, 68711598596376103468129120605890217468080423915433279894461532893382708567365
68529475073988823868764261798063143887169901799522914708082172179934223034519, 53397916967945994151521084835845985021698320337243926736978531813774519043870
5622397184607251197440504963535999313129719661615553398329370437444778495756, 51478717166478318804787350692567968422175027309696320072328833060273704081673
53433371296801111221729326156875998944458675125813673770152863177774852614380, 21668713083054313228706427397174590237892546167099124905264921959340377937614
66255979254438639556141744614964614654858108155573016419008901914360122250824, 45948777665163668556190586594039904853197688186561344205985640976376838775576
61902983172421081577742703607464523225957015010425007597140970977152204869238, 36901312679763207160260365275908059292874729928951765880775070205873425893950
23430767025048495345025262822645077804245080163268040724129853971794850256535, 27317527107910961274484759270466685946018230076463950259258487537557068142105
2312490822005002510349390920211141711841927520225624755329584785677705760228, 29851840877918055230459228364266464443408941835105049820460282890628162770381
3759055640712575460885580966747728439352224645236992253240046397606177185442, 34773603065444017113970198706999606308938468913764157381993036041720089671219
11609995883008711619627011026433121592209942464395346695261732399935397533733, 8018918455241433813979492241726902489341771624125364148963551679850768335088
29341824661881998794194654693575875179342715470300262334649497164934060126386, 1097051341420937702010993052914457021626947358313191044519711773114416510454
26795795076285792583328214156449946307117069018238443372631921685576503806288, 27889826107124202006909258475499381753105837418505641169133032865156634774793
62665219239950003516966876829942409097999387139804876557142590658393715898590, 52282607632643814318481348723410934414491656632448515145217751667389823112598
62411570841591206610353346547738214653964726642452814725776701392421578237448, 28694002032753748451365314916088837081835933715231276275597576842761531113697
9431563102078758190848611941721455105411043611887772738197772044945316294928, 50594717760247979652200390198244216786679597492702345916151958286996299250377
21970264296432991324154510167670927797088716419567269109598134651383245295751, 5626513980902532837643901934306507026770558443943345155741877130459970183081
28135670162316302654690798218982196774828446080581050459547832784118437097364, 3862541579389334817088151629876930093603407034736254362834100922175381079505
34039091903833101575811090998907802156564491216495015788157271676487680860596, 38283593042560347310931624799967153847185324192091557694106342688596776592862
74715013827117224733756249957830403547248185206674327369573536038706861588076, 867149463322200454471364122086987571970467429349373615077578456806292673788
59864440560539641188906185358400376031837131662317568378414534100645743402964, 5796637576203851277156898603809484028751627464342459080862478746727768800854
70062941062135622821560013082795780845858789004839511504871513147184300696185, 9025454338674374853145620892519000022476173129137255416105420029933749057396
44425873634432983672569451937404372931133315993003186407850720458876669682719, 44543512703308593628317524812368417384494501323923122818686772007250256526571
42376138545335499068857892936480515476200717955759164467498875280679156499080, 11386724317297569817337327204142974191697251169272217993773996119067077432572
54757403160279448723848487705028643949548725090224748321057358802531258016853, 58712892414506756658151961732818291687495162422897985564346057518711482230185
72889174010359352621881918979764752840002269097279472858992473740239734323933, 61923215652708573168210206390299994277943938698284311978955400990196996472191
4334942954471958637481203362081900899043765557861140136383561254235817347324, 606408760761800448308127554343995567835759549057760522001496888137665996337
61592883844763541261243929084936677545993261498094916731662758385375187259644, 43429524960121467617789278943431187428521348358155235437232914547612320111223
18047758034773223320907042908678531587213129086190675239832211343651448574135, 53651531376389677402962622572824336092730824504346609968546017022008816014526
39307805660710646959719608730879130557273816261471386119279287442875126879766, 62784940191685463113488778296275836803007243421446717545149060847241494927457
46155939893152218818665519546163143434842517533202568847188251301900805661559, 43567880687276459342247961761466843365718200691841253728005483412725149134615
35612120897910051219292214164967799318234642297919699594159973865469445638564, 27964887021455707217782641913105214767371864481541831860472787770074195307022
71324479846186447819203692429447379058632499071250100288265763011377051799651, 26868783151216428237183226601202023600443953490639413783642638727830366816914
1446452513038971660620954562572596373329245672708321721809863482231308120168, 45862628020629829629334617353905089285508986155165679214729947688420652082118
30871378282842429731013864620099401117184249205062463946024360276059192369503, 61110273223315160918671365927890137178133534354744637926164878282413235752324
39109488706311210634499234642992859779564954471121535235478674327046343768016, 11129919617145088920839339219018665914381972786032406837868393211811137237246
69909391154719824717673072987672778447928058867937704832520561752313922718516, 18693918565265651089928486491743784321659134488812965219009921635865221500690
7193009153755132496731146286712239916259757358632019743504717687209114688947, 55003439172645244325548424363855880808958787339302884147951249638142857691151
28582180760012455154189410221628641042197746142459058352501166941708725412488, 36776183997986638454020568285323052543153719662329824985807710453630143182220
2141044283203443934909991652418342633115948503781693222472830307531619673138, 34617877744003834170241178045772781421414505449368963460479369173463592862160
13634380709508578328965730060593587856950872266189089998631006636524063558339, 18528704588922644367279836507889147937304395365601226238053791705994273696651
33584506794096578632464917446599677538915243878526453796332821909849624727219, 42970970115680600440363835001799251229651392585623965504467457426043766174132
76441139651112160746772498906455174760150642671702981199598250637540653330911, 37212681980019631628010277427007865687723552104209902393454918352126677952293
63860922263738778036819580483985291323690587316032622187513163592646013870222, 57573597425966600837696639506131470897702321356457246921513558624373190880185
35757839389530698254036009363490151896371539243051166164628473689026198647375, 6622693248828166082740429726775043877342730044298828453087763222568749617247
26357780603447422585632955174341337423715080326163014028499053114880818206378, 74473197218924536662872746658840138463385030120735046890176902214950502047307
17911261868133865345804472590038955257551055928126133433996391663780952066718, 57284409067951189998585633936301934389565860143469198842836809971740713673434
51055893538811020467282928480898588054935016786979080116738395478696910753927, 37452503008738466995287032551173665119975211589530925209573212054164479052773
29522172597885758154665211970446544875305088646799260377259632602852854245259, 63489001643802431604525012843078356917155150635141267978073050954725283572610
34774382902279628922467676234468581061240789028036109426263808169144007049996, 63171676420600670263328395709747840444702990354204251265092346670533032683015
3517160729989890925600189428796038253689519427335959138842091980811157482158, 5226418076732591464849452595913942971978689992982286213339318229750955860495
18171915671507933997969458546048341163199583511120038869618479600356514439945, 45885589429842759564998533675491837965667719607707418816003000041058560453401
52326516001621399031886576348483594221551972518524661000039794019057716788683, 19426323859596647294032016848087218054617806765215340287842948206487862993457
67327396032596140168003542461473252004544500608234476545072909615355586911773, 54168907822365743495885985804497672336090183524001748124487455392276239169995
24978488907869547502353106453470498133743616155616790205173030651919592233466, 19827665120291108269741468048847013646946522476907649880366177410884254163685
14585956865142512699899438801915442343402572799979977601636823436093044143247, 2621941936706521202514095367967995793190022038765753979578037773197690938671
13797526024128794361436628120210177101424024460605528232202047028372277147591, 33429116359711131442161743888595669115143605512151268920209807036466093163488
52869352660627973152253952285589946014531950976408007599771978282163292792151, 6068805000148003205832704265845485987105346008883578400153559075004710274392
74777048136917984822441618851099537006254296991134801793030019847612707125227, 29050542499236351274336784733583443522464961479225390864206578082052894422276
42516831753192885257268839671043403809258756935076302261452337813019318192585, 1779599860565304417795251046379784684450186025700384896250137405828245289065
15966190436248355591082024610736981311689415829829515171249470602394798083593, 67921910371669129328202364844639452770734225075175267505305961829608408570361
19325207640800546711660553290867645711782751182608928541685112895225922108916, 38815506997697892275259995540420794874698238499715574293945987652872111853888
33084314877317400829675311522498864811713638159299644370629428454592522409758, 5416326296050032347428536054312518357401373615030074364317819295314733459262
3470695650446588079601028023899184800509454223358145962981067578936702205157, 34214843408891424714077005030775228893736601468891786841016368027538928183412
40818964424596013435705644766157471044389275260736277578307964159637433767204, 37066971539598076694218361457066252451757283104144932213048414622411682703569
65239453236080139952273591636399151604636387566346359558972334937745653491383, 73610475728435497264765392222957485118556430225840170396118831639931510439696
45797413623427643032090508447598014056479658906104725021469792351785409974906, 46756213994412874746992025449551581518333995735165783841622806820531880796852
48516043691568791223670789947207759648590814482099393315582134187935060630569, 53378319383547629167287357460385130051796439985934871324990929911153574716966
19711495413081324504709656033350177784809973068908495221078762770014103295446, 53148689790323260589841688979189068161589033157238109341236791579147036724321
4997360214360119635168499021152988110028076877043012828256451775109154554239, 25126036404251759340089322954931133979975248190414429151712564275916758670213
847325631599895862898628065404916195583917038912490230532386905300816364991, 37277851405427988989948812250355815830649225326838828432606203546561293016352
44301860079374958218569596007474147991353219706037181818579676544608005671084, 74658717083751390231546722594322811725490192309972511104175683622040054653299
45605263432493854982535454046482833043552526745602749154986474705305177020694, 1881131659926870142087465635344795815304858185063174237919287859228055343209
14866727777681259885389068669899290279921266665524974027044653968867171716867, 16128922109108428371529507884761095468650340927699910828409872166372139198558
31626934485505125009153064912682230313074985776527348244392473563434469715040, 42072705364795382054238198165121735284173147489527205220051866267828781660698
9564547393573061530050407383303153403361520202500587325380898993191618860088, 3767810056110678237965498763630457268825631782629836564811466587785520656626
25879098319848220812633120096773205119913040782981893848733171323016753380154, 35432230892728330237329637649648865334087165820275257110274435271648970003372
26841463558920982005277617857968487773033744796228660120732282733485421556586, 13775136667773230282388987342524687332556885613176568893138928708847451541562
61502702045831079829229100405903876217342718940704482252652039531018798424760, 36213478103891192445091760014671328205652385944502757221030224503837251484993
20532094645251756828808251846750390347080482497882008332086057602556644611858, 70861582390474689942268517412474992946718604417149079017130083925060014856484
8516544739172445632967799583450173059707137570940661783574399485188647894757, 37718090528923867878031752937288735921333577029003542529411537666196552512929
31607863665850526688828824469868347731370282543890776602051884308416683148339, 39701542838719898197053741515816758426617730375044452043694358303863972591490
65883835400609251554450957080365547219010498430794360361222570624735546317491, 25206851012198715741964395928374362004138330422774542994516011187688859597824
3074829912817368073950467602987711428093060953745091191062328015280986453850, 34818513003485929246431748797236249459043563454949216280407743974694902273208
58861772020925770068583660352465271224919875253764651476919411673251316239144, 51353851131223853687674066403438055857842202073698610264450663453346818839070
41094904498689916064582567091009162737857379542750155226950503270733807650478, 224125194983717562376414671629265858139748201115790607195181724684803658546
55739634278112554531522941517404722930952780376520461245414343416809199770957, 60162106367259626666046607759980258770138028740326766167589587473288281111138
57479994929435096400450327130593955181181210320087411588580537962113153795595, 28957619602917328286737035698402477948819511730311060349330050657945517997839
66250744340192763475963583412078326113539897818274225256514271297175963529809, 35031248109588123688444256360059284221778257484340401087514222845012433925446
18370827382416937047985165412382453345969607225242292248071766829605715285920, 64996169833228547282785211899817021824925245649919066965137538563536728071229
10021700324565561214044236657040035347514475884149146315659798676834763456985, 5516763369382003840882931753632459440245981555259189988728704937493283131104
40001086234047783335349449209561366997471493749824175158790553761459636294962, 10742932084149113362137204806878825834351260563414346626582375595540082097214
14316317040085253366150928647291582218106140568516452683650924827521848213512, 3721807858228247840097868662080578093235709263180608573730027221177830834044
70963738937996293338819126914980101315931995485621925037533575955992992186465, 10289944361903182330717681511200000591082206302766512713928329958332155989920
23111989462631350781565209614144881780781216831629809541446970381596388550952, 42703806361165203465500941061938343996674989211772368800499608783912788678428
43143798937475661967582852160833416100241299717755860150919364263990479107295, 62619415147972146996009013726624348039871898955300862282263826614819907063059
75080242406426513107439836169884349162608983372220432569525827981590755752870, 48281849405859963447068144505630688646602414909645661057457163672537402913471
28855093206532342529187431834785852669887474092025434851751726888303355472447, 45989895137222745970038889175507982153523572215582095952845367560752985491190
16773898731896169061505932367071579962409775245978968509651806570037050927046, 72863674973802484547809141974349707547689466878488261925101970992089500865053
11081016269715777729786537152121827302448925289232635152274363858922972240463, 38497205930842793276241445953291867670967803075743326946071847067205723471296
52234855684852376842661403110586037112615338828357087451056010507786038477069, 25949165852281164940274184989855738576265192133324760113471936561533639644799
19500240081899634811585681007831787710723773834489144625503929651649548146092, 59615678461754031257662358641637969031324886554942150798015923190484683743451
32445757494351354643682758707607088779723830328890082599035373950688726764258, 18218442610415163511601274549926284508014860068136918080403912523171192988796
2143258666103509096686247384437474626668729391037259785888197306769464080873, 34100222372398495148673452641920648399782048041775653202642216766199229243463
76136613890994268744957426055443555941677623415692115190891535117032729863533, 25406229334914235810857641816244190703329939566408685685337438608749124600803
69362201074233263918714709927458213818919374814707323345207306056678041644986, 41826551335208084238239045915726664385887531145197848710715309429703817268844
3653610432074697287150139301665289883753991184690902399518959120730980675951, 67087744752365913053521743614584110481018735349872008080587499057354735897332
66183485957548814734577583914963216584316683193111147093856439113664538377796, 49408484654137947943377998542816173149206239554009314666601288077930333456382
73825692735204906557080176587581563486542194985333773730618864239695706016430, 71769470585118796852232204168232590891717981811059855270301504481629389364124
51492199492901874146587828615586954716508126033275845211247475415670477511668, 26771907907268499860232570894013703102875688637118538547926271936293315003680
49082015558169735074935666474095979647122376057272953264500360621779545514759, 62534283996961352444936033184877556155927076024173703047650953419164267169977
29268876886360321833276088747422301380373096547541728301240424908461600995546, 67539862999931151115833556042160088266616884255243149273048886975887021319301
17859311443886939051591653747101996279659731264065665711661500194714121519291, 60431222743943431644826056669259916263400204441061646047439122971810467997980
48555630253804463819302435130954753573475975968286625346597395776625126251162, 63815991350295212643240172372392006020475895432892372745688317673043491230266
30011885630617932402365015987875106717061750626406698163553851854248588467620, 42237170754837709918304605283685656278612750861090181871429981765527290253133
48197077065820484936467878269538811672563728747064625053650261380758875526749, 42043727147638635203750735459807772484193383602646956600064637641466387062482
65817761520364289223129502135181916594639254845770649147240307989861848079571, 74599674286641168300154813926331584913962138367857766151213402600170783578802
64992066583589703074538833815037930660819165028091538585898815558904656185484, 69537618929616800265351960076519777511653837384936011978022809431990962941026
31293400223111134899758451983287168733377812741970228438788236988113384308065, 6736461664272224928801521501773824666918080948253484519549083225167691799214
33745280302471140081166956950132131916179055696875765265105544387465935398606, 53607918269685985696155583660903945162882716871848253977148670605907970637524
22987716193535758223544549335082229120911280316962237564062739623448325150005, 3436097702507993580505793996400662244584739515566744389279246337380647514619
11676121647735569468284123390800561774062882814045065928620754631631304833502, 17140960150468670769540836190828210214736512326241503104306049494046534205032
73132102479662194950680443740364919175269844696066148175020628200343538838137, 25593072643759795837582904610560995673128874975507642098794795189130276827190
72697413011067802262490199233040408930407007496370295454206842173782656455719, 3864080756627565551115986345925752845610693480444994886872621609373859197667
58116172712609654885771608297429526640471722508087926207224260999201966003384, 65638883352976035134566789014928547450158658239842961363006625114081541350134
70853623092332874587137559566613805497942895483877790051117089607053630467531, 53818077604054166218522416691502714601463796028199422299702888516698825654576
4385104405554463517772452846751175048159593275385707449609370562321603144667, 74115142724232671429293303497766568130966571642351644585580741727767806834902
75004403631215877323369077546289901467965184667017552847221632227668420613430, 64754822572055838948076581605461236923075624734672548395900793634312301844367
41905708490834992271442233696201211955803804029527953784943788823339772052246, 30357352992254118573380139154408505783911118988254993607802541837288969762894
14265669849963035020266566247116402638836212670545759526515274210982557018213, 940147165894970071437521416559332192825788935752807742757343381302236598074
54483798092315653987500299754650033292216240765796684659981300155520560147146, 70770034987591543642068598470380752914858481242877549413861002650532214379861
7861285679765267628511909659324580124602654659493217599354452767640136931820, 16374909076981595788945712349169487187610047367418946345614941562316008649844
31147065920955281718416011445894489957077762027130585909527061766659501363028, 69657056800578176465365080024182670920421297840172042197574183221310810944560
15752943104936113552147699367788910782744940443541075268516335965925062331697, 71535307050214519329219974998721664391710586865448923978533009188331907738574
42406857464032031677267915842737575612355136905479660667359270567192771305331, 3828283785759009697194060887166346287750697782304634746626156371121394910470
34425773205012263087560369465449112821818202833883981013556825877988648609494, 74838730771168768778435667775262542976380953012792309291310776780098564051701
2041922742964113498034030154968760443162139604755242415619386460801469611551, 17216198956259717881354393671896359003215708863198887867575229562499158809201
33100813395563289788835117892619272304206234211477353067424704553033033893636, 71893174812119782339244315805954498087319557846535403498237277141145524237594
9059955144300453490761725833130430808116224174053921642708694503276543248243, 39846618643378533689774811105764820757875916042458982502379567543641827422191
34747869880934308054309774423080483786798905359064023442930211480969893667558, 10580756211485511245491069204432568115522264084055176986444333638572845432616
9506256406194149309745669015058626313058963220824458216104408533323348959039, 43033340599328217929904716233193238347147295909794889151196061043984642521232
42524350706786486430653104778972087934612758753176841650565937900418258052890, 66358815412640706367460802563689104521873579156139819186907225401535575513011
16993878002204486980492252164304010071328567744425206294430311767754133314954, 9897252104130227197830629789642678512671231989216610067937091435807883571851
54543033757698264217423881330628612650403926766777280198910018275090923202867, 34628067614701866404974240940503694775618653880651758998439461451400296313522
10547801956527883639377799952069302373396209677878800851352869786666268111675, 57578176151874745944900027680752944572116468412730929662878536558575646982245
2288812732096532953564803106646380841247487091537416459366415706446742633210, 5404885608794986914912022808699829592089249597203605213030615369238075300897
22898774095777839995790531327036996267342689920461379113270331136698435074446, 67530389764898663139149554443889860097091855122535615729010272479984988493080
48559610697276177641174601463670103640504865898330097817753804944806248113277, 16844343287622997841338654319979106381081176736620753626998913257463529294274
17304825025582116111399519556966502323502373112675940074571926033299353346796, 10155269890505762131291427629412940513429912667228661943332420072798822011294
28940627811167714630003657465789068309500272221079843247468995459958531782097, 40554810726427014189082269444675331760722806428383568055606367773132776282325
47467854920305408113382190319304330385302955050517317041602552518750608035839, 7772090504653595725906189995181136346190253684536924596124501525528121174411
43673882063934388854888321217724812361803232033550762798194651092358856789618, 15863753210551430792292173647850393780039407096879938112101843917599535321019
38356568572001643723257923303688141352406800486390369032623044454226100027599, 46431038528883577098470391315406483581629932092222802289473445814203831939517
68895894687927000937441637657720913336514602700588877983544729322310882080058, 54405002494495540052096514222025939144583047230118399650666722865778099227494
65647211310518298765104031500111031451738169934586881714637213162865646931049, 65210503675515349992012618518712327453663966883861223072980331720247900504685
76724591938976179923051118414825117804514801468316684055917350338463967161119, 75871047688872014203402548094316733518840975512160022295497777729863936983723
27935301208941503785530505026809278121792894334223446209290068197912955360928, 9511945764470644117933474728789123348320556939452002007496222190582048876802
37262378042208112680049412148622989583170897104176169875552363202316101811995, 69040466339149505206707904184447974273775308255120171680443331839614386905716
59105782404084280408757539052500502727194606288321424553730603447371609359850, 27672903890223460472598378147804000857066804421971740985156622845551080328519
12071610462037332673439336444968128651819757554269205109171512531239582044181, 29502678100025594213776773804241677613418266371145585435517341760724559317346
12306038437684485965478775046107962956034730413798872946804652744887075652572, 13169736215346814224650680145903791846212241793188762234153324791121445925375
26192488488863008685460228612028751353022138428935622725030677381829995341688, 21599505810714846365692486747629382388754134455713911534411081574189553048604
18761842889758074707729143885719435385856046228090366342291709806767607956764, 68368199118492432883346408164954798488107731703772986996253672588385807033234
70293007810947607526481456242634240277907509619574787959640162303001016124381, 22249932193650646086617599482610327606604291966717463293672849825416835570897
75353923363322102632450261377146188318991963448909838793626364830868418799522, 76192380755267305739739584467259251971506226784211108585054867564513721649255
17587800900908766075846124191430207169618479098408061064992265836134817621502, 16861812961332897722827803513834584757834653859220261500114410281992627930546
42483556427117482280603317061483135961921071865123401735665419787534537739501, 62236945735873141334260022295942605044431413301373270494677612211872432410491
50466422846259962603739320473401220394795736408477302534104339687079258389399, 46184489334634819833010158084083333639394066410077173227064755436649231663180
58460260631036873982318081649040619485420031146165926722549503837528154878718, 21187712343256227672843602855323378867545321279384737668889782546896889012223
5675533821310941822691670644102417697523307877121634960980440113973542919585, 67401893445355563266359204514196214941414155580075440336129192568710833990569
36037622303707459210798413458111447983586052529763510416427265433008767537948, 8229073167395391822250497866200572711836970204621916125495713008452435904426
67903171714424914500157389674465046504133763099229734411141216635132420739919, 16702594222883728578094084402305822614516636804114723959182116736329255242717
30229740769690359894901708637966330303298438716572969823231505205794724404983, 56412013121647269999493803879108092310484910955516725143754169043785813536711
18396617198764013676858834754263602069847010902277859916067402082736093661190, 68864823827701063524664723204635754045220038929069274316625909084273355163561
57393706844237470985777508580112078189496027875294227244029330929090532134857, 25961915576950011180987206250048915168334605672665271514105691321213381131536
65693108158884798919110830906125160716092670640363710296389064620628914635476, 59405881461983745515987629307504187738694089566377251132762668323666378845679
3620322398632525157806758295175589833982679355832383487030732150661837673497, 39704022894785756977803673226960179637828889709421938287268792419515669484841
321306867033862902545246951081329139739166644337588118471610538437925922235, 5090090986085198537161612606330737974877624281786559062545987580535312508255
60673798011515494993173166575457858244012405283246634600591098282613673247194, 2497508144326218946958940902714560002443393848755620202305638145613900909947
471417995514987925071003913215200820260454713411952711021537270848094144370, 22675147747997417181218449509168701062329557686267565433931590010788964074398
50128493663434366082935396885315198291098762555673460352868301286338736616367, 9945401340623011462090056930468587039535897804379255620811364186230465112005
4499481335133325517111080067314690443136875678478856143866126849579892984061, 61164533771580481460062860889457625889088948539898894500126426113904505436747
8641881122017418166881185357542522131922333683995320209489847011845137637672, 75288621964802108791549836377267756193663166737654433871892995587023692950640
6747485803310272042106011953863710414474714175772480836137511465458926729338, 54374104607462524663278140182732404125057236945197242386987015586204638043689
76050854446339268494991880443753456674067316458784850441531013958702070897806, 53628261620154329246506211832113061820592988489643153723919048348335471968377
64634018537058304202356068229653627054497750621971639655229565994038591271135, 31828876106886023725164411106272514712597276661582709072505782615981848661389
55943185169032074954445748547909989729687860103001477286302977690222572931931, 31856273966352284798300092970929139549861064194560389509975801668785609001883
75608456556076785590147146961019666230073061334026962521024319140288000894111, 30947544790333517382170632705284071264907626047552809637689938725610777092180
13575109827551982639466575040721855082751286813498263504695878702999958485824, 63321658515971143301021775263295908487236434364460752172119863478856161038171
4645408587448020194538447265123347106408916257397199591195051627345710000294, 18499736646842072773994815025870664393470905984140490909272961516780485688541
53616454685895350944225505557068780142613025071101966109407173591372104325815, 50884846445431746178553418049077944445761384973241610636039424769398326787656
21259825960398371034914987489528456864234354524313740976962031960788453496198, 22040263685869230241401972914150227114157399774655296518386416193288244868908
26822419976528915236125888450237323982356808012077077782935675275474584469356, 3403973697013698554552769204775170204467661859669281226905135097176169039191
4652979742047219623669079460375342116428592082660475135356863052496150814517, 74005106204183238954099414434657488769339044806998266291337072729882950652070
10676084011750621769378213832384272641384223856233493965013096078533368909000, 35732103490298728573486439032689286547823951422571035984077122497390372000592
60148978503016033599815079952899371114753383243347070906737095963700111947875, 19660869525527100493363114011160290620681931278051701928156378917375075565023
48600966473897534267896308687888586514996270663431195177920192610990225961778, 29540053288580330538118014884797962351836412553637580089725298880385500073306
3850314577057782664161688422518337875261517430600418209515382226695551511299, 13776550852603273607128951174295323479190991977528590173310076411663439058145
31553281889668523352629458335915553383832190574293026602700840719393466281274, 34657317041538711603604592646276829813842818532911406691626391866294913141610
57432843423416497802990436932078340481446985108920318969681983222687731979023, 61096753211821828088625017663701149478627635620001011735890648243502136180555
34863133683879751683989588471217437395318172333889324445653802766442258360024, 51841862433241805694627032584936197421576258714910842903310656840645850119510
41184028435498740797962995158472992862767096738839279437440552606013143878874, 51619903317688866168928780774880790902224210358733465276026761650502218154937
6273476888715262882918666795503714788740817102142964751030616048716418263045, 19161654649823695934679570538316392608586242886373671583133621486547435203257
31177120088483445750997888989751508679464484025066549517043301436668950093552, 22125251723007279360755238656774700722892908751711997239072463012561623762904
68748923601787139489399489822729830966730850905545561651708850691098900990393, 1451141912940895771083025904433657584399006002462324262516264709535468967192
38746842564274366448810589294993370763814709430805819176148522532821163937695, 56174867064322073304635603569476117621119835750652643980015405325792812386845
46904676462203221751482797263701429475067448052638424118566928296661436795075, 19161661223416406110778389118506071629255042787477637659505400175377911362676
40975357715163690609505536162915405399246263420846795457458916198893359213785, 11544090216777990775582380809589306710160226287570184995960056390361477685406
16113493417770424226266171332977302848964674755288834107094613957016470983588, 60821076318318476018946916051722477413977862049664385899851604893291851670049
68896639724771126024651439137228511475838265663451252278508564498766505445692, 32140142980295778727645366027487691027569032370227860439844735920643381133749
28849632307213937362405417935333340004798273410100747654077479028372978590761, 58568803842159137330048897946745286535884251170143817704027961990748328697674
67403188065615512680768387904696567202916300898494934749802321952134068075924, 64754992016843630009202127256384015144067518043443165188932242998663675206151
70383016895511515143428265982994395629438202455516876126876829979743970314790, 62524970060165098796881633684788554197318617275893274541897835365160814020045
8008691164786261438068705156133681262264183215074739197989173149850945316435, 76802761327029500238959497262643328301623929272687729756984722555619790846609
68302315879127790725056835858653573707659615574875708105302669147874763923098, 17728737754315752190820660627093094945156809634121689276235935392980238584143
65947764532442887778460014966062058309246991216347300495844865749847571161868, 76573130417039200668965593936675645737140762533127195217439957693839672984533
51015537444918246942091794854284880020036890267569887304721131559463855700504, 69345670950419508898764677771252316235032808352946393904413348061445595550112
36836822491418671925257548062310251479358823731037549210003476590484779378015, 14263014727111626845386661313060659842060443204756493761751941850251078418629
53889965454643577772404830308308679166946978919270363178067912038334029014335, 10355887219724858715757026924931655996098320962975750647678861729321484911618
43256289262941453854895732700146945584434947906777299358931600680726237392706, 47507447468971626773700713896573591791884824586437308205053529569761993217306
40799366290372046892007089155944722497044522960920607390184640843351878537936, 6623033471833241225353448012811957504622036288301924461538704152406350979459
54066873018312353380050274152445328649900546401893783466057876118852651213470, 49617222364998040869106168399050425984163505971863899262182562906530813957691
47932067725456763167501626819824054340964325074220334586877332875333971607173, 1547458378063126176395316837760629705119081867405812271359750320433644206413
27650078190754329520052979477933661049697989492904684345665556970713103619253, 47743538612322444208105318514967845522158561321421938740473261726054420089825
52747351501865413390813087673526035093203080197233720320330010900767520850331, 35652910495940362562913700514619390348229344742457377917818671924251027474056
54439819273435742111531027675456092393246855812120892322259407247961027544503, 40939255487578692874559276100000374369807772802822643784712270662526766412080
26694533862528215685127113703641282534460057691026042104300513829657015998987, 3895187737285830161210950150004955570057953125110279558218244061420533958521
3545517936068991220751856996908089399920963430658951345334813001572736601079, 34925715267200932407292002259865636462299694957443408936890758148202205446775
38986107947628949147965600650960753826870303056406623181910774252200622169086, 27853738011338006632298228078151757784520833834235673489854369846342996990205
23660601892722739769821637168334218326860233367889695202121646427299531372417, 45932410431503162427293296969090463620589362290579708175920402884197421170520
38910256930455447245229042756106404244942892763391685514400162874563425220167, 76827954203667981178642318200844877246172435631452019430231124312116335413455
71100108298416393291568269719094889863812250687545741335503035277309396426754, 23054272558174423684415899755548868096324404675550137620505644564919423231426
39529553451412958929124397199032450470636758542377708666641594686646700106267, 24023701233807134327205447136096764100326343224463747009013908094089105813712
47184971404012610207495115892505188062812299092726011107927737252132550278823, 50296383461276526341278027494308073578606456795065020405869241529048164882628
54384576479649746183954653151800778746125826837841915023816033178554930816783, 55538403011172969165075959860839393930037086922986438205272474357974789853503
18764776573781547431718929333830095594278761879174147505473889950382414213246, 2415562882902191688638812609177067966929543889489829546514491346021660069141
30517037885614946403203836300650395105217727488609835731318046960358444657396, 54549572015381375876373298585876899325194828836338103205799647494307797291692
41770909516077951181489299864341442494359012742460886055821452477649480050238, 56762948346171734786525122818193086479308722371854134263276229282628982628516
39183182715542787895740660607340532569612692763297321008807171491254650818919, 6411434280847278093819467353192225564332357924573382343398116115036635654975
23421409463271646106279206526504640709921832814347456229375325711278399481314, 53520102428309149700057806613498365318025928889470668751899180063862294024576
55823196444412534886817567441676349736938890319652938755321634047979923638308, 125342959227723870263696701983766278286959065202217400530046496655365578922
26031463748570386910026358698398741069197262701315099372063914343898433284631, 9729075097768846940007096095230748731466323968043652256557812963517281992991
68486546379089083811614862338943683916834929915728879614021334227588735963838, 39636358632505678392082938236678248855786227789378081480442563878234890344075
15001087123070197656461528495734799993278855300653946712556592591568559959497, 28271170080843545887433482541685960247414910284125201512098349391263913565126
2280221053338104748557861787669671987521545545931891828976085651905291686005, 20631498456079242996623532988431247603012546293845083841986834519701721116067
41047563910025905732931791720187743271533762744455956167701549831397560018641, 63545480838962412043160996773231613363579620606834446878808218725425622775180
6050557987953592965663976263649361995505945222970976108021850199094937595649, 34875047028851182791992569700405420238385661759191865842867546693814303399557
5869364859497178079478890759335331250624277787676999271096001334674602608206, 8018177456841778463202279537800377115011975942593684508702269967200583463991
63090159602993109724104345439823878834496935830205490672831821902505923979477, 60751022127264143203089133778591698860490530241822745942492514118745679861144
17414869261957573327423252763596815003101326649925480322555119899660968727793, 37963923296830962361447011545572705642595123809179031184765169949211309221148
28638232677656669376971899234933354140679190391247785231878432472578878924466, 72645835348239641445083906214936643528479059441359492695709587557406506362126
9531897108876515149635981655780418720606687803201490006055585065084047568817, 34704091887073540828236776384014513874349034525772431305930218058871698221768
30292718434396940382507969715682389621276732427273951167244622494314242632854, 3545706238567234930438812499478649122417681089797315619945443709946477287838
16737139861805587109929556386603018569512808113687646592490711956369369484365, 20322434076218276237953220855008592547841665899080644889919756686849419476886
73167146794075718408844564801438782432093827207413583454823191375272842812175, 25566853531532978696355209452090792525347508195313115311712474507833976308419
51817971845987718957592917216862608908329592136267675128372150837743684746987, 41804420015775591435007069751646320963347254752147924777296295767109876978075
62484627631991912182024763196676269720224609547029239942971620651226846265026, 65526962745768902240397069175074746564586783313424984616361569774707176579433
301992359180018310915843707123621774398750108312979858847049779933796315587, 12104070020944623135598458363893903802837570623850756221285141688718110785592
12134301399518259476080537388521417955213077442308606238246899262399218621578, 72922611166931166059757901221893432675168472104913370063403811555950694132333
73899091518306043388443473466796287636723642512141199856013259347414706330112, 63207672163056090197683605377834983885270121945762126079607409699922909999569
59847873907381117868633036583041682773645370209274666036335229607497024867731, 67547439648161496199522814198947101279123312995742957305963111462462382762671
69017409048586041653073823911064232758225345638633868060603352380594308144092, 12952276870597244369775335123146753964765450663977912429926249669337287609344
22167636498253952543310409136464077270527058149098802744073811539652891751449, 33975637775376708155280926877992325666155029516181606720939932726775626809380
15570262421054518140928107392679661324581852215692192022678206414114954091527, 3069525693056362316353616219709348662721525110047226895057647183042353188808
31957519057035002465567105657262239265965316583608591984034515106350924859528, 66242306971076257697513382292480570762703020450332156720876872429864468145452
2755619879943519629246098671686123790857798083477937600052484876436555113064, 25413160299356549702330457630324677518451828865395438248276427229124728683466
70296517671706488301856847755717864869499955976276388052828233339886215369449, 14240287296870773580931065072807497085091562754426838346287861165485016613057
52284783708801383616280073500381531260061814931231034005874332789809093566858, 68101353184494269287699424215702123569922580048459454744904934819360974413195
33270105547811908869064030415727911700677884226278176281614460503544781993872, 15617174361203287241880101636561097444813042384375406242922160539415872162457
36387497693428358596283078003269860663724070650972755395130372128704413982046, 50087525162986144874328365693712305295094561254223724812999708199077973825825
30821423574620075919251845002102607502274303045159684570312221097477471060449, 34293292874409303460689873949711760197086269908158242067585533797967853664952
32273092009894803181281826893806924261796626356421822666490883585619033862221, 12003459108204229332656155463615997133331930417306152926470919431251875689003
