Elliptic Curve: brainpoolP256r1
Field Prime: 76884956397045344220809746629001649093037950200943055203735601445031516197751
Base Point: (63243729749562333355292243550312970334778175571054726587095381623627144114786, 38218615093753523893122277964030810387585405539772602581557831887485717997975)
Polynomial Degree: 11
Polynomial Coefficients: [63, 23, 53, 12, 22, 19, 59, 10, 61, 53, 21, 33]
Public Key: (34121821796394624218063962713716540622528962833125133770870581734448650607087, 33251232094895474931417755550243784459979560863531811087071261598847263866942)
57657551431857903924206174190967637063275953075676385148757266997272973402833, 4095391975022823364079483258186063623747635244989939188883665496455836291048
20327407894589598314189381213475628440590647126410647825607509889620369959796, 55134777248931537158248026309341257144455231777868550390140687614429699935109
58168281227836961666300208802308897546692035071820831019197042619515309266352, 46698238216147894298908551703638818291785877905536231552813284844888602539359
49575816952263050328663716899487770858902395303595683246195436519120338709351, 9405908010345409144706742989751786221242168135518676192737494981767022325008
69749257327744606238449021050774436296463653340179437139802365655327563651066, 30088618120675184757372381067856008725683256865315781958731440973807778237190
62927065163035007960858485320981785534040576910125691913556557494894080407582, 41004289350296124296557794052305353885534349439441536827863421263454707988133
30941985636300644843656164948001898427711544648620192292071145105716178925714, 67652150637526211782764582178265374978860890919262338902021865624608978603100
20935915902609569952327856163148683424216302202290396593010496350136014356890, 11705020401975984014014570592723600193627580692689293793408611274041233889325
17545091355125361987093272388151714684630049140160160124109364431872557833452, 7244015453861609875162822063494086715804075164234933191231659235983542623678
3227147205727843237942844104385993007743241510739317974101182989349706848514, 31307360990579379629214886471811873510797707229700643033820404479141712986333
10021533469126262035112014192450592019769493248148610473397522232463206042595, 46699610133025236649620037604900944468824376864719358028024274003980717159950
58287395987013642677737876518487627877200814145501188510389489080911492568798, 38952905340506685531680678443936453949785818010274019353178023860979842520475
74077820918272784997452181612369792455458262196012455436208122394714409019220, 35041914598811828978696161627869200943037343039711994658438028223251376425042
19294166082354213284447421310906079404913067981062557246777484517124080531273, 37784446139150010195680682917419374266330693545766933661076894839807390671835
23917418927731144160822101669641421170124835749450313629096095413046897891042, 44191113412473922385057387284437863057762790655488332991718330602404079487159
52274638649345207869816080596919388590743929241783423465806804870064203253400, 12252208909280927583075500872482364666501192270420024733864781211771672708943
42122480267975953290410438954690740162005178678178520671772647489032739640294, 60637036982246558781981678926362568990533257861143627257447846995648335062519
28395307445754127809388291506686182348416434487862653827139534049795979525290, 75199974680822503431400037999419117804893360394577140250624805721901393740535
73372966204953006609871924456932837842138995053565921356413406612630513288062, 54196911153837924867312748945334445985324905883550359033618970926938486040819
5155744382144358059958239200568821405351104068407802629924013326297608020951, 67651187603188887043911004071107013533481349037504095777989236472840825914159
62641666815573282851319875996633644472645726153258168228917634812902599310300, 11604062707704985063876120263468317807288373698983907070449599938102362188784
8316868280645738968053478314044852103024910477643507936951032979031238845838, 69602700563440630159274571922942467304103434984539870328913562433501456911357
34149193597968775909388699121728645176658199430066659043550992703497961288112, 72841489169849173993340199721946595051181997571013174287950206692619997705242
73393510834968706666103857766440827798070702449129637598446775664543097898545, 11801532962027428327144477741813095913991170509928857057541346949425774269735
59232614170922667829101337754944443620956322932098620125635166724597224200100, 56498151674198832147063142900690093412255720648903108052638169517951003772391
19004276917391876724165846084102507806251351436382309765261013388338192312620, 21908797884881082791936350369189670035277073045136296870291184611480190777317
58879473567355255247261014337108838140288861124973516149140904728732179508401, 75914165278893214624949641692517730480428768855549989323551696245677644042421
33145183907076332088041929250990882264314136607400146522377637982107600156749, 40270912517140373987191612065497802589337866700700540294279740629464501392937
9393868520899388170435321900349407099199531024066321127065801611851020919779, 18568718668010378969290351885494340339168630498906689720784566682501092689495
54899598983030342916696858744942403661847857706836736441298642021768619313665, 36747320170879313217815626692636244166806222126320465631752271983099603288085
34613348010195273256340046068552099912633542122855739260559488763095438786050, 5453983029050245312810643589109248940757752519717438311097200650138494705156
37099866803189964825365467309032818189069428459283752154846071369764392927496, 60996744949202916039872659317279507210504938309881017521995204587997889943323
6559130997191512809249528960243699481802221331543740844301580700020950847952, 34445246128009233732409952529327323453469423314822658159836175541935709350032
47336512584949432321286837317800820022238091521492308112838708039901492251204, 5506586174902128052880597349643028562032854669915675884060903234207997267338
7670988064046666718467759961259679102355767249781183450933043482076784996193, 32354691180986862944052654309714149052645045586353058271366074697126719500179
38392350534835105599738062319090866578487189630309680913229650956158602142871, 23347959653951546053503515398170522392022516428266961549194433119862383342311
25726127632046231165654113361261849741792800038715042363245273226516627799651, 35815586188069861821137197931274292565830389852143301673381153916410693734823
4611662704930113436345175922696512709761166744493582000794040894185248400199, 29994012260752589019116280693691362355592966356919401561268706961134491481816
59977769052831427183000291157253810182786462531526507531768787779171799758927, 73854952192787919354812687205044951389664587557589474610259575618410320946840
11627466659840682648728149209353283122717789426217704897106002303624090048677, 14236225162592637420037156555836208502485171527330562515066046363850492589467
42165453557775439973665057739113543990506786656887060903892857120788628845832, 62347499779163071245687206973360170489402864362906619633941022240522496916374
20682871350936701171312434325099013130708845032349723178671103460202152173381, 73835078212877106399790554914955060023738021413932273799269155140704750500806
39396828251744745743790003620502879260116117978254943995504604740231484741213, 14565565790681687854024295377548941171056464063916827261439088670722519909905
70154955010420324275906083174114813061673537003105799052144128282593825056783, 32074666701477572509995335608146138848571419260282402570655617430813230956045
2596639339197826479540776643026037318108300023241760505753380392503568977754, 73610464082392358382106096266245179717075530300012601534925941226090568610054
32497999202426872916171728023503232980493900926477520586048014327082481378191, 25821802240555261695600849235895262338403292177684472535068596554149562492473
30745361250909709676198050555350927555505370398981278117755519981495910899071, 17730254932814011225522803800554267082380175220329442227438451421214372008079
15498568409884764029139015864771328527099729049880360979835032270271039751992, 74774417983376855257917586720806364905585034448187867255123858837122606372152
44832821670336525822747814474951813255361696582609964218280168086034891184533, 5744180013849124662887353886148209295828159357613400030771864945258963469091
28848053853917094139171895692697308742725211752172551947451385626592922403306, 58840103249099943889392009360100185347367139107150965880693410181525207350390
19924616900491422286544399751452330314103314935482114737202294707152623212962, 75044878607224866174867896773532545591890103604013289604858545388283188589966
40835483430525865783367111900049189720685472781380567368710247678876847233734, 4873310894055591203760636092196423485336016154950177474476623046982786591995
45245011802007535736379126913949038406641870477686527845640533983796454014271, 32354778833481022241725603201759735024642147458476997203022632740400874715597
32922472868515514721920520301539487125333201854064669286490431822808836669835, 44862976963815129391345245067728973804747885250795370624196859964060191195190
822113690682066887733978987699124486071768209924033331009229285469639885968, 54759519260222829422053450969205743933270717182958853099521524319704444095761
50581602229002450029599199627960602182844785049080057718184975147476044993971, 47928740155680099942655050658978396630591641557719580578144110464946644428596
46589329307423645445707282654776565001273985480852370381383244380087775169214, 31137526996548890958424585173203922889262862720007370797929603843265972439304
66381939513824929443913884519110078538413781644972372110673219125383041111924, 71636556878652670087304389290956782576176861505294219220660465111635605626959
58430289627605204471422763109348391982281003870975796390818483478374697992275, 34058794967339708281487002817155103808737946491538772560440065584217615527977
3414511667401516656801203602936025973280264597004206835529378776402122673004, 3917459645835498017153823106464117264785943595028775040978696742964418913238
13287174694587414160108041761016429862119896614136072057060047223765393131159, 59859098981986026684130756154700454809345073450663670651855941149361625114061
55481887817461816627196756767350903975984033400493687614375119397855272261441, 76230769009285819997647257708219114683690004600133539271057785435259474669613
55624322204932662904672540230607441963478243484363452392209223625287336183333, 68009620853474412353293242401842593860628817241563911753956413207547642051426
2025524983976964718605291472442486454558451579341717352431355092499204281525, 25149976113553947965392244320702319497203823988788899123156144682867683423959
49511306285666372167260264508119701947946194033488557488413541628676355040952, 41074991163127130534384848908531053001292704703120063061742949808499500825875
3847165253359736270406543671517189425171718159347565457915015171681778927514, 62049198758266766984399424084875927706094618225843836254694524149257693874897
33886168121031375643387178703557268139170364839430452256262309657742890969865, 4300332406006202227203129663994334075875949025297575495937747700272538492799
67356355374521531057432131756367726483767873314480363303156784594132744778526, 43220290235402103562399908845510330456085029561851237529166279572646506262397
30836997948231918136728667014218766835246927036410192699113035008517825558620, 36602921081688594753447375475381567635414501179745086447935260990981560059699
72539610453767806462595781540111661598117007400081359145720801477300064922569, 35219857631812021880550609131931972762266970014201149275012742713785634234943
71693105807277299204490039790048502204199692743588428789587042014727820140293, 34279470910136097780558261299655870250969032690265649879401211745419441503121
8405655554362408299233145746730555685197369458359272500152537560454866916026, 995142244009068783813817521892902916807169104630639389334815075269026524872
41852179254797501006719114878888056059680880892748310671320578650046578229556, 52816715738284086924601421967099967239999732516794116873446110228043679511675
58299195086025315541830893302561829680387360196512164178538214833104470882006, 10674355713625341173162245407840036874403108808112063884646134612820550684190
38510837297784217759336814373436419419764027665065817195085987844176033728238, 50025537614456971324884079623711027171479927376034084651861022621757269351824
1142177937177152987556945476221436367346625599532667604431817427110491035612, 8947060145262543647013818400017341808274486792811788464328004890950620848403
37133819895938218670741229601255226204378779769224841037056830382641669742847, 47228951677572855196753848129861591550090732141783783658553039148943694128977
16315175032331175154246025539243798824694263869114870540402471122910534545427, 69376919747508521995375006640764332978499718217575952594708568808595622910793
7488204990291243608710287018447674691451036712897439966449776583538529585829, 14854833619198541375432520930759817886695576891788970529460674711100317425309
11483968018461547129156248009732648796027925299175249147358108026062818671541, 11817640899095116227222301839481288905117949179430062693687442735290762044408
31727491612282163408235900292252140011087177313851518676090417862523037246185, 10559248048387753673457630461900315762586635455695397979136148203915553270255
12425544781649532481282218966523191201936986137621203020433373849331701720274, 440810175978599966129232159365656899175654769191886744476433554226234039262
29978445846822173524760429623252738121679764125677292081459970991533069944205, 20652701406188753366448868561986043472251644968126882348302299237653963136204
4183882491965224745407431426627602660021607010283910538744341278513077268316, 48570355407027375830067119208568416350407842869621775493796909718493848278014
64695465573857944853050533853248950771823112537788038977050725729006989752891, 32243284048748001879125379287370870078451301550892981749303889826994329061746
19525733152595573301565939574493606231983629805896186454104820528283323766113, 75734223187073493890416482632368987638863048037330202919142049756189767707718
43976110565834790777182464647017843870506275656482285696898966761872148355860, 4357987749859180656093445371545246466866848502813214835224213097235121896134
6318344363462455431879548400719806456963655748937216137337406216987981913485, 32463174421986722822603127829349338863510448045642160325922628240105354645264
53810297380700602497174202526682905987474261881841979911827474104288654825809, 71747115033231451898556647586521805633014761218783012960654516700547173988121
53316469557962374132076442731081484509534467280336819686788618002458706450211, 26186147926071785866466922097261469705269831488538922607368278088191646028073
15226615019155241446731329485038783239912942145017865323097058813696980887760, 53236932471904663101817121905323192970305539192414004388268647767976378322560
67006397755662984504620562727518112598088232671698528304659107557921451241599, 38677346896604659120893944859567723255486411725139188371194990374111975629836
49465332111726970344180933305654698974038407114554830838338704272324966709261, 22922018451917593684354505282704826409948380272403399387179452009302712701112
59591791735086539879645429746183381968979942810263224201561499278523889768594, 38248130461562728381636149850839874162779899300957974940537930057463390262915
11626385638332097735039847813600735101797098620430780236593557650777446234125, 42239753872077517287436398464584395096391819707355087885561414323107032911102
20393633941644411320652165239813771785045521668518954386895775156196489660510, 54343524372276583338487492498457286824092216907800491686327023046400059806663
36234178912301913610245460915706231083664481726729788744147672919721770307357, 26511810518274937699694414535936869755327645596035132697084499724579609233572
70517746557468113909884625727322255923015534112703691685640577006970407793151, 21153023781184867556886153923883844401212401955899169346044290963320519400955
70977974003927400678278680768031929883099360282676028079475870526946096897345, 63411049137648156907721696908428144557753114279208628960671852318759462281908
35600954684177982682122895176183859200285133989132197508317124196749446621548, 9963833944918266882323087562851239383905558301826132085942922188491578946049
14760515518030004346552684418832989429471145042578226671865526888761152441585, 29639606508314246607095638134145799608506810927157067435447523099724511844450
19530280524760169035454013723605654362643474134809967040967692155818062718532, 68289391472307184731213678996460096603112644389275197211241652950077447880885
15336408530316567582376370772824913940159564083176200250037504720012836386902, 55057466124846992748826351400884151306116737036764189545913643279151496516017
11780661526237744304003850867170751986923620460010797871339457722894556335022, 41736713490042364224949875777672150417564758798992121978957980781514180054679
34739889943803615537651090220588548476165750422767422034380121597774970091678, 27312651548555168658582435704138440125788158888712399537552593588436827279268
34185509114764075018445288313611135097184654772859025446118052283232499358663, 22494788246136925660507606015332836168733328909225177838532683676281650242068
11257584495460652323014691655675285410527273932966956472059708664315753422916, 17032401849133434308215266809060456749147643852301349205398939304130952279633
40658782875276086571962077639467548232050495896729069497630554543773965385824, 13000861284937640297059208537286586013904309727384168418349558416459446919665
52731136857380128165059196619350515862377869279635472320540378016231991245602, 65099581771043180025471763601466682679733824698060618009636638194766453587568
63807113782007560834832062347711916662261348706740670316360938980515633959586, 59871752306388964375453654477389722805714840272129308452182339197006443642758
72149890176651420939748070791633875048064227746326769053643523276597661512413, 30519300029288289829757931361664310849396730377153713863052606549782042714173
34034913136803779285369246737643996039880786078778129760762403150151299519287, 5713321140277674372034482806791969478183206615557072501628301840009500654239
21829479741397894673005508444472647067760700107128811265061435805186039425435, 45213305284303316419702592084190453092213613516621197519706290361094768945473
2490618426230738389461214434955788680379687489198667311036218400919241328297, 49464500639037166589204877303026905493130393972346953669916759932143416553006
75346212675221074664116647292023229074958639330329269209081966255136437748439, 4894874971621526112809036807323160563992555119419106082882731523952234092143
9206000213237573256586305076512333408663393677976276604521945551262102734878, 66393308657227073652802085640917599380011235681370591249434373232338465747229
76437093548205294212719871916180563787344846827956126478451676816461675236299, 36543645584297751677118307229978230355433892786552043310887058294364568357054
14073670316965749023074971899113123089170605256595427794997748762126044854487, 13093013049172842659697298559693072792694546792026869758031525777821792321680
37888291017561454672252590633099421686854856346006216196306140527112723910798, 37326430078273220395362426239972520517626143731681803985656758380208160261567
64320693027011667870508771055806691866842222894270815755868186651199056321907, 3830517188946596999685287126257593806504212021853224768482880826384215031899
63109811557574807238149666664323599524774674074896008257862950439068015938838, 45814206323602858160252172245649642133809700928026706095273603737156652688599
19431865422571486613423711539036725045045608919877654799359782365414515897411, 35239494615581141240892919047416096583742961178060161906348931762401221112261
60574204733850980462132764974099756982685472874379383413147311052989234676270, 13284898165079208352272209163352387888956978828290833524437058053837662917400
12296484538261498766166496697552191768690919452962340036503854409514659426300, 51539951850968944673825198457592228711493172449414296139209144246257677236543
19614489914307339356503252157479276418620017250809299345483880574018117655681, 41395156225595978893108923233501062926339017629696692123859917467399335836960
9145336003796253317245935780119567327202674902057015487203382083993916293076, 2705404541274013634563554167203219668949895350046461572366229102952627735306
54838594951157075942872088331841684061784904601187838111631789623341176350595, 27618154151581179526096815820800892486678845732089144624463156089347453477640
21060223359344966614435887756844309305340685209410614708426385981823712287966, 53479885268470287587988262785994101583236709621621823479389614374828856330786
28043075764307242164509550543439474108769705228236612666194479355209903771987, 53636695961529735168922674715187944957821163859067963437400182793569652332335
59586726768604457195975258604432287488028059482259273510993730559403938911770, 56027367312833783128769435373937933700088176538830744222896834917545519956560
42165018893462640495414931482648054556777321075419318610656876685286625288327, 67938573700815895512594711196903988265405700332127381689905228316850179267293
20356768381880838460250272683563291334799519031541715301317149415677850907189, 51022019581478836190846944028707654228278746808795677977346811881576915907407
26263251624178843447268274172597202439092748362286403675950185219978269372453, 49958383737170660620851211861765287997283539019227600440518095923503108070781
28483797164742418362532159202095627822367417992420533485177664177999807452255, 16120583297221594529367483780114712748779691411924901075370029481294974271321
36654694687673917159217253996367206068051819633183436584674355768025167256641, 26525704883175396012244685627643255286171165584058947407477237976726395694562
24423076171775913520273254404702155985825372989674835401888654696312405371237, 9620682463394454183782628246355337826448499203333711942405278344250764787985
28904556993056578051448192785530930229021462207874139102836382004144775262500, 11243839693883019215073929506924604180960784940663857758210278381987111085024
56955411748457134418125940164016753167379867622551657376786152176011400202134, 70693736343849905038820516303746012662571093559128074704649863252026641985568
39147651426453182707083544770967673049238212543595936228813171060771878776904, 36183182852283872440421107753106193851657693338308410571204662980648370653862
75363876107746048328929959927054023043455279975229394710703661993946768204157, 55126801675983570960767725930804430530077346200952715588678331817887417286338
40684454036336032988585469432081998023517885247210016222338462475750772510445, 43303688252167768681885303095047661796963401660330953216880476149938141135149
32128204234419930772718344294182041134839853861326725392672532307730532252602, 14933904998158801961216649289800587861974719613181671193022472087332832409161
30865332532240784724603924427828561950758379011764220824542124674199502458725, 48238438551180420921383348787809667953573718454489953850927902726896728886384
30878928417134983107518491035811830051510348809774910904129010168668139919479, 52989626914063640653689087158056298963057568315815530721353152301693295087662
8827687857028842525465546333303029956047186624370028504614860459938514599275, 34601242499675707149409606198958045477749954477452334108907074589276234704710
64852424957504352079358067056073004433601064001920214274050090019599723783064, 5615540657330598689349005715749303819772811369780357862997982508736581425148
57239858156606021640181779789277512803985240592926882375100389081173018503186, 73026298623146698571309812411691815561235797694202473168193663870666221959748
51580211699459299232403727925265084251218078413511600553594429257419876093577, 12368991722902302213690834974764903830156470020264811004801728118091879227044
2562099370452887213530012005518976514829429750545805790461951524654319655496, 18062283190560445805643556669965340992078295030283881972531559709546506648660
26622517207747255639225035796271996367793894132915111766125936456399800894977, 59181701497504456122105973728774127968676834997153301236098801357316594493686
19791090758757847495185611775900320369229053416593626801065822120495338728347, 20901467463444716734679518979601236773625357089423013155112632639783206212335
50392828483069709440677662411495701030323842722074498180337963859363752035910, 69886124892867042136613692639939388132789566782440718713155171635540383715963
3167200571790280428572055846804716350761279042381074073389221511705211993225, 3994298903359524187566258826875407884104779862174184877308997797008312547888
12930384706411597150143051556193883709383049779087244427739274920990366415552, 53159932429036318195904087822684884409230731334212816511778475675410152703198
65785773533536875953952434654587641512375142957536507283437351633592867392938, 55042091485651950559861759904049769412381870353497097059798063254156972562646
59806279026615253672383904873990169610770366971791657094274660321829031526087, 33631975662047134926412252553565944466667993962159856354874695936403866381282
53919525524895981638150113339972139307323159939207595649988638565101952632381, 26378165883656846138662653065867808073941889756221374484813566024381996834783
37366708816322386495322324123854840462794660766943013159832751861396286185946, 30262517783543921634753167923445706724266311057851594703533437515760002346199
12946609824197962789968866713682045576017603227553801337313767189615475350742, 55637957420093323235022200503987886723243961273019066691173410590847361821970
2752588244567875878319513979842983712815356430873884080838215796730720046137, 54701448365716420480752332196812772389383572031309268865895388264242887906970
2731288587975082605912513046991384822919581318767177798654372190219380513216, 39375140385838954632220021233443374072748019279800331340818780850009556837494
41344103874307334683860108119905392660755145997544279667169335795764503325792, 64055634736727137406457438328337621121941293649255113999199487288987100941230
28651748127395309948705291759324375052563391648691148353069375648732611930949, 10468821488798975208120734687969720389660001144477421147225239343806234724127
43375684496481981362523486603953110573924883673017511275620502144874734727380, 67288183792035530505265789026944619654059769730667914055753365866660429277756
45447559217389870940012643315554039625338878838225535879363510007828141684334, 24552690839826326451113885939743893833297600309034585514694875213561350608998
17984773005554748223651067378898911365781280371096153785636973611269726552979, 73628212302318076535059876525018077003740277266831307500170505973340215633879
66957209708069607574585044144705732866183728890641503380277910765168824126168, 36061115299845871389191804299081295707601218908817233571239863102752946713913
35901641601725564465986778395670634403094811120186356376319268257937616314388, 33157945126192060433777305091892610519760270520241922456922827730836048593835
15375746046381511236415496147347613699109628192786573177451234323822663550117, 23918135858061069671626226132749068495902473997009402151291270794774843605824
73645016673281891597489319446492195759564818481129715430378234815846902024220, 40567409750775607099590791438158915068106874292096903460399980460393083701301
64996660135176787105242090770236848911787018717124182770061064573666730573906, 72916118702474989494394271194183573672126955746426910571784853234364112314410
17630385202471180525029518485393457826564449767435762198214937309043873929093, 35062289845012822376023932770335521416387529700168794343204766077397016080338
30265180576156890887276912568225688808608224581187139003284849594084012831435, 64636095154518159726890352374696537214520114641894685750165074611718616009047
27309674981366901394751839528020827688684832987714324382948505450592582961426, 70003792536896180637695617498660840086196339176036574139344983807364873533220
45562725331361773141093612699836849512828326655968910904628160677189498861409, 38564212622911087873722699418092240545049681832399434041262810026402698308362
38249222679831845583693294796438030402561858061105181019365659134744317129193, 49831589305307586207758079639096173800809728616906360048146778092548610148324
69419421961388172410603778005910112854315352128110868286733994196905318215881, 8404194797260577436773363321000970168168822300808816499472870182494108005219
19951373474003641737041980037846905337565613458554536110258572302337369821331, 31636967868594133536975921025400267076090603450741937728916649715984443428197
53562873602050343276606202468123689902849388026270597092851089639646655711798, 16423387640631878043552192580816871741075856392474300031595201615788157759906
18668017463725460490416385943733247011329195204180842771678824767497421822706, 72677690770359068803939514863011039649976965003574796670283610295949110037618
56935847088324989081481418087390520553211440540245627170731446482637401256381, 69338792520942833475298078517644957912977864871900355561532660792973188713154
71216262241040125788923094136005282539373248943985846041853324000434655855048, 16094918939128683547250789066853830414367260971776060694302737096813815412792
51939016481410176292242419913437049136061699954588723172481493796183405713296, 20048400099130500265064408177258639059349479296643954935501410626511202996850
61457473436662422841737256311877765656837865991749793966366467221927552275926, 58159207445285494485290395463342310162692663019167378377565851705216248294503
51040738068089058024567055498295401227612575213147519763786646216969101136705, 13210824214508444076898703464278811761158473300653004583065409987883164877624
37222691090605045397574593671140045768202123507475492482441035016048955361347, 55282646095607354101952036882970055632342862190923031539176461183643280221961
66155561477516230470663837843421947334559606035945999558984958391098650831675, 26658194354776313209640499178676216613697895790784368908561432899618557242725
19809161328781960960518709136549394266341009718865297163549261109819594895290, 62881156770705266101119876138846135504515844808030946879125838798875924482045
54736781581762055765936567164802004675410716952267571736033748504988764580817, 62449309425087316108406584514261061726159321781465838477683986959596549112010
62567700570233741147710252228605358376947518861552488012108118369381568421087, 74644038437924686319964537219592498053547722387100385566768955645798700257886
51217533493012875146657327165088769329893014004473970120695283987018815418414, 74934935890710309989780397201655103212020670212518690328086396461596563605281
34664420598293852795580933429680354143122028468582804804093237199304893516673, 16924846476135331040931786755939349439816885372383055231587064445632697244105
54097557710888930463850500434550604505210563523537499802985379475081095060732, 62459503764267230551881564033826544438340803062307799706819394516211032912832
7082464068997155491737916151020204291188301527779603616814966892310162530998, 4271660211227478509737671408029639530115193879990932021853211669886808801008
44246394203573567512236586535582214877330178747428911499833155338554629128675, 9827698794381080963878320069597898320294173740577115470282248848795218541396
44040667733813084690684187191775058738046935106222013711996140787588534702342, 74237802576664956417296034914150847132328400332672822842554470804130667181424
63962716563488764412074025277370835088824782424644027806582335914549397776011, 63170665980140006813086494845857087006274247569779845250301381088428141734426
24906529141689347148474845503511120192802104078913846985284806926119460312477, 4757529162643895181015312746000491824773015411973273103198980418182455512430
46720931681737566963072711131554495705357971111139039315952155950068338330440, 43050477359657007662002783476512852972450934678455730847924113751956542489378
38947074989386905730982907711958030144233090531891133980855198964207478207702, 67612115817919284605226949510993794438687578596218833072258494844835627699197
74448311341749182826512832060661135132598888459351237940657245237731699252617, 28205355549434054244470494090210597725125361485501705978369252028205524451431
50537220879528118844154724810626580144118352996677031489862978770944918316008, 38439451089969138001119054780442990777302355289142301652014163074242501352790
73557698004661554945514575168570300323768047209732853427933179578199733898523, 28586466545790298303714016694193238210872079668685443656671978582926353254563
43189735477389701166001241001381216744249395935103279199579891626719242732300, 46946990283346739780796428868888827433187106105203455244130495605678475361838
28769140210965882385737618807422690895676066303454255459985008177417648073371, 14696044171422006362205154667191835967920629739745871977567848138618794345703
12896812616732462076808492141707790263219344655432875474629143231818555480900, 76059152164536960039692676543567743379823618868054911161584028564839231541138
17659552183864078970750935193417779837237707531490605749444128398702782174466, 4920783004645129740699756740184641300611155842969561752254921040351250789753
6679282451069258083191673843909731657913815692748607187499980056212101135117, 49677490329290118514172651227732982304548453592452319106565023327429614851797
17770231803184038689144294904054897545704027995998367573057152194527292353374, 51812608311263605627007830600381397965733924664991095527178180828936186603551
59507856521170701865393867861687306159363086173113136824278033107892593625694, 46782203567346435866503008900588088700966268002474350320655031067420566095844
72919929810148014183800781227347105982078006645863029923104246767703060686257, 19179408713495288770429058828788832191342858073248659783339510971049988192097
50326572209958167452491728589917569680145878473627961041216076610426082380338, 8416943412282245554214495927164974787116441549250011907334654007322707791777
58864992880348878798841750236759882142843684675847331878556666328565495269608, 8821035523633687960350702102367824368512749369634331241037074858095493265561
57660676645682516275932943242268007530772623368517318095162793690026759748239, 4306229700120675560016909403404020600685895747151950689187038014780279152937
19350070011538634866867444817248029834550613136810343952378246397466423859286, 27754524391379521398010605172231118623044693560600263013091866422324160959272
64229131831692108913053993136585362720471408612607110016586010753772602072830, 35677338113045994916446804075984833558997955044546636960069469252701768982995
11019419104534430394408981064156625510777498460232529166714089124126004053337, 37113269125030870593075833656439113280050961783960020309198986574477846779533
46605552378452189264497015325834391750041552788317423368359520953109696202806, 67687743778142937917853450133264812357105584995907230741360255385680694806038
60098072425447965860619195652659956033990414244692159587104219325885029851014, 26444498403066279173270254956747182647777214672064219904558947150306271114446
29940164894884022693717980509595562910395717702875101464255051196617972989591, 51183367612935229234266641846213773329668704633992385732691041469082156780030
68325628734913935551152917958150512647928120933478721124123808622081566685997, 30989706680084024962776001401103820866711067162050097578504560096353211577914
60968283909538902790271080364124192870447970792413297214936080719196983817341, 75983798415075036158910805591946708507363095702913825538597109668270349065621
6741689581754686486208826070198143272860318625722788200825972091276295173157, 24851781338116413596464208511695591770290185694857811854666678493183592236482
21929730911769071388325196273808952399019120457716526274458018240710041816042, 40752569982946771153705204713562202874345461557883297558908088902583173477760
67994833316144980519144743509453970817950621016546780504040945479081741831116, 8963517619464958408682010017239139828083790714911267312308662629490426498548
39741524175500174277706929870069857106657163113644241022401574671785961806925, 45573004364018292490134235228567655629358611176861515082202110295790995088286
73894729534895724375688828537034707859090582919534900394659255243110597863895, 21134644925583605448106588920859828711178358395240287756775080678588615100186
54019225860199710788347382305453910037683366721177417820585059399562724732041, 74388047003005080372430084839271704302570912905842091112195777094276690287065
64623767489164301253542068743702372190482035854375830483456353732084377976011, 30011489035707017470235094231885756182235370557854197365651672513455124926643
11950549879582468151940186276503484180167922606032569439871474622119153042946, 63895009150596441153839835558855433067571457914344463361974373375643036282057
64710087539514233524522581397498702255838691894485242409301674413600722901805, 26012840567813020465921427045754792682194034620375152018873269153458073508620
58408110273625289197788656600746487607681076941174244135997068482865816288005, 67262160760285058520312902120274417055210031290474141606297040622074857755647
32132338141951867339467953747568120375433068575141886847520072344860300624882, 60592275561219200941505447365971281576683535666128635144331335168753993749095
69894419430362122499209435647091491731360763878962048026691467235928518059966, 3160722116625755645156483211540963027391165689320149523480946800253701976892
44944582097211628476413380703026627338040599426454384563034909307367089905414, 59973435450388602168532762480720618270444060478381457931914140129981556144020
70036517106514181855392962870282799507649999395819056086301030622752537663610, 68184495973616452929962882665291370602917780321427049189541636259387932887609
70209193367746545749763157564072614071803286833671241209063410931563118979094, 699119672898326731897716479890116976619882934862329020186652710203270795548
10465361538875611881870136460779311177712370333376688924298182284095240051891, 51230082265971371967313449674844208008059893364193075879469620784500630543047
52026388700419181995777348333002740230670092367599684156831534025478256247550, 34122282181342259683693276551960607833761613778896381542728721768745114590739
16560516908656460125186677151855160036157084673859436788078608481532113496821, 64693956010930524178585379371187284638530027773258167694688106309879118649839
24324583024680609229193856774319451701526103407483707292459335197926557748393, 37125334940486529359366432793167697558654613752083234110870213453835411799085
70776335299496666350535403197624805708537353295285074585399581650870348392306, 40157465557021503008607003070873111863969913903874060651397339535065265513086
33588498904824087675117731616450754393075667714745001694125106385249465652323, 74343713903408702001254696116889443223106586601004499238779802132123050729026
37403412650088756502378857845969802750013873332612181627020339045613712939002, 76873238689892239648211064489213259823397600722761684097944198594089308330475
10058571064706449668156722887835965322709156693181572344580749643713455792419, 70257276238812379746176232735097775631357180592242295505323460010873070000279
36738968685561633430532897734005826301572454186378101710489914860189702666651, 29839441867012349426862007539554514870314077690013057210348815695109805899275
17994144255144811702152163849846434188559312412506504859043941976138143631908, 31456660337302838983884709557929620076832322853982623802587723120218250031057
45134332386977057449257431360390707846402803878912176576729949924268900199542, 41907435585051042024560648339691484716775220426659710070543778416469223042294
42478302007478739142708282371336809013832844084367227355736394214626503530644, 11894300975170110959676766124429135456993250968269217087089536626020818189868
59667638894311600157723444600225625270711262760359185566959566022413417100811, 8125207383192445043467408033458722662167918977165601123079821784909665271180
14600761866219125208768647347800967422899686547064520361168710660666755602846, 17742762638956018334459848471024172525030155983950254972606118271071864665417
66006463515182540679333286456229492928479492318161252263764182545681865523346, 70812618915256344079473627027054000090069436171335762205762677681878853537819
52169766934239784112013160255113913238216278431983766190172288352860294734917, 45226125363981238076622588908548092893363404120741616077171001930587827018271
17280771011391582478311677711387200682962509779571590988888038730526064079073, 21505854269821757248508953928934804710613119462933246235173408548268265909961
71326740742300821747534100658989225130541762602107761251144951326368347198581, 65578473315407931621431761359770045678638756858810258131557255314682609735416
64001758877933814569389091203510217499839217824843087729338327410630212147682, 76064918368798299041794869539009853297339064364080525847508307474172475403202
61664399745778425508583732194296537747455858170191320738677424312933198031702, 23190054745606090169352024223067175477400576479915370390053081238506095767858
61616786894260265169244948456078607276700239954973651218703177756916421944840, 49085941726632195787533144016099926746084754687972666211229518651565670175025
30110473555892045404269434929808240508200766711827963054829941828122331975025, 33559500705039765986488908694919097754745153401497104023710577978573811794514
5900074666924688765531722448809746596526232696476336278678800570459334037691, 15227936554759419417417356536857595177616193615393804466977164526081466603009
29564739595860433871306224330258691783639153903425270145201943645074028022586, 53185910101009419938037423240972536965627095631327610637885607359910871984924
47287060527054611274877385466021885074637463583027787368326254858134393305797, 11556752582045717884960666355733645857525317924862077075179767319587070644255
18443802294893785287806829548821199739075088133926441515927973692205406736479, 69152086610446916981677379938470825193323964183235315075826475169914299808350
22815916260914045661404803087994099515705356478648610502189639286040420798871, 38252869445303121949799722908736651655472019038374547865541057187092961205664
60539603980943614076126898238170860457835723147515785583939270930530549335600, 16730753072341386346867514818901401906968722235680893236389780828718660122421
22889714568630125227867910218241409566018450413314907892681419849710232588936, 35098858583501749593458177866095709767679606641691995797610385359868591193779
34337119410262195840216434160172754768145872081060328097094872320342752227117, 12656253805972843633051785328249262564137310089355636826273327423598479760570
57751706119286405251398531537998517668321947369557233063582585104745450072326, 19711783215444877710345687937848721668244744313342672379009627406775823261633
57660727037491323266633760147252005599732125340352511504633515431762609142437, 57146974691157198264720509272517624109422568180662906977459245317984337166023
37904928428448578671698916446725122448176448931377430834610232711256787842954, 31191765649552550784462015015781663102758108006529563044976628473621046167425
59354101925433719466107117794467356066291479463433444548187287493594865195572, 37404941288700131233281236952443891326824959248400129313746141033245914234417
33466306640531479360717515182279361721919823950451690239793618565871421577972, 73177437877270116037140927150502944307312956076369474877542236932451844983503
63450478581323461691762417066074487507214892496550703962088740837774401214309, 41536380508242607095493692174470016830493048724525590859484858212882145126807
25029095323942891825076337126131277222028720390434510288651426443742996342917, 34550016553082271797340384960584657564596271145530485672377369122742072753607
16756589990061658231452983859717167397463039714070819993948600486491484119411, 33824229137930551823241295866491958471527414194438885853278581635210009812917
49167430796522591069320268635772723807761661263812746662013059748870198151784, 61502011409159237965888225897542532902211805221181897848742371692760708535607
72623442859637833225685837931695822907105933815415290975655870377690519042453, 2912537454092200076150238846505768912699821522237549380109974200958617862725
6882857128510058441939618836121903479319599634887922053904889722731633084346, 2338928106394585828048693891451928038977477314706615618744275150306415862020
8150956737189110978287963377862481987057304357228659705007977263891846438489, 49252792768849866025605282862612751904045936265008875232211522848402726842328
66285194224673723732696132794214543688882647583822917480823586627477211101918, 29640556993252846653361058255958026234246528019182986900062348919146441155071
13326890565531998062396895052376764151889742837181993323106534573067102997327, 21035449836690354357500889412618597583689161921729538765902002594811600051861
71945442681193006246698462164734253850820437128952492882107477967495652617496, 44375729111616431909052781405161490129745531611468355416070234276308473656622
56844529033747326220666997139985656650103468332111072542433509727462307279110, 49768080748300344776371337218396681361650314529331332634393618155638382727581
51387238666151999075985051425487088507336015310492273316241553008216901012497, 2422092463911356603983335180727658005614386153829050202066371192454682350384
40221779120944819248239314734368547630346125737704031485558982035977808601887, 33509314389117811001100606349992388776330544880628227498144635478725480651114
45482742847604019462282903702828039113798673787967527938975374837747061999347, 59630381614104160104611906902188024565480970323063511306754530901345523283827
42638405933709808038814005228448177182215180440492683627458029529199517996022, 61662247213555786638937840701070491709416913078823191372964631534862055224263
32605413977847224466612030788634001654126740361483455996191790431034800075277, 8883234418524002926265555935865574115942178393583449972112935844604497746080
68037621734789057845988051527112760202922547403965130200609099252029515660224, 2147065190823237903608792440643598018812207018028648261630246236225202347363
50891269120031396337660320407231950924976756877503618552201154876854335006095, 64977390803693264849299647574273229013773864436381279597566906747144990628458
55753320617527895588943944629804325245441255446939065207322145762095700641124, 48408278827477535105127040514149863597492173757934159343536989891854480853109
11803649835143604032141661428401200580281591026886551422436313717693987954231, 14203610672072613396464589687578305074755692619399367806034090137719525038256
40069980070332898258430637339741600611176170324300665961807156753913149585620, 71866779169416605987358848829352607057781295168635742151351576388681022815662
43658569398418434948939161014680603042031122711251995657072048042629740293533, 9276633685254647959984218199684035505173554596177218316910821339713224227733
66256879620864083740878316970174706657081243781869549472534527894003066236644, 30866170642782820895009221368753343559374233007945013547827020254411913159944
33361827484667741466436419506317734347219468630782850076273170954057214615398, 3819351280053346225244947283788914913582369813265164690748948898108272623452
44387611914690716900123428923034649702773062226045269785293097140137315123109, 58357781925962156211356951696450772631124244713761631067513109825478750236173
39913407724242758064414156462335452180559486985943090513593675274341766673791, 13999876014168954088504362333395501860806358339606633490141253675077116253976
29321475474227644157533777270747167209621188630748344693665849196614007682439, 17648445873138388147611639760854599470367908806624425192705192791968494643951
52680921754865388712310639992025618697284644173053326801595079523974648429528, 52124353013342610738167893101709849548118891600339137179635985757077589758971
19120538960708637293603771387508167803361803150673907586900625198237194655385, 22127824619005261436198333321810853986916496636636940715315678515610179055040
165459474353402575521189981862667766935647679393401132688606345547821323701, 53961141012198677984935540871647131533740262773445616051988706870490587294768
62713609771396566444297268756558327424999094021007960223440435009707766790598, 56364151736348815611960412271475166087174172754618849028065443818908356166410
41950735983483599122417260414271053119156492486950465295926851254258188801110, 24277732314956891687638504473278172713629219426052071759504179373648891623032
69728061270951864895412210443955585530084746775940580785669922828620254897966, 70187220300976555743395487855309631975965455778378700255941872394379766822500
68183523620482867707932956225734947987707231011429276328675901383521839659743, 14103256237890812762735349698534624830713176346193112857867276874844455971878
76314923746581816420732107138159781825525050154217168321597962507572709914307, 549835745679180644700684511469733226236949569297975982369783740006179026804
61139280070033753897010202236245151317527136907988286742780060649638574585341, 49638375752559838106060119542234488923118706126805633883039939116934259287552
19058102023211674113736709182147010035365454369488267656909940450717203483200, 23637751687204611308046032738215713324132013086889878185498893558242907962259
75231547654610751349536418340783695528990490034950680934660546353435258788494, 58053538752710287972044479941104263081448295004211141302551211894188310639917
30690495035209676325681192215761610726560064126609112283755136797203420738437, 42444304415944665767348826831623974035171785385043623918395850396765755589694
73516681236416683214372283071423741126760272208800252348076681184360153917495, 43046101562320103660254445021289942243118584305990531835698699696252049340346
40997418884802883792924677419979021448065974888319192806389816642211370576383, 11563185745616423426427135240950072495088109400299276454436073447181547321053
3276201258146012925497528671583700594470481408691509883629105269271061013073, 22605743982240253639165434985057982350181228485542867346289917180953527534006
51772525135021790779533155205466462842960062832269201969239548886819977337551, 57318695330190220680159348738609687035568734683218800727904424499504980997031
33658999567229537776561151995951130804740217744028784350967149050227917444164, 30338321408896176777619588889852364797950020440340136336419642890677533052084
40029414901855812552111086940557826796232377604307549420239683053917696004129, 8867907950003639751881550130894794302733237049739643003532230310135619016848
62904303895737140673117326751266313904039422305760876665935676689273959070601, 16085160508505655517239960386118704491001961429963781800076229193619096435563
47044158782723557421458242959275215203321430641273311901984475798044377078978, 54192261852177471534842357170641635808823902444492588200870369719454011903911
62579759497112736840506224771574429749049557645910152898055974432513691182890, 40201686825779037089791462445481186421145102328898268694883896144866916632458
76667449474116106044441308314525082026113530333500565374606319087857542361187, 50289945662751625124235291812891266194315304286789297681834996423420362744376
71359359456389935741402436012389859172471617272153076004019694692976790728028, 30808622362101588035504943418327646586977883542799251976385301056449395230074
40430759929968960300393454046380022840230561271125273373051897332891971084921, 59606280069026707152878565454022548396441167834780721502670703461347670586865
20020793844286340913179680889768491594087867647129724554671851481328051239001, 63894860686278489670492782586727401004044339333658454877579947015285443535385
57947185841795244378332823853024048438469150524920112487578896467370173568977, 15089807704764767368807858620839291185619292798821556059326588523014945258565
64199171651941404718430280943495258780979173078407977387703397417890565356589, 18243927441617849318586216840967278375129325640327809207780513321073727881258
31432286852728711820116743001709108247710028388824019963272210972321946058816, 6026620037660610447371831440948147068308622861011432233332493407709371087449
11846153907996594928150267970644925296051941213106389558893642826565806622053, 6632889451915526961078553863906669909388124728239781535101730473052239537758
19183664383914238666807703521903751886787219907151203675097961008129927341235, 40486198699656910663151797509493163196611492580356601426130189201500244345546
44976448479352809288992958579716696043173334964232079214538690633223299572075, 4957222972889938258577719254819016428939758377002002978693241037192725234822
23070239130877305414259137825091447702824328649452119622910641192096066662275, 60894756606620146163626006178089939971447209023252476402252844542489338876798
16886115896174711702759290595398000054504755337265492854308548585123986832447, 40657743388963753714397608419043784042349615914579321355657374282788658747160
18312757037116131489298010647899714037009503181158817892332743750690411992214, 5812092340771823588046855862999398131479995076221386367688948278879967077447
51695085985960749047770313387074962944789327441361089793804186238557969606247, 75820362277848088262692210014062607774215776521106318248246512718815872035188
67216883789518307285047918759255877997507309980257502083994910136616505058265, 31601056515146766556178831055486371877107405142809921533914632215725101572343
20876393808956875084172587390640820958796705037797563683468055941164427558432, 58787873449551246114254088279401481597939519071218331812106289366308532781597
63567469198431459283255782828556956444570063354052929966190070499761535138499, 17967299284297762501071782541719487871251507803528261178682202686190553558045
58690017230719978753843814412577943768925425802256906947986639972303517249931, 67837268197890429427429106350198321401848119803453657136293372503931604292291
43810110902261386242001253495677787863004696203677510367797977840202440524689, 37310637069353794763953680622360496612158594921374005024900933292234505285117
48862183099442537972898579345138411890970947790180032115248202547549264297353, 53178517055165658251366505961752262476132136229446778729386861727726456559682
3984758314135671788862815734319746980659291929879100169130045438286982194, 47748349969352563113459623178717316186877762998963512303728628606743271529720
32045894216643924147154381204821101087247517908157873259418474006813396065453, 48812511910981330563602563314178037470261658934260503481954815488778390085404
34762785924973599500319969507027092002717001561175568098206535278386305099845, 41348231596458987796054976839353925313693989289908450302621481275133340239895
57315897561213338071483408771124134850182057334386927108410799427050157044172, 58269303280182665624609144487513124338562707611620750354827105221374097432023
7133737795632404848448600334279721080561897472828602187754965194734449048432, 29590856059882069157425446277082502339050006496135810728695776465130740999700
74865341121985126462035023222216728309976929318302165113368805925980784865137, 47420518837983123159246626859090212770538081353624391424437559181522892736105
10794694476562003438860518865357744149357969666489574326556314223586841433567, 24462083716960824252989767070369316763237897040791938339430806809189191784461
36061306992607265577254118512250332740003150571316585439711533746067782175341, 26542556861763704314642749258429819838482412656484365482159051280094184342314
4993223050586773119776286064063298531667861946366569336428984752666837763032, 58148794452000772072446347325632086939368315984742651220916909889390354911953
51644377174741935523946651379928782409600358588404859265143230581480881851011, 62185364305675596172042580599646440171044512760077990476483231123994579974692
40777316437437625018047937867154799969725322177279669928301727836430402459367, 19340540015586287996364160323853107282693257141004022627329827564623601359476
41989647400039082271451376515462830470238413978971829298261692848537181477610, 26691167021514629301274408462906223241935223197219476945682357249949099574647
5278480584375300565325843696079449822630401834496235311869348549118959550753, 59731546087002233125751327011620307158218907966101811517588958300845573127620
42029947569115747722592978312329169207049291341152434850183402286443756425346, 63148862543261027697329784919560541780544415090513963530118089714229370943293
68433025360946948468930069315779177951021355527695093971677269305329764197036, 73038553162084735767938500197623977334298069227041550406906118650305528752092
29287135433542680274689429134319051921911252382216824654257994588608926429138, 319507363336174257193179318307379881055668552217118531200711931746248959864
27264430311825017687838757543651078515417923006423518069872247344949110475756, 52150738505954422640335513768779461426210032895652479479157316225026552251648
4161492399704345212598950731369599416557460776437986675808658903768984816392, 7879156713109710849276372470881495318108323717235871648995363723851525990081
57458792580810521456474620057466703679056495999329508399089233057204139226584, 66557663396281466368914057478689498339565447937816349696435335405904926584735
21861776245152157311785940670022823210339244559086967547582133165681472784108, 24982662806056659892009811511922038683142572062160062919845764321324862449059
56498785741186588013134504883787530171954357534597320718787875393416499725400, 35870201469575862475672703048645930984991506779293571488755320295329652371543
43301900130749421967692534198498972065142796382402984517439096981880392598183, 10441811366460741925213550604913147841052446314989291816224512504971685383924
41668267189156149247241679795521789437672196408539723575343202091884937159490, 60780651259024042213337947788945675653280984577066743548683208623378444244376
76132210723060065347164494393255157441749815901518514667617202902956314431081, 30191805122904467799739142682202254860125830316062623185011420191475593944263
70063519190244170901812441014373506053242733398276026165201877677506386561751, 60651888188229053077345894138362487339000954795744748866759339184282195783093
2526288044702337464888414372702698989102062708420177372868319428935426046550, 32578433119689441820094349010015267775392655618657200319646670799057122508053
4490261699003046489534472371951628734161328867944255200083191302188055466863, 10275658037005206759203022942528960068800856949964958761589467614311011476099
15825742458552673926465097615281039028854711029936804056509430066702348301741, 45384604928215972259342153345803938241836743430613627506131549769729489538686
7733901584209121188908121970575715768113001609471758017778178463283486415091, 51750904670385811439293257265520410160313613122543215310460260709220974174509
2767870597324366415429839383024493781250336663869944870066317681043492895132, 14827543049674260170503122277253117799037898837168565384864408986027512244392
20251657243080795980814771537309179727550829634806384170492665545886712533245, 40426739341628071144166557225882082982537660094788782467598294066119586991438
70350846515424260536819589201585158569362330696372163450845027428541300890259, 25117522686108080439243264559846826492341233792617983075982444776997685453567
47683113600998994202871413837310889583320178769783045009407286879806147247786, 54072423046885408991597916310781226394810475945396024524580227861226712150585
66925003005539192067889791024727018380758368435651713074135952103911306619954, 56996181047821084439218830062453532702030192704973340250866738078612588911366
74141961510490036872129818625598895638797593945078673700080972657113721753925, 60371727022952009627158677391519248411558179161500515645614131919604612627808
71634042659739530391214329867953242769883732533964588516376036783508866315390, 54488091364781214340688406402550871948011389442397391079640371029193173275476
6849073940332712868742819744963919856421568832268282828449953820896529446565, 60168681004016218446906638340538591334870595985380620284686743772264137075770
21382435880308159093134343136921728641738414387272264979550561714111064862617, 27849704942982323694491782872436734981030495933313609321883662575183241376636
6710067960281749774730828026526962513376001622903801165989681612718898874563, 16404207064688654546166421085835237828549378335298329645398950896011120577178
13693484491580344137611094786847319615204670838705195427867657904088817695381, 50107945405728901722544893732395411025619484809463573414506876588386152195561
12902131724348373077177112554704044524716512899623560873655022208753498654491, 75400290881907779284976455987743885876010668711294774472397395784229810762822
39497147203792233589195094628930215679703608491012660178981511757409303396773, 28373977322755240355928777864141217087247072413746233299002429703301032029652
47016710919342299131701853734944478041901776653919493863856264551744337514513, 49939218516532496733079614584791656399339608855305704160326784930972059532603
36370297629853662878677908070860403670643681806347623414119340029729896491537, 23818819167627445808657850274335819890812087062401348569007779472203479082324
11331557123650519649601066473800741256843222151707531050435104263057288688258, 55584699807136281481557857690133553064137123251806442075926466324370297320616
53302440939846572673741662089127340193662620774376124812115500717525467316607, 13737410585706890006385406233279657955781697096935116933275736734543313483037
46271651840326307270148224615266356270568160710158135121449416319679466501320, 41312164051747911028730663017413448835846735777004449135524909443881953777439
34461634968098449909975716761899717968321686483263880383553511888745856401626, 72687092970063042849152918445987063831389596725427030136111901336557935863550
62237452730806142246801549344855771380960146608936654994764105588269347284134, 41802535721843848563191456409762120760009022395227548290924048724469196716283
53685082205527406309558478357981043418042714708201317460335874464603719742292, 10356456599935803482636560906169502452993013669555193037751071552419487814863
62219098990772947993366853409867103862765666862710454508777464979768912890904, 61600326598581650371663066634051440336453016397191182466153364949807213380386
33226053268076492808686400578097027995667859730095062035147614576197351933886, 71373032510729328228501111934395984585020631805683380323972837305243751513124
43439659149290182788519467898491004828112904993865680370271959252821948787368, 63047656365930963761900369884424381554308277808999431871393450393128772906560
64753120189745603793585391917274724247851474124028020778973386892559370682294, 65033923204217527851854042877570129781502219583298296542675124956673626788822
55885423250779380939470399430722485953049222418984625650940313463180978992043, 2644243642957244388337183492481298178563256397510617012590846215883300436438
65093411262768134184266893820428744055419662767799498070204226448924105388777, 55540081247878761600400145825064321858524725805350358399861398527341203962939
74462115535630685727745453842490747060731038829676568966294100013160179523441, 23115369809869204367597218911049303750480835521639352213038978949636638469741
73201561626236856531203622369368529580466406529235333016022422480375156681587, 50566962423004563318187299270796851611508152471926108690764835048045997312357
66158046262450686075291141459223191947108057123584061909131694235404023185313, 30550282679921749116695651097517885975232902376681731847383269007710796653217
26796579091490091505481670284346397468762872123052616804789736441983049300231, 37632215730528517844702989510187805905094423367069906277227983831377153293732
47913566445523790105375377504749317833641028388773594051145047213948636290786, 46956501722994035100172620491398820866590114941014352728527275534675369891917
10495575487161319561846612746687330645145512321977698653321810177394070772354, 4997126646218171319561182477566152307488176166836921827434664013758162942748
5760703412634420277946974631077207197660946903775956991805515934737520095644, 9977003348827842880159391191759657236844781343281312930834948681995037100776
12791670541397059786951270589508373501648689259167978660961931605454428772252, 70830160296838707048975548785479266206499698866035005033383478423317227558148
72731826532998055681508128523028277244782653526889863489259599746998040820512, 19021146233303048506867436421611120069075453520830284667587743356932915440766
32355449087562469880999162327994060286879888946195646137827166979412081950123, 75961077158948990694610226496704554252523843921409758406712591920641688640842
18769416239710095193223913078679957351653112132273932020913741005952119695813, 21975787034088331281699964858490361319612990717213530628920182114850018595405
73190388199425457058828425099180954091226882904970169890378954690093272211690, 34683400592561183796049350763584678529455786937186890238357266372621227277811
65117576184020370818258478358466172124743354225406017818144468735724868117032, 35755070189167209848230122915420296256181793188780541757441555935776512100829
32975215505307034633577339019415489593507647240865451004701165734028824209302, 70860583669410352238200813386967831893960614387494356721735593349797146205149
44251471396632460052634105801117988612192577895122460276455031032500349814138, 36855332475836626509930044341598355894919825190066184851084721490255626633313
65062446127436619426272683531956290312872120879291536652634921248537848874337, 6070341005920328089358081239734323564461399266497683740803729233398175301906
29090142339201163704567178922160633569150256996201537378448134147511213993802, 28700619786383968658507145114072845995266145054104042868520477926515081258450
72074437236733098795929446958132640924428733947146090314496897497642440036922, 2785599160746240047427574122687747153256682994921214440090256562550294280473
37079892580633714165179879261518752326325521708846308903517365712109162460420, 6939360748553234096370920249426797382638615314769721421445567425193953705508
68797926739192893986423380246110502430969486777026254693487351294129532037405, 1232250299587709856522222362633041781704521166338105851437386886553233820180
17209287081383460677113200955765125778690854786277567222822030908125601663906, 66520638802893182907867579101184721480341547799590881946125271550081564299722
65453715765031980366539974861379103981984864143192696535365867123434668035580, 17498751252998875908929596040471112565154474133188544069387467594138771095159
51132901005693344272125802305455969209951478313955974730752491038032020083162, 21976841343899966566164519724145336412045347890734747763854042718209357274036
70615367288069988340642344713235670510599626519069719082881668278473544762519, 51278071350434439233631519595252095212452873719032363700405723130486671396360
45837940938172418765359794968721321188399827423948587691141255852822281045079, 4732228000717683840091224827148348361332528553659702555468437569712133444598
11917165249009631959504339521092293481028978087372177833399784914462167397922, 49200787760561834709543550378661625694459439668889833862619785786268607058190
58764692863345167543652507422100537681790118485359315475194213450833494667738, 47533771729519190283618707244334157060415838152453339531190676851438560277187
34072021803669533685522842422582458073680852151957530082041747691088682778983, 25724683081083353063304531995155298215470029845132445409687880102945357722110
19616756121303663143953612387018450753227171653753123663225672095577799900706, 52740373429521642697556584537791878376832740141971250636867832799632706245324
74981744089786685930816776754212073403219072072539471418486054128464521656420, 61936340882249724114408803036337999268697788222492350713553077990141672992762
12608160283454905361330902289023361534518076652338545889604119784167244476720, 48098504313049059120707194136783765977186505372303938136784433283223424033555
30926245354870398839050463019175889773670633943919740126673216930512641172042, 12432154669735875730359932641659694417516760022249112124160236478334071097858
37135901837967939022917478048670926181833753251641221432322387644801704591965, 28151285218139814811287176927151124600736789358202155600589822711081999912241
40304945077052738232019569258775126906036142726326294749914238697633681843038, 61213987233377999900809971743441217407179850796586486909209841036066085577900
13037804565813105074490284420632678106504440837705174092181440444759558488054, 34663081977470337254929460838342768938387163970193861416827336294000873728872
47636411876423045206829943233166618460142484258411836507860131851665625478064, 64988072365953786392429007771554127275273598609508510225550483794394283449540
4084602450975597840600585539175841116604501863683139066620212881722968250816, 6165675974423267299807221923791728539247594261466652844201146369233342982339
29837237475014326690900994560278089638433463413100591435257860134295602012024, 3483536484535395744621155773734248980725090408258924569233327746421041914535
6495801373912575866705689887107523188799386861453565776698406694863300842734, 39235417590675510931733129665665073883085120134142469481358248574050789992700
32608211565066405612484114779841435810394062610849462886858426779895170183675, 55743606955742085107898181519602293224899217250858731792037016218138329853396
41049709084887600724516247256298691716907380882031705149685542194130133173472, 42670866322462285170596259920351155937462827138974132160762545456076338588671
35451970947150610156483536920096048827376784843013078994962543788165008190696, 14041408846597334813707874111055401742471619258480742361950794722540873426754
22959786938936640168482077900830864598341150977766093628003460631235807348210, 50540665038303981423128920336047961096191259048052232015509158364468359139948
76379318849316990326305628912874397149597352247128436132324004431956323195854, 69954033710959786538473856955612827872250172591613642144500914586479490197844
9744740569968522317506190866567495067590440325388260833457067384994232914354, 37513473983581938274015094769141898314125036393210248462973857189457199047690
36994076867876227339691679266303619405019775257398105569454163712996662061015, 37436937506005409915825012598901489245432730031789009894172877858708094012306
10825580429411041448653339277417905807727350777377112921720936787344600597532, 39761472969262369262559929164131108438110181615339416140853781283739964002415
18900347451891870377064531970514971389220285096663911358175347637426169363370, 11984380371786813203934238217432272777789263677583572659225875049160326927903
58256156560409014576301204057474601668506505012977635904772756299370476783854, 16842665506407683861890971434262409380131525603313741664906364591897905658939
14180461751668718192450018972044862697914347276299434219948493870392259294350, 7156147828917935767678976760152691549962449243967438988555547093177644754351
46271837337035969355244503944987478030091046402507131261671819695637032303014, 20709901250561999821470482595857811607731477401709252813562259852272144030574
55301992121727209265481909101501724463629777406398120505846703234018731510537, 50915129866712718044344716851306544435980983539409041188497259608065366921842
33362492439567038106083347079569770264884831827295187334065414456117725483927, 23286559089084954317518047479433619725051816559049215112827306627307245607826
55936500297968293253630981770639373809550591070604031000194699680605613888952, 15313421842439965520225999291722981400067210464580193052619744118227810270484
55832782809553768021900443635754826564973363893690535197763953467360477277621, 864896562947860948457248534960158721273224717823595800409938157085061278776
11441870402756286195175237685629082513930997409051801497363392981548944452458, 24318548626079207869407517160075400823480484855293153780110163699215365267000
17756372369918880461245129479034740100336734919686580196462286041935955095299, 53966452256289756026454126363476829286926528750854108087155628886309580120582
10926987234381669161371628568763442413356768474989374141115498278283038950412, 12671808732220594667442331349685255114504984240615500618431328428647017770547
41590138793728325219358754864724402748586017379814155858936656677857716397594, 72812358015640540544498948816999510456854370631188795154744426041617428790652
64692419727019079917189335557773658992820393988561836896534614936042943902664, 51211218595404296812607900856979193072054216811405607386057581499773604229132
48082301524300664214478001792841191553465216360168358888851014906587958546657, 13878832948287767398013587564568731143925055081816571412385345061334385509386
52491727448138142714472670604216613929065591347853723282312890767555714188266, 27879501666228976796715839214476850955100587932649364974790496455498916818287
72316905676653279579201708142893687765790282701432340525541913425011091557666, 483002375826741795148805080974615532104130600048751658676002797400829639778
28907175362565503783968544759963996382670886747289349547580999486758265668573, 2721874142890851002764652335894510377032688948087534559268967204179578419708
51133923766092108371256465418650333843784741413150563390179982055633120342003, 71874640223258967876580352932195796595943764974700584339873693537853849221640
67703305861377560997124897481239643617321003566307758464274144516601321218192, 62791166251768911291837262632385807785437723699796043504891859102358322679991
32166658839129276216717457693921597831720897960998059368420704567802472914264, 55039803977075765187468676286332330183482660618663650476816980279119534407583
68220247892656625323111991904223596289934238008528620461560646749938830455730, 24054456089993552411024631421838746528548999913335412896745501399120957728123
38046300552055183207473050379946461123362087722475636049859235118197933925247, 33282008875987561825101370365997144875547596633880363565434909502195909925799
40655705573565658149922969334873756824604262051767459932403692577872511804409, 40104915013652160709564605991447180704238741777119728804114490254324494456757
22187587474341445211207420956369289943393461037573052648034093971562220520741, 63391154009978320183627214128969142004313072507065583041173174843270908228352
20863597415709084057557916772095632818943226260175284355097053155271941934091, 30214233672173567607923286567591474861032911136805161359436643992342676350332
63781454164486111095913068037528615321173358213293166005365552590854965862595, 19370801632845063174051406673266187602503252362461863193792065179944950951108
12941110165494329059312509314246855442633792347405832962143027440592387789564, 49298894716611946534822008677449928440348204604977123255923912164905698808155
39490233638998518457925866967955300391242000110870159552206125810514137309721, 17807777212575921405581635229235787861061101390135347364561164729282866403492
66129406703823272676117640080185867538227068420128989572232665971998000038144, 28017185343579805011884339642736711549926907422719840384867723096711656030334
47463560072624395153236437590718321064763915425285310899786642387150961401171, 58801733867173268593731902280236785840597293677729062586143931672915733680253
27081354818702292233668250263380295096478138984642780595724250163750046943760, 62705008390106382061347474274344808537697169049159196693259133015877003078983
64311925221055173249108803939467103525854501071331212545833689897796053432450, 62060237106247053286463135338508059984269439469291025753401701998163337969613
38492320093089165416381972681978302015947177394901362592988308060760917189562, 27394057688616723235957418394972022399952140876178326551436013512127300228593
53261528740292453411959776142470580776328732813126318698693471067117557008625, 43412166065913970445416605189340980626419573732166838665661370148651122113358
49819792264277398418667581305743583573171894532974620293382944298667031491035, 5767157901932110638649077777904119871865975870467417620943613587262575686715
14868424089680067442367149195084764005464917181454474411967157574166978435523, 42538690271350619643826435067300473140040748062426777878820938427408400632693
35530556225864441692340334479907348364719624387745465749272803580029543862020, 21025611669224937703476391335052465721881918847356914405708467248906039762292
53121156374226916927315663913534566192096885933422058128693672655261331986385, 19382296318100029724623225105020545388544674366109861854424793921179336625512
36086174840236612418171973098612725050309762238608848104461894009455242387977, 15469895511326224291800889855877572540971221466753478611099521268123440759082
21756242721875686636354450550521079767764294208539848771418489550952636967351, 35210907875281145494659616192581679718745489689390244185273574343123932584257
68768346931511386565744269682330895439458678241976096766807503494644380130217, 42048470845963952819542259186966137282347786708950328565509494922054821263996
41333307297010450780711238157676876198666239194785025977264702178901174890089, 41464428051987283139470252458237517536811237336620183551038612510147427920269
11132711460590294394697522993809529089861626503460242447880085704889837713353, 53514276405717859389415332867352046222610876740060977082780800621960154453993
33975313129498580481694822437676960982691090377908951133039726994095043895072, 23856185683389409767187898043802537158948530723227103682476725480412097756187
57840035943863294265765430196771370327127848814993071995765828779047352111299, 18605652366144532315716278559402964728895787433114740504769549978466801441236
35452111514353503493404731059456308578064635503935188085164559499746847293328, 65800710944740666993893699330330324962995117921997309176848335492435645399186
17741362990531246008993001288091120748642915377040278409334301772981407879767, 64170436847400673301038749901827272862728253058285929969428521295084135922454
22872105962137614230094284057537975544391340550712898059553551025893009007452, 72387331971229100484494976612182990833631793303508643802370840899117019899085
11973735453886856103810854028636207308704789287673758949210637170810368735248, 67551815221688528141045027107122577318215234943071876323764034627554101277613
1402908217317683079761575631801453911343914667566822205449469120313307264609, 8574667861235121931424306988930984206648808904268666879944110444960858781515
19714274943999409202046405878177241329576229031428540611041792897544858169393, 57227701360463457211482262262502823382583945973221423510512979747634675088859
69645222518012134448917515521062907290658085543704570569631596856914528244378, 7218483147503146402590270933877471145324823394545418381926173409647763207059
65856845479565427095365951986322585924656800976226455930802166137331712532819, 57348242891361307594815508825844445734941599147716283745167672809903469995735
43705417384707264699022228220047853573748502798829355996272660880300882149534, 32018197139653474858283998286218472111933601909907353937373929796920869518794
51261301315221394441164844777680959009221725443256978860800147943784228703987, 70085025187005002068553920586333558085956012329326703526626054385284982212890
18088502550732095746356100998163774641306184302000772465538414775726480100057, 66451254588060990111159585359290284820538445761937810609385619246938815132178
39048348195202498740169519724128546073297984114542138754988450461512143106864, 18873493765640776102796742182660670956638044698662047470206271941069609150029
18170048521888558710025800128467642322048806492142379324899451927528161263238, 69195567933872736483670637194246889820236090008923439934008680339266741229035
26191271793468551585078941775115886170375486567091097649229548999972352455283, 23082163858578651281273559600839419560856490133085796504125183405754685328964
63557386529407389335735889337730026765654039185022846285945219458362839905512, 21872950827151738935883475745991492424300864608797975947065355819048197415684
36178406472566511261006629731598546676221434971480576020035938748177479800080, 71513333988807653697349424620958885790974376966508547076744608851247775641016
60977410326648761446714794560643784733796954359539580121991910546527888203567, 37933852021304282577525802328513796505985676133837646403204599415789354724826
8290693209011300000759508537349903276956569453794137147748968106427853073869, 55536639588154657634996394833033210689442668425373679197326872328191241601439
55348718347745707507730377158702445255470599626690504267744666647801489348603, 51540082714362148879750362969446267316655153923196348608266237409248849688826
53969670027407014553953456022964864118205300806703284235376715781616385394240, 6920280043224178421927854576830691600555211976993783413361124000963288866840
38645714614873698166914795932660537625189311833011639529937563113243088099693, 4175260141360092001952899467704309524014304097083553862575873296914110743407
1742444583905373466119588144751766111413356750938616087909853580542928177020, 44183542418476881645684841816292903796809041788919059884853896247222861559458
2152492146323920292633909009423405160265713276645342789178008003879204114872, 56059034249023447526406400353953864133410985523889801951329740568865703397501
61739205954928466489262435623080394430981832724831751512709808718337261762621, 63101163496264572054077578263358472208707278744353351129712694427062139354698
31256804907503414476248845976497754820301163561530049759671001641005009578070, 10453872374255104901481053631960527667705183681354389297761314201752928561800
17618980033960505859531336807265546829842712872252345052181203007219289509617, 70374354143224879648500994624210003978547350780497627937779055918996793064463
21369010147338079551790109976698603181082794599999231788189633880984851713532, 5150745671272537524316423331879929452878145490488163971727630618042486192390
8643531273107506082227685844672919676555353457322143420782509650754316957053, 47105598298113824331822850635571473816878768155995286152038617062053983822708
76642373048775047772821792641385876376058373791025649012807863153056148267119, 71955207604493356688334642418069081053382814104323004104231887467516726210891
32387232899223237168352546209434142302539747189328594603739255501059611725195, 7604880005642659781541520903650266295677426103974632969593510944860679623024
59353138492792744415660614121258645611423275013065393634147894513284173459013, 15035212953404984648548134372823570573953055759415101597064647655796702484051
29658225183827226439674574216111170480177155890638440641260525912297066711741, 59257179682452613769334981753801398933427214847155119117653426011775699244451
13610145612709175666098051677872467030132103304730885058038786834555160566649, 1480382606975751909470775733397744469026109656059932724331675945086408809150
56861224338167377534786489473911043051554261186913167741574023131867704496058, 6130877240717245744531437260890843352622738736670647323232354542082942371242
39837949627140813916175402638041310206169685418547558004154780773898782132993, 10782962222923845322002298512374690025173801983469850771995452835539382964749
67719257965485428898674295099722168439426251868043075475225725250149892043515, 53345429667812608322842252354828843617175391634651312881724878478487281567088
55819261487647806006132364537900110696598616643389956525020803452650432777506, 32884361789525370470117703139795858868824295274330571455644580315907683573230
6749586630920846419281362485493573430386909232966555200686045350335453124248, 71520478703006343567683378070162694526657791981602784042970777295395832791311
27474520166044008560605922590646880056064619921021312398142204945337179387551, 36164590386914463684808346797220947329941508701298295007716540559375961673998
29182569964717640440491003548276072930566986835430778844505902354049651572314, 64838100662490115797259533379057181569149336727799516776041404948837655310346
72365328882515387527795351743687112905135166188786353238943781962185602044616, 49262450789308282649964662570206042999571760594896635106416031746281102130584
15372565865284026082485656398019511192264409526421193409981417706817150157444, 72173232265726546938648707588302718806487746344115525470625040106513056146770
26091597521210310830179207829648973659916213667158380387339272115219617035232, 57528545445683384216126849873699386346671420955633714317055691613677716069738
56104059704405746637603672859775255751659789411446523803721071122185543733616, 26520510049624625468679139043212704224614209407193112804009274042370596693174
1772737566324096715542753482080646582728023432553138281107894468257695869855, 35965297369971352164175334860766953069296554071585695206386858717823931516280
5874742752948817103098255900279387919608025303320282850657660203578626314525, 47104076451138488466129985645980992105165041277046067458692007523334302090290
37820146176565875429204396387359168865426281773380325463903708510185513684834, 75020613895410639703449966476732451020299821543823821320598501406307283726409
48715793698380192475353674301159319716002221322784411147599283694278476869393, 53390831791927219721623137431815688531791907018161241938349729288038586102703
70828299913404404897761554022718975977765910027987334067811185970427839433488, 8180675504699423371682656823250278372674411701531532369338557831301898758082
49826354019981650239563633796164447417307060849718768753108696650542146935530, 70017716832113357256578169351618180718528816170757422938121311995038544538681
68967991985061725379045468409896749319597367973646749002553911873933356776667, 54359523786706734074556322358210882982463492287779833665836781235175908261548
34528360806314219448759484855079321687318904114173878221879287173400146143608, 17600155362998675339674760730249388872114251404790880296618516717824868912957
30388922224753560519193850154184522103546611659888409723147774669513685371344, 41059498103785309977957460955470651055781815075889967941890892595440848817577
54881342913794757665313213465477382382013447143943239873156149819035681627468, 22219532572000105605623782389012685355170197435658082243092822002275608695890
4436867070608350358131518316217996137647169815356941063843930198693163718677, 40615934830863611207645379130477257350435403870424183302901513922139121360614
29319907477914422408263293174505233300193548572145820582208009928314327896104, 53185945620588867113962087995096711470127489645435529190419471108897327699540
40410240380458533836847287806687021620796669384722532545174222878779781510070, 19792767952994869035087476784603095818144626919361007266204590120303723954835
45304938489703220356612798781597846372213853122754749700714218318828001563344, 2218604165123968864189321810541552720470425814250272053217419131681866970723
29420550736960008317494025559121982278825390089952792852062607117510432287011, 21010752571290243932467163003145221088528195169572488938571114604394036632352
18768930173668389809702137730602591638114153108797573831575786486217657953350, 39900186616813227520402492395251893118276915443758480905556664656397896476958
31486076032121251088400181906525691523540829387257898934644824442044794212470, 33404046517089458218935366472932587227428711400606347947878712602857107636440
45864020932252943711325399906100469429223722649518355240127723223441423845771, 70346898927007126478763750374235854229363832469975219334505470266003408089136
2127151452108373625175315141285369636965262639891386581904203362439419409176, 47512529313863261088129452355667732311568007290800258175711356143711511574272
75420094036530259178456420022927576911336367425477210108193860168603917151275, 30438935306048931895047092865419496882059076666884840919417190031688252519165
60954501410799894114441766803617724412215493729165175020579673895999137173447, 58106962975851742957855547632403299203490985478216835260206720792449843587616
63904155565730134895140022645992563176009628704994355846171815393460588957352, 69361378491381277520421806056280653900255913317572077307058102953610906058021
11924121631053475185814950621859392832591382263229460042257589244839232933243, 40639478296067618410236479592293278209359962159635102321318389914790085213996
18235209505099078392519518301288423769054824604813382766391813470825747759383, 57794296981262058848036620978940728520926338332498847229362207179916735801841
65244380955136569779540522896247443786158345272904167381481791602907146873519, 5644379299874829982385134788602634777209492126225852279080307235666757120770
7125880163763402391563859745244777274251649618622847828328443838727339674129, 5387393222932416691545645375015521808891306400791820997104876549943354428795
73099771801698144913417253136903840057058525366947639609235649476912801455798, 48774216883623937036383802170626101041006542208061495712531602546123272293325
35037463032493657980961197205477406503736852144882362644654531197289275536399, 27224191850383371235658593141026940294224031477442096335426468772224943180801
8783939025660261521379826845524414790478638782755915905510299390806599655537, 74965602763474829761218764878826157135970243502280511898367664421382661379673
20886912990480086702983909456490810699843957590488412005382345441589405977765, 38137367870962232596528456930168223342594040992679427048893852030959097679274
38278529331821407554919368933732430562174492478566531472448202636520616900945, 30770403895893869731166364302010287361492916716171897352287350243385814308207
25078309472749965787067728199027194578705319649760102982573870871353948457410, 5724569484867700600455127737095775757445239367233609087628040958385176733202
40057666402500341352073333584484988984852912897490116124402594823128413897934, 23138327218185598045067727127222845312754519565355685986320642112906811189952
17691803755680792257636794672706313849591366041305720382159179295879962611915, 32300664728837111517132930182676892224356819245683094476570151761512675224446
30270097799351675064728911826313697927527973121427976518476717180694264806001, 5331188020521950218734507996847620089219273611368334559045327231659844493384
68974344916911493642784671683042808946585970937972959056141983093573493979850, 47012336467644818618326803133532290940489856614091842587164195483034118549574
56784473229593004164535157257649034599369126631957457652293650973425489293389, 48379936466999884892302586698488967897529363288431969012534116608866415854278
28899666105781571080663273368493030103532599430690662985124004207252110531885, 11395678867870223028084815586509523251489589198126077037222077243332459271271
6511323089787309175186683356112356554756205154173777016740420507630570454551, 40938811519187379423446761794166293390103349169929363121128515197020066851706
41553492144474778728249179139991104192718577570148767098585731695727402611012, 35161455770626692878838612535120052663673591930443059924957235531183878307391
63590940792616409648199783659952729475122097106106161734369260264855186151556, 64430356320828783887373839858555311896785814120820035420368689748358957311275
4895926600387183940204882842685519112126529307326202233355284890809899361435, 48199554802142106909317695670905783876134387627728193565746996046553046397355
72331583161201386928853390126623357374184459000308974639254562567930855038194, 210400355458325152010557266534639243857970532842526996625697191006164519887
15923523312474943278608627229247375787457847517715451829211045657296833289884, 36353440818451948940469834879208671637488823642888742141294331604079424651992
24287114782244560976741771789104579697319700722342014843144704077951706135093, 16224074875077053898506365843772437608941076178272663303981047363598351349765
21605371003831821647697573866903437302432748236296604048401291629844665295037, 14500781195882783164002250301462453039771026418320258630538163383878338135478
52061055544084888738565001987172408686843779226519548945255869518825222616729, 19272481736957271805433232256620602037077434836158258589646769340281568248945
54282653181854718494959366232054461860903055892201179050151395660755982927944, 23857391809409689336009974361073389776874056792835620366848320702568295481518
8618189652716815264764250182914135178922808895634345956855878535390629529612, 73800689852500004329308164596655516135920556094340150420386265834459983883080
62681116626015429970507712429547758580109228333050083792257585464079014788494, 8668416254847616475382686294422963956645361271817368095864892504940581331304
6726139946823418972849703560224328133010598387982886650212565129159814004094, 69762530882997465132455831725394524269252098316523832284491419618528090998570
64563781364986682981029381036396817122251101197924937077614865392561246914860, 40211503388944554286313243126502142227550533876603493746610383462661677640035
74849462999449810544362219440480932880004112690934374572633424323895428653790, 33023257689128620258218482328029412048233196314975045627404675525930601963267
12556746677366420755418696134867576315362388319763611218632390783264016077899, 71204543461490170176051685460208442524151288173234391016388037153058456818831
36395032755120841622260223260459159834368806597254394031755340434923050275680, 60269864873705824081078909865155205479644404558552274944977428055283128739609
58764155122393227052723970668454316937750226619797693562683190413387693136687, 63419060753644140855327873278344191010305610345343349355767255567236172921285
68158754723910972667882381842279285978002826614687030597134955942223124568647, 75585118991538016085045690399511154660091711536393273208710233780674240966345
23316829351696954465153646235543765562484313090471516198366225112331403236621, 68763313689067137126372653514237455079053138860096962380826608989768200015230
4719396725963777569375066785413690084672842000764542714236836330516106639667, 8766649477842915086667851820797131135867969595373973106862317109284803036723
75413871102703949339415119218832841516639145203128863297664090373101730220523, 48676367503269620795951016919799679619287149134010078676299015365452857485151
75909870185632034208586133983854834692075897545861463473458836118435057152291, 18955783216141375006525375359848256662363913436500177079346384658185941303723
28595065765408123869686457152810661828518138363589278885802739809488942423472, 69423252929962555290838082608153850777939171953698398393050257772810495626994
26192584086986832466852817549046740066084459344588319462342187234994320962808, 58757139674058402938631157113660727364611928330564875012203670985806668385863
11395887551969029217191471504643223055151160930199107453526976694682020388570, 32521541148782898698742589001252749497920379996101782935810927283461211395261
17223780743059835326058932013920736928559951321843545169112829999287323384581, 48083998679412935913639754500770878124956663546284985709672196705235451664430
17686172961481623451455161787066735524651708873174067097938921440566944399633, 17070608887733480152073785163722815787205489796509236765960277420237184159320
31441579497906634415102529132988924246679179159532946092261764471445966639361, 66261867451715240435305688891007543274409356908839287909654348100217939389521
68174772448087289917533361788839982262655091535207890892850169739977292919262, 19665358068274793320361882336171068855329081348406253439830038666032469990952
43111890867025320988401815483930952911627832716633184651200999622072432505325, 20897935009109402143637327379152996282993318659869059985727364131973717728755
49637347192172119362695584117421725612427051140079986519938458951658908733312, 70341163513214216368511033333076682482867981180686330080499884762755940633248
63870132900653311762076283401979616198883737476098494690901358167381532043930, 62269438943347633100170223084622284557348341997579984305253205328178430421836
75646506023475570835307117469359814853588193158273309280353419150050995230105, 30220300054540772948237689542930977977876195709601122238963796303272669293113
73114202610935743166745102253742198801419766022260960606891227927598921976132, 3705696398071487803969389187779020904588615846481207899870060801527228439054
1930727519166909083789856575203461077655290373239429968376635770197388960742, 30833661046377357499613866478223460909225138730265782524046177451970152497693
63725654649828475158773686219432692976231853612490178411742559601354096548002, 54935409386939545686222866863485542390734569780682587620396556567013335583222
33563628581461045807980178841654615221667485136176511403520961466092184746718, 48685384128464596453802561535829250805051349922760401948806860829697478876524
27544377295975581096585796421534081098623060188602677182450749037809434937959, 63180444932744824363934062013655938510045743894150181006210323136418160596548
74538803907288241640526811367389486452983952784978020179311752970781707652076, 64160148540945513806211993173420877137870421233742026942913888664994514075639
12677708888554606921889419174352914365857834913811079643926891358279842036397, 72129979081438449328464792629700589045220096398310207703689840721852595266469
21510913768836597263514336206213077903243210885347367561418926914175451411339, 69819085611614051625925190832334707711324669281687811858063073478156266995353
50352926222807001245175750082060265787404457873175283032548625553392275964460, 12641811893739591509873056902690121904951508436013046450757469059558811568877
6281470825173448770995338109991948092988659066111189517665515876184496321078, 53788231450535137088866198095613881078268249749293053279371435383653741803330
13630305053544376234816112693779231003271300544344493895100443338103159255797, 3493516042647104723972055304788070141558201831277893124862847210650150409336
40898990890289389029804848189326293005084858668696268823492767612519985072344, 1619247429599211906849680633381517632840679776458522716688630908497110635632
64997822438297750195819905012902933598535560364192435255192498737671141468157, 56773805600582603933047658948472662400916169687537775458659524158800058618730
62251130029351227643037536927378932168529235801081263409842531917557753922280, 54259903367445902559141092574960340015658403051131349928200122996162598828355
66611345591111585573949211674290115367628276905679492928702463781797101779213, 61516140005878493998344175066666010029363976093818496282199914763916457978510
41896179472253239170739937027366147051983474287589964113915327543861352045898, 51338215282366155919220534696168714405179140220712986971015005123256579293797
47790848816820287771898592256442914378125585694140598109262026055051303320354, 15486277904277003440411692991313974455305454019564820450556477193516904040628
6565907929080214973467182789919533627961557901375213169940431859964796918454, 21322153739860223586399960237229198075787288731068202568043993045230127772302
42585494822517792423785947873995584022072691502026646667457236098399235022570, 3446341905033193162390090403587461003410715676824464377916377261116467392715
54862607655888662120365048401010155313700649112887349901313619309541026140672, 54797721755527382823117815129805220426266564956144443739966969595641017631881
36263242052351272574481220719395768218528516381743485235157779854609667612848, 55829580744273916363254257107090702936577895179545911837735640076352536882457
64160033862045388298812652025985671715240274309061548677445580659479234499733, 36720480620180990632496056643403635385217775946100050150065270266170654233165
29714354183140412748755159337961075280550774838695193175978968500489124400254, 42740803988329562466251386201812198401637103356559776242396003843770320675261
16990142818775536535342467982586738007187867786260769319019484556418340526774, 50283696865124183838507933469492185433018813470652430241889318375151391924437
71583495142098758790504796220813071186831442321275428772792509006055345297294, 40131182328583138076724167165851118788636061853441562188422729333046831225704
11001589190672667802809518019979097315224645968368286456173708214605465736797, 34420115478991348509142296370092278722988261860381681600117308239557378043170
69076378929393934036992621686695208317082254712035952825355172679006103755476, 69292351710621883866360781231912872184422215129493464265702324666117017484697
61451688640515737285617175162924986550640223378762478448515009102313249294461, 1712912224839242378040977503272492589875645406495210371143087802281079697820
5188472138906499936116840199409940686472238284308986261893500679827975316904, 17925884244920523940132244061403138422808555506182820674976444104745483621874
32396406135352382325124400249827462179974951329009093420845854402968886946985, 39154706251612722612315686780450722777595141174294746665942719172007687656702
47526707615676655723658040602579357835021065605650199488012725729265943569522, 46602714907794432874625456218980621773132879397451473048252985789375952898235
16218077237762212991632745936834608056376121011381482633832690245390544764675, 67770319440087998599895263429657233539374872927704989167699841103250910572249
28716758808189369497419524805884138691920327905184728579100427766000780598222, 56316685458358792291391333528876105725334433156873614171490723229122191403982
33676657011628400600750405404077313649654743456384314218829185756142715884198, 38091698398941702831303885203048157144011135798276629793956059159828455256051
50355452888057620874714837671238555380641479029977610753725645200839679615404, 63325683942267879291299665542419314949540450783934244211680959002628062553792
61982778729697107757803603721054332773716908464566573693571989133213109381014, 71169939007294079004477944252800022464076961026576040225604754991012974975521
66856285924908354130616500681959919715968196944013804841163556744706281863416, 72458870494216879885245040370029749037868173953415284849161345177618089006922
71134018326950283617491822340564200722074012458981058552788058304947004020865, 3906398379571338603953347020803735737063769952378267095620662366270786128244
55840243106826398273806150427520107146717171180870764662075417114393797985138, 43904422702639442708035073786892535048919731596954037213591259219250700489292
63773762376879640825924448911591036331076281805680135181513736204902266077378, 67107850989415535414623283402132654361313665382720797978371970792560552979112
28089113628976251432724715858314858007777753608940399055250053163838341845736, 15328276392471733556753361897460926469126282702488721849333257490225070652179
8097949689973310176016757922089137709459025173886752973720107028983755743280, 2092983285918013002666109055876070209293359601679751855384249477761482110751
27759972629369132400608328589411941438740520014148901890641184807157356534863, 21283431176317853226343145396793075437606458056487874213958446538055429523844
73635133622323101521992516219841702780862771265471120593351986083551485223273, 5006520152011139077733081348634184886020790261737889002952909991454838822192
72023545617909164047748564570165670807195866528768490051465483087311055603643, 36454504358206027024324279538417989517230186301282889140954452222870346202477
6218970554394569336290833428100998957622557891414579304951388730068039279078, 2168549979018852889507143313187750500158861557907033832695365815303921085120
3236431485005222943678573193796037371812468043639419480652704091460734125596, 12894704451504805125265631015939976807947839162935737177935148716763241364845
67095087311882266632787353322433552240259367908046668191855327507074864942400, 27704808265902709886711091811767821652826113403476022260106517516270765910824
24414496374676533542554019807104798657957363560602144536996459796810245304029, 26431325327774881058550452137553702996798866361699606223205866894023589960614
22234262316983355858963844297159972824555865571080502546944554953157007343410, 2396559216273244171671165359367614279824208865397279977188276114351184662433
20277310379466234118407988666695001118134228099756728242652614098942367555350, 16290848047880176593611599455140490169413018845932905529549385962604122494647
40691942657674105666819719521657924936352337218833420161127422217888444810883, 46056452327832590484163069648822227365750477955975162626956829326271439052909
34855763771728428264853034585411872727423404722716456252953913373069611377802, 52460870478168431135099619645948722052714760112213587219249419332267216393700
46011517240070935618486353890150448192346575162733799113637043457512156044781, 69855887331851296482782569371714935404221722081000132942296135978321787941785
19360491988030978881177737828888800224598832874538179433973243588723465196415, 41756367527042170139388846057011161135873455905701642421550340072515373346935
735190212123484519817387947886357470311051535381217919881982466042774665613, 6174410455184097449330221058762221890189574277093988371315089418044396688225
67946605208686758526548308637324543190315663238067952577137356223199930458645, 31073939570041777006311135428392628796745445019237564418890619096781939590715
32984745874107118223038098767576520627696767575061659785711443970595531382657, 18658292151127617270385967976542592200200214743270108668957294025063119300569
48373082144999873393888971734162829143634566051083696834135657586483571049387, 42192922756201153846628465303289311163586880633583611056233942753326728043881
38571875389698697568030537085482864517447605497183755405406412745465114550360, 49816239608689234183309586950728912796186997019817001035530875485628940609409
75495922031523055556817531008726100408368847334324309221763173089732141678624, 24998037251725426673067230727317244399964242157640762275326363574344439358531
9730928569143641892663899679853163788281839979071575222682205230778659030630, 6079862654109360186659884779473022522044535979608207577319576196043753500517
54485720314958403541494608538722303394915944861006249417573483395118791438297, 74800694652305355656932172666858966409044806581916837712476108493920740120215
61104347871025244794862308009823077658830921642060399286746528676475137760358, 70876739472229319372940876999361821946512449708833262303972659174826785031622
55160445081749674143769427213323964881656204695470756233617620005394973039014, 5077113639864676480760174692839571825181884265183650967512216673641223893353
4078334219897057909357236170953991308980396063077837296246640313371976312694, 7990153208952326061071727961629919167102692394947677308435067521657174000515
56741420973861253112616429461467265659213163478844370134478689186999349973205, 3698113135895658036833368679248006726138985042697464975236081831312235728198
76537371154880344033636527182124447108389498819073779190735075726515753493283, 11929140647460014250195519033877789010512883247412586760043198974384331182830
39711904672950456080376132941854702420748392247497699280866498242993178650298, 72478681547000494529238859206885085398191433872923913304164474735221529074329
76366175652514993555185730814520083123802833588401054942537330834454587287518, 9580782847082867432181642794333263652256190972925225369502219506325377075903
5542943384309288091219306649974953949897013759433773700174374156606699105720, 16767377608402754063048154125361911209637811719458730873981739674173345104438
57288000194320265535190586488803842183364380949526049404908757411406948201332, 60907855417456237942712324440686373734216786226140770763855588119458207865638
49589627482051419547028299056557095936124800118686514003252616606033585261862, 44989494490339066233880550194257017327364849208363830097064852406920502059594
42646582891560328375912303441045204301771975989081279932374789488886178751828, 32934515482588380858467908208113620550116714997773915484804252231233692614877
23965817516506144311723413712933121803672064240656259539611072088538419847746, 44552847090385442079848366694344932944528133519329942722076533232748063405769
48749415962463630141751818877910964446918269439280682767437960415737043443776, 14638017070897456347941087397827871230794737070431181743633015765862780715762
5519911796672473272439347639856523388138041757018014292248879104715329001519, 14972827473971183639085299634626557065762436972063119340855855713997540935268
36331010589815443123581584716982567027994731407243422923825898627774307368698, 66783566604877371691233158461987692872368622567443886029325277799589456070000
74614605116887046346171677504188850271365648577733263016745998573240134267889, 74453713102731062627921661984908988402329396207343763972989283360028145094226
44166716272170159824143238599474425499939442287644500092876946987864027076770, 12493338779553172563255266941774754513328846647780462979952595188228721391083
30997600006388011291533322163538012487877829862167783874591479761504226475847, 22705164082256793534758817029995258015501021463838155825557957692480796160043
64462376343557922120112458607535493102839915867905306569892622384302582327652, 34711583167602381091995951705389900457488763084159596637834874537995583088864
49792557059260845016049772081559168085771557244864292488409093525537467693645, 74749046431069575459773817459569574206251759483196673778325499629969640471430
4468820606317956786516238393335081744251494141908783376931423148833706278547, 29085897271848700051589533323501216992888249734749892190306354989388166686990
75107507072905280195602691375411208060845632423112084173484180240589153990695, 12652618754049330623682583494185072771205057566262081455894026171661623650778
70827929768607462423046048860458662083488358241807540686574620995788754702471, 42908623423551461964896599338677839929383091376555377132798919677768331281964
52418741250579040135742493796493988327062739654532683213341870379854194325282, 6772441065459763738542431087750031271959608058999215648662394041538588038055
67183479030905473537549825209744453771815813610161862236326015335206515770902, 34463682171205381825519741478871558211150268304268459291013804980940103821078
19206338770143142361855616344920517065722986367153680297208596855065614828645, 2148473681930232123671273683508370121107589693249323651003982900338551519960
46890663149678577390497623209215587519818490814824287589988171338550672423614, 10758627565257291552050261330532166936005723444015395444024927332327256646810
1552657650903452657552972869495938795166127892351655406498184029098160206166, 9925378369581506560184538802882515335564974594578555806611710522734127113365
27624778919195876776166181819731771206532676260050336932314394012927578397661, 49465022560541829455381737853489112267857353145828203963668573023887589566304
17456196119068490693587385637564343206963806021810832105972768588505732616879, 69684525403471572715241590353128760518104242531511482063788236304140236775687
58505424208024881542105501748499867515562851090352612413717322014533387854816, 65819056114838850451226543102702946502308713567604558393970068069174592880484
32172270935783430832913595804740503257202600328045587563644167161455845490510, 60165461314507162997216933091338525431888309958945663286172113736394346769276
5001586643483317185233020955582849731747723712382560995078986629845613369631, 52661502007614061348078435102017620318162448053670977241828547727647970314275
67632841932343795723852344249657824606192891609192725193351728160003184839219, 72404455183006487937544189748602654016929594335053056949122828566437680360262
60084305052569733834081569001162673393250989075573541416409802877076124755042, 74187149817257571814752113377750227045111216830804719995059462933599139422661
30999899095119331235430001429063399950552752091326874607570110365850410066520, 44817482729822335606813306413520593133193088610708684198234573789462362603391
74447050074941015432680260808050176515834498660813870438358901682362966992247, 1079787248652627543121119432398022424981991205284584724738937038447693648081
13351090149931849986826631577829550983228723003023413450845865758626683773319, 44151707163682677425276486476896961704207010419566763236334825556469103088693
7977220079316233216286252636948531610971631541375865547557491622341689492362, 50589313619357715000580597802113463295188488268069624157567324740421615224978
69230108462449534361820297987575029412617275920308617186747117453306110392791, 60191118052258458758380235907268788550349291808800123926442691969990369864389
54975978798579724367846620848214927208765610306469836390822434388234290140224, 29091495547663011771498158853793818506460062900622927011626306718956470869239
19312229138960745433748235586856953869825072569678649176539110981568954965670, 64487180936300416373564357753669225705739307049190347145164480118078128909124
71881731086530951053695683132772859455001238666378875008232048030554952318654, 70353324831046098157116473617909753896040047336531105373677040959082306559183
28522259214178945493208347977297294481054804550586920241612321559803951626331, 19271624281166146015014065014595486959840202341916276827523770952437981299802
75015080695972026502053293574678770357708658471884392162480057172610512523626, 62588918247955515598058927153412025405194402240588155947742538575651382204019
35078366001160299693819794812088594514235514270399224018010539825971881595228, 20089781157015639501647315446008770461306595376488075458803312819874797047530
54973354164901280674524340911565196569103975288620174559016386909068972043025, 67054708479841027825243830861600672029386692718679229295521571615700609412125
9943516502474707854690071300069824807731535701946595066363474517512350008225, 46362417750357675542150800655233866054426210808877095967460404512453200356835
41292578450816457789788816221128149673300444364868196473814435762522803015246, 70394374228659689477214255680845163828696428488799735585929000203762368261902
3954055487241270906562850767530030406462531272867662287569681226212074092046, 11189620417673239449917984566466823044744920220222270904006540592930577277907
2602209319067325404562071930706973989724580171787639431413390811066363980640, 52389687998221092455323512493750101002685381463914621615339810554115631523219
60197396070700987480383178758153368512063765471325328888701437878634536692151, 40670889997298643424703248112616018344581177593796869862084896013680647473784
53336398851159808838917176061313452566690442453068080892579231349715807504457, 37489976871966123808417192382620461462490614231545509558796964832402431436117
68063238015751284737001621121094416497498797457861701700205741773281142373448, 22157947799034749854702456319004772535011507831177646280830217814179210038450
46567091448626958985259893604227489049725762945264250119540883355947117913368, 6063133448863336937596725693457808114509952521615145525865161452533591364505
64815637704265995933869686117905454650442756515989556230109474567075294033178, 69156372203940322805498884737197256515085487519231652583603898172897261216362
28256641743898663697447615068654940281767782606446048109169293607864396409574, 61565452084501575537941509745603761904643788441498765896851384635935391034548
70001293713349319319707295189088544252422116313606774029475581922932354273617, 70933919927298579674248029319340648327865729745132740730211492500896257496875
48795156238884051015663538714266747688396195814437526207659808496724368944385, 44611870453912240784526376411416575568075611993518256364672892484049289767613
60626487981859620580917397044445354851126938677206301367978451320014435899401, 50127303291044301694517635756462274687713678214120681390414625133619589622780
2661261419938781899701147137828334985011622749316734561184364799386385724118, 3899152120619092541866001764179990956008573760336089209711116268463249895712
1006735943469008601055510775876873757645911291183645505912261751297763816606, 3269494979703452647146091381278779747409398895434604434032131518762377811986
23529071353508327845325136787710435588385061361111021942133394553099197591435, 71798226111530551157622854667534861584036760205600034820654949860819317931682
23030646712079650121396302523925299330084491958074229056238277580249665585553, 48686667537597049685799473043440168431133856673457269366257132676308381238391
6525556910674957265879949297874343657514238357888477539980406132640280656035, 18110174192652058888290031231849385315786543614788856281224571440572440744350
76293083053912645091827309183931132373284372405892110346803595422052444597480, 34343033431567888805958181389159239650420115844390083814436486862429863406034
16080952470830514383003983196542670517263089956425257762924229278462632523361, 51480971817675639485946480813568179206046094167521935651419123056566029928391
19815788757025573568154064904451772264637574780609619475863591610481443832151, 14715665407061213357367315410463378680083443071064961867841557211135804728575
5511197567074370516393997479268471118203179446556648385858606867512923519016, 45950671668463343732582194897021943703703076292794493982319515021088239661757
65764606973062879300809243106116931434089635437835348349325144870873309587844, 10426258876897405820711576709011149447494082427407796854080841324172784064925
31022760412525675359397568025239885389277318383482960670772291846208145936305, 76420611888938029269260257513017605208304003803741639261907475162713829244127
58600126129014659091414358085097161421059469105738674729020718721302422927858, 32684964299730776889833424290077624747127867099965831376053391708175266085438
3506771305850224931110939107052263049339124295180499746188184446726091064739, 22816111541431062122188471586314237084034189861985012633964459117663183980833
35745244518832126735964119391801818311983269589390550839598328619415028615981, 58467247566033302440267155150395732468846785232270210153209140706928132748911
48210626841859832703005505930914407661590735524294199149030206084207240023159, 22776820094866044147990957700300450761879208873654182862917780939854006470060
716877189495205702848188008397324917770072407282970294541579748312833353220, 55464503220456105470561515225695180425144115527737490473696579323694556890979
5755505315443786174905497468235919013605971538476475236515154666050133680600, 56915640762588893055959140572264065656105814092174427362709205364827895042566
34283514460911351750045850485404853894048470684025594475289547372621938620707, 42268824759526718730188574501025334130720712504925969386108409988726014737140
42437225585863520872080225556349618295523650392279719362568307314574897312491, 62287622546276490871370128207440346728032797267231870977592977307819439921431
45345127671429167608333290050359512660666645531107021150179587902284472082410, 31681925171042610361716014872767415476646594465762095899018761936770038289566
31424502819125862422407584734199556100189550298026099622882270307369567536339, 63572569300956865335897339685941211211909944439505349754958104589945194544125
18466314579483083974139945050996495136868720134244160570924215098212546203018, 5918293460392959338231311135935847284286981449262826914132675134858466795992
19292063999171845083513692975799994601330420150407689287980628140069710582968, 5679702235867230174871658709950147722020399075393596449335813963878310598527
69355971627142102555489299029340365121701708077971786221244468051880079684812, 28859904111250937977707159486696005036975806959076839716829805265624055954683
41773914869868684125731036710708245619912646046672755442049499093670344693297, 65624292331601018656573191463653438030026043353586212486645498639464758750350
39913124180441191819272558024766324468161700890116592133466320786617092192583, 34056943163180796814924764072328936166992053118610403539090045587205218806531
26511430896514135986508859474325964375793900912346817205790336608729105256438, 10621129246914080658351654274499562925127050214169299704233072805057631735758
41431907308170744076634249019582357285274548639801588770499681864141605173166, 49244027386310853099944259638761820320607040657222804093955175238096393096440
12521256000267890864611494409295534069699015161284294065151703423133435915916, 23804001845301904246035017858210631175139804119970089602161715374044818390023
23941380235442097663536760983901388119093685719873200237092001237927492819999, 49813632787217167975445629274873565165302474751727380289694296890035175585789
54975535271545196989772287701613880656298333204756924953125166973076117718923, 72088359298645617003097403139963047687621554154903197496029586577946898885291
6423089026227423974635654395808702624433026612766969934140744490816034340711, 3554336931138192201654056622909987642315365150916397022383504102756916992823
39775303272217302473824139435682282455049998737280998233751677838728335955959, 53662430836590466820353430265388433223820025898884634835897524121879503041401
20662769239385970156153262376464855233912685789156720515680382466355478814648, 22443962988445381496365726552906546903063799255231180733980894764075721814009
46440822154665882087276929706615782893332112575354309233994565208070817695416, 21720652252751682796547756431670387542494818413606112859663154677514708553846
35620467109619158916482311932709619471622036521877012556240510965495407383222, 45379293173680917124119583330754542306495703277195838584404176814056044064730
61988686726379970974377643079446618009295641123322177310340509783041425105449, 65915344500306838997363999296264386079966387664723691708800294523885028800144
5906364265374226798717039343246878846547061630411850118766504928982161670398, 75496072745898200704225918038306727483419589571284765555118883854703105278957
29832618198684762584173324810392371552637039547064936347078484281930575559196, 48632013576784404062292114777740907410988864148131257356484409580057937659944
2130741020436101126256523155341100253248578138435881311079687732983908819637, 71726899845551527744478744201039077593365653057984537190895811621885461322196
52835857888407342761946616023070778472812101419335769644805216637783144555398, 43608870262247171017341911597470471266354651357492971389040317724907882143416
44554511865556241505708150669969677821464675749547572899939412866562697852989, 637922230941238778943229376804469016315133105108940317318656674103195307704
20384624991586643170212400161709120535941012393245935205202812834581265893245, 31304210452184731680992380477268076052037104106545493542728980183702845339955
2237129275640783222675819968928776646892400367119780564580571558985534753928, 46627597388555541703439757853145542028178144375961090697980144516213516215718
58089081376637042104119049205478364473847319880504678389458599118196572529904, 43421871616276231082212950217457089438777249287407555948960480167632536719693
37339771611021374857500073888335707906387175044119416375365113380286568650657, 6291293513440741832776728039674194129825429973422701428655125845849769131882
52259879072647462092044025368405513455618987436767450437925333776499539013657, 29228517614210292441080294875993361144217383107628192613593898426116070348993
