Elliptic Curve: brainpoolP256r1
Field Prime: 76884956397045344220809746629001649093037950200943055203735601445031516197751
Base Point: (63243729749562333355292243550312970334778175571054726587095381623627144114786, 38218615093753523893122277964030810387585405539772602581557831887485717997975)
Polynomial Degree: 9
Polynomial Coefficients: [10, 15, 25, 61, 39, 42, 16, 31, 19, 23]
Public Key: (68746684322431303211344219718406346667592626181261601848190466859709925118730, 37592756999456164699962792842281548938409751748640247432445664077062548512847)
28670251935470969752949273708477159898050808509585180276650600858169390728352, 30241991302209839274131316108302660604372936212272671867687027689096626640757
11475915775706186908054572871235487472261550636661678030296590991222700559785, 9329127887072469861337653645857236094015478940193196161685532108498953498806
70251659760705604147025312543365787656155184309499472761781603299785907364824, 72604507331316180175247357952683106521084941256468972148387975206293065489833
74406239645401740386789212223439782124064086866743763658922169882470415753705, 22933670943640907980870498261834156441859901871360302728842795147886592875978
43597868636887821846526306958530459086305332191400840637822287798715059616586, 52366350993340581843922695143382326741788588553562136802590017403779697811552
35622333805152613078026647876932398792414634634765503176104333712955701547231, 50461532136695076795236271619895306045902529073910324354512400965736422469980
44788055790303104206948402441756483807875834242244226619725088406920863342449, 8699742924237466401929342222403959200709738128024298729302140785035896880131
36898918940454624300855208884783251852779217719746653842675987743158636933794, 27776326690090625541690304875438648714179548607717805078919935632013121174573
10845799269357272808951164060317227554939973603728213420374204216823968800093, 52861920068888963492426984893793107646292079800038330049322859030787637221815
64217651679116995288492480678744092777048643913415063601076056415834439872394, 73322843108592170261082938994829639406571753608796084309204028704858909546168
39645552148823565288557381961328294806197161555217370062516384612096401028762, 29016363822095798253670602957363354908320610640848452275913273414687322098111
25176959684056230662089995589718307010574876550693011968961946951717465114125, 6304038687465227505345349818959494601438133091064699478096351620392711897651
6753222982731908651213708318044459325677460155043420448427424768827342835290, 44237498044160693609952596917552160154607965504939831703995771190577302640274
44630722790729164761428932482433199930846184038895439685770548237527544979301, 50851043099992660247470765221245518640045210018131201519465269048297696180834
76739422108125457615325871108782500154971108145255036614637345694229683842043, 41795798010962325146560154673952573677593407781206253133432444554112808577051
26264350270478888111095190600313251079527483789711223294858019237315206944470, 8281587507237941508076708704860669930842482695748923486161987556830369876323
70468105181800996126081260538591626723083236071655714927635041189495695057631, 4352887364139624161719446581173454185848385725844067181197547493263911133874
32637447980829424700997663916833433859141069268306843493231791285416239377718, 2149357080803118427911861592360872305858452634559813345311829113283842581683
52056107988599595203148897933541788247847530753106974886883997308907105190448, 49077756281670286722148120314646702763235225706904554165048470069937665549484
70328873091253960515277571483000807062091326580474422763921870417620038011638, 1881272273743127323393703372019357912527185913180360680335086440398692558437
70285307057870521027635625771351811941090195063508084546759425988521406598697, 9986015138531643220967793472084949157179724785670321786429178631341779211169
625663547740371793773441801057651912662137035609769121679751080898950137682, 45960400068218447442352662603578597069193522752770250146010378002927909593188
52055148121729044491407571801058877079845083635780311173275930388154666342286, 25499318296844289381163494630431141887383174865195393714474326238957293485165
33582974423210162740554340851937715158565367822326597639791443761116984979175, 46703072706396987643378969258132163517707818342023671852648242615711892818877
71962137121667619371140132846292668940793576463376304612590835339183854364145, 60336265157853342245334168251981301639740345265689438905082164904134584600265
45446640695217801037095285741484450166402797541197976551155422631744278917690, 45338568850914481367828795307985245658684926406150948076067155554116419182880
54325588584375474480718730307324309447786723736582599984044843040252825955724, 27467129213543248400248954489346175028782964688128430793977574111848559149681
709444552286441676690853962298499753107778067895448328905350007793965296883, 68696742441969102238330451837718647990407228514750033515179848061284293224488
14379697539337338253098823456855680199090335497778515239910451492599193328742, 46583161081139570173092626054518644222928287991191974335614226630306412908470
48047922435561138572932589566229631110189519945061711872227966508904693151068, 54096097896763434785147944879016677286136941363678503673068310514601934606869
57457637755544924446523826901458283008724614620762269484939221877325389051053, 63542960468274368370095658876263698096827712054459698316117486003480658959338
40842011517829755134070845861202331235855185910066569638651468779269810215544, 28627916318211741919985891635559294757880705283049362159606542761651703986714
20381989935752370229594126736945225507596716509139002478428113514482081729823, 57996835285782696315999832654617329625203624158522937196490145636048172388430
16429307196476437027816237923936884365772299294375713841014419703726387246296, 42123334232809587542773688819102145283073630832244313782351516461763200247107
21792874391325062097517018620621216336583904302602312755295898620881217228604, 26173593441932629997977347332058748481495425726392390312067136721850821001533
39227636361616655887297587079830270031717456611161492477299529967231448600837, 51325364027757753933101112532114920500411206765366314736501940244498568523545
6796743347690703532329986193905685827682664891072421107224362966822117505375, 50211175795102001856657462297447807388356958156607905977646914982470830127348
64218881532782711227286779992599475668177306661655174319119311760919010507932, 23332567919830760635300343036245403406286464901878750141576311315120526345767
18985819138864965718541157182872244879773113885722603961549678482127307653878, 11154575982262851542613012131088067702230624006829001344746204389405434068160
35939446822446731604876249615202298400971160655262793242573089597678924313247, 23984078337088544575767742009942452577932430418105639659514237963547414313112
31747296329062385244499898603436616065826134541115495435571735090565381831871, 43543164165258263097284388318251589486560093409539414323871868491909779892329
55889152901920018257616001928801652306394095350986590724234829727689738857827, 72647924248720877491555724305998900479575252341354765194698643861592555151882
21476249530155637533963598277139193675534547513437698211223890410170630530622, 8819731269762484753701463623094737972245853863242368048939271120004596554437
8406239866161731865712279392184133834835350402985187058826574563206775477739, 27233906760259809819126534155427342132301543378927512214806133694022117691452
74065028588808384544719476132256729876915399500480082725588120512684158408269, 61876900012561743072130742146289137068918210957805922009409081105205494299712
49074973744305218799718090225832218533753554153139336490868160447927399401037, 52077893399499176187097944263350642245390232536593557666366689493828553198401
19052361583908811082861915102914941464149540903970677651476264396833945709002, 36224070658516711731233773787615977702801924533382725172229416631459812655994
63051213179210958711078024692979433365642591475575754059523564467061287091632, 26531460397766063124757321146881370371104290073906776643636537717973698769783
55785035555662381239650194854496295641301919232918170574497505448149674323939, 71710278740887260788485400852954905618612388964903479926023187651492157500533
25440622710210511607404847797481638745519198648388968784926923667652911427513, 24621873832966405544436971512519623823192788768053101821542683790774260937930
74988586728077340724358667733858434635829842769307759750779993401402100246910, 76696869403464801187220845517723108255962237695758169197914935964367179713113
61702775087414537684042087278244900411761558285608169330900364533887947238938, 45002919005757996153390032471449321135518642427458176235723381121097130032865
3078120317239260829221663529599868279772122309433859350638297163773300642554, 63821679260708759593471341516160286551990805543384902744009442846249942262215
38439461012047635866166448731218393958422261642370978080862972890978146060819, 44865501651707646722811346374242031995287676447767408708255622853264606553719
10618604475827765731527758166323549885050718386306616452225695996690974384550, 67931323577241826512551843194788641713831482661967173611211461492992666455054
67164295462875132654676179166357863096475164063288574661716307961103955906178, 52804719402910742038278455021735570476083850135968512497545119930919658089923
18068250216384712114917079253002874886637513755798894494127474932496644880953, 57166160549548259418773607305427057834287278062822040274891900861194010890671
17467790232120572591641267067631503819688209272699298813959404685028255781013, 65895726648210010435001265859987781748771633048274974488445186784267281100028
19677944844442186591284411703629912383208965782313352229468905948718436789451, 3163699617405245190569995342269414558205502680576737708551061276216721699945
5585554202749685141620466077851499271443341178557346673177399314459832630586, 8371922782879807155212613788809139069556198680620140849116262964936679465357
14492475316952777273179941407677772638969244522375553111122761049242295789516, 58180060414130117294963804286314560133325371199626988956232952822384464655596
52407605858813248251131715306938366467169827059855613707153594860365337199918, 32677337367156359213682271441275917056481554715733684229497044103243780016556
76253249874765043981165104117267318025927418910619866639535403896203109019753, 14018664020926210602634287443931799044128942183693577112653805857832099897279
41591579745260388957960507349769956192125597894857450513514914577578464577815, 49007994077164899470255146823236935598413538883928576187548652985105427802858
76305140263701235177489667687830334266356742797977267284631327604428366885361, 70638414887956783402527019145307023276184813501284978111070989811425827485860
43749413136093341230270355583013527711952323770531668484477609424405813526500, 60164642095087751406836912764654462074920377614464618852442349094112906889405
44592979795993066645793829792868597758329424026709349804607153420525720250912, 69738708784392468443774145732842548692229559371594134825070256627545596061356
45510478004746586047828881937379907600613329926673467111840896519596229333191, 44119303388023861596096759442532255511207345698773403171845995182665190127733
56586696299373020171770731826881196476489851144926386873221921655993766015706, 39059238630775511708005166278214539297415211777758178890473804066541071411096
31067433694809945218333835166404827835590273549103138149785975954918722884375, 38984995111123715245390363590420258159997568311393617785299713675579601024430
53061765002307507637711618702418249657854497061001182294432456141820876657388, 26819795855037961978302352786885742166765461538669944678945647692598258295586
48704817454004031232237028356651754428403900677738174842675618981761205957954, 72362201224421381889674613348554888106537127808434600753047513494463177282292
49965023073636373422156988230804138738172484833103673156592633426396781526016, 46114568518436879473836498118080628712586189489879281258813183761337254891695
34842518390287184699792456672994224520351222313641218190613156444960653717848, 8409020884653601896733692811701221042184660392731686415981385076862788729239
73242001420116945216644455219267537636839891577022123173839456367489165860027, 3788825972942524524320754027932275147266630549157427654888712452986795256704
1124478661860187548514117677259602863069636837915136553241570224952139296742, 68316964771079256854057587363434938439573573292595992763705704262378306660773
68232399042020692429438368979799990570596115312189791971406329249589638432401, 4484812860208001830277976469523949078103446969024755419651367303271226276299
53353543673115633226202695763119878103959408301721016175300593535582389643988, 19021421314475696911623790551805611507127270158945168571217963024247236386427
43899482869603883394773165392323577016209926844543577214180813384311571088578, 24717697690893507288000825433870195377131625559710901708970493228611199646995
51802200876443116556026885419054265758045025836875909778993854290236635288517, 28116702001930250091849376450897451594961609431605979439133782995997753170427
35572447823102824160745453605558346525567749026620603206504943072098208570292, 46921751383257053201387093798655806178170880901569410256052238124295983122903
32982704514980762472650482496757109517419707710426667091657850104947983184948, 73367400121404097405690742489723072424152076499268443938350504267532579430838
15111401710604368169332220821505991240920275466962831677164462561104892601113, 6296974667688789404094819311158449046114977534621402492294762078369160232686
30673554276901473957843179216172956170529495887308851847945785035495123308502, 50263031491403916783341936279502969485293290392035976211311749753191340392136
74224534474837623585361835329954675360790466560045316876334788924291876538851, 17709217610836649780234373889008742601949517758754577336365515549688576922625
43876751875764892297240037359059957422160842872404475757591358246535711289864, 3738735721157137003047608961965044559575866429055892002395885627641762682114
66425571686109113022480132783672195595633699231162330401752307704296805030244, 66362053540729370402175154254271384811799666314501341869782038114103271377334
28856114586180205317258124820511921944727866267270430314544641017572263499719, 58592069524623791947549758499465267892138088989870784159712082348964848224785
10281110268831559352120771544742895785042589616336548242360520432659155978265, 60006021504896187715533224975630474803334706589963442319208966767176246944118
51320053905833895693248860223569150830271082536587785015926495370613621044050, 48154099001265902298881078113690931914755491111085655419642522232943406442024
59756009461820838331845984263098823024852762602146156686803496120201640783831, 10770480070911468436650192503681271707528095255219504277851257053347874429614
6263188529098083363353837864244925352652902993017983382861815037550235823861, 32324643153547090923279303094925088486233935918561412415592444628607169689610
50750218709681094038316613578091737166225952149942210827081711473985142312886, 11332515040699043201178799715493569183154787292159750859169377923128997489395
24624641641915202306170820864691479946544757218825498708531244445878838556100, 35077338958193017126856719658052672930954391444970045094000332645461636558678
49242982055159999163409705662437550115674082172494068178183613872691848384620, 11253706585177813773082871474299430528865453592657095789722567342927241242207
5918415821241701779831970639284522144194991754814818229239095348078696422940, 75845060354340202990558064070815576793634962685553650092379998086447032830516
385397225997712099633361306426400824918598229410027053806755910105587462203, 56065957361144610805696618240962649274405333061991881390951213193336691071711
72566374574047133153341655451597727744938471930436888700726214373943353648816, 43782987613694370646448639038436854507440072251348299509637213116585294072715
32136711289196998815315675396041471559526855532477520080577600536267011280500, 2688069520076454779135633729467737224882736922752873801246487116220802676713
2917286600066144230269598383738309400655781573826797281591107656618395193255, 64227236908313365958767287609714492507254068104349380295767855243276697652722
30555432986123923230619415438513187748623723323580437095310497992382793084163, 49532153850958367526481931061058557886453546496592598808463321561180981758234
59139445419076930078995968293344517382258021023234195632896887643533911664379, 632473261392816090148554864239784126495091849130639352013742879587362660133
35958155085147839030291416658857274328970689053953274963376009091387835826955, 61671460320683176016172336650157038686720566543822971928728973641944757991154
44745389636598512787959953620770460899571552510616896874487039433000055152933, 15300964778722753805056721475182063998604428511053861533022059341986628066873
33269448932878907555842816662322554908280941169316987830456464289367570798442, 71852203627786468679322657236640823468108554593952357620277983935480056546081
60125705349150888637733689358433616350285854268166015287007976375853579530189, 3379193805689158478613124275228741629197909280308434933716997462139725939828
34626627598585129201864374017830081380706142531121275427508363388856909444175, 75305589651873532527310612548596309751490356321069297426190240893956544458744
11077513030751263152516338753901406077884851268452107225059702771725841846225, 69011728966950751441070267463255900927782298327712765668630212656272647472344
34251962671704342329573184922353654201401536297262525958775355420514815775400, 14611315416648356921222222662330274362724830942148507404654538449813455056677
38111051332452414182004100591708114518994765961684992418646756305487359490276, 20105120435726888301833908231269736760203421655063572851008142453525380503076
1641250061972008382776300830129549103368366767870870369772081642618065191734, 56516206162403924116889644204169819318661753680926188364321491509331386072077
6137386401939578557477125629688051334097225487752113676734298894017210466092, 6887899069043052028283506125214920541029487723365930929741398610152762725917
67136951550352330503045997859007567467449960883261215909853302393393570996292, 71957580402518837765273525708946051230404771255307724675507121125145818205783
76848508965571436999500989546928155214996432239692446498405636729881007951809, 35656540099039447155846526017985388332017940648840471470862359294448812106163
6716572160548382678133037441198261985281190428913291479177951338467563883818, 49497519873594615049739832268752874221702417203793100601503114545296774220635
43509185589466237624705462128757823868729453884003756696573232950216549092212, 51491756123961036390898156044244355737589147760515697912755380652076946349548
59707243062244174229026435026978738215820544909832953257278574181413403749957, 44169887024787577810672285516014656639347347105030989509672590547774152557294
30519517614423089658572293419506872188344429847260588147802632638804004182659, 6779026633719465406945750604722139907091792472608593907899635160171199177067
27269171944826798031963632385056621084694135262326375715879927127419969137763, 39336971315618412061807733291486804359685602543752296251876660197319075049721
25331124877341421283087917619931112476308293855401035237364891150384230107884, 12026110744632525765913888961581812138722755444644538610217867014872524958074
17536924118475438175928755345758439521514469593211116464799132281093889090193, 76721617239993933034222611553079584410459574287863931616554246521666048523675
29459033987885861321236631545037279588875558412918472942409908475700415641153, 45735295653313289692411216347585812003765978982139054801446385176369376077907
64080243872683173917960013502692410897084853812267101767977161323292983702916, 17075053749173708208311219149796074104777212106614726676523619953793256993964
18869759399556730793556731605389221089969927589438157444877371335187732711809, 23617705876928928821684753395249135821623103868983914294216580721344099758564
23982117001564169034151282222105517337609448201259314136753926793662647429714, 54469405482034105745017382340497596304507992866589822945583901080678744176302
47108241985127607456537631483362720162702484514404888090761881966587957240332, 16988731661463499981755781275907946328081632800868027154632571021289248434448
44442668045547708006261710003858197797170146591842064629371106471963482710884, 74257703535367068113273993426888501243008929119302195496293272735901771490969
14807922308150443991522857599988699299102285227002868515971396466567533753017, 43775556797671705192712420926432252966773964506725075505659850393334110324221
27991606601120743834814313726129091411177916399828808448799891513812778910465, 58457739288121131154224454561893703480175484450659479037878077156472063521215
47242958534929625082803634952319702846310907411288888699166263811890685869969, 40084153592574271455129421081082325767327755247352505026348982242316302131900
8743850829597255535704577735450117401708100890983455766531723530658318972094, 16766559496688399012368419911599688712940225986391402931210812635177027535149
72363125682843621014224715907614111613554643277406942159821693413186054160997, 4389137511534646424126309760080814679838960375316923521020271846102189825328
31807622847405159727373789308791007474421244748848215400444571204915743260988, 73338628175208099523400918301813935435674016284925394730436495819897422570697
43062134103148354954991742429942021495820481604128639077857545162286814251581, 73729576627616855297453552885336408958120917527120070254773600622881088802128
14114622043268524590843355370700686091201359759740450243387735555493840685935, 2706535930980681686455304992584827105547788635054225897026889065916027498199
73925846601290297839034918106339015978630925070547258164392791723351049463387, 10635690514062227044252350625931861561660231967773303724722217791077961237132
38846879059949464826421003725902151256898438708493715661363710720153678910367, 69107296772687244185317662771777988718802076512187834651694174867658119223571
13901831428208181851816235302149779990359406919459844981881687938974917482065, 1198612230835750240168715570166636288422778706064755817769262020714540372138
29167882712972734818112438268325263244216975852660573372621121005273054712510, 66057271504434179857265923429477828479748506043382856109982757589045328706624
65199968449654793041744215379895959568632008302415318360673770880421249006502, 12331948669523731456215386252425018460862582171619238584644378059176406489892
32952945258191017717157887987189026619951898359602164953318514322886984856241, 63073034765883959680297625607724051998584092112031596593780615270953107059470
50109928362417916304241502522764971621846803705269944057555381811222121711983, 36554800667215260078806835094368295707888347239678031269775892807561149922430
62935992393104083401191170851520955969085788993171004124968327333618751447568, 1937322134714266734875543878697432802503517624832705078917818412312498426476
62781905490002234388251026256508034602078641443328332161793188396954414855731, 29382005507309270129874457852614439616404052015242504174063141312970209808202
49810757405562668141763153761371617299019859718550938449410410819092344598116, 11978923782519412804826619616565631572273267735703619272729811693631399242825
18938292024752525135659086784185563301377690713052672937788967982164611508748, 34009084349748600708674968084205779461681252046401069716442445865798298855498
64704624893195895418329546990185526670293173453846244394886424615080171041790, 27909545607761858752991734091387916378063131711235309728680112625715153849585
13882644519244315758476722115339836841725015998403963108106184968457551024933, 52703291870499903177286750235038431879746885859494223978545516771971278933976
17414379947692603038545149517151049471779604713543352405706369317066321189009, 32010943675061889978409537319617954553433398597835129931092207647374411888786
73249435769275188133487321647912057113478665710956311065091861751560733488507, 37977727788103975001062910128131340389869250155894424755534134135495604741784
55174253283604402058060090228792429154904132496015663760316806831589101113250, 36191933340123869999224980063062228741617293535566279616463383903286011760065
3625057804221862390611774094047295940435018966634344391567373040702493000454, 32566197946841365671639137017867436010485894585460850013636003647527797440139
17930145914744995326842940342549461482044263887293964444155209937633388806234, 38164725752444341646453840975233711328240992751204396936847293111779215790671
18958558506482548043507879877157417795856475716398537348359968350133505829965, 693289189568544569386330878190879800209025756479371800311915042528524294927
18542913678767475953303197779769586404444614905076698777066084982183912738694, 46332338774940794483248013331695443786722889733623463474251647385826608163008
30721139101861503560762537319893581753618683229660007026741017911197289223885, 23690167917961234052886257632923175071568780984558691003868290468551332808402
41859582755585256847470581783869855371753868099478586733931569723440148629378, 64337947057164272226074104857115372942995359860557784460573567911424819630397
31890127624227783812457911952320971014381184306678337046518316543053176581158, 76277973431961746164255139172156717042681768531128532922952289278034358940363
13437068767248786342700401088705269652983580869009633968615478085944877478771, 49032022438184715223043464642847506069270283902152452437708379622366288795871
15455153946279646829584108565364895442599485080980593617266787851904489963419, 36495829023154928287209705282336153121661838828101576873876748335363735109942
28538148198696674217159975705936649608322449292396583095356977556337041020379, 18477791689317558737647754445379382881157054803281729126264162594669599537965
53671930321813465586143060207855016237295758409975658202651542415577173235558, 13500311029123932979608566202147373974565963381252406609816098251924646957993
28995927055296145671643131627872946277695751111361461944730657536868970916658, 53089558235085121901549938922303569721332315550590594544482299394993838024998
60309893801549631724479344298077869530967381150297866402922457959156005482565, 42972968818060469149745867415675775566740792145379588219182882104628680937901
67632878928837694770393436464616837809852617064204183231271935734079846320419, 72596002920845919032273912196316957577407833898992978215622905505584005633460
34536355670117534511986857949035331980918602489071987268185398600252562881777, 22111462473347402833859066980646657245329613236181546518027202806702438803215
58442074915522457536863639978118886252332505311838201657077867265131102095631, 53292104388519805513885927878807295262182558028901673368751539442920688580581
18711759542265555023944159598546752212228738157416050232533938378610788650926, 32096136283330571287817362538669973911019822485176990360811461021572887796667
27209786387758875140276446582387982375884747088605566310464565480965571218497, 71167207695046580833496264049807341705027029289799378146950509582391818733858
73069136488037160923015780863619301566520274417436264867421307872422469872260, 60487175654668092936018481834543048026201434442622234355282529789830426914119
39994265190487810916028820765726059901605449598115870700967527383981537576573, 9101118008955440765720503773802788378501803657795460519033559637388019640717
20949230398372346790315857101649944604791528139102441928247937062806915220617, 42056215137831626193958081758511385473445054270305666030199355985390245530942
7189795119488867802166755694612998060917694943299113397668952168400627973580, 15453686452317853302462184096976521882777924715752041611113570829138589886827
57867334597946190460866070224611290582166790519213197725848140426607256506496, 2475233422861225797519827158318677062915104078949094248792373881976950902199
69597126163770087947002491739242622231015018321540863582841862779969438893286, 36445147627123208781101855017892119267475408636041833217463779443884138940730
15353283908796441326153989208855201377947347333128624326972338009982525856487, 65062183786699642433225803426759524441538396435239510736851543779775598008866
8553392619321237740791297211671935362224234572865797441368815256464550382301, 8187710570586701837106488096386448682223908667431265607751915047977592264204
49204118847932947691426960839070184994860661099322037678217220726646617681418, 59075704205600963295022783514244403789446393363298537202685684165786551643680
48535674205904741266143936258861755248400982158806724186941018076422504128002, 50851423582942444118468290258494368977917271073851219746653136564160291713092
72400252560872516045569862922223096618240939284690487676905456866290520131001, 50136475851978689675308394169167123947978649717759782795230505806499583304807
69722111367012933240000407691449592723707983021270662462884500738885086986878, 6327990108783503808196142593142166821742500808110691790667298248977281272311
19188688847913386759007161828739067203499200057788827392823309539511871208405, 22249668497078586826646787549886150466359161717708386334538238275791578770110
62640013167497514617674591061605748941039216954106984378817157265641901498873, 45727670493937027995216274109640391419186090029962715281601149187925044258990
60932987133411868206109321236442935392076205053427787573933268251936533264471, 28313123645369029359234983214446401259716391614400795296473306231177901897498
3071550418886275694387628583701143381763166131223606987965089198847293950335, 22940735245886042010174961120064884166727905839360541827295812519910584382844
65656600659641949420740573721563109745977954041860091851602212237319785594949, 63299138001630306451487575579180075080283483106246274021964490938170276230447
53028833598551206878110592610665345662545881899357918550510847545204645785628, 72641036768475912088921382835871438639100349674590534828201482082940377328426
35568655599372903790639688962877839507907655395480395559471036501648980000008, 30035361611954558075827359508901716612357301926444436815207550457882839251305
55150833781040882960123438522041480939881756875543002039163201202615054920220, 68013620175683520236906785838962087519176823040195730017936070350828384088225
35063023286085364683470915805293605285346367795448523600392203704591242517481, 43462461541581812091384481251749191146310673887249564249316256718519802313074
49307682402250074073525247693347685676886756245028907683105523557039807507716, 67987289328816117809710193111087404009835200836761277572250693813142986257540
45453153026119230876560848243549377331291724237570854650054920402553385121649, 65771928257646040288284194166560974482394459626508614469308163067611563742222
32152721014722629106837833623461462899924005949087614722731341916708031444004, 5404074020907215933937171350062750753641616235804310034553447975757916569294
20442776405621935772863716105219581910850993661279641015877413432416693290527, 51035770502789093804166253644046944711665613727073460257171148634272463648250
51733283701025725326436823092288396950936406774196774444746169975838154527761, 31979499644248762522727977931914432716158718099794237310104405911296852702402
12483524059345678054286955426135993658033706909894744343148703182342401583553, 17478451020134245521746867329790614108671262747580684949217865834310495475993
27560308881600274205688348711734950916696981699177534988760740652562588202726, 55012629954230457320962241236141283424379924336868940323129965350968714519795
59320704141564332826889331806465606500291791900928170426438165397705370819174, 29995739573292630662081360569743845785356856451907810842636101397082663371760
67448565102224072215523018821089356229316987839903830606458560064127190519345, 20631104185590953357068836342000351709459832412796378068321846341114324598488
48041452285475270509340906586580734478458223681477856643037442303725784759636, 37128612711146335299117468055435466396926708033898323411019048782756907040409
15847122745849361620476124675829985258591598298854055909238948962259796703939, 51698917721704158078706054350211693870067537453710156487235862679346392940136
30659351353096802206645005100464379954980672527025224383959726193220017119009, 50815624364214530686735028323791911585938123830466064989946168397437259707240
34550240114454670089521451174726786460673520926647115116993618976832015395576, 37066387855355375773539701989137749230349272504678303150444776482986426628153
18948116323330887138973188328123538651390807299023628485538255887930482689183, 62004881400442705519492694656622982474358084135307657722734144810117473999968
27519068747493215904524845774020886357465382198125276402548063537622162838819, 25539980011353776543109225981645653646814874498028873347616835958913085274638
2783287500092102184877233487600807497173082665508986925917874931315435424999, 8429871827400406074842811722359353148016410953903884717369555170299839578209
66744710262182457074233455134898683672052396850497955459511774991459415787565, 30810225195466960239723118382173448387313780639863949922593334219186288197623
8478151978680587322334809093112097108447825324996580449962685964138551276598, 48495115934403381447589802435681706428714730184765511647864315976232580534599
5294770464694167826497716413297896093667384245978888276183987173830690327380, 38322050295111488595823389408054325202339625126777789000829639259230141632847
8153239564972774311266434957663057254769595525786051807331941457518920343378, 18860207903654136816684361419896160607707156616716960290746827975950810106978
70274458797976914965885615211503007417597520394966645668342065664007817322493, 57257306750875773997252652502418479380447282908748282198270317777655097799509
23590482988551815721778530280306477964119549288220602055820012443468760237939, 51281348855907908215591274402961155731864487002966143885208470451683485857611
14873153679807504087643721516822241875835696458575250427668053526461130976455, 59888616964310251478550057567935505565524021547711489008094210668136553292689
40250111545349020667939624321483073468741738471020173237011745411898813950732, 73969140798356488527929882906072894360022943801390018586524605177494011492509
36181841211066868603561802121069763145155500101889017104630963686939384805677, 51025475477237219486235544390660550809610015340984794391589100813324637018114
14844521577809296596493701931094031564578811390445799413610919039998976563699, 50222406051351365832645604285109194543853786501129712814287355757310986949464
9085485288223930977504844630801166972551708094897051549859722068827269045309, 60037692721703593586167818806753607447927465851592736619166092424846179679028
10518354499181042011489163806969710762394688561283386450174645737928275596015, 65940043905491644105973284292729964632017575024451830721874471878640387273378
73481476273880186496028776928174613469818748419661065423672002301944096298763, 12204139916969413623229125320566823112282144278097518545771251278224830737903
26284063846197315586548264683734964855647601041297374640558449786504106546899, 39493149030376405076014853859117309589522928098946508862357934514380867324687
14682311204259451921406129198155726310052360519094070961021075178805448483928, 26257929185495869523717089894427445947394703532957117570212578010470823208660
40201046803032710236048524222376439458661334698348148607189614111907781999108, 25387511339498638943427375990684879012644140196498483727055430228285005941212
2957649949980648305119535014714873686167835568896341550396885116398498746428, 59845546084015768285287071265427762962768956561956504877289421366424354056769
6825709190820424457574870266065346806930074980188089855101961607898833323866, 24413155811677974383596302826940290049635153808302597555124545469842921520713
31913256123168524800123023019144719861497428022105938726956516684001412475203, 73308984107815400136274476781896055904915341120102344907169770498790067787563
66505352609953189462079364259332791576385842980350144658558299909850867485992, 60291909465106067390580703168861484370966624875462686532862706232788150024837
56003579944776412556028097290842450337166257085829918241408221935206471243117, 14057148135826138905615886619279445903656397247780170327766141709052331461100
17619378485881836458537729409698829681646660411055311039565106466265928914465, 35968998455188985480431619840262526111560138748226339691237483042049089972528
6112319937409832259855863502536060922690854540773006679425650528267575869250, 61770098255047305296751894237436554794561262986734231248761222556145116712207
3519146420257471911490345247199968959962817427363214968112240007512939439251, 48821998235303477160746651068887185994433800783717230668950591328783309535176
15618722792066296192782729449787411472472179306813548129215286198318451730850, 42350008383454798615805917049549524348350152158030151461000579267649633005654
7199117517124773382695319037920814102604756939555937467832000171858376463262, 71994346809384739339241074693331962471873295298428426201689842408105325805971
55168223360322791103286044503919234868532560784846911481253840127491889425923, 39049631873973728431675643443059501796488418361773666353408548089495769255899
34992581964751438824056083746611713288079620355812570329316992165998834086843, 65611570977129893152282120523229536130917983787111419885629865185288341193226
51450497362665716355675507855123899931162883488695823968190634197656007289934, 17873101354394809388716789329380122943640726974956102120449578277993335123241
59323705085665517557312402849953096250837401903752280896352753552093021272537, 60756248091269996551105869967960802925608865345072840487729517419005244747995
75465745611033164140828164952836490051734881150598343492941408071612476687883, 41171434490556317368575485295847636559916835307489190529438322308370052130192
42652297847554675969545702769717573906637263485790855177291359190613013740454, 25667125389885456125382227214729589310550582029297259869900331312239460084266
60661364195136992254756766555733334722207544886276303274689013390987887506864, 5360287751505123582512317462828101661288393113934806741929366562326877953701
56251823188020383740795942627600341302338214187081563615311771460787541068065, 25379740144216908379450300694310919594248243688681567211392436453262558510939
70305168804502617314117683449572678081962995479675706559499809872694007291375, 29568200068499840767672185331612659682477341091703209522241762908249172199079
60456594667176074670951265717879646838734959809987251615441093026085133317783, 67042289842265070247298388561956412303959922735709980379676398132816164173197
62637192514439749384509202990580846885715437980928591939961573536176635092975, 6297300315870292739604368118660243545495118215583218789957046550468488909619
45113450956118112072122230493601918646745056909534236191571689255111554547177, 31452025669932135831972594766698809301205727923992309567798319276849462504191
41257409617733587889234659049529495268333832145541132302952710974000585420720, 75551257097258654534040792401371524884063820814366534310762878678052746136966
151507080135456637523681754458098738483412169006792800592518578628838466059, 52788508055892654523049815908269381602710862904004138841483215504338817506317
62685747238848505859168840123779879638630484498672250722021136610150420064511, 37233747655740158279678574473477811434341393628731140873437816990981783409181
26418193804487916407495390971371394386322665971658606186351494022856290492703, 5494026247760355478535263699322270447509766635462087021452822303058406119280
68557262544274893339750949529384859092910091577849385544139371082771386908651, 5104147042446903243687674950616953689264939638759552144027029406425704808131
54434086234086235509942291483531901336701159259727817323254961033361932636076, 39788183495340010293825213001633409912818579320186808534360836892057186237548
56365215231233277091738392368173517053641165740221994170566088608356954532856, 29902346989349742691524130935833465533643527049513401133703851000728929755567
62455753479758390117633564525100586902520084482138164400963571425451065845067, 4585811909479486149021482651634331776927909530540308494306043556697653502776
15904487765168850319025157511310509252529844348564066870936400286274904040031, 36347895864421743224229676488955989511572960926611877501883939443810877850808
57336913037009318260225701871056392683489904952769984324455442764111473382543, 29425662456195582228135421338292213698476452992697344346913705221147223580059
57683485695636386821922647958883769637429616938203491794636977236178399641622, 29693940331562672180522101908602491033531224470106465225476878399330139852679
64061002880714848060336921643209649532689404060569833901889049902844925966154, 39109426337416945997401615997454335171144279364512999259186049195721289956924
57559857087312935049338624341041716288616245622988120738589301055567219669969, 70649401668356253871526212705361336830608007304022621421909433966858838586860
40701226065975999795867720880090706472693578898807298523849838579580637664636, 30341441159990508596741573342773889807239338156879028012984918162638041356158
26039640886055526505669007168441081601229896509444574963083113340438542501654, 30980127365817407470260900142088317006265855401410944163873149748715417334178
7382344402206266612472152376890163527600732824831336765575019697121498676994, 44094898676960460462655891072426340361527253692461503428032747631756983432008
592269881045796953117951759699130212522584300123340732456291868476274037012, 15971810022338764352939941430763702084602689271916474583122762225038535739895
45961583061433960615252774710083935618472605873154663530480259789587309977412, 14188677957155245785835544221832006087619662458825682860313444841521403852151
39150113615016509352150164470569017075496983248523421651662532253578429102705, 19628349623271148155006331151987474748439807393307083103264725800039741977235
64954297411782567747929394952852992161924549162377937948172873381326061003340, 59322340788630750948551149563421215623504369061777947283628400254074826865284
14536839620661814994333969419575892790123153635799310826618617808328593113143, 10934400235496580099888321368145162451730096968734928665990355506629375949004
3543115178294421813576999432899815314965532590186473072106358032710026612187, 60184674737324306422226265208995411389342418730168971450734542331335875117406
69758497583739946758940364763273605973185541169290535055301473945846566850577, 7365465747558856542207869503962556046877993665191532544320869730242805307022
4333602869134962390367528088665812641219727210496494885856905390958181566781, 49099273593188060569898125465087771276969414214533354526056395113976482359473
41284212304877092470702317673088305748771073926453362500016914539472728261423, 53334615865238987921894153640932832120890138944585125612234021658096611648688
76061543204442875977456445076256388907434723778428382560872970806637303745740, 67381971192646236423713084035156256668855536813110442957564542637336576087572
50777698964477381752776436860590580138179451114601013638447762856229872525207, 71856155799088197888981510979112433518060858153327587914796905216528114133453
42874935238195600367360125170710932830993578663897250980016619356040109001451, 25128502168927017358834711593759813807712033267733726183165242089001240716685
11123474204683402468958668626133386002465543814632869707797463660255264650751, 14180735452445477664604038539656522425746412605993396887640174476480839635665
54015328921682713517382343937925315946341289932500579496205700347952989697649, 16857142316257127916236900066666331345387249147204944822627191672871001817196
20415314981519385705898110892691777359581598749261562626923164862136068579634, 65195240918480377233738645066760872416919901437862583416183864614719517529185
8982356545383862756742488700501511849094958297035697785968363084750342444604, 75281581823919785649530444520564959035530452267265131808193301166797948202802
6009223551728337490737740727224792110026609619237989359233155159976531324616, 66172743933523183974584732257057032500400562261407315607217831696142358525999
76525048251965741748054990162885271593474146313637975361535554273243640669679, 68052939895406460010648292197247967847308886061494423053009563166919048096753
17695993166492777785442167026687328147031010247065611329341038787843168393772, 3967506536376939443743822456491780257000163776364199069765917599491684197233
35261336950937624682460074984391171405252969257467091664584768070887493236240, 20026354684713738391726636535774806027899026796996417617804837598049266720341
43664991338993235687865943807732163572440399037031408946388217125452593924847, 39468371527822919476733675660038276730806947155181147633060800943629627107700
11647932478142691590961944033582362968315132206161322520314042479733358617901, 51471975746111848567841686894660887423458837547100467793962182555897732211989
4711300446624631121466833917358173117852195400387246770403944075371731154895, 29025390258192002131383181438553770884882255066730443554315404149936536959033
43406274489853169190469192570199115066310211885864893221610272172604674770172, 76810872072587054178379079932933868736891864131618996573342511405242642145749
52729586021169291185409180368616329786287941161528085377114892051038342370180, 48404477422831085369108612490095152896358267971198307871414424155964536155545
32631248414038198328791045697346328798341655363827766771017443284685090650639, 74526740099707655753601271384396167935968956893293763705858449185215763749089
18102996259411615003081385391300047567682257066355426717161338250975428207439, 44385761099749690147630976795028904975861396760182332032359253917581114646804
23481703372443914592726232705598826623736802905097270810976904544416672563535, 61873486082585983083165142851931851054184279371720757079957637504294801236284
4924216711590171160104559946456681405531840556432504301978961691325388470634, 75055790160244637430936316401334259817420539362917754484010708234652844366644
70225476182530875061706506449157368871700549190665380146358990100413084695944, 30949281220769602632348944624562763698081411447838325885998402761195937505355
21947910853405014657757733808305322492640010559473029924885702697290771282197, 9522879798372085775739111768515611185334290175385322771912822261318716964188
52078489592280971591259659204308893690942811984663196662952229583837168529502, 23006792374034108808473044765237620771221187766628465073396966870700774876526
43784005119986527303160046001501025264055955994639973478479139570530640351923, 16635010412488184064424258340182818007341047224740833871428479752525035238569
73442735536507324076826441566281321491667796886928592666278325379180247836599, 33581660809656397090995758606787820467804436306647345988588004239858538381214
39515336464332966728847143241612056247978376334646376700059718117715063831716, 3847120955471324566552120614903017456944370811614239584978786866628909928517
76837471459420417373866511810200597426162134389779327614926423577034836480099, 48014650435705164830880606155979761285605202011973563434043796324044795984367
28725820929514274428966066912837566681477387761026142878900509349491626773973, 49108158249268499766211510147924620509834596945375824079936440374708817333331
49914749859820247525123993992169481927866624335315545279257273545177968537372, 25164600940323558300427837263975462706738452994734810731347984519496711493790
26168376475895252971086939804060620679418944674964869343017922958561302995306, 32577060573135774068222536153693357467626075121596756927301385102612742273456
37218378786762383767878231652146186087356168440944566900933771533422234893810, 3705347468192848172811059030142187166172688458332024853872624499364803282190
26924922500474892854829275698040895456748931393529028190387567227787916162111, 17604544213786991440710940532706971958455672762338681353919696120095085621906
72980903619708551200799045673475908503143446126189357029583925217251245894481, 64838994882783513038507880388793372402679542630214844380218219289523329141424
24180828302733057867257353456445199772524713828641691293707021181596838832471, 50370382071671785824187942939368653512893979351688764675357844228764663084325
9995585694357191330185749935437657704571706027663104721811637156527921695301, 13526300681336781334302767174466015543134281160899141148761918696207283209086
21044612827588499596628208442697981244597740403977154096152523915707109024420, 16719654017234882210679109287050575300023729769323035734242387654018952728816
10984887022240808061492860686661515034319225293062134606127285411896861263801, 13158767503173398299567300376166060285395547102988233702634208198453758259584
10504536148370721251020919575567200116526322892660372038993861148924486708765, 53699607057578421250433539972824282025438526355582988604775130960981929633813
55155818988237925503904086479232081104187869078923939790100171224520855361979, 13393629389185775814814849274150335938020381908753759317480961261012841003396
63015222218377551064496433508174722543768380361135961686148723536342261134074, 3942567017086712496088101339197639488773107442095254686275595156314313667973
68379695286008668207812946754481256739759231280806077173894116938107401480675, 64821791400008921450931445566456826113579006094644332907577878644375152027091
25938926501357401035609740375235862321877834669874451518449804530587255371839, 17220066518979685436208281004626178152023366130463376555109646435935035728744
58025983725078535753529449201218448717461853776612565294246373704132333094981, 46224341451791807222286470333211547690850303345396063897165977271732766030914
60364172712625196097303676081998607698686806812437695307050093732207176516180, 35429800529662498508048164086085360344935943562818576237708882180115695126065
60935964704584259602933122186835188955244871160594722648122313298524482450132, 12617520955247712289932874154695923326853558359177319686719986895308424831032
69761104401548994109814149665770020514770012331358605193770151598000368463859, 27075130686064049061390261566797022832795936016319164559108152773524992933645
19012338408540793447480846069406495297565991798062373964577593425185080096871, 34610976269504240084227583630788407742063078355599170890751746192413497064881
16328332850857550881893088337547915063397696811971771125786373693937999628251, 4173870442574660914942941022342302091459445485846159479828112180154874404140
3855887558965229783412411960388587780469632008844748712145439953057909838975, 41394972933661881933693031010422012703721326444129262120300080614956435469230
72357420090920619881141742830221236692991759124802279472203926673077352446448, 21772655266967540165335446161879782147318377684366910432493604291445224055696
1318322023822887960451320078340877442185329379127830811957694138113032920798, 34257557819477003269594571878300371647593807460409614266907736110478198832858
21497488418347306979381513878185598581145784594029956837509735347919546452038, 55134566392478279560385889145061187969557529923371450486697042857223399257545
33811052493259686933997605653075991311616471008522250116081735765928973063115, 37436230762897073854713998287450522731504014105310912592014726459418586758388
67295277563039357275045573349673942222618606481521273810036217424589242737492, 28542018188505278644834069983049189706927446326833085708276677494052797896453
60667302396137295334421517803764152007056625321445478326223476872031037920730, 29012863664827396368863994239948239156655947236510517560576799889519801732819
35018555691304777049041895302352448496138929946269284915672843839866836843652, 32021395383714048468212632419040191803018097500886845449775522109446824624965
30288160529101948673483022215068918886142014958588827365548074060502565156355, 55692598682387689487296761738359737549360982089277876571667522801724199421149
11488356464545258895615393686025401518911527588521775002141882596643316590535, 47611265391039172091298824187453060271178588265573344211539345705850224743180
32037281860734269690995968913134714595654382263333011717798689988780179119665, 2741406885669609884283907493370546800661637997894885148332666775733392665222
9909321980928284186496903725981988576181123482834498481829522021129443418284, 74125787836364364025957614914091330837048500237480977865486811203789524842198
76477033518502992803406330947629564403327317036498996401142290381148665824802, 55027216004002679192413174111027187148093838230732800704770533674166994145658
72336058850027045195209052298514329129609015736077289029459569895872377391210, 46795205606613400464863719823319768981933504386016052256990935329517770373167
46446512938464461190761378978962553825888599684849281808374092263336064994844, 6990246699491895517296371891526132073980876432448745774147658278640198805944
10668889550503267625998726545859568593565943177745949605115620481654653241732, 54280373560634109798594761957830486954789339098378214570933000670948620316311
34427097071705130031333035544250989541189849145611459329294819516153854870851, 29346699891002964738923139606638813080987693763195916053038395827502113619054
10566051319007401980257389286670043985784256627861728584195335468652546358729, 47546452249000677411295727537315686929530780253081982515541064117974293914768
72460923188444488515958071757496895159629761472513239772520720268720081815340, 23348364360073019598290166345258926799156405817855631738344406352174838936097
62829343594324459142097963411254182114068850787965284546946367647676106242516, 43337801871487424565685171709686673328836099776409652094841536921969053734718
15056851963754936013717984612394485652718153120225338848159700729653943018685, 35620823514941138844188842009181558601254663241726703259198734978074951362824
47702204618087633218849116922575537060312802042968393100510022436752061463878, 52090898147669003989555788222227462591561733279227687560335923191380540006581
25125954863231212614453764778512475771144602165651624568429390091098767681613, 22493934209969078918728822479190829652683270845541060445393760689778529039374
628971213063586058253587594587068438481782985266642855519274723194218222378, 57203800973846401867231200738899878840886187955509132424574417407182126899572
25696314605350707174166036838268504108825305316356471144463502459944798603247, 11644830329452966273668663492214755064824597782463851947095442804233086966484
36917379955786584256462998595031353401619548854261893938915191837462492731720, 38781103538516635046669259575409041987911874396082188410347336409082188114767
25047342565910539197051450444478493415303661396820848646642554366289068598005, 29922668444419764522793462082408340853525618007401077518906152460521095980838
45436142746407057989902370803989689477378947054017824289455842258810117395164, 42387446599253019743077184491982712262050108839954999002798357458702511102844
20784493007716239540524967547960188656044747765402980170654812625655008389953, 997001997064111969543737254921772460902064577315398919879912033232097228179
58579508985617499890336280706266129030023505587629424213476015689320599012072, 8942868632337233065342290741823255270158058161320741634791162668536324897700
42465893337915796539917721065384996112038099475546646086635825073533913922756, 48514627840524486651955009518844101762976637026458709987466583671456685514927
58889195395886743241048676055583256559760025484590264590490335512129824837708, 38696373008967633733967153626779558260081380311741152348059338031681317821439
75038563218342096490216901377207688857805129799313595226427901409060604306048, 3101830563237330799382678668900577335560430535797438562443585461570464067054
49964884420954884920489518554018421383780907017644882337118580284462388226207, 65331160631159174856150347540803913009591638983542874547416532828442102370413
73343875637002327031963264961942294385772368177984729825012705474953271498155, 67449291733237237007863402918433800183789948719469303329169141869065790102536
16763343067846866770049458740964139624437677522844765676758824989535915938311, 35287543216106149391350474150393002516550926951946283176383500942617526192050
13496026872726725044065231459029486793369769925646856871962785202832077321074, 44483981845271359305881411713561668705829527403120921476613403170849550152702
54857194546501104489079733890158388810475637531959078074553672627409928643016, 43673307139088038473639200257312580635355583640321731159949241190791064278755
44829520724171836971412153036295570778874507652392982597135305777910135884196, 26381630951265523120326681173302052319767310390108974083218562186599218015120
68388543068351487039049573873367406102058873161368719563495683064613165204761, 63287658703069488850888860359249352689117709497808604377885272083543486451157
49979884243173069118849905911913362541772786263079416909651106170461530183624, 35605629546930641955389439568527815637093043360867902806693365286673998215679
1593652131569032550675848038428044402722868481336790322171801847399913838624, 54429920217354707474425792054952395085078422813375739466630321049584944204630
37660552487168877674815653320872054872540217702639082761615870486507450368657, 26550939131150678726005504747020462882184923344494133457061054050217450218961
34191331403720847994274588406397217173066754040007815609907626116586836702065, 14133457552588268634694822556951333156954518257745970129390511682227461267315
31558688189570946753358710379470673665565187913279073248143502171626534056803, 33907213159188120775895055409902221419768954992041291712393522753514096619086
3479810138054337649544930718761117231085254890357484899145565087413684461991, 23995487791171117037156340366563752876657837624490832207745246161055346438795
49462408277714942261058711902646690970442924618682854114079215385838922967942, 35014501271047917150697365791818123888295607083640888503172015950806128893644
21662476567104105756691623350292558737900387915050402281804231865649914954348, 33161971344088192039282800779496483506429681509053516763133544948019868504108
46026795628740273791072298028425747644574876631201198159358569732959560539797, 50640362974130874447456579688231579872135223258698015463907640306558751625899
46858406616919540553710038215213048767551806369966827261574940840426626397603, 699859201708186453111970530271298732450734618761917803125405255058975697293
58054561788823428775299220850302823525637933311631921396713942304920174427287, 9608419984819175625055756722850506037319116004763189212694477744283655688852
7074857127441801780364947602771378959519563879789265669700194515650882343023, 43072697102909962971132191995377401217683712374405062974501396004804059316294
28960632370145500656392373875837334573208051307602539340930740413639195646913, 66746970426929955355005706751656337298297307245540686801306006482113943612180
40167571007397318937963136758420304494407751241957616905598028752437585579967, 22508943020793939580990149444182047231431115818416771866668965636034669712542
48258232175938417696913787384747188736166260500066333758052728976094844308085, 69106500153141660577678578293483262755307800864551918354945398695330722941283
71489583679423151519705656829687408619674735623930216887464747061463752210633, 31740926153670688044182912801269599923580108310308325470868966611412165787365
40149486839479388419838425469568332673985573703619491947295729145164621754672, 31043488755430482612616932445987950637431639467483570028297707848180538717537
43660100596744683571636367871534587951729643874832343260350660096878136213339, 64558475028693492570867966301563093163277266711919288155600870386076543391376
29411042146175718109898687432558868726755583766822479191799027453150214991878, 18620702662629392440890455214580458910863793947754824086170039634038671568911
4226025564965365430049216905450721899967141818122717333310353246103477663543, 23391378238438863788049576289355451683450805102784023444832386990378149466195
66090142775383103020199545843254309538383192562991628010617120757336754588282, 57655240074435322498689939968540735705973857087839597436278549168812122051193
45328756840059380613896595250015370839656801820604969132367163563978473731406, 71752044625552150118205186260175582790565736587772243522434329573873533483514
32441764387631921689693673496193005203141699180052045447405283597271672293448, 75971697476326537292490706451141978415127414251320032564156832878388699820676
51811324998104560424631310733702990502266808976490210242359782463809937578288, 751158534201536067096007142834268927790816047164019814089093832005359640964
76219351697746219007837086978136185186728605333961818859752807907328792662991, 60261560500354402169799500373696208870192776533160999118630216776657596673668
70492752015138093525762079261255892801984179915595668212275908598850110035740, 4274271438866425235606502982527520456208682370322099424502839279106931021633
64256747668009309836160113782522334045042505060634686626665287268280108375860, 12775655357049305336411709267168338530025988335073207177430283929698117677882
56132061512261252006122769242181119644915580675894556882544247436473716625872, 12041030227627971505070528070075560527615004334975018215570026418098539121890
9868109499835083514883100361305408554690231434246699231984115122473491576433, 33594580934335435549423840162209047674669235292647341518019525404688058628097
70357976456113072038726982276097560256097202770442618217425358768309393520934, 51880053483665808361663357900848247269527181096521961150481021245198191906859
15648062145224190237562710264848927173858783696133201116707540946830232261534, 57190376664522833846482769642387208985851589413998811307081954897414261015390
73977618566998136110752073594034323042461038177891935189429629452903757848964, 44554161829682474289364632699680663860889309726536553543941180921407558414639
2557412479400670472653570971952475286858444829789765209075963928915274724506, 28217442732403865191922897121446852354451377042449779775608150740625920417688
35510755369006290564103302432676534053072579905211595646486254735846305781740, 27277702976993229356548177484070334489323108737774336878837781298088068073535
40905765351629432741304309196575734605147187655850593590934307409070071382177, 2891774113967262699883325794655881915869494372721891336662553443561082880351
45782535274815492272653407130380820215689754340382581537016774016002301958024, 58161984643505098427112615555959933653216484316452956492064651941448225026872
66359710063740731613456260999814366165102891205290605402573863064895010203009, 55244860356978454274165171567143853330214512034082057111336330897290801589323
71587684731008059025725920227402745966304834000637496697572736594814528289374, 38986138318475767350326242446169225541599820736171201986599157916341517144433
8999420983434704157458415677028809287438579628735226962261433366473462647931, 71375805957669894792674651148976376695246065138197925417021866634481074735153
22183064161146445632213444971066328131346384217242838121028642618247784018171, 7752641663166908308838322717814394408425177144423857828122392396971735088278
47653336472162781174288811641302002153716718443138157975808608403010843662862, 7953542411800762653834168369898146966466560832162798660352962198334311895733
54144524464770911673871882590060267861352619802302921906596816572778542945449, 624736871976966952077111914144905890747015799028784683300544145949071019299
35590456290838812762465559777450005151300091216343253623726593292943483621631, 19151525723683590960578706630235161114598213649008980116691425416276805470264
9361313732867750984998717428928537144158586542235524365502984643981420306790, 32564438596491422181687153247120830910626157489542681311493154307102662331664
44524884253004642002444936049021133231491594209494447655462021004242112391169, 49590194944753523843844317596218502870594536857381157088067885835892035416921
58924289393827268400766460881186888453508951860776330751530117323488538682498, 8689450871903278344879227715119789907429937323056984294417349304247071492340
64860230941292217415575836747376207396027318332875277022392577197643268360080, 68201340017560531772486359662630055230654339774091566462500825216820711252116
29544776990520200917764125150973875041763422970655765180347004348090403530555, 57352607845652588969867605359946915930126347118278488234810129550282100416174
56885581978103512935098692054715735506259768465949263561590723143827302037104, 22844262395749319791108936437106737339223265036856238685791071397637692953649
65884944887727671874391221132539290765897404770654484940594362909873603329492, 21385526978218885304450798702327534633724992112617273565319413777501994132750
6338855844453491304253280976882615236545403973491714514339906598959599906605, 22274873665628907331278778824908514007354330992808497241888868656421240072390
40437556699109157840889976211089948720181391351760718738632658008617833491845, 56472459689826284532869644110795444159803990009337162328507797791916104755931
32182925954790807052349993732548172348087402920259955518024319409074898107798, 18493901242907923660845067302146396751681082176881238819880314257866707016071
9215325320028281570074230345994574239643629406863240022947564277879213486656, 60847844097854406230531814718174931024361146073503023320477864721718430536186
63381005484790332885936922226531660379484971615333806853088955332853054914014, 28891617627082559237762521447835863378936441574182072678087427877320144221228
3411408635523160784293210069343669377400676764696247417627099739975418375401, 38270313015589330664042655336924935822763521041494806162503457757798287710323
15701955218657156566435603421438020476671825378588935264366416134503661035012, 7303496695879643515264709528583153125561367102841970346687061134302625308048
32188122322911454608465132673437298681100780413380985389007323369324161015214, 5738728291843318251670813107938281809359079970670447356445518035639082730080
57833245964772995126546241383889985955625355292630054249152937943143409638945, 25046155689701141058165261801635806332108252302439425032816858296225586385928
24957022914771168521537723248150611539174737995621011391715632292671756165177, 60737645830848059799293179801601984158738233155021679713129612286697185261922
69865961156740942381812646838014384551463251973069409830668443754686985631902, 21307819229205605387460877267554116004209759205324740365458996017609855034560
66865282628542384140970789771308460469150724056461115406003862477864662554592, 41763068990558079945792860817363427907269212791168620383968563440711138110975
41025603160969276050982467848847549680017841147203982116375027007494890388452, 32952266851044304424359394251460173107550510797487886352595539065815281141596
57835380624330322185822708531891925547517844000610640400313655377869340859932, 60874289795732755803739525215335638344119030338876997980690486903211574581545
9216197839797669899794109865900974760550934199790112009024010265881995003189, 52664615867550355902962725213220706617212408171098389036689567393687885872893
31413780022641157254662312947174659055540327257615811587331358581106563567440, 62287046084560734504976822062504142502846526433013640488309832954536092655663
43780499341368569892003629752859796093102898393489208033917711767947882364584, 64072266124749434013029349824549698093372775705715489822641045910119733534796
30323701495661341367412077327198913739726181020108048949280984195578171309224, 15739577867297166374848351869672378002108823679995964897342746388579195656218
38520853769494536632101068162270347984641532691193465085132404667471008291060, 14683333631416905973257370948127342955313714796319255438329984123758086000769
46652649361803748396591169836212885518549755306024096918910595337260314643924, 25700932558135992992236215732034193105604103364100500575937437714415533339296
5859393321590940327061045828772506655542758432686001178906033819701192296523, 11438786976176151398512625774366862727411678543861237142868883239259522489023
56043204997471195749705657187885746870468642265507416643681072868853906493313, 76079073269427358440595967957846861478325227215439724240155896594992540496118
6143175988066983275241078450854578900896072508644725455295228200572452012135, 8512368670798150868313302503760209824677882400928750319978610731487071706245
9133295463366644930424713141361069185755241099455546290625095724394574689299, 50366569600186302362994302871558471743831042856203018497794867578909718189130
8968284300531002258331217580173284596924455618069892117550983650677913424019, 72419940659659084717716390163905517802243867119665841928875587876761376013810
73336650377841081321556631705715008859790832122023878496676499247678779665651, 23351542736846777570670984140519975537067737618693206275089365546202151770374
3556847626310491963447870320161793856794952767048223747548552042133579517974, 3132573222171091294720889058117293906489877789205650370078384828590145997371
24693187987974467199157018822531396385513108186720705031949064074248974081151, 18552987310264026372513865528851447533831131609021983632352631237704106066206
4934738524880675027584398229200743610254783653040136456401791206955762013811, 63883690561770772742315230406192553727470503542000831921406254783626451698793
62286828336494965968844814450789296442613357073356602558217466673498934173442, 48824699556686032076847800494636057396874255391363939405750602265109854545563
29612110441573855660288394370273473148229454875301801731708127172034982550840, 1362606173460639441689363422744655919325471760675461174421286694796738509708
69858126674480199721023770921673536680998237453014733074872568711835983097820, 21451302354401289821525385025670617428802712487914269497241070173377068140357
25087998671304966971749963557022737491065400159153540068206540923567777205782, 3039892177236327220711379717055094403601173613452521762986993745389543356174
23835105764008459080499735995597022507752332963422526374007629962010251417800, 64550208863136864679592792350346523919061323406198676800629321403128103153607
22819239500137917731770414605001334305896839597272140532760057218971311861265, 49688877176583034633224246465196523651160430345549992075289657972534390846495
29974069889846644091135505813357049977328400518045198165928249278548480782067, 73556535208979883592958939139258567908271021137914507394184414737965929893411
23770315831858760362198268945476539870193932281349521777485516109342575303935, 41544834119948634952922057606406266186335533559418129438005195162323759289106
6269783317954966797556046853524198855169107352208503918107940456178658287837, 9158392054622989640750410364425952799625260562633606054097770216517889408277
33257393722239941696408641321287903255466350474502718704419693788901803936968, 64131553158144323832702884687689170766017745947963316277158420227141444980863
49967758973070119775278183444787866851226405876106013924490362149109984600930, 25312478393459085090847839432527141666098654198374790371785731409008064068404
61953557235941162193189006854623776460698487478007319735180700575317776164522, 30658134560142241640326899297560182170398033153464088367955599057431345589758
12116442486452313696426495490910909150265020801606182986146159411471711378854, 9745356830912704168799155928609353486058416348759535990862172291411481625616
75380032673535052158639260015664887444429881997755225934462769245166641061472, 44971671921467255231902359257781809214646084626571956897214395231243786634414
4634910698175150123077519639803494005144617651021954599694116147179769458563, 7726012596650476595833092721940938509200757815967712883151007106647529207131
29416726622729206851109775481697228093248710463231502951018107631329517662083, 68246334302026024608046694397881163870661372260509864992753432020681222038986
32169623493874250274186189253670121810381514808428026110480424923267091447086, 9325760696233074706759687795331400665805310155832440825800761132601702331837
18675860974080923326819278293230836160968970615097856496614660060549385962392, 34779348693038790991047045324462228241089238316513793400800660476266213998425
50022360411169376965120551550563815797890997194480464369283930584593500965232, 17339943711417261796699765060790579180254313904939940835551390873893666024051
9693706887323422498913384993532456004755089811747296816451270348540757652737, 64793357964216060839026613022267494634583776585463814115468176234093856991245
8354486586578898949018971942372339096412596130558308235424971591392413477390, 56736812079391888298228869335987989607913636247088850982915785712706594665414
17440414591964465844968592340063634379241398573362542627857626432627385244766, 256728210528918007052384182441920111602322293606773313473981371684262740572
25603020084830571717403883715643830498952932181815167420824845784170105234860, 16561066377820590197082485017465791177893619884504284007036862296767442947344
31246691948656728374011386560854861861555310384314450264740328442232517396984, 1700242790206753836834087511507393341441220618763654325785613931785795476774
76589547217782131247214085451921097453159845596246295351981960506991979500898, 28390098837973425630715669253812563738767756217873285155346943773816393371413
48329451600857542493590993591971010424637629552342817603316675889690480729476, 32493360439393647025713783332270094401521323196299809327030899942748205797012
70055938755204512200373256184617539536407974495785916290974377387707044738535, 24549946927191892148048038856285727545321024987738171307415665707297097215514
3891537798794025749373601111557046238111532929086984136183498854544403722004, 23519181459690492094992111143729383576289724871802699420210451233397160590252
65738083575155704299480409850988470977136584922887217568266181752612629528999, 38451489814688908035173807347547783644733454030236207328343145454123309207698
48043253225212997610955655854207090909583645660340558387726807092330655480500, 15618070205794053055691411057696833471874977045787414040224181690789234664783
21368650754112959249268664106258943136192065362110965496715722657904766477633, 67551802204260365527218098417448291513776331923205159334233460924823012347342
4725812685723920236573015886032987975472630117371947896509135803141188398431, 75258795837940894749771419083408774737738820627632037754130019769714824921065
55049087726379373807401913100871464767729824416035891434274676122957481622549, 7379976416425958781217574471284308660126277097161830258857932468364049242558
68750939588925168836662405236830097893272395266350001978932882291332630037399, 54035972542482454421217406025685773168584666974572968157830452184242182949209
5674573109207213106160441119211285100919679951788992396048550004214453719725, 40641740572064740561372018642038265963827328014765790552042255328434205738957
29393676466140544762629614791217999933337877516199672170317922662024046787496, 63969226683964803030382222689950331652462971229772840836475993887423889679801
34244644094235958834489131890499059733699726163269227719314906544012797426106, 50896016089611246021886162220694637863158200947720011017566070132749053533993
19782664265421259672964597301500095987590115912291893911237070421913567141760, 45724731963384023763314994975192617126607159603246151884908418739913373485535
64971486955164735823235023575030922158840520289946018659573589160526132559481, 8855060702081687508508443484680070807691014062787807284503878811087424145649
30184177164328556341269757827246688920201773118319309582447508490892643421857, 31364154543698149544115874857651366951697582687674074890566346411448084005192
59084939035502977721262559369613396576739265769248187102249556095508661771799, 71887225674770082662265949660261882022562961438063013489894997767027810799505
75679302208873201950957306888300953776186814381144700213050796392076803645015, 66824763868847872136077110436231113736719761665681072757766040759005397096156
42867886705359647880182897543242612837072819681390412194330269176901882498208, 62100730628007430125509318244628375244970152969344419955948424943278219261810
63791973797673786707696652482203504496134448948259860684227421517489628586975, 45471576949135742203851284197848177642943335307036214705979517648051628757783
68101291252693138503351821955697643381843105161869327162361739111099670351891, 43876335586979510606546354206012536961858543290092349080181139329074068283511
16995251141613196404118179098644309275402730885175825641307423161295902809484, 52244105801901534015681641646283207716413570504295975554690686133375097725204
14285916782050292104498596819049683153498256367362702450509374850361000627775, 1874055417323315579723042465920119795170513815199184010715439050921516735563
19573431381060629109292987310609207553384860949221768606824567437428544180398, 45000125151733503072944519999452048860424135625530543173666076078273524682080
44377140015244379225843887082275501841088279411865113877634171410963027521320, 1260311374135982040417262634523746545274848290909583505578027382378007017022
76818737256953356923289846901886184433757904961418636742140827728636553168402, 42113371475161975284219367376849535417212890074004746822089977832487606736459
48233770515452243482521851517992419296829865466017568726275269510545890007338, 68454409492138280074397400987619060592488539532353794862245642064743715193458
68789106673280225863912422728167823010452994683323974626285460886073493748498, 18258143698519279912213448326044036428805971950695166006994006314284345102705
22015362695542267320291583441498228210272573222971927660270054926530301137959, 70180621318769944535440938272818778741374749405625859296765038564142547347324
58241441877739166798986476329580742519460819930704016474687480660320150429534, 58471638570487757020940109119113179092156543267087927205139785043393039281934
16400486306243280000684078540100559897315023129691089308768424327572585440196, 23586383682521393543558594398142534775356721813382115871603949908832095735651
39617642537036949850460633267602900727827307070020812956893472689633482050285, 76597512974768683435391032677796637661541175295898365695120108945855560719457
13125591908761233942737175583605035084738470814794615580421655952656298413955, 61131862013021046287606394711751945638646561704794716024072122243053596027338
31475592646859764963244992393449681813890750221403893524125307066700244183037, 17998317692938056110042062331743624703521073303464871721054014412515819600089
14747035071530812552553361734027874584670974088091414042658069709500199854054, 19468478529813946423943322952321120658584654704610870821620368146670606591018
25900565149733557307877252898156865389041648213186457425238446003687724024476, 46710830624310273358534647932426551329101739734115932453706142181501355195644
16509510581675720173729437027590136343300132715040570700256109551254167845123, 16250290678146159112191856840574697531091711984181048347920321258666951073033
45642342561814797867318453403223212862881185471382674327995864405348934200194, 59919080179986526872138796837053922207447729771836114380703890246000729014935
300308988449369545822820641776101850431351490078804310264124132946048598328, 9979113892619622718005347880228285220999586661432567284663688604395029268483
62416042648314829229847932879882000415635263447550264407353595936972317773810, 23726095914370755122420899484318077235069770678449636690387544790995222368210
64065183163558443577913120429227486998732040472433470292857896467270017189294, 10114309498528009868532317599603065715997246434311932990927940247909748294272
26184453951943257986749265881415244241525197799272155846156526376397733807200, 38599192523888119884928402111693743253486243300625301079782247677074965385728
51447932222545662594530778293658229845189765452076432515957536929717851659441, 46731555982780472426011204637187460985970628731586215582172749918860184775253
25402851750147979827387818692655120541717974902870660551666450046814111640330, 34639489495458528151736591917563641083475613739648539620779335341541197121316
73814331779999705554736453497848749737809947980601949877147721739015014283243, 31579357632261183958561907718273366213835822570910634492246904025593652671849
64814505862049742993571807192865622761804980922492645781710428910555824609566, 29898512303782497538123445261218348313257568004240754655434323100516335259797
30010683385268420933571130271328188849367289830290653984417011317867479364850, 33133410013811522736113220900083094540241862176315337876691923298099774665474
8167798685590594662556424475816657864006374800821699298566703574297178768885, 67626847248559678345358706917733309409013619730689825654920643286510967208618
49346086334927960079459262396725747479061560011631191966175050862061202528602, 47860206190216516709057815004793916410808213688238857768304377173372842123809
19981534498506870918851731457927449807766226721063245789424422352240897755812, 27867995736532161623137617335867973349500056992108653459369748734023284796687
13642954626607674273151913362182673728057296143381306856612299714091893399401, 56994967428124733923814262554149058276029725109289975866768861967028657807566
76195024727813758298904229798801462388503720807068647789756592050339657579256, 46292858832067864353528753889259932659256299840331798187162525829747385763840
61488868118805362419580443816191453037234491109788258894779201688077250133642, 31623101213796332543151263801261346754959786031564446244744085987224137799825
31517808845966593375916901562002895739845623312597938016445061346235055362839, 12660284027804840961335931971435956657173259695770943977921757522645406156968
62649767750688206974766522600740491426165375500368999119678582496025155297090, 13887439524128705609577420337296009299504147903667495884456350767375531067863
10110888364438252139071470218753707404966932272244354819235935278930636045673, 64303523944028834617692541746342074958079667419816726437053895772378279490895
20151491610076041077804386374364697873432267157018726448497399575109140959752, 72688832854555925925977927582477804516069517898702336494444790063375637758354
65047096364782345048990307754364533622856888743796224703008723534701259292987, 46904087563431301621950841382223235682077047122721626976984063663500341322841
5521653917046269229805108527353474846250275806412525062088217844576238612571, 15064659146273752486934725449183495144996143240159782051026125801174189463713
22847530925904007469432774952776363047569781421564601106590909738486440686234, 68016813659285942048618714528370079259893804337445668633601651435020312287586
75615037168385952014233823697457070050781381463729592934014209917202985123801, 13229850588785111679173179818074918600848581309918110351044321769909251419459
11110726523560385045615993765534168088327081847342712241304682975066047582281, 71893374169308455311733280506149746495269507346514223167798037666509070317189
53248605207603553458774232853637947587800562083977977246333676526562380328181, 28264259078177774603575675322181127142695774259558939493486632885973361493674
65697562184040604590298401234694685239065123108056700567942225223149427068736, 32600804315637991804739294596309754788706023616872130980959875323298859193747
24928622222902895112629074537199058960931195108535225661911152420559821214655, 40222012670662917622640873413988017620006312017416811077515629824925083897532
50857362441949733452462738301983280307255066984604531851975315338502350318102, 66857763509735667498081989927484309343551345779415623591140491141716005002009
32185365601160814909683688666916234657731185747272435740461087171563555371655, 64443605257990090279069326435938776545613190283989516442182330549322978705537
48643750008253617687807580026126152808964083973805197422315332887489034725097, 8520581660048903174345155807400742393365593650330383685111451124991605917665
43672020126257825335415794211794000767831095091683668398842862857613826865105, 22785503324192770523314991494904614102793710777863945656245999328578914753456
54628644854970253346589761568816616082162775231742724145711347525440107106944, 41859796119447613521852016769896334695437242633264210954239719508953087886536
56960926270235503286337658078989653443523524077051978462178609183475301350817, 59899868556240283356840710896394916491636675643768508079566036330747103673035
62760420833571562700706331067607963578757635603911103524674961434250185156083, 23751721033230448651373139533735709152500267550613095353305988540350460376469
64684712078374070712532691952346665637830936098444531400850681794693164979400, 36566491328892736837251252351344425996881412968930282804858823889193458157795
74480887291872630004713502995978758454818772908986085658790264885341266253403, 36664403622468430943289385847651400612758081694235773293644639112810955431842
65954863135390445057301191893779165211824398997404407292829216892538406334002, 38590915752980978050570950027553802253170537524181715667702972939949920486481
64811005026843047678244597908721178468041434580739720975035862320605436614337, 66353851720943084012592564741279808297264327234237568684255258521711634440686
44109052789237961628300058817273941562687591713873204702151848280192799893504, 65500463403001881611995058079898780849814047787963165487139488606297553145157
10986803717343971885077887858239139809582016511072823370911321246277508535236, 70088621753193589021985262883014957025135556879646889691021776716965462997493
22244038131662079072747147359077531244725632506475500325276192715000354726857, 43657399802251473407782511112125678379404675706222761795266414902724225880534
378597950490496102946531835204999441340837702018735323793541705903303354922, 21217300059065515665698261146708258780493376990065993872633157879343431576852
22566610247783688474050046890972066629278176405760106242372679590997976129829, 40135260159171178985927131433635601479725510905708323638176431073715800673132
9946548512057011343429144106294188399111256487980476033059907279898384923164, 75304547213733032317174454760024159249987845793939773483593697298136827068321
17216612198914466509572118937262893505560170866536071109534633986989092902361, 9485182056087616207788018314260755543905401953822155169638934040732231810262
65279689317258482135925731164662158035136719754874285386840390420865155746985, 7966753548753500783091368641700718368356242423679062269325211308824946533126
70617664363392716996925876432561160755696634612720104875854403132758329163318, 3127023090051672986300078284648878024581593824749554059902760327350714967605
43304584326808436083783239193730019570771843828690282028486970551952429585401, 4555636125771598300849630338100484048221946543593902635852458621369531414954
10035906487326662990402744333327727096211318250280875005996323594800632966095, 49318414975389928570065584115079998267567858366858971678188531393265146957193
72403634070861471346364072831274928952655168342110655967427152682308336092986, 948408483593130579545466096053099263662494858283412859795993172308529501850
60404680010543135702058911295341967177298383865387041572740979735289368593872, 32900036096308422551383724337450495607659225302534425139108022956612086603110
16085929790788977365622293278100806549918821436642933962135674947708591995763, 55912482975801032292559848315237861163980063657447066812452048865650318123412
12156493096371312570377966638819892311835399439996787550438228364268327646015, 38329687138078273933826982372655096516245299819283209436913743784877831939094
25270787487890824598123357022477237245674729296471931258723898435957968696668, 17686111995335795447454509551597871788302676498527218085181352654994226525229
22674194375331366975269739663304593195032071628426003665944158148133691462903, 34306130004285731127409112626351962984693409824883930772165203306287195754176
76663377581137140278416592234426425129317278213773395332614764343009140648904, 29366448601879467778146072337307988292114135898977892220945532747458312276357
75598737066082556643956841773260214155344177302413882318988178373155721749910, 22681891835623962044562475248862484516497622598921075112716598930158307181070
7504331644189088796923745749241335327972930997359921265646103327508735345283, 53048412041462215919125191047524347732912531664302345194843156989007166276368
22847934158280552080279378590439403569770103139728327166961330059548401482382, 17513254337121270894701638029005870823003761580449936574540129147458407248721
67953899145775975971741176611365296198103739881994591895615117676985759061009, 67753375727533634409723718015386470355338694292852829712065203370397224907842
22979373683361203292523466045857286318229747657543889780628800450810783644901, 57326823372009866921666408159665819014775612360448785382088571621410170358963
74211585120139320387533634930580419845454821423013121232148232675108639353660, 24873920986065776945003226791780514369450729356969201790471579456058595429118
67150114348034375891105570694684207176846541955715099892405550609015452307867, 44672793125072473991281225666423818282430558488922516574475284574890630398692
17332177657893332095160399777048408433554427982078408834760252305101403180864, 47271248496244930339198795211982961875777865261488981775009660738620118568675
68256558826052684542161245578956958495899687578899871260545949199716431992455, 42666525559833148776866146496430867254336378541482972526054717205135280708694
23854434289307076751845921017845277438592813550121396054877626517186102951089, 11163819470209485842913981295662103261599366176024220624563816776720673554508
2372494309399623170413262405887077784162510079574001473072726237478829720784, 35416445176393885599247435349885058257387676454493743462972080237865049574445
5745628445786021420915879474563460780129248051607191446454076563944454256802, 24477152459286100847511125928640481293309422880889935642467623618603884505322
14172458427570801694886655023291732828572811874526253154133998456282311835348, 2243683235452269970457165068311498247752726453508456220195344468588796687450
24230217390843167226708709386732848977651611875388404303860817109317260546892, 16873936049413992353660708530900364421790647927965876674537244025146668125894
29446347725620110255746942118052261576847415278243404755306251423286179946978, 40363980505687311080975308225832712109959331676642454480285253114297297902311
4701286629834257860633642420502805679279355330457550404115300844234664491113, 9785410825819201233951894767243489313860144804485769281754466762380598470617
29009458915513865010061707902015832286405087462116978060969435659809558015202, 58540925970426356822886437634308313973163894333971566166853996210247068674968
57110094942664730746984662059413377223266490621731986493891056956717699961398, 36087882856145144347989011649873303102798010431308926204807507080666856380375
37977308111275812777901519007784879106909145837426296365012211247089529136765, 44415887912412949784601194022910655793517066819463228150325871775899822538573
51746466954341459357120996425445967393415479018718374487716737383471861425079, 40567608003380047308898808306992006277800634644588089690211593412519427664996
32329876353488397393495310702319160437402633490444368514315199105959641760905, 1164982511352955600335004088637397932619090973013661237217868964972057842136
45119925472594876645119368128886251274657146871149954257918119881831531147470, 72664112333622642048482250280708021477559032878854195483906711062856559173673
43373261776956487580507990160499484880296721965910295064462286137150470133856, 51301759260730328024817264873256792843644155771247034839809301225567428026307
69041024176546919953250484382778783991434130596759839711468787119642881662109, 10535481707812509415016526350877567040188242686726613950754448385404970131405
3612486485395148574656344147233261925617457335985602781115609822773915231012, 68010775789423012856427747500290014169076998052659032668761364498018525482275
48517239055506034893698896430803975726331491075325033702484468957182581092425, 38529232409903441147560328082536827236977084621030221119188535072900007966211
27830916073743662481629807067262503648991962835689795279371612202875316640561, 33954851219172374946509183279596128789772834733611254135956445798541721613793
49919758369051648756324527910595521214874380868826074007760398445505270544418, 7813071506440035318122200230002145000550265398284956214458692000364959987373
34698772833234714161022040554306952226494477351637517155082001416785422842936, 12154422692257876164223829161553557721172665256342616836673602570928383298179
47563016685023435147795877628342053230534976619895866315394390004631348247496, 8166228682446121557039271779307916070947512089768958654344097611356008451546
37341223258054313958390243565235758756048545579588452286407209860645469934120, 30616894556420518762409770172603012377433590531095322539965166067002962695929
70112112795712840508198126908917226480808688788011832804146017435223054863121, 7289982056133769319768914663988707697871684673320901931038718660613365126630
50708315024609388739084557059743116949402033795219659253553656145678188803631, 20389027853509452095871793886960216955753608113531853741772627701520740801248
29829281835012686084457966082658907247476409915743759107508874933965930808083, 9219814596379585757253223051278857476209801808123962668433486716689059506442
27417208533609443265787317291908020092290889824042978731478290094228212170642, 56248349507669660823550727131757954601610535909068214555274534265291860580030
41634773755372130085211924750162250010737292877168488756132019986835965276787, 59834092787195656901008815407150391939675833882188226128585246231932283251173
18523417380572552920933612009231597311707128261539480206566969045455545333459, 51566086379432105803724251922742718083197020247545403281191511047147752252780
44742795296311231772635872417099538155178925376331346341668261259836728064398, 62924664622354033161929483215475808798856124966774215515920198126827246649031
69620409447051880545926769044240962576402293292913225653830640534248612441235, 56423479937563745071387853455060323714965274484359446965207374178743863169096
30548600631196888654904577375606472087098679950325652257802302481058529589525, 11892650110340226933699443172180212108766094943434276502277295287981827932362
59676903545881192644163846198448863163746000482477626101580589863211404934549, 54163204073108292372244075818595322995887669936390854878453439374415873227817
50487130295044156273842526591024368902170818740613971118529368302796606995600, 33802257295810322031337697747062620105306727105277127093334360486770779886919
61536825463982526313591986395349361970661640586902301225833319094594432402364, 33765845988046393695585004167542184570139632454257398946768659814102265361756
22375584082548365858364698311930288280847679817615784243020583516024159713024, 55795478220116899155369278104360868854017631350395048632576242703645100735481
15023499302993634333723875528803995980757617069652207798431448698813321199645, 61852229194194095222838422118489156214813022939667646078789427446538860905645
16927444563178753250273375213973675798873152000801440169107909262760454666138, 433227477292091645787042171556987292678873031569446221193500932631168216510
53151679159322700794528045065029368695395756861196977778605096246493405447879, 30192321932110570896901661714244901293455393698834503744101254288928006191878
13135955336697475610741842476728475776127449637880072336291389758115826763545, 25970378889642930823713027395747247349006560943693728702081768438072299284552
30066732222013125996055067706527654348844728893416602201712475857923242101722, 22511099904641801327797384664013460620173334890842761802522810251717368459706
30412287948256334197613216256403156428554241119183187630568686316525151616043, 48434111553208632526093660365062524722687024034854858686326235786668023659121
52409678724228866906610729491711308645899046825014045542166193871767854710290, 59024992669730960860086941841123400232490970199864846716987039972718432714390
47381761854361853111316981561954602740923637161588958055364738248342712918331, 11737575577051570845456166466330539795899650906476538489396044507181226127541
67932318285893307835107875542776940360250741337022571316571154346431123514407, 68948473003899817954518779432934069450986977535850197430529259862672117901726
7616982081749876907377381009444288357178946048856233838790987664120598331308, 20507165380200582986445033704579897606959205087648290845273881786619946260006
48062137927556498490079195993681756017006331627618394061486942648971343416430, 28266578501802300895453531593680857141357063587974631796656450879834221891091
58806656811224783668520117518550727824502276522250510327846100812899087195400, 5912290154968587013980165481777244261481226108237172664407908532393605223873
7751997214093490155973667328470070845525612661742861796697608985162130926371, 59623832080646622874924741713382281308850855865474644260450381606526003540314
55593265266951589890114932343144042442863044457664064564087868337544875724977, 48170393741621673138397913209662331438819428214228835134444706986719754240385
38684971034214973415737238851738973703568430211527168190538358721028837068813, 35783155539754028445390253785505581888573130039265410996313656719353110329183
21079962293622144120643952281508335614791955592477224762434670956246072182634, 28305191246001470193518932669790492512769989430215421457273508565321204285394
26439990002386349022843886192059850564972241861731151851048141040031684294314, 37239874711970448612240283247392842421251777289303556364520356785242982391417
13455509136750719731578643010317876740138783412317710942193225501783814090168, 20287207668601982483375818854536664676489436197563517734315413696129015613611
76289452504218510981324896999647845697763797961008843194166864184068343277568, 66262288292217697864129920738359403929705978211853449156028885165885494069900
68079190107536941062375880889259226920669487233748973871248886692670501418653, 14612337507227876349077184166502522640281969220123545302582354869438736824250
65137747818483172717889286766301557099695644877300819772658040395789869103091, 16490982634116385935655920958538263619374298278372336176410400603681852676184
2061285781124233501463543506276888844579218836217381682222967208592732374248, 73108615453561928186629561094098378228701640721368529358001546949105699184603
70087846519242678596023486890999309272866362353781987564665776918477733010285, 69209914317632074523186158039923487416514648331418386928135264296897383055011
55310986171117923649173742302765236882302751160488349588023892629465528705069, 64884664034410707570055637486140766613953154770436872090770673620506766197528
60110426726965548795692711957274745870060863443999006320863429363114951224910, 10422968218006899888058494318891249121565057829202804276797604994751139954394
30388732844440637697805478949075630672024674545293026282770332152162784399993, 63067561441613423099901949136508231701720371423060047878904013957769161351946
54802272329602999577595528779263217517702059868480070379912263613373205345598, 37322498924898086597661756197293451901265109576458698957230365775292389040248
21248897547311819109816815271471883088046272310445873897440650096213513334250, 60786649217387152362201582137351029089084756185679767139271790506526484309593
32651285621939248685448081941882071012507367865067463993028360952577713814111, 42723395375470826562384919878201023534575567904365928940821713307666213121519
62740530437819698104874608802743998427327366461871020335558303785271968834030, 28588944407218663875035810831529017470516194697733509939743777321043976204733
43494485595937365884464280676668829965212433365022999199867821881777916900696, 52761932054582432720463593217363570005288892190302820058547868935829061122742
9489420837505018332906578588948441461715863252987181731696781111431097107582, 73990710665705085085656316136688491379328598431369044051293998928792909800378
25281714785821485455436213529844246952527181021926064453113374386635482467153, 4265893817145735818671039317546236998757028995315057122196698626164553493056
53210877468663373042065598870696290846673276030567778307346971578387229376007, 73232216832012078462448643458472911762290842379558259678492957901752857854997
40637117327524081926157832876208743893111814412340126247175669213155788182012, 45060610717730086416793417282475294634819074939752627543935813647499802685507
37501963996021249746367024757754979604268529987735733833681080022484707543325, 64117753213818830495051087715946674729845430662558501550603113669557224205223
59433715869854741293625732240881976721563554088300118320712772042474807031981, 6529167321160348940926922408701020285457292342598324989119145251239909713997
19859103566547392501464994843519817080062326428292333097186297839608522127916, 71792725733423575523553625691127557994677504750429607829031963724677815007787
20386439646454671079544932441716448126092189278530502742730887982938757182172, 76158995102472630292019274150415153626197414201042956788911478341875410876733
50080482600726753454714178472028542863062455454813915879213999272094069550999, 45296389322583350998862024124733668415548613865250522123467149868612222677431
42870914431293351958508241306980668454622060063465038120574648847988579926517, 13876257617934422862492888909857536844458744408495106403615494269325422530087
50382438514673346986055111355165378569075541895031089615737640280444950514583, 5829243165468625713908541257965811371786957819635945995678981193643404732737
17346993146592684029497308519146754333530105728178740193517605890943676391545, 600215586488364380374970336090276626624162650683025124775436752510321828097
35669032285982971038340742914408679992263356097805537197854467334945606229736, 12194333445817701508314649257920047415145799767293974315318795237248516485986
48248128783716881650336005296353900741156811902680288579087454613645466923616, 13142829194487283216732994987685042343708569975796864067216075618057546816819
24667275070912436657864560169186282212209343609189918689174918823624570995440, 28925049789085477338920332352227995484541973833458837608718026892856217591260
38221548414866882030892968335569346889377500725027425656667167454540870146260, 60687657305294558692441367824568598149184556695708714267606082064138795433140
10833378814870716361355736914197378964764320255018043745458777641694076822854, 23741739856959916813471752327896900334687384744698375898979350982922294510793
3819105120901987502481993689485216087352300986703785876029635719251054355488, 74106042054452240156897706798059835159350449627501047491272299304542665907425
13370137176401710238271365111264861470362006127938601736895952879273180041802, 51988905117890366672034299053527135235017615901814553060614537517252247565165
3143136655851775825175137330608324537283492610547595857732455103828663779767, 37895973225017938709650539168195417870058517208030527802462553900578712992353
65476365391346784724497767791150783536294248826091933243852914882822533296028, 7104035299119934148448106138420074745788673633783872347884102344089566394082
45912098199520249056316240642143097310950187675913460702807946091538949680694, 39708606377888284958173327835808618015478165683250362283527751544246490762456
9763254793802315422750925661576368663672304127837172092751357323086026417901, 30051474131404289037466309892939740416010907617237541924699761754912178881292
6980267630194491222062229567097112857413632779589736123970218067948283019212, 7733514264807086186787402795898023345052336087802448056051448718304410896918
55921448709104167930114499860166102177743713704922080562339658951695085423102, 7615120615310985391963057457638340798155655479814359147350589754673972512794
3288213980423045392145379905938375706143555972511862502973121567366406494747, 33738268084354768906150598793394859594826454549713300401289996532859334064905
9048668196185006900143002757804318140520710777219239346474363375243765265639, 49084079861486772009157752072622175240216763449943466336501120770283317644090
34999980394623197418245336048687087591167564845563007194804181787290490163850, 18012933181603596533784341510258755243447216654597555668701843697910609926
56353184734703964837665486059536355109998087205443733577433577198120836102693, 37537581477210509374469708520191130460374722960623087224838400877951002379576
17319803576745670846291028486939181021945658915576051103735466564159081709375, 73353606115656709941318257765577867254685935356154094300696145248116628120534
45494300620791050961023910055498734269223266384337777257099384004582161665516, 54635334919398426575283550136223556744841531879958630670156894506556940283073
52432270255085969911796297043674165593428917815629480344833443044938581621395, 60074354890719847618537264539362113440037911732208974056982422113964595006302
33990080110399311087032235208312229737887762216865485068814251301172787812814, 29942410323351653058354401545488338481207710723930557392856070138738078464172
40054611770738692179530251698958553051315851945125832167516496415845087396935, 53581663393602275529962687275936613854122326799845074339823573434527812596512
693391139736344187141424440986120908645798181518666039972313621540698638208, 48835094940788581537093736558647911614503467782162714964370111888334953759717
39803873178280555576772036851697736655243489052161913837453570828593720484955, 6072186748208182165382886046891408589042931673332189693700452706149533256057
21796683447907899620704426196503959328059181910650336055661619476678517676243, 56110687841894447832310090496131626021518208819758115197123984146607692352180
24455081600709689639088858381559820353813130678178098174814763428043377872325, 40784425033104831425465096249362210231533689130690909964098756883573456540366
35137760399971469142145756707794926728115782649972337473720455630789974765079, 18728409937668321577547635951124249923113291966272602528256604722599729911346
33332665543965811682591276326303794391914685946125705447910348677340376890197, 36604800371384604421242494218205529104984677669041131459021020649993037856941
15725791683323629478016757838173570611615780121598756031277722056508594381196, 48918943322814236483474452501131619014219113749183725992270923159014121079757
10129992227212149646372606850798128086914896594509890736107595874018465291274, 76642823540335199055634675801356772000514128265765604170913532778000519017914
51878455702107258093728092703391445562249207364767151422090656735458438195457, 30780484400119816998800584931414931726151519354846173818969393336023878000039
44187206792260543218321726132553359954920028650836614943949821418992277344908, 63959853501395326870335577082657846195161258250309320271504791275610052403886
10165464347537441550089106977782869041418084134689555872198973556891615618206, 39002981808141445302577535098792816948274225010833148593365347927463436779129
47643774967648064386312465073814925394429291296357870533120713031130210268044, 14148433644875114423126871408613379440242203214689575233473211987014838574378
18125749533383381204115787911258745907430873373615109583178542626400558746902, 73974052866958798684071399776363741716402588186092845478117454766078372819543
31637704052382168627659504741288021330021747173362893579060659738286204447270, 34122059912031592036074081217697695111294757957544080519379686898916354479577
7729181598942646456791419432370185015868637668658647905588383326087469973030, 44007213746721349860916577268630035561618007853569316934143153198729453645924
16417735357369142175145169461581669392411441696961166837132584330479467003045, 39210279694339028653986371880360377327693851002307333936571360126855684496078
9947292533283084665402758412566313554064632559131491003671377486833545279166, 51843478201243342156310702292336271808557239639161166436896642736168382049586
7163016288682357021308412418404929097083112167011317010340264149760135040489, 17438152154586021469667033320465075681328586476102874802294309719923224381074
4856798587136667854769311905693285261294434067534430733909084429140026179489, 28566148753631300999975607020624677578054313007170292385344363950408099201245
124725376670537159427810608633443615532116263656211548352870491779548677414, 3245654727402632727944081139241375116501257796640329434841193698028773628350
24677671668165037056878030407946929161734769904707455163373083579347238247115, 52004786428017251208060949762424264261776881844754007730636211344960704518540
24326845421983357578386143846145063523518081877642687782626709181931524992633, 63451967915100077484125577810067211161246076906338501425534767912261368630581
61803240304263096068317058904908588405202582605907260012724135902856038222749, 45464334555714847071199239288122566701079035054281609940313520626038295869650
37537613110508184559445601076574987053156067525633623525733226505527345739901, 35962227613910014413206358840821738300084657790861808439825316184272886381290
60953453077034057746176590901722149409616858262981574383603488236424546131792, 27433376566723990541880731922446651052763677597689414748895013866308193771066
48357558987402507743233693207231602575051408845720101175654963421756597773367, 63214786093835315113448757727285585208607541636257822163161598880403498035367
48339720812006963768142112904206130152904000808705793876055881763385403184614, 28885418876420826698705650666350555214390565813574307899101002173822556137082
50740727147012191250193942681269495264178828645411771511144833391127103673618, 30208775938338111976018199957393076640405701603700904345059359302296875286667
56944373662543485244826448795683839892453216781591308457982423553149999006854, 18745720665183221963981583148974473320444214191857839000351064022411904827038
67502363748883251835819462276758027582869264233644306127672445349738080983754, 74609045748683086403988911321506044198924105072472862878438386279077103117860
15751885072284202859463354718532399051186096533488517267627874696940577801775, 41054618715284716318598608860890576411813759836131391772344240348796262527467
14258848460630808769834795119920370092282963644697773527505675446802445199522, 46671309939766340847048896799666901535851932095024300859301073210339069238312
9293841424757504494266843326589270300452432164541217735722583806866549281646, 50784565184794682118358779771605596491607829800996022384225941332638051616325
62453956054701724498845791781240442326824266369047505805140069354465748076296, 14608483373233735209344248111890363087014848853623387244674264161541435640321
37643442111993264341039375443600788561626459398279342307421900661638744307449, 48323878292933195554559211600022871166328065034268077655099725128398887551115
1658274419711704806812077966027365801258851382935134688446021850733405652252, 25756145031312245839673677723466063773732482039260686682471458129885838242365
74928377941904724515742895127475753207829622138346440407780895773649513113696, 58978753752818245719361368594322899775182087868071789178803161276336199383698
72370999621638521347586813322996973179004605182126737416037016994691024367797, 60589136100892701660293518941356660477073616122995178906855974885569352475952
41918309562221286568727987444094306563387298334560351470881077597655902797969, 11881208894970281741638113544354091133962133629171759491061218161689840842339
36178653488723063752477479560174623322366518971837390962839786587103215241111, 1459673398288764574529653062791400215130273909576894446395644766852994470591
54851101365228606667303814733443093039855707827075044320005945225600634637140, 37156710332789015580600160289251916567402433318512178501800375548774659679974
3672196296168914083065955504214376270197839046392298281440308133701171317915, 74805659364506218180929728211372910697390516766021313866618747368758267663256
12487359611207514247581856961624169716016149956610815705242388770317598535050, 63510195322821868160419580329196521585884967445721153258922127744416497908683
898120821044295850610255120382676932166181254278609008368103197652720289122, 19706392799545427223358095840436991914813683576427150499278500963503203800864
62524765775971265063701960901904192081351378488273896288873486656613720777110, 2367768549425816553363097085159287030365097969488608406950479923450015606182
67554185321575179264572424834514149609831992339432889970376270137834746205267, 3041625236606394092905317625566706378793794129116024814589611779823310066051
62550698618668699298738381254369289122370130684116374957042445808906810897423, 71577804154209865475757513789079919532560697642180397531824573089624193369208
47447644656166115964510711508858879125572333218282455121837175740462815668438, 22672477155087716344235080721673849032724663872008905878675296531684701001992
27673191764137749765452444335258266969834031192610155209763428569520716856016, 9224433936634784464582718123621041779844392833170029761400752287139938270655
28890590370241231120271385762502099016559314571704977878899262871138867733748, 42199430668674234868725162410794268251619852887618437388973148996911851184972
15016132485567573325191929647604737209821277308657022566485298432378518540855, 51195975512236193184353056325697903596083060457217143170090492880710424639678
2596461960751118268291246594726898851303479616110414215145161821971736975329, 2559427143895886849666713997136213664538443741152522851932084493772732329812
24604152183517703415616350673593023087629633384956576258293452520522877941555, 71867805226957790037261877487933009312614707697142528842921480552357385084019
74052571872223840651620853964926723689160828120830499339906058439111328723927, 35916531518097117208562803401284559975196155747516722240040231521423825264440
66171048213525029826578504749867120773954360926997357331694286127565183974002, 23783450526014046441530190819929460949663200767654042560273907315082511029017
35739441360239659142156744663772010629792881301995165325699238389808241483532, 62582714529726224346263753143752989575474637198300153537378544157833880151791
75339103916917328761815616805353710959108888179793968545122404289883709432055, 12238870855562819487344701292917756502313163633684020638995623172766169225116
72273431272347093304916493111165924808381152962997767096656195328741270084207, 56856580096209689152775203475380815228359377477844245074038583768924883790652
44258509114453109253752641399830234433063423718152391914052500664172449326570, 4687025538066899915172055940376126153282486908915584010586416180196283992019
14923862676868211184446293207228353389284052508416591605011022938427665601342, 24165193563150291722996666557985908995291821886192726658625215099989369581439
59188789360269854884175174286208388033588596583579455163953451894580375231531, 18623511113679018066341494372378460879451968816650407841266189624364212322692
56486672487280551305848857042490318778571385216130574153649853326901276673434, 32111826379728343742793684379023510116504562171446256792864092094540361676364
7390172785630841420253664949276027327130309429978363243574740269883609552169, 34993116058326439075137877558165001585461857079214945632895037497186568024719
30585752905414218274970519304101448165796969081627855669951403609260132647100, 37778681360889000928318414331626461224699810704333378985487137290376257404567
66255732171268500845619840985163972830915283861605194196609527518151329263319, 5336774468980268684522235133752258165743263453797220193382332203452539157889
35099369833535163164029194511624725320976861570631203513558039937292407365111, 55791563199520209469905391828977834783932647872418380712246446155281009783426
28124592236375588877590512174538304961982201182094380457778197178304422155451, 76696264066934820472536797424253771809646411651408704509742212395666549579329
27505936641624715067354752932192988572695040388436406242425394273912177392464, 43303773191160711291298864420022912447315995940961515903078843111235420734431
74592046389025632647587574734371358760592791064791006015673639966850839938843, 57051086435374595089892770976680885079339855150803263661539402838727218027734
67596509133456765188870982374332317043497706186480337983137273565312090734787, 21280579814453407086188707103014615940351456145955465555178687138129040124565
14188056054838876809282422341971092096227576624798072564156566937321793939486, 19843273455120866325265952793657549219625770708705724475761117998757717643695
31286556375911820539908026342155217755761806718460568470320351236538615114794, 72384685141649045860152369108168104295690190048004026183888638366085114067800
11473938646225493437681022213861352173513338436137811272820520755391849393105, 23851311505602562364912593684877744486359488984839242093036694664963223911562
8000549245708508086882905706790205886718156270877108043822295542570999138655, 54965847031599248358722530831762003919796864637147727799832908139897389016451
30389056403671739209951925656558629319906421538275861294270360351293881786919, 33156604285100151684979732805058744783083168449809134514403106292086707171859
59191222331551294724198242584171602600486979035125845109071828890622828151005, 38618106288165332661467883841213349255673460500600547504823859300155021844857
74068208795424758241507011304954468873499686712608602196321856988760929362153, 63142535051492101410222346793321231798575568424817482510228366318894611525400
56910926808424973457532079082029087923839557773507464212625844366537267681471, 54864368033933437248225037430351671908384985570126191435226691386272241395096
29790184929398400263518442421625262528129320577254257501615288972647515305201, 66849195154664615483008107066529244138064379414202289461182709410700635137097
69748279582152543587500058853670868128692623803202709284144010640414708801427, 8189708529519393605073179051828939072215986145182005080046967557043864113006
46489000533333429862916641163702518338311671131148732955964201469261312030824, 14938158537012159234177180126089809366549143474784982487172081476963350112549
39205651269460451048385997150838288906037975849949290309521661106995332344515, 74150308378611579082251261668011226241901442572541391329255601431755382207669
22063602253346474009324112133623068424451174221039783064935384650691369980814, 72699598816493286653798191070618967895116228172885371983657835267179694163273
67772672293266537468819540261612196003196691780675234158624299432334172637416, 24608539804193724346696677607075473790884701898074007342351611032073017258639
23149881628086504869144745508907499525941307300578892336436339494136420800890, 71159573406603902325021931380692835365522843921896531542530078843099642731202
12608659858639979763141818828898705920884053982497512949018543468072955161890, 40697293515745082156915020565683575126893139908318853999572880297223949689535
24099430369340299329222781597957405687267408579871200524698749240356339282050, 56472204261497715954127588633994945015468696739699951297671377849996971123388
53109970432303108688489251443365422631029532769090929966717581276438495475155, 45968250798605676507906882268328670531121573071699153474409937353848784294827
19083401244014918107145735052257710265357315676744237611877089860549830650113, 38512800703635804967088150446326416006529092375132494303215749535617459828006
42005742544884515679752386284647284277999494280369841398395274451397241006756, 58411629744556387151576814365959639858922494202224296623168232537170017115783
53180790719984303217148102632445449363229980270756197970903260050266491375533, 25834914740879449197863608552298626709229600065864853479081825830192179988001
14596424722402356119179547263861167297981880112412238514700402207327240915322, 11712591905465297737370121944059865138542880266296197497075318336601361553673
74987207217620150211943650167833491831101607399878358582980149334190204251219, 59234851207984933879534682799480552468913984552370214427670642499296012535464
57427336165482553053675053543592027509922049950615229781380379786752210441644, 9890341746890708054449000393262233564397249498032253783709719484238485536655
53915060037207578742936823319782059540649859944519817890968343878317820221491, 44289533120028206642703182679336060173607610482309316350755158370153461493984
32327608751889652244491607914910918627836404949325439145914773465368424302437, 51924639868527447147125045122424294273433399506794447048202325376648916265162
186474066673022630552659248096344918893495717935599001306784919044810228523, 17653005570011515076181704392829698509993785133768211046201756220957321488976
58727123594883343677079647699446228827970760547777729439154084369772204974820, 13754163901963990757630815949849258603347294964609093673109094234865235949944
74127919756288393763176718946773001474496207383553363832453840946694151941572, 46144805121970217939891908867661237000891444200119080788848998597816067183732
38194030069633097808575431111807253026259173735028474718344944052332628264908, 58358935209022205319061485770091531771773294764176347077541772757865875725125
49243354280987449357843026741395590547900349139611332594240322928559090490347, 19652412028683188109990854162287669786794913337167324384299494856906171085532
893906418545789510194959433082390860533944858784206225736182610650760371186, 47676411778256138455481792151081363095994395997520951446837970103644001455748
5615473022207292542360190352291634339625859045689771781002228474127326092221, 65933020908508056360486261872213244222055544418871819100932289907836215357129
59048885915503932210087660440289707257608241693366277240798558733527833468100, 3948093619884917834602178800308815902932036582821312475135174485156337410676
72305478318669462983767802132450397566587242515657535456190757223292324178854, 47390482838132934681125776921734133604273873439890032712265247382156251361425
14234143981268658054157759150125312166547904138115880735383896682410932807138, 72131017610528332969240287893257714048583082742204550073369547607819957553884
23502443431271783638004133603309488003098294228301497393805853822048240223583, 50098496583482263948156316313791774563184095034827654581096268885311066928996
14370818088568894544914856521506916114873887088476219136870863057829813550785, 10343197901225983657552978688768618326013263836233352661612378339234006926556
41865653280052946642835640770374968484061557877838419910062249457965607575225, 11844246713236465967891803284057500045612164575693523995291099371435870976856
50071962287356438469881982011474538785758358324044906928985358784393835195823, 41324024976578675973420585027616778012677433856442125878806116906124542911589
59436810185480359091686245155021403632830605188070107191397203360378486401539, 41863735558940428244189100405654408398478112359315450898159021487910414753128
