Elliptic Curve: brainpoolP256r1
Field Prime: 76884956397045344220809746629001649093037950200943055203735601445031516197751
Base Point: (63243729749562333355292243550312970334778175571054726587095381623627144114786, 38218615093753523893122277964030810387585405539772602581557831887485717997975)
Polynomial Degree: 8
Polynomial Coefficients: [55, 25, 56, 27, 49, 31, 34, 19, 22]
Public Key: (993615178857073559255122705080265690054030364720591882634162101122971815377, 65679270035881473430128076476606673047483898699481189046485294885659231516713)
57034780457121365900545265555855095770353217370037093006023124886970707922179, 48960474173161508916120324677844012099775927494698760848950317275629748726958
16967249699562583293629495483235997107985583323868400888810644589883669734502, 26281562137784337657466342756581125902529763368258686157520727992159578384184
62101141539095284628422219858482854898990479635798583647085772945696876900938, 18049414759913839512720693498463944385438006095731813382164290254084693529385
13043638770741930132868660246869469624987405301660961563433742474158048283907, 6439579635984448113038222087821484843998583554148885925783421063791986083825
45695641445600134954789099860675606823581189247863259813982494260164259054133, 71320382197885580718859701424554658184401131288825322270194649509153795452733
46126374436261389725662675224462104976408093433316507670678301957913831375765, 65475962623391897386400318582326931396352030579333251746908107269518776471998
226426755200116008772817398998518525805496398503115411633468866008310241627, 2112386327442011753099193184344402519775207762576192903697494350781512196846
12184345579414608855499393775484347289387290212016275416503255669012535570715, 21456112392239616146854225819612150608192498022275253353365345256972939705509
57144983831249945741510620224290873966871216837710771165884791311455320885183, 31282467704630137521638764561733861716124779647664736411113105754339549502816
7478663951360534895678373171395694187153689102633936215430392672261010362059, 68213193073971824915789814355253011355430401267274511661684807844453808316401
17221433837168526799832601472948927488231895986019738607785764185847947668835, 26609931457461661320506440162847730380233268068882570286613160242002916155214
42452010407183831837585516830202121204377147754649332199699201459864909711715, 4398716211284215617902737586752169632409677180691842478567820313252792425354
35647439627778558464264502112656754600258043228022553917096686885632731782708, 40547936888920367920210587975566348110138994127460030203975965585591458098855
24494230900663746956044132254001928697462978273753734082319265548482315587508, 45235433776288293717230777466455683576973681350781370103924746237179274780856
38508869890528475994788396006574734303555043128508536252228255924624464382842, 58817730151064512070084802985862600053846586747591100394660670756344239742281
19004276917391876724165846084102507806251351436382309765261013388338192312620, 10522754105015377160781955866570187630025425286941458367296333511374622826978
27404952223728410142315519885337496828179318150637166482170717229245113117665, 14167703709440357019992029091755019066352440814871880563320140300167709548657
54899598983030342916696858744942403661847857706836736441298642021768619313665, 51721938892518510047457061966051166499458786749957356499043749913972674286706
42165947791633288203503371735846389707177922851932816073373227119770771648557, 19322399168675162249693919719529855397492442999499712605886836295473436485694
54855797308619690089014112925832913702500403185421846575904209793394464724097, 48397549517473601853961660985598634639081003087836452699403815173981608065403
64283924992475388278378458762348197832331710258376269011033015456617988988673, 56148276288977524531582804831655248558988997520867847434623971767583261595848
54217599162034012537196166412315789638332769387866412209798165610197410000939, 29617254199188627564659295076169104808121640228144219469486610015267645392489
16918484135226075015387712582344778031404509265628445984617860755116979595524, 52841121111516250565760800368261235356949907210552948303350422039324893731128
43233232032057135214295459097715769572867470870670707829781830696847533882296, 65656083214940548238131227113235038850547280823408491431887693091919361158115
52849388199499493136889095513378709331584338806350204248991991123158344331144, 52080437920822288415890993989679949787975506513127309440855027006013473516951
31136366307898221428421693754687017711426754514975214855581300460499929873809, 72029625513443962898600995106667538664450304453894891239463639176141348698881
44832821670336525822747814474951813255361696582609964218280168086034891184533, 55685666964994353887258655342807879111871651460343028598134146566480453367776
63338010712785713742023084617926537398167072734098903483040091503828200290994, 18192857708448199464778129892193446782974011332090791158731188532352096307298
3300741705142958799538865032592850898102116006712765275346966104363795979404, 1923215608985628457796377612395594013498361123244856061960899536019028390742
26038106352645827772141803307626315733551960125326128029063170036777831728986, 42002181749797013082480059922493965021242213784873809921418096701656435321876
19492444167828433427636355112775933974907852288595011106516851388892712736891, 62842027181273724178900563609213870779364958713666223156831665019997324354827
37059201815172593015473294460762570824732951474547462088390154657033013129207, 27802485092839774510225990742725958188004304047260365371327156065582740531444
26953542727870166847544416737392158703589152477652960304086844951798406009729, 2617463279393820455908662108815899733730262342666582661266656657674680843073
12202554454451306271865375002887813865456502537082156971483280624528368434945, 4875566314033507602522675968464200980866867087300151626472589778064709155714
41588721907688096246979127449922695668746606291209999858939943758202299769560, 10323523003403785151989751304920578869420769829570003393804372400658206176631
3117113000947911296840372110904060516151177557518062164241374030866120875159, 11018829732083592987082683307351803156621465838098102904120998026660297094578
67818114413935542595826276371596972823676969703725722869399706989055421756736, 65109259509015355032630885848927384875018846606570558480074920893128728495641
7793868541118555610619201522371745612139228125727855944585910258946682030798, 13123912082263109379261061056495285324031200642730632024420674189040965253539
68358019634156528632577428000393207853922300780355749992030262477109559964148, 68919787780886520625806777532706888115423589950501433926343777377972686577757
22008420527302385001506443869031001685674952021266846842302870763600477253557, 64032689644166434995259643451351686122962231880461078551520162269207812387073
74042727452275923113887598228842789724496731111076094185225577522188980975394, 40513150421025189972376272435007597248706915424880553007813120736945466276966
49646407002317372712415000630562307716764489232273678796719771357245511994859, 59745798200810614541618160410888366322195260662170297578836053999423577431426
71141586771485163815584584318376143674917872054281363508684501243752095977519, 69465803977318673394176059495192120274983239876251118680465422789583671706921
13602190261230056718520338091150976806060456415128753144868379377927614389686, 24868728863704735301477485130373579754153118875040711376966905001696264731891
6476624766549967336937797086810435091058981001126201395675350949364904878560, 15022642758571000817809353273577521975025058213764424380389454813680428813162
24271877266281583191369405423318614697413171602962810308582554122626627059847, 52731669665468731256874330662934496867452544091963779285755277824893930312394
32211559569894981109523341133779023285186166027966202661529109207784383827309, 39676510246366492544873476172414468547967308309421041255652436985359305237180
57470414485610379089036297560076143465409261339585542255593066187775463095912, 64433229196704073359163135568847759410395118581958808175094419868060964799786
23802099279322198814735396204957026285210407777441752633300224286592665686421, 560852566333195430656998860614691280524971982536802612648229281561123916631
60935541825103275842035397367261618928446113307784132890964124258588444886055, 10530289022286912881859691889782651896008687938865116246157515185269764438027
39116590337989555272642266273133605568270923200874432947188099673607297860528, 11782956990307160937731032969310302611777729498802933661517410759005357469734
17550395387078589013611832425353028886327132239082422210884766660382891308947, 67291406140212501752317144482477771609778830997856649196944378181040566973501
51662151108807455055242952569190422002779373906358844993929753385747591052271, 15433567207053393721915889958085430729929836258485600994586313878465922349880
11979966117199420723032394192669094342698086564629059625313474751852611672470, 23813275330330837811188446381968270465481675530525211654055310140625212449318
14699118722893833278550298935523821073486112579030182245210243886855755988518, 26515427463124008911531905346181595559425747784011154151642256154861083546330
69873946507177137189748748167904144685985982816354685248182587443930384657557, 12398737895067016762941326371717398163988984567325775980601345544864072234369
31027639806478512224877057833433985511032479953636711296745690756979004509686, 23602280208193632934995752401894513474939456819013278892093906086522036919600
13151509315763390690999855285517536940264560733753462672905835843065810882182, 67555802115998725289714175148371868725019583332834885876661790353599946606823
76816296585114707673777881287453415317104761496131972567472954315233183590328, 41513198752462795097901852013755686518659109801471845572757953422136672373553
50284444389271683032886868325611973855578815523976449933092598137625471726761, 25373327486793173779657605939077326937814628698107918006054423853906005303003
22440152581969434710399111228728051554012181571997629165899154259921935578679, 53945722834461452371231506370948210132019364190956589782016793458139444671694
72718459653259132007920905423337511889059083521324713500962171425508768441758, 73647081782195884403772286036820837005855666003631132038004539129146401135635
3847165253359736270406543671517189425171718159347565457915015171681778927514, 73786368999409981070799426152454852212031514943506146388979299609775734636517
18456373605268592619326286550554178612977097891935688368972222418683524728489, 896709812962416352791498777150796495649464704834326027333259892316541766797
50047085719808450743154879859421959860639472763218251292246748804051825333915, 62103557699487086633867640261782785191642036936553530344387121818281653074665
68585255468073300250237787356903545396627934872495745415988003021627113924869, 55553482289139176493388732944560434522363709679204909113644562317267813421706
7455520663668743852150164319304078036820461358261814870290106763175445810604, 28017812659309728133145483539643768404014380837936160160523932848316131838994
42269680090588078751260480834538778928898239593118821975217950336516613442456, 64680168746998750802221863696396778798340361956117610730374029485846862829411
20795366584331739474927654043282124631857635108533876468249151006471417882816, 67516169011547445258266976138249717418715385220196669266961689330684599822087
37141035240435571598778785997564145419713467411963866656890859643187828371185, 1908456729583174945714596006770844705317473224931880606794856896031402837528
1509428104504130157571997246743376003738707401233862957588340519303785576686, 7196821959650538658625161803855429973816058542062260621334301888834172342936
14721613851620987924068294825803522336425170760798764112939090856016557431932, 27882802970803445479809149634334668122659976826306354691485084441101355636734
74880454656420710437917238757941339366796620870624941525361531048772725204391, 33109109080789987152744456495921117789074859984587428093880644963715617122829
12425544781649532481282218966523191201936986137621203020433373849331701720274, 18665175693076120584809228929150120613883005828885645641137061252486476288926
67950778674761569812267324813777153811305120602593553085607081511452805684153, 14483370691917353851591983758889674267811978977073625327873734116054199153075
18761695585329810825455602934054327194135911774875423664770618745264965399486, 48503966052033202905973116096014876407919944944865847110328219171277681386191
68053079136096730092968844929750420359025115424827355739232463227025395354044, 51732237162112586942784832713091636059540499850915207744299368896603986431142
5088703691677898840798271295915922459358553311949592142830353712854517386334, 10454760290154085175672071570876350515307494632880908044910010233747246555295
68478055786398749584177548691779510412989681005457915868566545441887248173266, 49778323751805275817705832341136475146217649935458920581697274903472964448090
42197228265075447269782911386843270615383074336844830562726734748727903111789, 50242978560275498346779382958692094685271723053953216743626376653972157727667
42900001194478775330505148107683721659582694825833772256949014537938442398603, 48914304152220356809150874560167659712170437303961571955790123152055881236424
26204544620268695978110030630917831600703165870470496515078849285853165875115, 16614433843671431240566966082266580901440293028161616414381363344955077583503
62219737492379144041701990920341832540312358852785015167525659167448584695885, 61928101464541407706155113370084371545166252700757423112604556287270280572958
64205237394648977362654224341027238470430900509003392424647368508420091174549, 63623203144142340566105603924808434286183806261233619554022177024624313151683
43806570620400305831913155747596789166745488737056108301464515727870931916845, 65401788875165692550725749551979524171365474452648919985643093655859023806784
68018902945813788539716330450585839253069133843945725045258570782314246352312, 62885615147304750181268081905583041671884941914087573305236174539449725163599
12233412277867847870365414513158244552365881553900749783626149840789245538149, 12540092244485644695013650188084057841715933894127670136775549122973215263829
40347625916735204234886455318007092761843888167621422834070061304940558218535, 31042060782716989117747280866332729688801774883880218709953222755781042572728
59494404742747377412903963243810818384777590888155858472644021697880106309188, 60249774684658486562846691233485719774869169223581623976984392166551027620401
27919965344031551108182533689047446198804863322899146839032753675612666900622, 7522959326513814982563949985452981626171451562033406250646944864194682980647
44788327084906367892309072621480615139427694780958026117646184427983036368344, 75660786721918092649498269619087556572751751675233450495737224690656967485707
52106849730482015530236104596927410908285067734437887004098952738983483615777, 38085477983722218177456192057040902618477218070607274292691038859320933863719
64864478177898463637550584256644584843524246555376816680913138609019586076043, 16942483932130589767118955128149081387549163995571126507628388604741112232290
60147638363115396526018502931206288365451079038012691147056523116426566857643, 6849735419548363498729711734090981551657958657462541555304118978674029098130
41122148153822479334990604094200794778249873917774557932440948516713053995625, 34441519727412355754037160560406140632848107263651386134239263170888643573654
33488589373938185016694254467636644391551740834406731485550958279835648790925, 32415535999812044476597025896329485542314562591632012196687232780643302240154
42008707038013976535976499253818352878486641595120488844671236775552226776322, 5369670964474844425162949058071765877020768619390264315618277675732217672030
66472343979037070838634589535287035175529645297211417549868548944744986972165, 39924227330623549738100899636456730476301883591901091561695098048935874633239
24766698145641680144386434469771645872251205889261778835063482479848260055021, 70327462755092644839757001709540122629507669785853768405941149453018971938844
55612930723760469955288962472127899098415959826135932515698759099489238886311, 76791574338786855866621321877470241300510631518548053070104845783231230913086
66736507400287828292421749132199829756371309671068365821373595664982861581406, 47209037607091216378714205892554285298720162755633773078827054418528015638379
22864976484736470769117894794479673949186027202833638041978528610367736442085, 64255953442968377901685481041065891789670871335289200143136838340996803637444
74604271197648374824225020276647271173399833573928174324491167919259147265246, 67355568149516226107954208836990523340002771793071900721022086117655799811898
31796040045225007135898973548702114455004064353913848017417105674444684089393, 70879910798249061598471742931103236423062193956349413736088627370575790297723
45165506267120334937887271884762053985265804029878527457392401493968720915508, 73147639079515845231093580947657477901019225411020001641960803323277043985299
53181082696309767524937273906908213639943528499458301897632273621005388970154, 35669207670548510289089699286537552969021440506861950117937456941439678357414
60756457477612093855193633124698581897836318453735376190351675185235517574648, 46173402695447329868909214735435832023855626914247170246079255333748514941603
48369845570376474765774668917987515488904595795214787101349872027533158421924, 28957434705293370748795775645666080316396620733716286471389317876332732557603
37630948570605328150575465248540531497865786130599929335909353985948104609580, 4150048366101920092006641947903932891751799657651205795751524290789360594500
44149894767526533425586347604740908208915626665073255056291391089244689530175, 39860336659074340511587392954516331263298531902049378867256724212239431024746
69749257327744606238449021050774436296463653340179437139802365655327563651066, 58230840322001548747777985754322516062946716179903305810821739893893028371980
76717662809002234342858363428579511000554652752946063926987825755573839983491, 61811802786923458545436343999270875492730324520796122020357541521598950933962
40630751354010667271510046241593812776130401739007655891689257233043736086772, 15388038747204247673875682213635720887761322797683888761657094246278037180934
34034913136803779285369246737643996039880786078778129760762403150151299519287, 607153049763049688850321272763240847218672399255901227975587211443267766654
30675881247109686104208375444348324234789914071360765267295176912023897012556, 28019842940455458747003686474587773881200474788561285855381202221732389808185
69009779928206562973338270564782669170402406235492776720070116231667649956416, 49655947016029337132745889092675684603925121011910019363995085919635749305846
24707345944474679746957927965161926647696756817371566234984820437775154470913, 57090266477862520650890873950706409207113581413841988893054613731943914258157
64677433964672122548046937390693108363194445683642324455401056613245717025736, 49750559834277066126062335912601300152767484383337313988813449214078403042612
62474311812418825990424796847737998681496411039227104914418248236881936858039, 70012461190977249608518170190065792382173248655384681776040602900208737063997
61833431777080080112407041819038090106059907931007934619170619490490233228262, 60840914612396156306560704533621474912373706109243195825012650021885605726241
35470356394594556809074263907299049463688094295486641751374813358490915015872, 20701704788885752091670942482026867255243161520842504470663496438263505421428
16493274537837404362367406907230676785012866063084767576881192994165557561384, 26834928275540980281031179954531809013120496905195348824312402853700171895429
39534161131126918324964849790441241353995086867302697055090221241426563236572, 61710934399275948404579694714704672234700323845728172067911577736589503948188
6310490905097528598296819226272642641690515160308349884426899881517801604554, 27610966015748110248912655528446279707403276816464593021566822825453492780854
23893612675883653773905507417879384872672377111379218973791540755067618061230, 15307721159317504020769956545860500728580209146039531175405970267478405168504
9734768764960862754321847964813178574941223419445375992458952968990433870098, 24486937575871324777262579021189877957726225724189432425862162392024822974020
22478579253810531726014199146219334761817858735197775325253414863208357757235, 60378562446362985263948015256304619050780268906595528237948080376531781270332
16570659146805119050391909767723865568447135643138335448567286803840111474307, 10441729371026409331814882548898326534327360247094403672047674797858200666171
46835554631490263440593632953164912593894088864408121101496797107726477022190, 23057853536569360835606418233461877530965748971372054539479724827483055987616
39347343446003507244604464275975563803800341631355579864706985773279309488540, 11945857051586763446576251043597319588846688622116414686869144148158492557107
67036876442830229513638981846831474980421671687769488745485241437407638740034, 56024816745879987213756174928761601192957876095344895286859478903599798202559
34440868153693777016446783921573264273964624976606669886231204820601149093516, 2248215694748271682067612195635620122451013475943648785945116909844821886156
17334428344316109714820122891961850525155960396143633106755720939002863109744, 39673573547919129745982983851360788081806514516322241116137364478968573473509
20521128182217612158176528805522067258281177715198111002116410555150767119499, 27309225331183718239133329842818759163107638513804464253733522813645664383876
46246293309203227110578154166101835158253490676474976860222871712005236038273, 55472266975564807119106133272047577482219713260616164757478650322844040911419
60868879459272453720828362802748720607896932565975585306126846273564862501023, 913801117675819138445813986525553385717529219001762559835452838939227546933
52363549937498968742893523708310253619107346208721984942165852953621443423813, 43349548494030871756124561943562721195374236353939993733972795462494898339743
37088976877654023346354805077505286110926969275078805911803301468518354127285, 59005431957573124864683705347726540708917221732606075132330917154710318086370
1556991301265733995178591885349543816988850096618474316988909489192446284424, 69965860974202152690066767998140664893285268683406920208774077614379122188014
11625407452733166635913488168106121882555093021148200841979919784427641377609, 34966497794892089479562604606274090417470495943874875378254672993544661489651
63498126009915503280956626626724310652766221556128646123282506353519943003256, 74849979580733240097493675413404569721511166435914202697269622895867789985567
75005524371450764909441085817862662392570672185138261472906608405044596475257, 34125365975271276207692170707233554450436243651105884379063502138473010730473
48959536777928927731904597500424961677759215519523829690829959291849680073445, 13170955567797955107181274526823514339535698934886514443138385346527275889175
39874847845228586207688563409867183397965721933645548734312145279917531739674, 21666877139927849835511862218846994789085198440146388944441939659965916034812
34397912096817503130521091993209129346405273258098975984001091009883000830337, 73525953159462565374891944274462802496351782176656208890002443543003385633666
62733485196775241762855798029378821526364011077869444450184627848263040109252, 39216308359310962281849241419787323237284225222188794661400126686160288850546
303534826366592479687662907909954287325465461380349918311329788812079441109, 61304219611360442833423098175428180596484641570551453468002374945059031049783
9183397587600847722582420243581341733062105513769307253897527903836923615384, 61793074336094348430131861106590726158720146560147833620464285948275370899872
39589161573987059899871885647280721208154597817204179574242813192070462970795, 21949132502364373462086917842374799880380146338378711827764039004188336258866
60384422177334573569247033809274309251234412290680442480112337250194796518490, 58193975842235567771708328758139086494117176302940532522955866117783462364706
23049554735701328496744358379265950787707702167662495575779281793954161740509, 34233341299041609084705721862835519063725644938919611374827767133226616887385
64904040713006055584424813259054966057433750688813979737790077343355812605212, 56826537270277974064079541596347590975552798849237798831796684470808655670986
8470286721234271030297998920498065465166881736815782120909882215593030173964, 829658256205915000595959488355903002276877786731619742796793251321564244293
20704524985338261697530202083508785242002467995941495417068257057594447880451, 19277422385264141243427437162891810079866890391316243302951694483954037444003
53377534362808774531262676748371472590583950660904508094755147859838393106830, 56516236780562561025377439221294318270780050438853023992057455884363767291364
30736257657206882527876417608709821697601461025158682213145342546963339725591, 52584040289921930609112799913504356490944153527825922071408890704184776177840
15822522525818898651433984009530199960828909818921210398567516676585831564313, 33093928413433147135109375779853261112033299918767181546461556989525678947037
71957822662467721936545013581291228987842172032727884766960104114272182171530, 63010360094752848879953449820250394295921708196243697797861475738691141781381
50294915226812493478762210862378708380019339926869968823709296594929441575530, 63759472490027333111109975995477266678722909075447911234915082218435388032143
62491279629407229692038928159045831118301991113931448100839123615373858420854, 18605997617963248594204552543695977084469386656127945086885830397310082664910
30101102395813478748470780149744010503771286395477925631634793245378976112354, 29540004371191620090263679620000364030436017817583794985084009401167222061536
66232994650234139152760081772448341775836526932592593399877699870054647236724, 66841627571504080277663866338925033990473250486548921573932700145786394984070
45118211349690160802414373779350804972160972271851138740568445706195442640047, 26550467153505826574479110270930825143654457135415445307475199899063679706936
14080965725788537857662818059165185873859682772936401634916325941627098490978, 22528115020532165838380903841942494004205455419696261903669887218914025200867
18874186222536236777811942421045418926379367161688952288854582275564915170777, 49094236193601331231038244161465379229849460009184432844549043364351878971371
37151742597090614274085491483551172173249499150966200951474455775979409276142, 4205721292930046679399748299522736725849624184801366268448917560218619198257
67677830931072514818912671727264698390795013285014028603143452095608445803136, 46835681079558041346086007751097483788788963846271468661585031725330466652027
4356084396584760479121426631486803715955994450934487363537218423854394342350, 72523633802213303732879652867360034065186371064589475462877412732368612011228
59807822988167276189601482411850242678075175070195238796322188764560117655624, 31715969004126988213600005555398670962826491235901084768618700378925968901692
19700618920376599168871672848817303551413899149437912421344347341496274780819, 54861702537677430721526191326769499182922911740658824979770856629047902080933
33161317071631283676541919053198973677879136922187234682259368279632489810456, 33223680616243941738103524523086330520178123022327432993770386059028986629350
36098882809247588251799224484478424824258507440429675332508473175366138070851, 50337559298968857576905469494203941001050136341017890128031552206799583148045
18080485242035694442889108003119106752112882083263802385530014980725258295439, 64027471178144034567346362289293373033781161726996022109122579874741695170966
46796839967865192536590308344986294338212200514558771928142102622180127357749, 46642638086639396649582623950799139769153032456821429787466603044943708866674
32291208088373674919920269561208646782327161293719908656824276364584386365884, 23945422001057766005198268885301556212124210351088989231570787703866553427472
43347649189666385709507904734976140052511359264504372830560082874698135828526, 4232462007962352945099377897538869942553551378608304977534007925301119031163
43580525224609768132785208182698852808377905830961278183379963144783713355024, 57294078328627611423468084128935205728113904879059654577071554621851739447311
9548732418627177682343111570986739537467175146649062528409889146135830344468, 52619916876987341647586323558660791484421233986825713497710625810254699148147
17050809885708941865575352804224383271429120750867913418578348333566180457513, 55766259820821049909311826102395911498863209470012797441459585126977972472813
63408773521177990515522747602141044073101284407360240836595439094565615087961, 57206151780343165569377529441183623790931128443635590021092409360444560030536
36358777543235312920102689555850259350785739219608199869063989078959264154558, 49191251585462133003513377517438878432356375023634993289108747408625658682435
73378984767226325120702877483639603576859640062274247381539645813314003582613, 13161336531549995814835245845228295085344819774488607635584638435898018789077
45891377749033036259211740161855791848327918350231256926735444320545516413446, 62475578442936287579415636356599725741482424973340857478385447834297041887521
37413283755692678393849862246212217383673428010320732469578525374138980584311, 6531908716838573693087143959137201191618024458040972525310511802454055721922
52989821704892928099119837781157012246944535863910119256630912732468348264325, 54092558861265128773408141159992370859272373520351394065526202911725838576124
64341845431257844440866181769664685368258123285306353772161654820864128576618, 76213531387475839697176343643971727612794365614695105004358276743156025481137
60981322702556322545414192031609266928208274621823384278612275841793761884605, 509208986005096534164707417533766519585432833986388142233545226657696112425
38348184232313225546917973275878429459671782643104077794501592031024954832133, 60236171861875724108590923051738351939187494549050647368677472545559611185439
37138855562615617948468973874602822870425241619746055000649195901554015810751, 5978400835415054497638903110978919583899645470961518139200014972569542292478
49611973868936931986314894514663709700923886288045108881378519902849317299700, 9879886475630371198924281829818080680105926256358745584713916996474528657487
30138859265478635234495166663464326647705196222855988013719709654346932006787, 38017167788151244674488259269260364120476450459014730003251964407359485545923
48012524324970685999791345637068719936479462970216270047543876584413662556124, 58839063831855954872177275863484280285981867061584884002500913579021526927623
62334002644907900952817770580861466137461613329715385463254348666753870813247, 69421158294443629854019839500002983471758636458371124987387786324249522994577
29707172646075449180524486210498710330164118240081486926967548378112386503893, 50855783217648102156602769810851623160535226116424778948929195815763697600616
31048485681495022056327293513221406714256401540067688306485482438610022505852, 8257175703531725623318141100001822525844790573174793743518474124833334464215
54354682475178349493444077121211110663474751600844600361150837859928830036836, 19635532007860347323273535246991038875018832890030954878071065266503802235281
34475239236031615167846244358973348903658077189219231114524369073021374838729, 30228026834123428346161387637098302179111884828884748509201037847977176131215
119607216218203729483680538732332812204387301019103108420517647086052045262, 424611050513760624490216361037544155465296115202087524055165876504909021419
38926153093509967672202970828241422529451980192168211477800086264629579196058, 62037042257768367257080941502427250191094157610298477663457214842938429126120
44618326126214798432824340732741609853259997961615130317346486256334166737472, 31975577567588765096726604005303920264185198273380119412741107303895111907613
47995764755269717318481715547399739288808359120612342062497697166495746868152, 21570970462982770927838368126971069600580918553710377474632937281321558328841
4660195188944451818994370909544319910686018848438666302256858934356650885946, 24082536118719611522340574034571950789419974423959649033105091646270068631709
70150073911739910427859625022147878595393064892371618222687700753737212285742, 76224415894262151869803181385383367592608398306756638762518054913046850500074
53777938753942242758668527443490245467784540004562710915259585668037613202346, 76365825919858848815963977953660140665221911192226580642165004801244199055804
17968037637648196338674805012979266845158254939304555505174387107864790125882, 965994155613802962585734046916263591782349331644072488793070547442404182729
45710852975660237440637699472648585412256930774522481366495260072800044840784, 13198781499598648775775671540074501328577469464396420226877601126185203003660
7657769024633979537797551383394970473789385750783790575036514109507931697537, 33748547377187643801077579891606034951024192945468664691911600285225601983622
70431401002497637421162195006501625657593158911248629604385718257335386316355, 63126666527779862617976903638045366699125361012008463876211963045347168860111
3734174887939050886411242918119779566067565191365903203915587564894045410213, 70177039364615198602961571993826998733201444875556753195958287966248317804776
7942369093732806381197810732667042130746186164072109297492425570445269981917, 21850509557836896329171244690349134938882805317109446503433759650994500397336
34736103792808950232232897666780562379014853996913556718328252904452046951845, 62439991015514333351261139254271809578351593616629044578517045385896815523062
71590990397574563380622931391103301420299255976500763023689693984640947240069, 53987859031085901099116955739797984888260222905509778065371931811428782309931
60666646509467704400468528863685514411507411395776213493780073339008131477536, 48251028003761392772918313662817462603092013700185851733403631736443439405160
27317907430329008721139150754856437418845464510037088372571997849044510050924, 48847202848589853588769861354771382902443912493408688112208365966791438808427
47266852386623833449178945480146352441136090433821351331804216435474376771166, 26061067198051063357268887486864812179182719270928276012333241463095245711893
59594628987554782804740171267874245588440970238789911822860859395992041208421, 48685670288271755999091494428969447164012908225340190331103051486076778644384
67653065922412166198967921003716481182152383228702446583018057972039894862224, 64514588226230104200674389845550365662040380747100728643358235835345887062344
59001868414257178151032523176370601078371407013568654333201935824668948109977, 5831184870535965504082799814747505632919111200300630117932322517546777113440
48651942894583222193412727855592408498614993417745081201885880859813467921233, 42673584382266728102008083272077292832129788097166250498235006751826058015035
71645935407548876781537472472087908895443190142911656362017242080456558729383, 10905707134571425081274858675768422481473124730233998479187009053138787876372
36149254625664746183788182969435056005228622882383596094072677759396378558134, 61089557892553322017234032537753762028639492578072046551479413083879092423497
9555756695532965104660027102696779984293938527820370610360221291369118540224, 57695715447031340498888609253445150345219532244189469878018728729839664997951
31504809711371813610874617409372136329880315239134659652319418792286309224779, 70549095709977817194099882601542322782998269453758794561869099306954179288308
31095089154226817554137241816713957158804305795964108085682912265085464606830, 37753378142938126330707221042381412514593606315428382943757097665591644235970
46516643158584815371210087166946574648586388280151949666066823905421283159366, 66853937540526625914972971652380265495785890288485843673523198993792888573326
29833818521375875126261790076689944362286951056041953171033764848038691197308, 46342799080243317317653847164934668442607467039657284510297281868420061748885
63937767010910975369738401216779984401549222344600510387451538343176829082848, 21360097202010176006813600289478423661290492715457490768953203605705673580151
24058967689183282388868033086126923146649093857718264546111185323240619613926, 69692091499998023152348929146645560543494075225087300295648179571403131312906
28044717491940917009114114696494244025717862447973865457055099188065061320145, 63776829717735881698585691724818648512676266997866951490228416424496739957906
18742470923338446706091750656700065453738107730403861428235602114113833395300, 7656811836269723466812703847544016093004891116908841988853966787094497079158
59925108484244339702842135974065164224964732930913149310135559630660463837710, 3642746166987600504610393590782025310860616533571572594362622919415901306013
67894803844999457692350416949225560900905336714421099780933399067566028396550, 18475963645179717914832271612823081311287226584448475378475669502516656395962
68646441127521186311105756900522059234044633873621802520266280711473453528906, 37938058015861420738846200435719382800629934980678521019167621798887820808437
26494255609794595245135500787556608398271019290222660481184835055279804209000, 6973716767857333147012171467930242922006249644593734276245749291472184478763
42560550648677246476270905519019179613077115907794745234341786054559941687762, 64642440905133698284290534269291777493062146718329429748669217630638931031030
51577269649812709869286180629438278608570368559924662080628058681190627761917, 63855697875701009602281563391965129988501811903939035960493583323840794920607
8160258353310138957721698378682876956740662359229740785767933370619763270494, 73232225951097183601662450316808387452944109744440176524080659521147777493790
7111800534717804983157761718993867326665381425019350543489195599440113141756, 53628105861254922829618826603762327130733268857753109258736509851276610749679
34508484330696283393782504286224083070245271839347415211838488794119639573373, 13176607291287881286102891817024961926540340304367283940449593046629616063416
26790902206656034641911381287505101192917021807095225631603226802258814878209, 1811292585236304693644887562505291276460103031627609056135393522184779147218
54736862584468851524659261628917787546209858265802726447596345455811188463905, 50494657637957144659599436261835662123213179585674066213248555824625621262754
72221266281522483180465398378342048950977081314709238477379016935183611832260, 72485197913352955295752481938033495444237973550635351351168312035267759923659
13746464654819953400319623237443074182329501798069389693574319039883550810220, 2898861850240289036367791998510644747658620700171400577056998218347263736675
54113846651992810640945356907463045876987297726100073457543308243025974363327, 70751976840887603611991760008015339167314066374668566430022168141664219095282
30728562553571250585805123851133100618079005124697029661232153481559187310486, 24393151617685756776559869878042688205706992092861684839259599722170709312840
21609367672117160070711858755779334291397211916194387926726304780701309505126, 62865742348102479065770666818483827019291241164182088147784626837362404257624
9364803109702665031513059596168639205933101304818099609469724591855713191976, 62418200404759217248747236845882663061510980102765994484298151994632464798062
16555958821086838254457047876875401799743419613413769773622193567431763509638, 32225419885581840532799843887969807063453166404619204791213532988556068683871
69455472862937979383505607788057016772274040015887712126358500600232926274375, 57571492080957728231142853599719985676327396293031850967748653284436909266957
5520568866078731684831077697798214046266448054083789891628006415124299153497, 73984622908877529670339988101701574587811719979097070377409612523456707325179
35990412596688189919719093829974074006694685032706285548748580715677967237095, 69939623747644718052020624222002685280767289069421581480767826693763873777616
26520900936766032863001987772385086799752880342225854318599746961573264654147, 66481447832613984459776970184390641765275661222112856128532642609648983317688
33237371347685035709498022700803425651193653767532753242234307872854262531199, 60877672446367084225564815747108847262438777427409617774061395554536233658404
20373749458783092761217741382389817193360349293825422908762473377764124121786, 2405489432918092668585064145856757634055299292586198942043995688309864530821
27111343871112215747426666168863388301996107630973575352464335996543839165097, 14390497630651255255378008605124147841387979655837279481220388139045360560716
60862882307899009025666532790352764524772260101654450129555904900776049582569, 45773410138142882558982587665661075901378440716858103368433395410926041023410
29470356052123201931765727900494436328233805975841266596893962526454152321728, 50620150149736967118661170824200175115177114004607593320413913391387534979341
49263143950337663935662655648561699803026803238204933844963574709248201004649, 52590140438417242715786002922418242755721304443331655116174122206817224298067
42572647786965141147688850032176125536953691664913268371024904443297655963308, 13603984351565551109331731555515546376983499098375895365763521254687606924187
9992372382795801043164820937605766871344665917016955192256479323232158466011, 10879302841941982334278847019249057650122402677180025691009301716993885855412
39612318426788770251227304894797091772939170127644113498832780470566213240331, 35846788485723923160835233058324924816509158666488304916017419054848404438512
463112404161603486107856905857775534798431938112112354206914718125724203926, 18534468964183776273953390652321658878020073375871558478894248766456408366935
9878558976358934146838381034072222985674576141443622883129110095091532448372, 46025724708342578765706383394918615530098896814449386697142517903592938902734
63016880582678819734229335475582489072478717197967796105252842014521263213361, 62101054751343817127469435777300360347583946392180128166866579146465401349742
60183214406138414262070513746977180560498766516944984675002804742025595043534, 49753474348707376322772407771948730957889866474355880293485906153111437382442
29460357693460406246508416950291133137423084943291657313135664307192519712438, 62803232383892319191161286351407821751945548165410908840208116381671679666999
3524783450037119478351659522860491807884456288197308451496578960399945324489, 59626733828439819419226585996130297890692407269468700819526217143668933012496
15537806221488426696469687188185131320468560087239931828039570066169467995784, 24282535842885169422177083677369554495941791199797349359049701546860739378466
8267373718721020747403878190719361414323038421966924379810672004082651012570, 38283377879083469521060420707099429900092168464984913446062373427027376013873
17430079469996533315547161513880691438143941248831906822206411293087109224897, 49305624266363542191761253228488574467505719685723323945735191952808719132758
57605523214422390020549545824123145006774587050631390017534852548643783157863, 53381897885997585835033306930254396160412543165491757940516078111979361724471
55712358787730690782832647524921523306442252156070343206613666851602617432463, 64038743424313207757812712517868355407361871950832766379048730646029013304217
51015013081292517310744354913279730876013812033122603085500941409004048578366, 35347114566987641420145471924803086564757259185171430791958538463801357640492
49908051008207217557230526435112914549130863976136239632796663263589581525724, 66428935108219710235670632590666444458980744373589481451918797639178258003935
18710428647726672486340268208965126014478129010320372426236688550246206051945, 7950791037368248360762701097025448736805440196361101599335032208157275127080
47014207851133813632579847054624979804739276012210436724843682443931713960626, 37179137386980331621372068150783862981278582257718621005158847796212155956524
16778739083851629614678878591028608983717079062635054259579763066717813489161, 45498087029206689361222938973793334752368289535714965169596264824148925610857
32637587603975236504036205922054814458893583588726437097086191746358360005939, 71388208273495179095168411688571150102694612059488466801150903982738745732292
25290295400000779533451383479179036165188495548313330346377276191818506209883, 74152146317243675318116479017346790483789678306744982410653297062941005833470
25730738542657400796162253058089341095323034026527482337514782622108286050342, 35627833089303620915004602432240716397828837381661076410336911389082660516843
66776235486952187549960743870195836422256152682793233961952095739457340028830, 36532606834614345008145230377675070671103997919768654665275938434621092566109
75678448612845503198246878665187049179668027760310320652475225295601612951656, 43047946237962966285148546328338866634280564077272801946979934185773496567147
22926594526370801675548220271841951797288031625812685998396205849982027572056, 68165043555267199990146483919364230703385860944669086517800080579386901307044
31584708620526672952892551815889727949040163883563808607289854786689226060835, 54660358159695938295551792965529176634366302161615487783656842908822039935373
17710435768426212168980831161448582492581163526572173728721122514554802340946, 72141473853683673539673401492411964687497253642847660897963610636777528610103
26256039956415140280515551157364484490861214651644865558490641650086476808604, 60259600145042411293151869035956102975428259167496861819662848527461576106263
28109833594079017771342586278739006797014814492515431166779469838349627640423, 47329392865909142614311800316444174546730042095565700405790419283255170842552
19483096075056263999094644138900197235943177738511925308196207045713369067171, 17518544964979354620075462753818714343148423402089732900458553088729124368824
74386278702043120193453658188783408327160797541802118397935398959577352285432, 13665428889133481715513566651183485646617556180073455321110509323598114414976
21913362893374131095907911838052305680652442760059033847536325913951609916408, 17910287343328614324731188496163196099064210147729833288464398754310183440500
45245331853095771687738154330319510528099302296513884787822126541155376488725, 72033136324814430640555037515331526863202256675044908991150905013400218676745
29854298020524533657434891260637187190478812449809676379249973777768110599624, 51193618176610635509379576832640708697099373090835521702546163758377261981322
4581566889035252444243184422987736294160031576684642314715027325165621805806, 34165353425414259957907504703257829695637639463295371884158115736498855213398
21164529057358870930175857414571003723435690651539228670487694113771898887023, 20933878954706275720753792722197830185934645994701727147705053052322575183031
56121492280463758470326309193145385337330354540487035403753131443302560881636, 68297647022690013868992753498193178761106868626661568174523854450987648430137
18744885383217516459545377443344422888150919429658713171407301643773531225948, 15637076903343889653575910533208151700223551373127869413409354631250038707084
29915705274264967658757287526405533691699323714402931780563124735039947997762, 2542695001159451164933896609322572803811782928504343155668435109577943570696
2731473799215954618611936078353716603526406326403707199815969889827572836911, 1859081806585172515553605923698009629140758469228458476857507172704594081220
45102429579322576462433984712586630321801442937551887359352328634893503937173, 46447276544943880183765158101603884822868220422272893198838661000788718978360
11203713695228104804510678237715682492231974129620863711290632386997583540239, 42995844708432140099522173557283348954844626237557616829082563226179815277011
67192881483735669069276651282237617606153442471077268296994044215494772975858, 72975127069372930080180566644614289403566235712172824569463589236854830112808
6927897135730736823532002479930133830901351282918552054280915450236957543187, 47542768062328034144985876321865495208806404336661642812646530053867719180194
74751642619008256427560290897864042054527706758905422705997522332951225700114, 41289236685197429628298924890325588714209720265750853791546286298839253556367
25907192488265372098551672892604606711935704097835628115084689652868662783139, 29968534536314604334781452807374439132289512076015475399244186859375298142646
63394050261709498912678839478546697674060910647836362078005746869893800640911, 21180307603743921660145476475919540350646506670771857416341211095246461946503
10763766976081810895011666049912486718631610789896173256011900972123647944089, 68061154455638825905652418514098110806972990157819010631546356941807126963462
36259346167052776159563072229909386379147201370693836341224031138072949912935, 3725322834078613701166545307210072876640106738504105280030474231840840806991
71560010921841378432465452962615078551912365061385200394905552162646589864308, 12119281082212158473335208805983153333281961134650048017017710215824394399302
18123725842045394706687440650090572239712213348316852965632440641133763741442, 61367085637274509927137514827802625428259780276743539116780394157449467841774
67351852661242891909519562956048627264792627334601550796535269561341644096829, 69059281872113762841841168716482961030928142129129062040521532001423608167736
75451999376120153265827499215677028014662911774048144136940032269319432039287, 20131374031107143119141539972336146204023609160797421713872645248073131531991
21056934742396013315346568652042456659171911238194954173413857644150314583468, 828476010441371443797625844330147038907059802099785234538974268787610925344
51571556428123346385892353838677470978620635597951356917431449657294343232107, 854002479062162166225903438484600662778982864427388403264321498600042167464
9607581454524196913323909762593331585820645646208457300130188584181623398054, 57970861191508709453001408775508620968583482034935603231704271631888498580702
43872689157766505446914503564990701118302828397218445295310341285318873858050, 24935887490248022929471351842230096446170594682583848370923138047215343268669
55769633915519986337707970352691973974432259461777837042900086211315319659011, 59263400053852713256315505342099659494614925683468348024988973819925773936098
30097607709583324028387599214131348821930409453588578980836632913044514204447, 8202904543535544520018970815901591931901826148930062853008318454142484086693
54054859941541798942835095181488728589835737803238792515414605797566987818889, 2173812010303156285857757744276385104769266721758995468748469984430801394424
72904557647991229680413736329054992876522186301142741154432811387838433192946, 28779543795487339342346397598216696943668717334805454191327864756277902005824
39388690758012905015721792890269536867714704495967461458982597291430220140044, 35374999566472263443037578988441656715584556806052203547297156089107985389155
8629546207472441588344643696520663529228622244482952808294603303417599780907, 38151968767694352282153706622846281304528554161784216971200387591998918839355
8994399053198444842997169290104365327933372267833616828050024800901288747506, 16224988862083187765015985062522951807617950751159328611070144048718641668456
52916440277614292126210700390250311307495782884005303396768213622622667141412, 57692859411870939894345828341843733359699077481454024545579829913205440351060
35253788641583019988824807163821790265025333544646975891969507764583430732251, 21672127742965006827466772619020150744217464232870631287433964560763443314304
31465273233015044904772604451818733712591946727883133378915469123991077195395, 75188183246724063888073825910328630229895863578629829510980510898853351408256
27734763486726915289447456592540848023685882989093248826090975586492725202939, 13015264628473625896453425682712364391183196111019056542559474584669693572496
37649865878889275686894233529747310019434925282206983653736821418147878718436, 64702465962314070501105222220587402255638574010210939795134885934329013044820
47726834301677456630118067562272178249097172609605564667864540231053845193638, 18547998682042339358207376476835418641861834735888237518642548207922352696592
20862960568336586895081300308804542720124527073905298263753516173926170053991, 24116358981114181051779981909927970998798470031245520628879628183064706466452
60566053529576938108632059602634138909238262875727234696724302264990117734165, 22608200182938916846362644184127492949923519061856113268060839263258032167063
12994615730796692718281164253949544507339790745110964637820251711160072189436, 22400632715271997636398036327379793079595574743620114285182082931803153946638
9413949029966955116413929459927485377671460978425624248285725698014204524424, 4882469378125910707044334926058966382952222200337501713298364983523001502300
67730646682768830262950805861225212160530994620016935240261294709707489259866, 5760677392552239439310874267121620222351900108290904201208971730224443254198
55554012733266568282295108181626250346622108471572271855717611193229176983835, 53266301333954686321029220858685179997273651607879123536933407550063691026029
16148440235709966256680861120350410261750700715840035986503350647368817253357, 58906551869708229459293493721442885886248709909811658098252696483278296885258
14825224479353034887610976144244832139082236891687585392042826339407054556079, 56968443384422796748755381894341490433416127776804778668717232583109792815348
42970962167976778910056760554832543679039355389591448178835861301799035605768, 51503129658611955410706195204548946602927841056010120684726664373975586642271
39328676688640107575833874215327854666100302426268193821538032478317996152731, 47641782451614290759120929797773010822898806077665224548835748810964926537262
29282011575505763792534706893181366640363403988551375192088223781871495705606, 20934344643805142790922485222167399565546628655981223311450506663200782700494
63296444781118894393131227739145013184166682767668234045328480544251195177642, 34865964881833525641116021413987303521055615674023232800683966055832184765309
40589933659204519792989449241330681327849927225360564299716298806224407594815, 64400384006791797580836695316172162785895553760720836450423235704718696101946
1913200334075907063794187108483280585187508124851707144957865298170097349747, 66998338038546278882017890277249791369755811135910501141019467888826369662327
55595680143568644385073091043417471872972473784398555640065897493716221979943, 17716629093653734887047173455793842896924325914668583899472326515488689406591
72530719309025884785750936150538820937582524808555355214058787158708394206833, 71590708857491054352387839907479030349964532746864979514001563565738494584661
22777581540376323525137835181079350462322519421588272311115837952681576640241, 57733061445785080001043400670952764030965947828714158777193696300798729712114
3266463044419197402770654425758641555637625936857002247812535111548255788498, 21565053343199188236355393059509106350218259497033459087636631040508702993491
8946248769871090876437799282196862744685022892084442088386510447324825478421, 45851741541124126191394251102016110840603745128179951578803195578008418389658
68414756753706292068561065208924040641193658467320086058444373975314946064271, 29493427215128870901646650629917154134879903774783064689106855371969610210100
62954509436429655035909996169267099985002524896175743739601734172259456301173, 18206792256230560849127137333716430124742655510953822913741233208079741608577
45713139908269218494235811749640504564641793096989672078951708935757493610441, 51402089062665577557399493097023033088932931546368743787741809880245351442699
18026930208520141602274228320586965433056373974353356226674656803138906135476, 29213452541758303013876335135727216981110739989233021038006417021177524233274
59092237337753871992105877827581768966455718932727745230896145456406647113614, 71066171669557249525474409724243726008013476009782077193730647349329101593113
4948454259631209541471244545397364728752371857999373277248370836202365967611, 47430047653962178683215780678190511628118088540390745770447978115680306535966
36222924473843063746016557937186234334394559385320309929852192396380161254602, 11693883218897387532088730339686105101751353294929849141123916925416470968546
32302987704317974888149207314123508270891036236945685116485957944909461987506, 39400677908877720328383364974554087903797803160447468924181510485439753334510
40521598893289268976010643463536789770755945535018189750732546893307909331628, 68383026666908979245350479021670516073646096102997171845219887770056269812435
37735940810821047940273650752234454888763970502951131458004807702178926583484, 53252960978596221140051194465270962849607396520589775191856247929928886522383
33945478258494097519123560655642721823796315124906326939564442923719171730010, 60245879253373784331458306966077148867960553811345840843315353574300491948683
58785227180425343818674799567563422358811302113650864804375294885377983938131, 65438560153579218784750203775231329755794732035309522466974348190524803138891
13449500745229602472347983361023910819582945696930043360907713652991041998493, 65912453466756148565563217325422108614213527366719997691115571104462201899536
70809681782856445910405694614483598915439308648454506623241546296708823319159, 13804663570080274770691894670297552631705198381000293497551224881718417239563
19581454881435065564312145098795249588181102291997394738996857385919396879680, 60144025878144038250679153259432327055119114881300492574817223019430993405692
34304109513622170585063259040669063296207889945783259327920410228004940234153, 25798294526863669838829640523276880634622150123292108444565796730919642731975
73959927201975634455058371088819843550327221854864785930706970965649965013534, 48387613665827594059043894534467821993804942506453661570558071747235301647684
62996652132125406497476114247195108894462258134154846570658258374930866927779, 26937904951276839358075220580095888560384531486306033037564621671311217129435
44318931800322164554162136433773942393899219165250502214992074433242761417272, 45258607094760075745638961846220227074423638665599035831430808903034536981445
2246716964270590291134415706570907941885252539702228794667253831785735312329, 42184514245827206945859522092595267748410053872722655883759743949726497889280
71608563563847037497920672276225615187153495525865615177599353143732871476968, 42001452123331810527690167263357310783831148798001756831823394792143242324873
24330697493206709905235704683775844879535811817420202848000243349923636425910, 11943126109312370863849956267473518524557440214469986143236388268457976522891
26551830446006518621243554239724722755425718769501300283821746429766316274554, 29929092488796889076621378338496316132010600245147170001987477681575384107084
6754828189464491121864082809948467382378354322822714124155579422403518765942, 9218021478982678607304984243268461608272658066939079204768430767915237384496
46872890750788807763561656711174207984660443981038007637523924458344855819389, 43005708415432204777704811918343643752157871581821287664588121454209747898599
24153175835446117524974093135236187639202166899717637251662767148284495619195, 59149668130120462024675900589572537045738418896145121682699036536355208599700
32222100833027212000786418498788180826587225170521117417450366223874883224604, 58449341957422384586932231072932806450220047822665860432190306470704992452432
25539015160264207829635227939060338262226171130495566678626972945842208508009, 68997530171250332241919799713377773986905992122211448703855706712298729101550
50284381085155596154873236279340279728230477269934409191981448803696428624341, 68235978355874276478912996789964625007093150421850092818814569401973905386843
59990490642362326101693847715235505677469160064010865552716951129821908428016, 57431224317154897615009705744083808890241991338209128567948583899799897126180
37956153911497518337585472469420749393484710490908426702365207597026969762604, 59943813090890602067754197887976605601129249500805424419920801987029319161386
47169322614566133804572168165081197129704697213434631449391102327221137456593, 21412340854525185192401063165881672165535237072012373965538314347017892932567
15831784043616358171339868145519969647105838195843309395819217474923917094828, 11220177846309220773123740679359907128967997637479992645297581915259059887604
2129018172339499536762326355198996355493432565593752904712481641603141096700, 61310796992363786625472974192449719126378013258397503767898637912178559352361
59433960660411795400316589076257148615649402184468583735526838029068930175144, 39241169410232962578558260130564839151107464368382646771424857125313264865614
74133441796754458381824970626502753970719191820100643655047913544740320743534, 25827252189053935130061661357724724431907626612971017753608545617899296382701
14818997274962256476993161342502317099317294330162728504880826456317622976851, 20680785287820835034662408910693305079082459491428747077707239148999010031208
27978965012353623305661734924528307493528933655942554663684821467501427597949, 12271211108126459957109051103104356307215398552914142780058520392308646931030
13076571491598154951149464179142765515354557439967267837779110897085876752081, 18333014117267965396382270229279020821247161185458791013206575991288686151426
39371930631684105990050271084638773794890787015488451358211678896116535811248, 19925610461473416836613797460754487684627210148965317466095659224601086835364
15195871990751295790116813331290049320423107590435342783418195867007207494175, 35618040198217136600179203643771335676617284575694417822039419034602082221884
63080152501360930628969100420834905825179397429101892789768967727126351569718, 31398894296241600164485851611718178182867341604852244551741844667830713517020
50555771403005440450895442569419579727945141394798147202848629804765159735642, 73778616224498077003674964648762152939868833062307117835411120995624045861928
3086121724788519862387108463706009855518142862021237140481567700464088117732, 26305117620327527734090904836808000423380288199178318628909073331366316635538
26584926025160665139657160456483664386987051632996356541371234997796689116879, 75963746620205336369287477069108302175160006323646551335611137938303720359689
19450709897155832968866725507354294659878107089002049581616136803107160128047, 2729399758584121392043106328140392331408402124014421071408885265115783769133
25065115474440781259793510187846966011958979419120534260675104806343953845138, 58923239188174051451758939732269098631173814812813549127500398754123275074822
48434117471621200142104486983380671344013159691469510132354986648933527542686, 32785539021479413788077558944089593420188811976707674822657832732820842113497
9050837133022860811258134057462088918646199598206222927548807903887555089140, 64322519542273378213498610243354290203052460890895913206446152868966950233360
68977017191157104209448913517591259861269650039918178037335464380748564750337, 73563805148439330577637447062113040222500086850154668163533471246221664947897
5611097617721034584376903958651243820515185506098623650457507690359429668392, 22369543989280089068478018871695277250077599526467804819244344591874415544532
43404386285402199181495764704995744633155644454566883364072237028800038413030, 7027647372129264317717620198862887205593683674076507498803204786255217994899
28661833091538128395718953935131882070645273082614441375462247573381077526791, 22003144675873804890447309227416315625927482705901086783959026088467218023999
36336208192305274900085228000964699505089652828226177114152369607520655477997, 61656403795220577639976689497039966992520619053392162428351765626332617151569
48112961829335192610517051335355297499475008515620875728406147604633220494587, 73039018495941360243264795734744537706350273206194646094194781954792278572023
74640287085911419770125907240261131299078561859621490313826979985279161747361, 22119617599689471309538186857497256010424361111266672674295797555573173086087
14359360199121624493136775485556180026441672205864562896162723943402031528984, 6471830118099588456923337039554465019123440045424696095356914269622562544001
63265537448610026562059619715555570696327737470994108257716723855569579347490, 39168854866801980344713197520479769090308793889255602811913453935520854801730
24208557725204420663755832246477300524605270314540782796373823941371339861779, 66872391729990892064840398089746894543429798998780438413158214366637704916986
21361815229570601991498069491304979766846064801243984482127012527115074375767, 47120921987771407883578793571473055184994044611784547134238694593600068241336
41701437909578317381541725968781073322104791178732595305821731011896538903155, 74521770047840252911930446046369316015783103815269796131734156899057258682429
76089128522415848846851914942223197317227993841731022259407620299380803231078, 73259480557904807397176576187360525600709612335502494632696113050400022754638
15919902571004846353617293841424626660237530396586906319972261880628115045950, 71989517977997164135066357252744172887216101747165844513834410130631412027011
73631806847887687435073816445131341772071965299458079934453983343801802552386, 41937815457823416172203052811909769533059482374813416921284763715807829427527
40469195911276561546155995449501382030523147872594885362276269807390072608319, 71899795307977439150646487641280600702065065887277384220168755062284676739472
54796931043682326635514793548616957673113716420654548747570564851282701192533, 13218796094938135937150430821533921475145020547269736474639543148776872072292
69815475164242477862264970929374454220306908091223429563573474056704982636867, 12688512757904591850045986582922817744550697957632209043206347516405838579106
53695691880888918379351425797814264747075357100719370984546475010593777768209, 24599553407018813475568787455688569876763811589940678607960903441526645590430
10864946770290463216557363434017514568786480977184890516629038539671847669805, 66892301768307023399352934395642661086993144709498255083754502565456763800263
47104995785516599869456589692882233035617200518144784270661996383154950670802, 32993628166981979495239917579135636857047733074176796513918983139887421010999
52670989866896655299755053268552780447231029275679687679601236471687270107078, 68439096625408155770257627272342510395171043033862191490653767259291811982733
18004408307841970620723915843770697164512945382166169668750405210050975223906, 46256220920929137785207458374382558383742608293344650374728868407282676381959
40273717953584942563149120354557361327046149933806812635519409019580830648907, 64969426419421366321348259084268271185903340457591543918664202564983564524133
37280051154142305456793510536716340348388101263459811901948196561205593178260, 35314693227702512411494750610868372138084420406535289171260235616814428991168
31312781725259922418373950354223245226486269946079828042007096828893291568620, 54947885607816369408285465747565746343100908848113758705228914602091139155419
64357037011243379712892002286288345750834142406273476781290240419557641077598, 51755682318962231426701216521336607665889292910017912700847674202350831076135
24959958309279435281397049773466137664485072248932385494478930032537703806677, 49551083107336958906855223007867878194982301778530973394184504794476842551854
70937333637889374875857515590152492923045507759699182774825433209229211700172, 52169602195381027281889777341979768509835645919561035734583006402089017763820
66505165181451336757578255709675522747802654622969159598415048718887647571145, 12677382415336163247310329373562770671801539011617054999944143612511326215949
52562557388407923228756096616017122805319814303578371549322235410884216841404, 26804894991083591073845358241211712972886641815710182663486449162633102195965
11937725044679531925562650751680258654547941796405029458233957050564126189711, 21491511248704656104959739414865982168248504687329966888005179616424476419050
71259732833814789955818905881830202210310382933458711568547307297261111067308, 29383759340659104319849580826949961024006106523766944449639924997729630811988
43968223567147575134323029283402386071880478866691983507551590353500751367356, 33054051373168513760786209738533748089541921217248557040367176050440890076943
30804986503523033620638691729183119073640634582785752821557909834717290195076, 70590380444524332052070048949448818032966466879941979674403791966506032834520
53072281410957042407737580562305318139492313024176145851480397599892355148509, 66036172380969859284258815929143173315649339116967038283573257188533169783804
71760447806300744674241892250630296846824739962616555332872785327299973537005, 45628381427830620861254452266730971678226795269350676497699630209993149309925
13277939625481330502005830605301476812868772255079071612216233887766678165388, 34830998195209142977746321811497129280269306812671373064368987667368998324367
58630280151761463387438293472755943933852555306409676803646793120627370177717, 27981798564852005054568763527390775114211084948961428739353384792646945354155
5752373413429897829408783948037697289163525921481984998011705053514648556116, 14089245484739315993407710929125798734026895277637885097775838896171395950059
11250601755220919503038539722485691910576404631064618736763477345118838859412, 8619604608655164229658690014809564354060722263573657618889037219633712833373
57118628424187159845638686578109120681892603309766752145134723901533521243117, 74557274200792999825254405906909890965045379460543368419650382665255837901082
39343391304800752982943582431631403260031063314386632971853124087728024667193, 27227668361032100862116198971722111126793544963096860433024823865935615720085
61989213343446825976101238740071812161308524187193802639422282458576694371638, 25357173901052686778827877012628977883756094885609201671643404023220873602196
62421382716479744920544855703616489151224812494070119131438592178814683235797, 16383790651618841363959922019827773137155852497312903705285393887220050558185
56334609473105457072388697105390655481788073348741584759208181464476354136581, 15170646190207671976487303693114445458781307405711293538774522190831355086123
68452603029791058538403547551576584187083248290270212723980020190873505008242, 36479962942499099936837604554466458045107642049363476885097517172022808762656
10062095599026546620154824646341754533590860094225873852194915547121427687792, 25664652712954281911363763150404058605018986648531944851196761741818002611383
36367722934421465551691385177046091637861720445377326618338264584553103247761, 71799279363293876278621420415077880407747798360349771318293561250201480560258
8228500055031500368940485982803024208873339350694016287689496532762760564413, 49752366767607421509054562559191297726568953287146582177728223713614392256687
384470647841119728460511647710213989451357705390984820613278832154190352719, 21361834046447162922895567115804814065493610643291257256590715238107247530966
70030016068973530209242272897737062141557739716210520345171187774674695554838, 52067023505715714110834689578205439945087064971149216221560193787265881993216
54483504914829811138008990130918397871415129707720280068497023425971962287556, 22770416754602488410938207624841409211580346803505819690560106700141234236780
46519771561204480437171994254496017968671456882553721622038561660905849175996, 39217203271187046298357372751831625616307009070282709695496469222668209096746
25951344355150615142195131132032192307909270528636287889932507993992568026675, 7246363411106303397207852598662818371577757953675109242129815648032987064716
25282432694546033958959656844995935422585318063997945881882047307460153776179, 48956283880853759648479479080413926489029704228302607196201007970301412955146
53995860077592939577187540257476077602788829349576837208354056304066356985547, 52475219414369609071064265186992672225224902658663840002121038994308243290760
45071115487979749182239396631690243282188406398501814453365395140616018093702, 22886338756966581396517470265712087731510863337568051363369451429284787536596
42043054349108996658016858035075097114751663249856909756198896701253720380854, 39787421572843025222332284915655182946578710258426642110637152149232960438543
56490411637164478062537842010301813219779583835718413197310984449281861412638, 42137681316257569903344154495841612557357950413594088673592232627642156533934
23018535001911576871743426534378509900951009732059698789316415440245342226423, 68034076434126687322706584165921142359861564710172822958411549964468294887940
33956672850227411768391438907828273828620414690044975171315228920070268806127, 64474158910141287888970811853612435882423702990526145276118147638025386172360
68770771397476277044713380960885234677014333422303674354987274683533971930928, 47092268397604590876116516942449108138737228058347870156588310060128775745840
25017304913934768575357444823263812529811338627892057514095231177391125179680, 49645686715609116740757121923221682044039262146562557363750870618036882113280
59019720625241926833281381499986843538156228779393004779022748445813627825250, 41030942315191567301376671639390783478492468851920333109220872758767729222686
64707899047882221833650077359945872428503423575979983320761241936710411559321, 4885230429162569999646928803087948027161893373397543089981125862233713252983
29341580142431644055163661148059556740695534760833791368271367523595844170015, 8722052427352341548307891235754690346905397314234772716134393258275497414748
59230371457601693292819128515694748765244091828902301686626018478633362997784, 44926584297056914664226471401047082689628659154360444535436376801360294336373
5828852030423638407702184693976987359271629970471814235306389823372069229056, 32858274475124538918273944428811524522336861962033162406835675167149844248642
60479942989312040296142272888704856053758284339929160620826886397383569658314, 26925103462073299760911560416202777332648988312164763704880656191467576065215
59156859384686562254794158801455250592532808170997672297326447179011508883281, 37221750087211247680668074783536973168330368284609775797311807363110415343069
14765616265585740422873050404563236468182749611017577722522363479656126552791, 18548276237891664950840602273394754351390162771187192170223154559918051481962
7175978674049688825868007455336772635225770575835016071083471284623349857502, 9319036148495584147259007322804832280700023084333480430234443336460886315013
29707731930449582091655268651148543945472820253897916383376412732578190452909, 51463317194347439630656490994467245254404669022556784508258946007359549437091
60862377834557563363740053611888725556157142112501225752712672614416928582638, 63701008805104336420884042947181997969131530059466072183928300474028994369277
43898517666754247797227193150976456294872556002645294532623992006824948622170, 64887017788832305603547558491982088527371498147895497213094680704673397296964
16332046344946554561620854653287882201731366301527964927638552142746542396182, 2604576550391260736729264794728992538455971873156684867223716318616248215107
27372873672523385429216584824095011498290887622179155222311605492969954890627, 5536200890967540654876454638929085942236744583671528881573572237200516928159
3130808245288172267085705549333953255756520812464899254292313133155727000013, 44459663241944233830576350505287060788948029932402140075634744121700889085559
5187656870734515339132724440632719416395305584435698531934930619517656634233, 23265962135642824856419755076181385695805648731297541112252208860464166391799
32584608818513184133754040160589958804581831646388916228685085130003707952666, 15892437265746797210984318935745885725040220945895475465384083761910775379204
34125969641307601539720041759389758753868069181225138847862062441294989639490, 52240874719789328514766124996936693779190769637304044601637252201186264532595
48120196852031901600779366675472530881838244513113896699657037187668262773428, 65891476263145027262648672188491383266196197048771480221010930345935520484358
7786691682703667172428054405556738884875996487077609734944497720809046137112, 76495719248044452150725781770241774832247212935145932655918618727654282898369
14439016852868683063776639286535993937165891303779305676172865151181075133770, 13968414059139571396869969731835570258022986701968430666019280949284355337481
46234477822621076160861372174657533079934401986881346172591625948121847893553, 38501877559243589474217159188119171404770625137054467840642883549112504885881
74592666703789542980125911641290820401239453030493344154268603582312497122206, 35930458009575252004295129865104668203044541897139003698637451049443868755629
40350147519922430952325186036589278554816461009589398740728525725773234826153, 21188066127609338945585302140792550507757902271273635613493093797455781866306
40163217964566229505067511234371791526050574648213357355563038233263841764113, 18493261085226887601659132555231360888906631142777908757046780903382743180225
41231451828985871639349368677230175703784144921692680984376142119488241578900, 13281585634150018419139718845003229580325914277451390788251234097658570168326
52211193173261897226419902340870607867399744785011140706470306291358703600780, 50570927610744441575646364331158159302644167264262445653732351669787539348766
58347455674985431971750424547744206128552078309434529180650722259912454944265, 41576541318566835207038913487327072515380331297352604818795540727428756543117
186496595888682438256670606034682388282473271610983424989897798072291026903, 62293579197516979361193078515827100888162180131194966379828066971141632927228
74550647387288512993224200594242077152122954073677782299778356264191463693964, 22719328181339660558276625817473288588272637466390206679327214983554332856893
52793257756511492905832204823092889629894682974015820929996211597344589964920, 1093937000297483721109515899325286030094552729901660840767370907734259547001
36341480994798426501163324272392793973900488075890521411018025737804167121328, 60363412166255665401320798355919166398929312080255366916429066371338619742917
28250452233384234495646412566911394553408348205351717053462605888967252364947, 11396676828401963656721702672875391974873393117385620336613375740980601783219
63698997577952741255749020558042757480849628500687819584790640112619885604167, 24763967865349798955881710030911764937445086412949810360582301434861986537246
20984522638872484858055429276254028615421572149532861886731200886406580372730, 60174023576267628435199497983903843366291919755753453678042901981028344091309
76266376441734949659969732520675087482144445788053567656982630537809131414776, 75509601294445399638494318836636024570608102245877134635226614215044374017560
20977298090359401368820627825068312739057649964712175515972751812867203602844, 7881553661783719209005194007147195610319907150569104164845634176130508690432
46924405066325164709316188512987805499833399205026352144496537819420899710298, 55663862443075837199413913275061498581689970984775905215436155679218961937061
15998741965300967855951114937752393528270138835144916970812290020772122485645, 18145803455757824157981107066460372096367047082628793831557414595900308046052
58247005469603877408409707171164884335327980076473598264427051690479872137898, 69483390128637362580693508218379906656376859187690124779847626251621992183332
2116568208975847883625136755269053436594065242033553764859678832219546118147, 41089076480493168781899791429024801834314556278103045025960735149794224096792
49145542579301278827781947844050102078383902382824203193403803982868542419833, 23953684758971285108046946267741229383010822714176531238796242272361633309251
27838417259460426939274486365466580888812304820339850183522974187400338503362, 67048962092474135049957957090759294067761947916257390874670614548915537561335
71847411389702463456370219108111818630467694846078459750136449755567346938257, 19768353037447894937500699991260634121218783694867556479992827415988778587611
28059245297482643718649966447220362753030947733656363230101195426615822817157, 4374249898523113122698199249243860575104662938625198271339144732183821397339
861316823309435197553200151495278446390340650636613178841997456523306144713, 56494002015068225671850077106369660423745548963932972324834248183821777427999
60557832978549303877571611722689167370567882275773635474138009065653204117714, 1020681063542465991327774984954119026503095529738785337065651957202344168415
31845500321189567853043164532606992887297119405640777722150262542494350716541, 70593407796362902132020853426323870128922486872412845182772475470560361201753
1297174057170452915637425991601273954265117220633061982414905742300884609447, 14551953623154503812771931597251714671398984489824331691822608841356743623810
5904786576963834515905925718749758331047573152137378630575652023748372088242, 30903043699387211945561743697504396467874093747601811713019924383338913903812
2841141176348636419517426227513214856681680981614535593560761870645571981297, 14543165074781861261749965141906433091500951158950149233607969654567523012762
64675599107536007688082531233974318175983530679091137703477309689417575683911, 69870419877278343471286243547493405838469516796659261463092810742366192663861
74198723681407682739786725880944430100192398717423446884340726500671849013223, 60960132921685321685360591072125996325029134405682460504239812248908960794482
64443429862096815364128599867669087194185358705465729800852014007529903410009, 54732035467223488947174117724219800035129206640747479281703782944124086204763
36298956152167163076016338278296105611186391763344431219521879797928959338502, 76472565785424856140659086821832753296969845154618428048263447891033037563987
43385355965734107679207408507990463906069775626572887253743894040725016248960, 67956022917932478893504303454454828523169090689904533911702498152402928987031
74385175202523639777209271879003630218440225635024590649488766064718660544158, 11661196129598551367891914275255332159999715519216982138483742797707709674648
75867088724307657329861289939506348161051586931781579745604584779595908617104, 19327957270902784773959419387641904820251249221959837410015630266196743742570
7098686395558246808087710053319473793727235674545208762990946939683717247591, 22594683637280602303562709097568509280673793265300097570876028755035089379111
12877230999515837260818627569614763515289269055011751360997417822866829651019, 33488288399050181963079430542998265671028583906459687518723632367158593472041
18621020501024515247590508893525480646407004407070768399805128571138569648778, 16716402695302140841461868898527408586308656390067767305206172035462421972483
46472339587157061628723953511420314657042163119836139907484917401876213035868, 28237058143364692294614532476586485292477914127507851826220375479145972347557
65625253998780765345347641743529664031018421353453151666855568164248184278817, 72217910081188320010301518281740124757200364980233263799469962250233865605338
68580353832845681385670458932726003991718227846758733419646797415958128967281, 52503931645475329003429901366884787890847327046503982226670141360425616807070
76184988890004191026465341055903527473937095680276337153433839895012731689284, 44957699041100169197700080161533346519389021409986292562038324487557574302817
60122377888871455537416784374094693799465743931771225770321634886699078845341, 54965602062325374709622044955308108593931262057804912324429665210733309888898
34674223127324041838209238799987816506969884200590282789696777763561254402546, 27067440105260566756886512644875673189887721592611046732652758917566609478322
23292192546432589103394187354394895111350987245299585041942704098940582712837, 52403159551168772479352233419020474238395762035249489339789683444665823220501
39842179063761471231429795473765428383974591375677350557669332968607915544545, 76160910476133675437435895174313241808643468920879126035948431484638955971275
4307237134200794393011902725069009092186360536916257028635319321677504289307, 51470424378515423003362009659480833041651567155161928182522038256171442015430
28791857710379510062876023241008950397458047772561569189849726869390036526079, 20615323023325528375857563019134887537493119733204158491045723623717607893674
36081654596817055762209852168803648498422000097715793976247112349362161970434, 53003744228146877907959761025226527545438591997938013549258641519460913526429
74773495626282617064065931142368987670899137635586304361187463291599269709583, 33170096236765063405132590026048170652809327179432962194932655234406679087487
47511363828860599173204061471319654181421357916478473147858074186484157617710, 72777840583165406729330211463943723821736197269555501190793806878072724981227
32519610381070221143685458069194249225960828401933555143120582846362945793159, 14232380594810984389882567138956896570875040853621460265675903553000973737554
49673508277999856864444656120273608825531232451288988661520696322342060069228, 620689063356485452273880076402522907962665096349782876522213179336345284370
70768653889183596860790356916528983806299351953134731933549086071304563016576, 38284208409838785851986333331426510205353487437034429649549694669032604297721
18848619425499704496894687274332522938843146265702416124397769855720032387483, 10301623002540597282910523859606550750210294397597070480415105754507853829869
23668945423085604452427783234707000318981654945307708743187040881293351288908, 76884752317027111420373483918260344073188651541142112988320444058214109395621
36555271494572511911570779389084812261909014100007018745213301559164233532103, 38098363915447884008206892391075768984076527449345282588817310020693986170828
18731126251949003076623589228515266042345311282346745477855147420443890935268, 61230990036770966651447912399292626154484409272427390245173506296899401743791
13247630101127111660365911527059734164842689514228511042446484968213653230232, 42517990211889536496764293970186365656406135088625940542054261820956943068317
56511217008348267256732698390393823197665793348669513308309250316410007474976, 75031070440757928824702346198220725563188646964795310779273118964617756468619
30180819605439828308627818676863650889412572402838908021367598492557568580874, 52066536435996207747751799718640668278732644663660104551945721537608381691407
39320047017217172865176967676523860541337364402754062375701657200970718885672, 13446111513100702232412747954817550542960291149357982172255043492334285593529
75395003368173937426387868171785901698517538789074290755406722496848230334765, 37915635154947927967181383068595989780507592851826618456108182187286775055382
43136835772318995737203871021552355235150968084053383556753960330335834841323, 58791660540073693181260833137253604127781983280550356554453866415282524097610
32279900440512867615878083863254435756805106303871304078805474867558265377811, 5749681474249838228397526627118443528923660879022726315840608006248184688105
67770801062930998646867369965261934386581385870333506211986634340762270993064, 51216900383291345262244739304683852468401931940276300516352334197035176895008
45279512084093165193886211581317519937564037768359871263226841215285834966400, 39407788647200415237461541275598386453914441397127378735884646095225550109946
46229828229384645735368381275180111715563369107119165846731614123283596597367, 19803786551158908515003377645202167738997275340097394849664328480064507683750
26036213832745550554188494065052158236313471618861274424817362206935566702328, 21341635611061745589480739183320799992750453020232091519766048240315235751189
43246154527866888931942507316095686414583311721299572105891291961282059630855, 1482418845592096577208341662480437453314287748436347914476711254258240743395
20182268829985965450825761669996987833893870061750483948156506325903725167631, 36235931611927000008209992308128716491513769668264987243881151517928588512601
7237185550773039629826579842920429005008701357961162091635383557313437824917, 16597008741632670332297787686145060188141916192862845907070509334287520448004
15675209433446079755916441438997740593476081237472643689036350602918873986695, 57573152235030334186669284543533253100580012505178058533258597215098588795538
626288185988391315461882832617530664199997372450631637135727404110986977873, 75299574530789546424155035665556445558585851307125836047446388583563168464282
62338094971274096844247998930948508849079107524539096308461948125996253596297, 55206619293694128659038080084275208043482022313560893763735287929289738849159
28847790618280805700479331717377343939427449675533805449754394337553164062615, 43862459373727315741199998719462714575221354442393394081264848670760332013040
61852257385461949999312222519743934678783797952689251302673216757294269312501, 30421887494615415201066295109017186332178356436631829954821561539382612180657
22815446466553267859392324378977797018656536363118528663276594229162965322076, 39881773335657227411075832356978012054589830382186337036997236959887695406447
42427590118217856815430914671648893600900545746051872660271151398024988549096, 53503216131047778267935435559830713597527660001900014466219083351663449528893
44537685609943058827973230311883517472308355585152769499093214226070967328489, 35165790135671043517521073036259732327863050810756764482618558749383603314202
68280352459699646324886011240356954680161220207801359752484192118915869987069, 22676073760143240309215093888885498452278854803704521701912922069221408708202
64534908322216719154981486613795702281130730529245943420073457720596927827135, 46332714096883482736735024904684413681658791344616571855738351176278108699657
16564070113351380697169264444989000107102706402172826173302239514420284355622, 54107467992755654905999935541833577337996903369468722537654285492486323770196
53941910735429900560326443859628539289879592531855036806790369254455080236821, 56991123144441971776744725739784056064658324777316168860918178416692395773913
4717110950601058042797720538399231867027641586372782346602215151845822213395, 48832876589412511074220808941017043068802529663777894970108770104379571853443
35291571815952747497827726181387696769652862370187456435800450436306677923337, 2971336074884912460834423831444659765085932633317472944149126848764283966431
3195821513225482373398327629600194307128446804660466864251456392089871437453, 15731089549781577458807943637338244592636337954388490183820975891006460885451
22133367824840443659401553383634430146777943893532642708397058941612261850178, 41556474898621414822719035743049026674862229949187363896162696518457775858646
53746240439187277638451586350714064358887659700925133889742140018623208209022, 43039344448777043801383681950560165829931455739556013945221103910588621950748
66234123574128787723319287351386706454880764186754344646902605698714532623815, 16479572522708033567505170463047981353532424407489618134681712502256688678621
10704091626667633129143652266925169536721407464442142447970042383332119618404, 54906456394260833084980187262063734824424291255254220211167636090070191153005
48432787426068341295664379032301421430511775512047016919738192965913437596204, 28011179702684845119158612206354299130556681373670739366321721858585632905315
52104355309490056856109376465203983116496245918147799410010809923130474809906, 393505466167748695990173900690000303214267606755696529422438170936269533076
59575865960387522049577924134703934575367296304707788960702611673158259556389, 9245123956948731923100278931919077940380895950122833733627134197246015990422
14643583902528885671240773653800474050567500286622560360802171056035226009302, 40367053708410963156557275950085582724225970533298592010938883959813701716385
25134293898400756504064129945184710005768657914307780260602586579342831643132, 57981201875459033448325544583326919366014093311874124409738655883094689820928
36665694780335916197421790780597914464156872793442115926093294285355818688726, 37726480540405382442617071271036891762473715608741539392493068051930125467774
67768466199290011067084366888631621275580897552896768113864730836938882239056, 21964383251685748311025372615442566969326922432941904852457012060132572891577
10586896939189726322958066475039330508848763423780256926352534429109999487870, 10482859129617181440077320303155333733305235485143028513608790408543666881050
53470641427510952552104727130586644437220396923136079282537580792922516621200, 47184239541455771350221636725265714820957448696646136864272806556566603905794
3562621477706905845866162414576044328661616274556526940191161334161126184377, 54834869747772195150445252489058287417746630289719903067301761895446559727492
23363613813477886658773032924446693008594282852600423840627649052569132942273, 56894629138928723082968683027741043236302459166834277119073076883220896387269
11515850531455548135286161109594600310702193527016882083318744646134155478902, 19483588151184931423265526805460150484251764344859314061956177097233742513398
37917162947715378347192898922553610344427921141603171560180542685786047223098, 13124639510527799968096170865150967122420945525619893052085090016040677433861
25665702228207182127133568204480126288700464177679179951694990267011486511672, 73874615810683259046534283925710740187445583732748148100169897527571811594239
22233951999965187107922957876971029763593006827682266195525565059245866479045, 10845524611275417636683204511714421918844441679801096140772675544472832070940
27910285665700714167984244407293378762739035632322793235457691255535229163357, 2832863078499794647564367335386671872015134770380342532953573544220143870364
56247121153758376225864392086029854586095581059587068221183850343170694695069, 56368895302542597409131944729870593942892516957445632848610163204841840271479
7665716853041829873255214414039892900153326998325592578149625598830475485662, 27646093631118721936620328991862227572402925189415680571254796814597255519008
41969000830263627045862920193778480695206999947122194929622232697783523133807, 26820973442080672366115478627121426091415193869396309720827434969771007923179
8589243978673834951125007182412040504082865054039178425330751630438220048851, 40094125619893832207958106278772765702124006280865862212630496091798672273316
66603239216852957740536258903308212250596111778011607569925773080277294132636, 15007786927145682898432673405077852647797246706326816722090130005754097046686
32503796080195998605470240576256715232219686344209701579014399984464359765218, 29799222568535308323233772977653875168985587799273303122443480203010311129905
33510617934775619907671693044451883608698398312398725251561757486290010462718, 56104960271576765589451179864461085252671469236478990318518692547146062275750
49455543491317810714986631206415214508585928940237692643029885147683671144653, 57894737939193991451949444140235599481725669037129723212877862767850470311827
22277075856091770122985749655120370097101663616482673051812038466866074508615, 18998797016288689372708259973111546930838235760829869232275009233181214765121
17365323361932475060793757461898213004005373382958665026559885038642712678147, 72078484001797868518422589007779627675854090608910016321587643635543188002931
47903656048001893927453044356619714726590697665400051303361081041186950576378, 50087447847122719517138053019999553580736298695577090420892568237564606434117
33655690710116441100566647921501767063846208663433403396826281243067057944509, 67762552740275270153472967292597727093530133591063926791733089646919030438427
52137841342044323982322263419002567741794634698717480060296834919759022513297, 71506537252710237732773430238368243130737055790227078528191914589172283835469
22708717037436425411884309721207233518750493705809886459760759400225072126126, 5804014524201508004050731568913371075747353600907617280234977607785837655244
52431783666268583650003105198292549145237648393081503281671461069571941373748, 25774022545332660809561196822496458383441797799917161985039656893062033992106
51766087222705044114668080698856763535315167330173135580892843591611179465369, 12303347411348716728033040193047115381512150173485525196565771806409447366852
49657670142531566093903771166447285597620367914077879200550885123230263575090, 46864114802896933622912253081574050318286883394886913598973492026656221936115
39616087285566742576418025097802047204175981023738976665953133591974467453017, 16776854305556183091454141107168644112826685013134770851852103242819536480979
24061756264373129138043820502503619103233836694959881917816113554145668089225, 40422988682055517817555411446190064905649978883448334986196153601620038367250
30803826192122856572017097563263127077979802875277435305887860045490759720144, 4321205109385065331243801351648284662059450423855007298832517768994708111642
47311227733212824704431644121963596383819546946403715012187265357182281606520, 8374013223079376351148743820750675976703469911222047436428408679389214629170
19028063405591349504923157808471828500509035070786446063434155413467484109529, 72727048534770242380939744471227936572471430904000483687557772095633661824563
12304027567551349337732487965337402859126435998191451932148818546407940473751, 49678898702334346454702951838403898243006311148478193182176915770111130766252
4107474690017224749886027497176287067424296256767533161650639569258030368066, 49124258434633135179782447015850594682197277875599875240298069536905245169537
22080147765659652186036234497930674585161226329599935118740382602941588700300, 51206080820281207851162830058819841339850046699815314677245829264507374475220
22694493243672206142554862455952401708102836819415087108061206485300541645695, 55710206506929635148695160969905937767878723330657545513409750732870045362378
29159196155337716157058808272626808023622164594779319705072675625065910869962, 5196715148917067933559448936601726470107473200009944564670187721381921607813
69243769812050186619189060349363674247196753213348652778917904771325550624821, 17080580162314993222547526200469018500887456387591580978620588783966782686614
29241417541552172895786972151367292522950979299764944255737472143285453405203, 55260276156343709386835772184316834124281461332728866225505491068715712002827
71079120208470184123060603346268275432157970150720739098832158213944961096917, 57010007430034696941073761750477410099868192411180996771463964789125599509262
9053206240029324627625898873999804448875078480595314251059358638325409509640, 5724379603882822563382406402371733870623703999655362243813765392610298697699
52300018827891285529527966448710765134318365896786918206914150142488612125549, 53852982627369322784081579423228659740629178936009325141716928998438239069546
21386211764128832201904967825180608197230104222201600792046891354413650900296, 8641623795590885939311532171503655167721052342601248595120809306905217051554
37537014013720006546165839678088566239703049777238874908085856592602438991277, 47275409296566441321964011132157280545170413472011450507535492204317822074313
18707467035191606123274886792740054664891257758265785282534034906077417159280, 9320301861832552315694460070540351550491710163071963351097555979392007702876
65678694667788777335605009896156803139208144420953482431807063901559130354058, 58653760315443050016461772711729037354591965757084938357754022020733680672471
22073758301368672142345991118344915367941640047203484244253863385587082540985, 53290495264362480391487334792836714922785056114100196839389665553740625448781
71802601791060996079792947685127875285763362058203687296848323619289566626859, 43380234467887260493581722021398625319000094604114547786862126099067735455909
60616643131545856479352460555754017673890927116947223806935810581744838199958, 6436561378303142717635434564995500600162458180397128159705884929375185453199
51427197957751229196960838513806164726079717817834985745809614985175449961285, 36352319173303797524168566316999541445349052641759751537474366953028722941558
15847021060804932630616239195915041996334063849722850572922839008314676233592, 45525361168774192228461989561734796376809232152682070580122099784500892455097
30950507355729860332211344720784228636430370069895244328624047480744296410140, 18554505568428886478126886436569912028952675616153197695885175878922921977950
29110034203963416867853993868856681632355365127498062076805340805089793567717, 36997505447643731290451335240820579124077116404911071283382374774226674140260
54801311640474854908684321410517587799749152531795617218106373820380937199999, 74331505768418529049663627548966284780122649230661439982033446535600362595878
43222558931759117247850222026802765980681798981620268874154318138085853470985, 30714858906711643509027756605309023337433269930470809461855705786071201890645
49069294292578520205281319478051056933485092931116907218768119324472044771523, 59266163355488335356706739141682983655139071124254073696414600263121193739337
20787456961716686480749565291618524325436663333630565802359557805028646438160, 63751139895134225233095541911648705044756145830645670431994777701216107184927
56526296344327863700064857971496294602771337910316475941857033446893120358446, 9653678527222974511651577173215132317869275528459820469978918112593744448358
65230887906599080085356616766860550960129364669118521429120891366050052371828, 71682794143218407039508837067686400971788778117579132578138588002248678783468
7665069310153784737935336776782078762550572995706826756523993961641076348467, 71001452159066913653354442555988439042187616757985078436399717505716560067016
63489513387046442523276736195895218506123385201975946426144870678056661821248, 51861215169875369438083857197802880219705439735618432812356963797365603154062
45826234423767024503206000939880476564194765431975162680588913358404986981848, 28121481555289491157038528864264040818910627520445970514464683837926141993316
50971804106090081639297197944335342405316058224758485179206185521787540733053, 28786588752602222042555760949060171069708687343771612856661383362957729899800
43548034782118699264765151635148626248855590986332437265394504197677324131561, 14612555102973684917580680996414839281812709467568768292808828571616266187349
3256032245353003911757854660326218418549860699481119110615940951802837998612, 71525664404087503903239852125100523481605970072664010369616424908918544945414
19007382564935250739256975598949212849390199828654260605782342673479561588951, 28851556317080837102054999789585325957430313585984085201870221729227662967469
3080884487526122120002704554853725388644931395718471242583962969211183162982, 5989874029639196248298761579498763424461471823489276532625534000842467744340
49924168972890455899947621138890370968378100459161953425961681953259298013558, 3119864678969104498546105618262619669029260633908541978707658734994204288508
25214466786372028966120022090651689518914242889729584563329906891069813491971, 57965036925100348183019807025467558573673419886506344397343436526063713265913
7269037807228112156805554211262222685038834631516036808029165052268815230968, 76114465791864962320545263925374635407172640316615192164561788335748968420756
29906255919828179031308823634909246060158269714196923494020284724389814949048, 73068334689077365189990381793743094666472679488023000663751641271136756956696
11111863125722571420457554583201908566006039468910210950097787317442072102075, 51585898776950713844778378727661833665505484684083653508696347207036187298706
50147719133853192698850381232551409444003562546994985767848508498519557535154, 41653775011667635457637448518928706176368753375438655431552206010391717629987
75732438427178193248709309780119587812218878512401138216944342534251198778606, 18671561235818931974450676097440994867111406489786526865483165129210022477267
27952315229376255168576534508620552874806754192388594004626298226405879244080, 4144806699707261545115443786794616062447551459124759706226546797211565210048
2451171414704172486109262856120322644103830224990954044363847822201346563818, 37465456702072416123992842006524962317623486312120372133957606379907326119349
64404037044947722441581934510625742087579283023903960604166173492928614127495, 33019572813697219123319467220859348032818855032142847692997270969315470710711
46205682768200683459529562737040912827986845676576602019621220900561954617753, 64767570138399714498178986335059765151919088298955919031559142806487312666836
3417625080575700385898612438002827015060245277014385376423808237949479125739, 10343188206712092266654947569588304663939637588106378319813269012587833216360
38777464280556222038093015771073760032964591513406299732023969650528286553801, 44104233139933786083411872364256035812488997357055008006944512865433354096509
59163669251897418726174256620173479199824844655279904151030890130573811125983, 40850650696109817954544613255416701550559474874654537240962554271140517877294
22743505233931544477895833529104349618315596948330462889112072384208508469376, 30162533579966690800869599116146745425933938171469926328523381466339975478685
26669591509333044927043478801663806032791820180932977695442289172077567323200, 71727478950916840151139501946935833643539508086164367608838909496639940113296
73767527001789359592453555809508592504513301324460547572556934737449315833426, 17094366288969709506896863678416716030953647122779927071328928390106789732412
48649552664619183244680660184840169161553067913489019172507690094610709126343, 21186039370981970750058170049572665554368651051166013866593929858750820386484
1414621632788090396554148845546369518271619775974429275728907790411264822724, 31868313891982915516888249968793074971372285054399520793598604196580482727156
61227625256236603845575942602471655060893252003467309069976188595560436598947, 5147404064333419403562850052605351568554230008443320392551585633902051856663
55238571446227216135885783958526926496962816877046874097833487308518820479308, 60940827500568107418388158899914453262726832168740390209380513199643896084751
73125073392629958855236956469775882413528651602122269269315131358028057494283, 43801675538485072359682904901327550572719253983003189143871390105126299572385
34091330174055894878402270233863029892555570605728092645717158192790403173006, 35288399564693906540865109050067582364837344402190280447284485949569045444723
40446784565174910802068078552805807484924275690776433293284330241892910666484, 5874092412337532280010100233599922732478211643837345406881900721614922857791
26468505477314115410998347401020180118557303072723335036888311722954683416337, 76534857910488010973075849093576712576519807730120386993535850003709216055171
30180530006642463786237850137684314977937012224792926847228409032205657262480, 2661077955786175325005865515277082333215185422235208323411575654057147357838
5148514893892378875670948996989353862892036394075111182733233782742010966480, 8767087859894714240223108104478346784301150076066035317952924905335536969428
61210613053478816298872356513797093889397371710990390223051005389812037412097, 42331876205067450116653564580900789105881808741229220418601814231350076925444
55875333862599795297909757145392859619530014830550468122399643087303199115322, 27454560968503963572690463280108237792466413873120986944737773325034702874812
20244949058379849620301682466326873945235435672406869108573697184296852256808, 13771647538418023679444035446805997664359883025875262338198258746487234290529
20542480056450451096221074138255800578245084654936788039290859510849825409230, 37213993283737509241267000982505848797410215842950791105079918963478718543941
8181982144713851368984875445247547300226862639895779843138881844587424466176, 59279088909386107154284830991378479348835201536298791185367953257051686926822
44909045658551585884276359489186244443035954018072339852668324662904429479608, 75012824880448597826717420670684890883838231060558282001540530432848801526556
51426282038554368007118798587745422942867951243834509254549557041842878769917, 62762711295159779007509048713413845530733004526266429240130339678553110597447
69463319868684982214307740994902766136573250291660273948567862512614054995838, 30147933509103526371336205377947949707094931104428943861166664792032663130355
61264224326421146314053736363322597826221921389585362243792547478660442324447, 10717018179001576541254137433257695746572127307484762342629703139567147192005
23291001062194589812770823526986208017829173950610106664297655850725281152124, 11914201216461806188146177747900733958648829412029313305698821165432438846425
35465307956638894467693162698032261856001400289145177543837222089951612610717, 71450963853616985942364195963262339746373763195112417455698789818915494918746
36731269634663919315053195014734127702919620091409839623577168881716895074217, 10588107315224019307434745290668319380482259360426058361076285761796863498615
23419476866400514205372477321471492396100946857144313324892747484970460290368, 12567583058547782538650767418148105613301915183373404025499785472812894850795
52191341121475193683818013421347850493346391214289592154293568072262659111672, 360362762861319393985179905689327471063842016795127247413179521793306823877
42943184168647531488566393610238091544109158735363070071305488853886802140770, 29129008132605531198712736538209685256297200408867311590060912286256444222732
62101141313520550954415010325370572636474354361555563968644959159215614663284, 10569154708584518186775035194272012514645329633209680808657554746624055327862
69787595609055650038582331079438022154962552882995282095606689251143568049439, 24996830981997515647463930170888000802673417518857725718474029535707868217157
26253062269274819176851891016472633582923194916726946867522540864841440579671, 72068982805623711503172252934086442849275457880356255414419803546495102201301
36591766276813189763209955617596872995742892922778294948193736007284726532282, 3602294225492482613436360965735199336377093739168074729347253342729662219938
46603608552762312739740497316041936596415005714868582709018861122814560067656, 67240418192080973169681073207127155530833181716038792401070850389788950323713
73633436628232353750644808869144127930708173850544069145234814378350840447424, 55709254303871451808008426655801118732254980763454172011650051107311546507765
3587523164851418527803606552536752890302142698396846772041053971569795789709, 71276851253938995412904513652857497007402336515860431408078612951240708861904
6240178823052168650376061157892957289246710450602137114501311015847966075592, 30302978615901724893185694827077244330489491274448415599217670449138894675761
66255466389593293315563629543825842905633449790574088976822622631211187590724, 18707940066156221761728961655456247676124780568215831709809909280060606406429
36384611253667711063508897758849720642149801500958653505334666770415021534578, 1365955586787023169639650294600067038877090011450442377619307462839810139279
68475822909251739281229852539682483258400535809172166951504242953998434436320, 25026844399695475024505221352469052455862771344502944889709257163756985658524
56684769815719191189556304518298219327711652725705244135964270523308216820335, 39085773503856232676861714824503956227547203961979987791184590642960122091607
52801283202164181710647543468954608631886945254694943232757003917531946285748, 13878796125896964094038120623439430315046919594592799798132016717021823035664
52648543150979153706309362337873350492097896649938447232232570694411631381064, 33074703872722352315887381067905243992786031599703714025598314302765188381472
25877403970097189550891344589716325863817361163216725717306229172375918898431, 26645588493135144901491638762689098671155683214957123754804849587587228773789
1249823929723817045005983022882407101647166252992285236893963653121742518496, 72679115243131639667712891548226613694896732606175239364848306444814642097648
8931522605016587610954214745579609407345351603692731330279393307125798481648, 7790488447708365018103619025130366462205792730766570481167585324821370727844
57699415964869849203421290864808097896154656754321496226255474388832036188495, 65619078601823760697636012446605957042123080775972542608426258916655105127992
63824085838566781005864470922341317383098065452219056637867051327457740352358, 70895263413778168520912621740812605659185707535022991785305147395058603628144
17019591887288559561721657700533861247669830557554510406405770432747123543207, 3724070982021153934597675856605246639363907200190674187853617693289549493215
14458761248802265338790694462579276819872261668483732003875522992145548395055, 9382609568883876674024110685396250479875359500912092153911869241614466520030
72119078636988474041741379999320433978395512908097030157242121405274107310317, 62275443878901095678164714406664556768494339753297074765786777846715994324518
1712075363775866777896039404902827674144808654773079740716966552136380311996, 38716461755203245290032481458046236306740276396265587965827395383604593350816
56770080868020460149082266639817417434871186644372406661713999277289158207469, 30413878973263684689311005662531554052291797146661322480542810349332206001322
37137454877148171467069946741335026977098459898038345621033077312089652666284, 55827411267056349255875467297020761910661464174734250038495088840160996597417
72723446963275602839709280189980161134661706353290736450036232711518494463663, 20720768015897697775477952809558653988383475701470243110546562328366419499229
27561150916334018327596561689710475246094212709395838310023419371845018258732, 63129040265152366597510673721643623663269415630603323787186136718959241381723
72551558522958193653105475226214050160490214492661203622495185269895936649059, 40516803970579158706079109885014556662851075829877361838072962405049616232206
29310066335714166839232126461937073329921497188267678610242988746179411401565, 33852949469468326915884984575142232645228164746991982039447031328098359389611
69161596487973861306956922492288985442034347773418610001229981847411333342801, 72257057655089997135336809253317983002947086964248528340293941429715464640214
9983432299710831605370739413742727452365396560083908252531410477751935912368, 24437413776349403851500629073779622543146851032037664473056253205232513934152
21864789332091140449552874886968553469429559758339723133047463324298363696794, 7084696269821392586025216998646320963012657067473857659828676846615292008638
13530078216214031131023802983747215492724769892114052565465179741238862764730, 5137839010274676405118139841787649813796627011237250057631747183378446523546
75303861995314150671802034890216352621417560689338166539127597529998105033129, 13601085454470843191591042211062172243332470280185039607235949989427807974753
60492673933608276475422338409943340751618641335658324115648322162987477027113, 60344583242645318206008125351835451248845784224820252731588745668505395665377
49914007898182689837383007368132818594788999885618247511839112432558289623246, 2022003915788221440670823180365781694110556291329519368387287912493786189421
6611469854853683523560629856340147639869010936810812031537903715015390006515, 21644776087770046470373617371285995265990917444356279533393397273027636311747
41688830298860080939906202084973834352954345502993794564306162316696543555117, 5597561991856210703924044433705309632493333354736254341042226103656150139181
17193916788216257651530444665112548679311869809307494001731617264453243730483, 32689492505065676655781081691274469854511114137979921159764299426515753924862
3676274016148789998476232202301388473454806434182015952452770521587691907999, 52973208480325894504894010609847564223839520178370418296909199859233253163586
33281708015343908225416336962596062672894689819418941034107534089430323225714, 21954524624725614003599451709041209588542559851386496756953510564894419519362
17519110481140739611691048426861363042474768990237281211028866314146219645309, 41690758801969077032376949416012429887021443430599575944851225405470614722171
3442912283389938500277568756520597158350637507962771632517258268173599231703, 12260579318684823478207143838052652270235670132648119899097150321758247476155
43505175965849511016768451281560732900301595818117704793853709760687751071295, 28964766869784079255704597937540341743017969033761471998922366900238479342694
70487757129972132228037206582490822833730957153568893328041197865462177583951, 5544868197448325843323402490102876867678762234762784849910052496802380614227
54481902308878010900036705192196328869595317808175501191952594193669284783001, 50922084898691478308846917438425146680941747186174697483035205698387934246078
38606010641404712512204862073389065480966307851774872024180273691092586599711, 67061143873944913609370731796775174360918844426666683836958026494228324197423
20905096303764381456963881106649507434598744123416688747331842753516722709044, 53116898985368598525510845492030992285276424568837317796613024075076406061423
50409109048247621987068628432992688265530674768790377609669962965358174281931, 4178393166564862217132634035903805322397517442273636697785369674168332934089
4706433320145594671713365030652096738423567500434806207657411802537265243904, 28975859216513044697931114443460672709707732142942496267492944638938013001002
4210331473219882026039206983200190878201484012728014564009656326472513675970, 43744581026542962582973344603741242761975848566325718907196933267902534413426
31859318193930648744689755947721059471873311958354135126122234502583040208855, 55366941086466980225448396712094395825571267711761970370017828265496656232022
76331487157388163554369979509440987493182523035968477860012299119005540288952, 60686588591780934033478877896854221472370708056749005904081571316152756397954
51939493484473149681536073912332013796137773275997571030873501058446665359177, 26712887913959033031193595435689944359498609370564784518524058203739357609746
62952340827531242216966297020477564290139870127790379559983010835245691313625, 56515518975626408952230163200416421155217497493879421693513399116480852092502
26653537980165138485971862922202069828435783525386756322050372129690396039219, 7833750685666835180775389007054598913050457205164167579224205493078711613524
48200024211124559518122590108090235845938387019401310051919678271689117156449, 21191296647002261271336564974653969390049087097297828981330164598957584552747
9515953698861046034590614521038459190156609321343966875199275400410146000668, 44527410141842009355662543036066508778415061158044617576275631042644288589709
27243761673988974846485279808870330739916745439545081211524481644924728559026, 14086193916034615963726597608084726393420033637558652499562260460944454567606
53395125811372214489934351978031094457231298879881465550924347457321076739039, 76272506769203086981272889682998335786127449189560751518287998608883527884732
58472684717430487366135126233484650125431632480661015791076264641227133711757, 95959553402256384864846614059315124051567546717780459537240262935335621581
68506713663711332985665487728515359158433585738185308443346708399032352524927, 44278208053993295426569865765685894885982732939607003498213710138646816044084
24383885814106533512124163624795312625829427358037808309335524294613444167295, 15811579780617290286516899747513464068011945366718644542237846265202855110970
6638643099545892799894518503038537890173399098245300058502814753504493136059, 72978614544047456209828253311094893731765546469522981213177578778600699510857
29416544862890028103945353129421293549231823415090703393671405358183613611756, 9822944647918803990063013072589510128735073094983204954627698452629031520012
34810146229571270987403728240983606692458423999909941144987846537693650327816, 35044773950191161335985972910151131499200252205728201756794187018333813969476
14588592757078892728085998944227772579973821052921839631166280697092010107259, 62873092075708585319752109474432781709081439778206666303277787171412382892242
59822037850319560702325724757922618308828100040734550592391708106389145788935, 23717746328049895514438549727869568558633238590707179054906154166766377643649
32901539800147306887234003727816360648729982035383507053682233165190628288718, 67923063286635997819027067378519179753964398614801591046653456608617399414071
4621992477745346139633271071996092515894940478792247791616535449112120704749, 31411915825281085026182150310995414662460081616393633491840160302064568429936
75924717801338081883799109785648066125748667242217781185257243157226679019305, 3418097575961646199578282766793188830534225236106825625297649814970099560288
38593264165363195136720014991317576678229640732761211335811207977561856765863, 46169611728460725108316990834928391386659386206964567556708063965221825124731
36224373409051458153893896143765224461125561511977171080176780152703071148501, 30599468262339965634614303082371369648920763003151977731520035430646139897789
73933590760522614962592323069762297008047447559694167562529240887022252594565, 1108214041421295240576857858926306678845436547672951790048702776712458764922
39865460748408648714185180671729233163620895682912658855074613387401518137087, 66814085539994821969331789252820786976478911409514937435809492043835845394289
67940591431741115690059274401720080088954917391033266402465754188407994864925, 55700718774795997231377532956827733379760536933480330809100999920103289541696
25766445863207569348757984036558611043682855170685102565168554987157074427067, 66525951992629346665652356398567889282320776845610000260310012173781540430721
19665984476115993160367040248857405532201497122158183305749649964461676175286, 23077370493196184402608514507493793032277476147858444375855237911552202102662
22881320449438249569104830206450989616134930557846098624478272183382549239564, 258774471014399416153419879708809925797451785947275964840367268101308139478
37261218515949329960037584993790346003869661537227554955316939519653584458077, 52656931520915153251525913272293956427422490076522479555837547841285238513963
38502988686466236890191999074548989176258874621985471230664189669785076685405, 71425270104962968757626837500371168520546666065375526388817932485650517540203
22617219187756054357467264920738868442499054102442930687620230797301327756356, 32663294257117674030147701210667766476201000512485381471327163071498722776691
6661391664499823661680778588728708151179199433677368559466647172285443848914, 22974380298972140278530901691477478355694689395316846633629990558424183183679
54011492411425786288638301979495973654274468395965939243327835836907929779907, 32133336075217986259416629259259617248578934178168561388140210460612019597558
68918710900355918713327425560169980648405554115284632755509811749143985194303, 66579851298642463059750714918324571020222048084873435970753077132667575100080
67868223672134832148499589498205032653289680725243132654206229665241398305019, 60255909089101731085208800898564878222911583075392723900979612098794644616151
69976585055182403483289807158000761060520899430198941721423224621361074122844, 8805945068064076540266472695906713622103750516821010659757941909510732918495
16735647006462001794353637925292760734539271602949380347362811513555788279267, 35570457475155330868284574790535673565422188483338897978503833501720389872646
65423898961805308743096929569563108264596166847538797186854774110378284693494, 70774656686763161425190440015913672739488044909244162040006456900899811174289
29989732761150870002891487645233864445758675933332772333504406975653797416312, 11544549114026532199595339368424644554953824911246088974207747635930462381257
69778569915117819704047610558652192617160077912736563949853996578404167424160, 29099542510821813524979032182173242479100211996181039420368550525499978462319
