Elliptic Curve: brainpoolP256r1
Field Prime: 76884956397045344220809746629001649093037950200943055203735601445031516197751
Base Point: (63243729749562333355292243550312970334778175571054726587095381623627144114786, 38218615093753523893122277964030810387585405539772602581557831887485717997975)
Polynomial Degree: 7
Polynomial Coefficients: [55, 26, 36, 62, 21, 33, 24, 53]
Public Key: (59583175257091734394754264874774852825714108312643990319540425041866236989286, 67237908235261380743302108293578188358023792532415185673651371960540575116319)
26749885140244093823000687843425549287727856235120989999823887227188969397377, 16364820444466306559324679785685181034513815071212901749946739824413988626292
19473078555382934230905729129777289334813187735383907721498996539691188257441, 49293946645857122238012266150723504211748677052551524701859845525775087780140
30500948116304881542861356475005631117042487010057269704977301489253254008727, 43242792052618143449446547523214883008940476377312608267636528145747912920911
69221626428151571079469561165957715030365201387199748003018087787806817175303, 30339183446509454625915851310091336728774047885608593170907196237138681969991
69633909248446963853006313416456112056310483832458049169188633602882092989240, 20541180831370899758399568647899363880037623529565340181992262412731119644191
15783266478820173566027208015414005757758100249366905069219005395996296388284, 19015284042230538485214418417273697396521490093887012921442036550357491410473
10385669136897986770019893479077283545268542333810490197523944962995658370942, 30462039588287683277899183437201122642101524460846222288322408350327720619535
69400738877162760046591742792295343177168362918873877060912104095728592298792, 32495060374226452741427018332967028560703766061225010726503721677013664110115
19587294750253640140525660671828974717188818328491568417876525512425456505952, 16203991687451155191988974516810200706780728674994136462559452517814254201260
64019927052989950113394450754708134929396306161787938746170360137869771793098, 34162718250159711718995660885381483003021751707009719003057789024790017664186
31738539511543671165044491514738710136022436521850583399256393437276730822252, 1212905059812153689018270703414441871621717988564058722419771870315687435743
45689796839851232890548811900987154765943764966554692659229857657857893045843, 65251999157444232467584585018449984814711939852176781368728388417451250390575
34215463073206571345377697312641666393134186378690515381905489066657358129295, 48517400102855876419401525552469798264577073682820829031527593506244828908196
35926150467422097130125856561037225357697339913377974466713811137160484924109, 38489333627951043599198999664320629234774950442256060463543934720376936092411
67272701531935097874135986192221028970630957647515682091856907084091099705141, 71880777126288488655839149543293368754866059071467291406487043955654585095443
47334169609366170980137234989901217199089732037738115489326831386504178600834, 49446700263612975724542858648279640247818610828904655618729832350133827061308
40035341211930196767640640741060941670656771964987875146233575491041050951338, 50631827572888225464035653775573516911470240477783005940548499096520861088133
35428159148183160749024693917119434058047375603030299047789902137777104056878, 34801029706211027661551683191233087663916320381971617039461595542438487853163
34690220938800028375328509121743483068054656924856681685068717148906533745669, 8440186577279639673047813453918539991347440869606252645029274115058617700872
30902979955445989978485337299412859573271658519633995176659763525487446548669, 33281714345784876303701129017174391845366460578241847677676853498764194482960
6037189707729926616575327190299873279915155659106458755968241334625676774854, 49846091904626177312064992326469994940813170010494063217163889970142529687312
61261691118220308218260296096684553220230737890840917180592801234563209457290, 68434981351797141856507891540987519687717073454733259178380263913504608444295
12647855385470582493050713880195418580802864034617251810929374659117414114294, 64822326671657731755302006125844658509120141804737746029492434076589145673057
70876688399646742996026107569169145408904169748139726490689296197726293610498, 21765022220051061413354978681629841213619506311965359664383283191947142689717
33107249153946312508890092490536265528793658830641489568577917777534227662701, 56443213438892132889535698084073577424580452847251356573704387247002623540554
50029966480636603178984588185241543378545118912002616810891877757081842102531, 22791644554165316704031667554362145383805723075500700286773646780726223419728
2068898051856019367107466800527159771416826237960052089577052593201452686531, 46922829225449532541985361686563305328126736907689437493619360078231592404328
60757706558396271786071297092744231607804914055718422081934456521848288570392, 23512995832993103598266774799636347251457165250839038616528411604422026241372
20291236971118705132583688132638094447516343231494262650680247166515313418583, 40721263605460896678234351210228891431175767235545609821369470196705138441560
7435552835205002002486092337050308980845059109150694781233571535856023520616, 63541940009655131065539183362052537128915847856998712234593821061925428686036
63680816573036843363780442672967947925478624476353208297650702614731284059051, 20368192640132561866126439897908415816164571772084484009182859803769658694840
44876711721675768382659240608040123993953734905787003068233235611807650336551, 51691898568929909133693753729882689447834999998119858111953688976957711650857
72092611717636845210418607707534219941770833562729161090067988744366587018658, 2944716515669983773478182515349419897966177121203403016829478107193099333880
13041452740206963175189884319074235470425006652518895990195891216768152051268, 33369273838865357350553301202179089028773198465815884820935540096567494190790
50440974320203782224522231663758026633291629965952558381510852345592899993946, 73989088260013352513359657786972151406667241019820291209943266027040375380582
60580187142496910914771792161880501969361821591676308936130993539213247510184, 7624740197758320151084370359732213537461095541260586976636453858978990458583
76318044482642678556032955345974216568842982806772346359605176269801586809695, 63662863264363086319278265126551265549883652853337289413031620357458138745795
43450900664946171110648843468848692458470338691169204348769206420760362632085, 2206222539490710347819103278937113981680791875638296047178662560880289955714
37473826857313622325141815021025177849115701480826546966013314713053365286502, 12614599478747940900551617942161071436194862611912032800612197412391729281768
23230818680905035882521504101326516898535534726642882034089868023722010498276, 29680114124267096202057836318021409771348247402794548271405354391931971628171
28990154934959391433251561239971242903516392196716453608913276667931908139137, 65398978363074420479504514993680324242768362658875098535536415840219216333732
32138070166743473914740028186091543253889510473676386568524228520965032111053, 38907130742122303481368279690509422477480942408800220659987831894643398501241
73011787741271537903615317023440985898190973402324970881089632845340306487070, 55554052201031602592571147496325070509863353539028067313706054862761504085997
60346145743399336658213398523134755395744395322951079582237985043555933781872, 49306851415050707689859005704124822353830703890617768596247848411163026430925
56859847698340216466949932249026812786282094239974304470821934163263374689889, 29646755170586659065459231701901285241166927191974456698937844781154549630124
42790222746471617218064036994918489641996717843400633469276103377977406664322, 47993293980765362690911252443541959742718995863215421913848704930548856650247
59306874559709884504340472212490281803620061849999799185894171055496418503973, 21010737743271170361572602146047093747299759065254898058939087424931288465789
27634459097268516639903207487656818422856540000625860107182732126397288838692, 63716242094506400282237789995129514111353661510703758918942972034363229430928
23194529406666998625232728587758757610298739140382512258208892429047026152406, 33700672776900551037071438649120995413961056518929240564888191524756411070204
1799058937551395412904107003034814340172057792695079121305525165922921593761, 25836434693094872337437103829701041520073345694865878646121963263735710951422
59288001420175674590947446383495048429054545872688246387817365756381650819666, 40070482467279819041047460003932600765334363276847725117509383880404496640646
5323737471690907154691730114937445406298715924881040579522283337939223383295, 8618029376400102152937011561263249189076536568602190399465644153611176957254
17308228516980152526956475254620863858864073259224133648850421686954536047474, 21504005126342480337990339979667862758733360652185992352153798922487512621332
27995130793904387799262959060396937886867654612581847550640876155992599596355, 3686103954551037509662623224150615970635169699010330242111299284864954072624
34833510975851928361356085270901591370565611980524978664859764801512680541861, 34757954038713766567889546852660389610660127197427504589817658652462989423835
21154289686566465395782538033901419817802726051098363644123574069199427399310, 15814158103153567701743639052565262610082758154181423168657870498095831200263
3444169646923330367662733428670445316851917360761934666724992671332409629574, 34380541636199395231351452635687791293438018679607163812433196024249910143134
19809177613729133298807644969570696333170864894598894218821897365434208401295, 43354880207226007991413131501533524631656572333643033990705151463100778072742
61777288069917204399132862600315614448225648824783327252822068267715742800730, 75964376113864358540755259941517169628006367828012752129201102083443077258092
44982444109309418617864297301399875773349320793134129327394543610387107509642, 71412550264566635404581887443819229759587373812262039666669880262858636264395
20676865728842763010455157799826132541033991341252644596759666712700408453531, 75313120742135878066391627972152707062407340793655824440969235647377674729191
53308687988049654793864518119949852792282441122557837984959964467150774842274, 68703088552023235270399349874439996141500552886686972034347733378744331339881
2223103910731575771715667293408210339001601667230303157308566159837965750711, 50224698649772000580124785821918209317560453982342259351430675058539974516212
58038398610978952533222852451251743529625641693724435740834989674295150008986, 49153454839711371391189035934095915847826230690797679121277414280530422786325
26220879722810174040141667714627433391242680593238778915241974135896076184357, 47399960256505306694004804914735871701683943817968517123986592567962618475844
60953743019522449612791926458972584068986185914765092048783206905004782549273, 66692882577446318291253171928707492799943799873395976624799830146315376943427
2366973035898351707719517024610890485313945053102047534522123494890091473809, 9142837106841961334504081250751322029368244152790187551016673816605337307903
8875236290403287996565865878519990108909413063500862321053111181240464416478, 8737613427729881795779302694269899836890916845649894651959170870593356376289
58508391609195033661093132065602596215107098878791929365096172022283387843041, 29225456852066337024833149414289286784764731608727852816257192762410891590172
62827005302278937244172383071886653425680630107259461409674164980463753859677, 19547509652416798384724038576446981714672815966405262033251573574037646110080
25875241798011420357540110970022604427675072777590344496413510270938149800537, 38226578106726077021234654071560718290550230341931469395482232067512029799960
76267511032500696933679354017861253645179461542056290733547418823740859529465, 76211229190444818245332012703069034271792028142524320272457371772555641358689
70126721799800871247930445320331591910126406989412399636310385691024461291711, 56993640298280122964267759964535225496136938936754383931332097939201361666780
33205631328930692249460086238136932838262068422922570188609744083884584521238, 65830982277840999348390721427767269383469531512947317973470511273822508007282
51953704406984370922864373387832683655500172668704692177404065806242935168839, 50326515946769227928225168030995457125425634501727128711743472288191054639544
11794707632780246450737721546851313527993435139769131832630236063393028444833, 61348894336928073386375016625571150222266175342504097481575164891662917397933
65291406564047801969447654211561103346437317343828769922769716576418773139782, 46518467424462932513660995254640339573303546787748483466096134967149931030361
70400158238893635507670102822006168376449067094363893364735388950861642608009, 72614871951998139392147030283698627193880644962858901143114917725604519297877
58487604619986010580946983883823928900727713607699829926404379223107282382802, 6337384153710254597264869471085493918968600888070083482146352146478657975863
53961739232606523975134291220620214579066476506771272850565366842403224769669, 25743079756948193146919393156515675636995409862527960092054180409198230927423
2910656908455916040407314642658849645801343471867727513206904595524074798941, 65927831597076988048459301447362963590140025672528013585435599317490031495044
51431510357140669063376854907416988611609447160389027948262001181888433056162, 69082579651163360991015995227522411970018531658473521285773882439556113604928
51605029596938717322673669679132969107972141065180621632758359218018614257226, 2121350425650457683423479930771066821971704280539430516097149801846665244455
18294992911790681749965517377841317742604766585802572660722534531915261714478, 27350184213627194126219135522112957523755130645634960849193478060742985488836
32432056129273038271458782698538906818604711059223061157207473616185119766799, 54185533740646666626130462915490135705672716733935438264734270135321734722975
14291040219152486132990040242051652706168877096163216471665723780989705686245, 3659848772460874767434887519641618860196656848371275233290134700146826891464
507916939934741946101283686601027490451383756420075725297259045420854447602, 35879199716502986064714502076203563997337098551217554171407610449214676157993
8630373472226988005017038286994314625323528162423755448918531527299751260826, 38501255780181810757828403608168684544002147156070369849806625713927151340819
12275186494190206108634157704951729791704076010765939851513343211999852053216, 51563627495406472034430886241319223332709386946385438665968324198408473069874
66201300341956629250144016470027097010310116502619613444783002257202874028657, 7877390179292859920094088534230390973745660014645663137971451717435320291319
26738926431064275113514563034123469670220716174491811616960569920597746500848, 46681954206464699319471480499736615451883603637325654797711340398976276878971
59187221046236278505317346943514031624106392058864108664353113678690352259246, 51917091914964317311343311845301925496198421677830307811750848291898073249761
71939030893335015891173481343860100401948426046618251474716686431746141121817, 51815028607257269880369219280479049929946606827204083160363396861149192657285
8949164115170516085225393311474799278222691717368275304107057176170377782006, 40171273403761637210244477628014068599487842792283687747954532973299413829455
1637899893456033075200460420928371775808848616358012398557951635433138901810, 62945844852977439541597176879948050605180024023864616438528453814274279109376
25610557434107213195060333199266847243603069664235944056084488867724519080701, 71621515111795130821622452709403234679425013899166715786434361880259054421780
51545724396015639765166765228359362772557738794970132763204728412320535667358, 37820737990000581581497375781546045580949177494984196629823532981049444223022
7745169176806804369428140548408975769760721515463382131475450471100382904743, 15105014329546821272469266924059532835242812883591263035810840719552116830032
53236124120818164032716389018671486261079726219624557438959007203697214863075, 46812842737770201431239971238795644799405409894599006732389250885061023886856
6198480773676148490609769330529617299874774643756545903628019278513716371269, 75869809345808437202287727748524058227753528418346775935192846940262328333025
21182978838564356852867141796722542061955828965998221778539435441131044139116, 11673741075196818282647159840302204722981327436232845278438867631937911216148
56577076346455561478423040831495368972564310145004943069704543163951125557667, 59324105490855958537944548451794342281215923967032284785658018010918689149386
64655496454613833723688103408365316095902120179336279429901287292602277541906, 594260219404853089775820512730962429079596692257877059507847011808484961268
25370489543932257221662720836109645235635055782746335761829273102646950564536, 35851383218772383867639867290575092803557171452929154446750093723522891237596
40963262056613328330988029676176522731536388617328848147734201068932491510321, 49377484224187887120351292938227008034720971784934308507437340777649249013757
40712969414610016205047180185709637125823175383600242462609888422613054025891, 68666481246517413076926944215788933191666468342335888246868251317524711953515
41439089260505946457410442800414606637754936382609968409392867752082775047297, 35587494589615817019006253038864873473393294087495484214096217758904664156293
5586445746640770490407927473099266313090045644424879611943832271097417094292, 71804369069541850183390277605155459145896258533767933900653118967305277441508
11960180911501188890956831516582072835670049651321371585517645514023737182777, 68853632185606247153220773620553492685774874383477541282725976509205538034445
6251311497066936358634435623113982458738778415742988060785890871736497550284, 60839613439534354750525324236789184643486866011924018715196675681625418112893
40260201436452464518918897449405914385677448394883255199010413280997836604958, 13444903420515895807677402177048688355322716504001823907130183980991296970677
52261454718330220578513031375295136734884510368671308946102455877898055436496, 26674079278463676671463225682579163209525840204737540162377300636285148643653
69035482451227895002144518178194344846945930151521314931699490464362328881390, 65687450212781553928257788468590000332103349330881438955326426868620596394681
17108538549262812327092729041768671609069948131756847850671070845953542430304, 53433698314009192171568908696123897479331697292897517664558293435113930495261
32351978016921130745683608122151469753490331436406936436994795398187295809673, 67839479262547056514174963024500941310614191014222712926809946971804264242083
35176348013060809407623950061432538742204817583503950007047426597393952389367, 48921094564088293451830280382636683567265775158523058575991831168601101001920
62519504751814147416339120182761598969241957684336424859900460639386650649549, 61571719554573453882966369956249824558225121959113565489406081321533736843537
43014012536795003688396943223225589504305804535233890594897196348932734257351, 37520717200112962919071844515864284322322427650472224551292075446962847457967
15552033758240458423272278547139636302904861355315220202819846079216331285172, 32962529966673574524337017085123881348649441731629721355825383190191108423385
23972534331560538695348623538878810089602289822004900743159860439776269010692, 3037051272881099435597586190856835270469387116869763617857194038516573506006
8681355681965515924012398524929783924970974671546882754090168069987175691058, 5898105332318958431913345418570955404580117345194115126973621529812300711648
57838394256089734925195975703994685418554530912166994601073151782178275186604, 15541528607094616112108996668838175936256945604017953281032213299474687933977
34762208175549374591371471483074708453610858512997700566583651366472429019802, 24137104630478086283421147167278309465055913067764524079181789436721438621454
12667945543838103106195717579781768385343440395899709607950015798258161894291, 37981866820333614130843720454439266933432630239669204449203539133549076349763
76451681930419447598149233027688487833324874104689601944026502314069474065290, 21894756586274106527443288749745033603680884794259786349926743218133307659061
56163585122576346151713682078869965056311447643845214560441947359351748319061, 16249052245825956322893942933380194012145770457352147476624297552224207155679
23931236361959767849844596132539038940069317522789413256638081626765459401599, 30631860814829231717544584697542617475834150407288127929352551825730499373978
20698039788723927558529964334602643190643741044763474595915157623256715812515, 62239197367348615791719284297827455256453824053631524040680513687069532452568
45562615271996729375407548776141850427909326779589221880308869900405415551521, 950934747169690232215100096350121193835162806946790279564093441592584668631
18256409080544555023826127900641323714083123651686028528860399961081119481676, 49046366785691044139354431149050357017884078619624141872805440275812189891234
9332214311302596994100700167985913635917370377350943846094218818568772408794, 43672484709530031655964387408177149757924079076356513857318557356330596512333
31238279454353706772384230966295893756452744692959903744112439873397565541975, 48224577277823949060728837135474848635650960927227390807576144046225244045712
74915633590208368216744807770232143132045202820105904999995257049341615819832, 75304644814919337171990939006550659423066381858182369306948485583013403974117
46205631337037886579615023387409688190784836651214148187026006924979504406531, 72379040021459169077490004705800756858365407781035248588580118992619826052284
23903500384349845891486363270402713278745528747519634005849642023845225743811, 30162721666407252952534116109088228571720615803380146270613830787177010942247
37329920410000993449245096219701974395680582221405140080009480699326463696718, 68179897191115128062172563744444168870987841888630291524597836436461719913947
12162396268781943429767917428067346488099828548291089908388918103941793857343, 42961711619547472690389204191289595294279683673121981445289673600365710257252
11172518661290037260596659131955397167740269031063742706791040892157390448137, 45490672964189745348245807839437186427214494754551272670667271308051710193593
33699424958648750386750160247607391118173456542268767177012707639501544657491, 42406402648269410241099828550545344912100070955637516344776119400443535796184
72418727260265425143650472287987248561692773858946019837675169208278292155618, 63242559456172183177929795484059928723019350608362300505807774963972346527276
10862856961933419833932166175788044094069284578674681077156862212494200472827, 6310601202566016155103056013996599911370680575390643632974740398312536772223
43647134911966710369505873128550587108645235939540718809643287834521952683005, 66290112948332769365046493767932051884527897382211426617635046619752064739115
57012586388770446066637567207186648102891247495371893031169812794057773670451, 926132244976580999126104808044819357999775437080944986712881857651377955026
43236800775907390314324874641313537086928851733763761525199231857834081581338, 50368182958054838738469259831400537020648103531242700694828697881105603216082
29606208811560601510762071370767441070165080558601876291966608624338065092741, 74973179387765544158533999765889962840363989754978950995710746434491622292107
23055123107516183454616279386223544173385785522128411138062589394516969534615, 68358698348261677054644061798972965487158522051387296973724028920619976085215
36813249345327460792378759423005728880454905518168831836802740326994233153259, 63332588986571437919650535494798008857615316185638578823012101769848604012497
29072104951740777343953357631733395263908188059730625271290968029921404872298, 16555169159245590690307791161261890556068875798494526627631598964908777258918
1821340074626107515899829313800400604365348317273674420372364332235438183056, 11295631220272139272093399448159288452943677824496236374593833902268619705101
15867479183955760096724197493424851941952192733411228930912739129435253659969, 32612250895510634485367249091303120059728528649739137167829986433861220491551
1781406183974265380977555307417464356682933677097326294529080743705525951706, 58457020196882091860736126739445135372709415746496852546815619361472442606687
7280259408632337951256211675363186068690803905265502461788666699613614243081, 48221582916526303745736368695756733734975014043733139040773206246676618639158
55650500274091860608082931011998527109384791281947710455236437956270667798367, 24836453547636481340080911765302470327643720235038679438361509333032357506752
9875910875010035302737769617018962944791510889828504337149230515452079492384, 15042249994390074920501738463233938043545121761339495625303020907589214334916
49807292275591657416575758118219102525821207954943814220142534796743596048609, 76237197730428627761135267658278109540556098007338452865000930865071847390417
27911960325500150170353945900398152167380640796266544456851979123743470340072, 49385810539972090164100871587056897720900883233462388938934735537735473028774
61178264262030913478147979698557504571709759423941320379551080256348283288646, 61482683215461635299421191924412768474010945562163881564220541115207872883872
51340320985876974620849046135161043656601921836243432996365524248899473356212, 13320886089756868192283186056194764024346867159662605801833388694485769214600
52003489057299234194631742079548526571285754988379346334116614985789660683373, 20634997320917788730210826589031653785611688834970439689553219106063958733276
64081244828509647466204077569483092657144423075175382984467012924909271530768, 55615079096864116223189634855400488143243022725126195503573966445802885513834
46416297684924860341190075330730904533239995834373546492810567462252960482629, 52507113123941526032658480377026260427783483369853471812223525352337948810531
54405948832447765783969984554548763472933089150330199160569773491365343984370, 21102616942574036255075582408073126457259188370061850917172286160606113172818
40635326068398232174285993300580922948265549367590333275010350415383167503690, 5523563788238537767556165960478646433043772240038631092099737967367611886345
50456874158604220434357682858360018233213326760808098423318504521386798322633, 24526116288639161855712286442425988093329981890661349641708870456399462152634
17116506274512409619120182954727060088559573413623339176659751733688046573194, 55547085275980470014373182574677637911509693619760124559926579655038056022213
21686717946011646005271120223168308837022791909047129126730601578746992449619, 6122911104479802431183281182684350830446473930349901572528678757220548977667
33807987149160534739126608618243651505953979195089043939552344567178657120009, 11978724756215517071800000616114572824393572814110822602487818889358166613463
59395279495355258043492870071532234011880968850678014692523420771694593875926, 42644578663691683563752054095600306025751619533402010678209791524380782899042
17886855161118774419597692144037709224865030788878272439830351700937298643256, 69773622108298966081563602855249243986158464374690678152164700204110148788532
74937138755272503496632157078204428452758756063235565458558240302915333896900, 38511714712057133116395595265249537667988752050435980903120208947068398533932
37338536150574906887534118551759838873494781201334855614180761968633055777175, 20600908720840220641129000525797473238834660826474178218656273718138242153527
18475684531240006285472597803324382521115405243312418120132941874643160075925, 38781029770314271359662321594979206052886106912010619113248292778512920361308
6074791435246075438406513999294889722180205895421158340847286864830188547602, 35638537856101277119822970829308101329398446052124489119889808840731176302344
72312647657639114149959223777356445506486496050538535918343168986521682758605, 22687676801873339449915701285771347839034909996999505908777677385136469681296
34135173815595919770037267313270025227515522192435645205032967961744587688638, 44506671438273725350484952795966274961833428355741680120845194688783653483454
59707054757884930342516825540847503664681604428364958768317940447917770566647, 59323277263475109988204308779495833270606673796405521338366272449166838477439
71462363701374186496740776559129270459822935808274143522948472202060430836496, 34632998938640885009667521984492076906861367414905780227421703944127547472993
63920558110452684081442041425695894851933047818449800286974183179049235933851, 29386136348623376166494160324239627010181751606651564049713991713621819480548
63459052379241094361126977834780900233611531960099589885819545020245539707220, 10149063372531275765093336655151637817669212517299490529299697173184390748762
63993314831381009356722562134240461237184304029737119027374583833353199211152, 30716426918495569684178234242561894195556659010865969663861201793384294104468
45009636608845969672510548359461645163954139728489955039228522748747451423391, 7431208616098583261829880285954032141458990821533681224078837485105830628990
59460898077722291305971931802229281917257378400675169834222933167166323603356, 11830017973427699788523294595159945088983210137675232618161168394672910750109
18678316273798446081637408921148680592878786509106764791096151699897381227372, 48119692136265443085017532026904483670055185531332823002813947512962541633907
68080284549548504876077366400859248695131833314833129353565267018449386887231, 57724689241556559920767644398639701120223637228094337731683415876636917249166
61764408056314314290059375499408910622934143126823685259281604756791551665317, 59981831539669507684587333742390666273199697250141314765679889801900561743074
43405121021440690786113802946692358679120921502106044097312154974486931642086, 41189624540223202486359883625169971403369110730073890862169506371612969740109
63099128589005155912836448986679396446897228772568366762162708598748932054756, 7785736106918690312890424345774731471164888988950298879036512398646075445171
12160206363544440049414596573140718140019105460833597012098874526658734348967, 17760613449636179813821681181024275562879254704284420929830258898889338057332
14969773863343229528974139819481662510829706637359503391033107655842312401591, 22783842321257595005430324530253559550374645942657959698356964631263601841265
16594331486677451543559341181385698931422558530897114385063313804137618781067, 69114553092063860732778089815923779684752481270746903785572874704501257571624
58895147337799817733474033890984829676357562764625654246427596302305383232884, 15101867968101392345538866945118262631613619277239708802501621838043638094674
14924927975773764938826031845266390019538517649726801287436538249419915112553, 73178774846901248952388426305860147330913661431909994368576224089338679796447
47104822864685886061737641170407876520998218818939389978005196770347311838714, 48780056767319392808923854657041888183225329012192404888271208963058839716358
23629251973981448251669416129387960404931923505780115633823835218191809378764, 59922746325767648989406156788876455734425700685747732316282640849487769646870
52392353567174121405746504657476936631081931601583088637529539012848828374956, 22517002483408011581517765432349874714876189195404238921672958602311775059201
76405238911855150608798895749549716071070288001260421509981890621684060524786, 11621023528254495415485611524988957931599684206063620502604373997700117498079
1308819869920701082584063060685986351271742361021441568905820991816096839042, 13940463408651347673423582786001206561365469330241956170707787981755129231950
55682563810770601815550443205785991678170886215462108977573208029189655509444, 51395163176761443334557745328165163991794630432779382383061114720977901808648
11644186826044113748323542247815622783340596134198173837821390173846796412246, 24797682316356763731708199367531326405846829707834176847086358487517355257741
58456554604778521669319610882831978241549668873670356260605566896500073764972, 14772194655645022037695951698750871253147376735318856940120440246813027329914
1135947875059974733609324657633052363628353750655371952298898044696091010706, 11829495980716014211910487576796204893082718752749309424041840958525341877185
67126434105062824508519274262051142227435790265310345091776481543072522075129, 6425062282621156201702789682776494947198599494405501706237817907943076655338
18305103789102823470803032481607471609345525448248172484357062787619087177218, 65628262196941858904446231221009436892247441770093993311853496651750357222532
46872925360535892195253810110656059297022269736902104536151253735274297969253, 42883956299924612377687984620403919035792018520173618963307447003810195797647
22441468693620200015992682691415374185578189007783601238592856093004171558796, 67756918575169318271514468108987404857351176080263796303751676765633669228776
22783355667626082188790494614118124706270200981685353627293270717338669208077, 72487119688094544376708308118271066503193487036030319674133118298210965328436
27512513264352094647964146843383322241269454250331880903951739755436477270543, 54686689897608175238919830211324201480794103202281392338721804477007768169254
569024955804689263598297676999283897151370036624297069997201338203129640047, 11529315746805674913798988384682072506068856323661078759550852514683117468442
2964746667460044470846078665448481159545127206375688301488802969833215356220, 57347107416325145950438389685267733475655722556791946953610645216516190699732
3047825734357301745323659941570671921011062544150451759752704701539140576095, 61875556746896118886604162373307931055452424364053291682613815644630211130757
60807395183147886028068951661409182406658001116588936362286780004619300129292, 1480152644228073794122697787641728332367237878702302165742781017987398082375
43042280288330882861093807406998553617104883451588399988472878337643846578105, 51439854170315668155612996738053262918263628035914092134112211594090098700881
56295745838905898552406809345873378962771474705003532473028448980079926134693, 48958024167407492912197379661895712705323405451250403756175106737157594320235
5151539504786902613653538593444650892145913546356965582353484450575914046966, 61505038013650971202653485536278127667102827502358014607366232994945123193177
11634410543939720134696067338080742146322140239288772785246708524994730469500, 42338833854609714075093264407365787946896705155838239939486001538222560756601
41480460690220132816498846858308660831642665170097209526073606096384281976672, 56119045441013017257228671196918968472834673344180512633363914052081332021772
76645716284102462205675292257495714979853557126462490095751649533281842751406, 70196859111083259163730760389724624292609757098646970941607661633300234047553
62751084206375035120944465249689058750458219862343261094299416543656560231956, 15667323764936906791460000380891870376158045862396187864425216902858376147215
25991400545357755939330163182955176699065234721714195333761256929680105354743, 6319281909422420662987456014279343183747664953592926340646849049381336932745
8301216184388753599903159829449713972593877750132014797861231869189235533346, 27940197111297902775620650995666794406390852335936696606807489978247201688052
30977968404100768511301221388793551868913558280404833510905785556208444286377, 40010605049787513359808498706606359300115179349790371643100394949497131233195
29439755166465987901513891595359297313164791235635278910791498076682220243065, 39570157395228714157761912443928717925777722551107890774110690302914420842907
65788628543586536667200920903639007421387969072921618535079697801970599666225, 63696609415389430461150891591003983397318879781881865893514405493928058288293
36360437095310934038770768658978814486302815678925250936001520517355252800681, 67242080949965044498293722895351405748963169997403948832752391636907376813801
15475548067457705347386488972596702525206825410663062556926875007680786519425, 43322468416032649757746592233410953409089865970671207816808733701492708982796
33395153278271183838334116941824562721268382877433270042172098720943108474881, 35467359815546896482698275947543480312318704982074974727727255549604950030087
33954421702341624400805716383787656352079220215767461369948230500880794690046, 12730538047880732479918448172042715691819957751574828521246890399042761993147
49171669877340029397341635143717123662895017599843990182843690573515196044059, 31249365143525504075188543022719337730030775784439329206178570071879697243916
60909339849578412327531627936487664170641184467224193812520834419497648181541, 7658054957040746669908467220124543472641974862967393449796012366612142766553
56501499958851270675487736344418352467121606847398038662053927049288634760604, 6554604598553567702100855351289708130308225162974411005866783229145544827613
65639140040443465554227851347225386091211753043183204388413691891095322811877, 26371412645327086643784084655037128291261151573692517391410986249709998413933
62623777333273986579550595125314047630768560568641864915361459401177761773651, 75320322966787490443550408354396097641475733981570498435309169338570699161394
19927879339432461546850433681742353410446951925537520187616257765447774117050, 64638799384588319799512027085107141203362646548325612048450330462686388501684
24292285645490763776584136131273906687638770343609061799794034331663667538328, 2620878292281158114234089396885081855563582788191666122442224145760336878119
1354309757586177766344349067461361569684023249264670903740105502491557678378, 71575558561174671327324767575436951376755135338816752970098369673720103527788
48495678219112143466313196268060381723845944937726924083066248072522607694884, 13586707119900419169905702604058796309914855075136125657913833671752112212786
41663758246617982502880530514322936786680212609917818692542232225399255726418, 45312012279469997427890132312701033298334539527071337266541737282139168689456
58182003432426154700192212219361709409254936561540593522010972756865263805187, 55907277170375421212406013999842638590797004001368335882008285083222264996531
3769011466003038382650110380616510969133423415120449592077396429707806888062, 37615534307345179118953955919561442642782688446997717385594107438848616663570
75796983190989449052083981002292077882253331940795341234573138357542845879295, 16872493207606829940025856995537728423199214743908523683006992538561470869204
27313979018258157533135599635641499568516717337870643048366998382042565378225, 49839106095311465518345664797344264036708932278096692542970909207930951637274
60234205574586647491635512888459184622060698113071255987478701694260090336788, 52890510382277706038523399827518244961616766005256139566856043553922006809734
41818715863999024875177086443607803545951135499247623266855740722273911113232, 57063294214881462775225963627304262696253611081767319366816456354528597125347
30322755628751875118671167578933212151295221770663808514964731927490159279886, 53607996909866225084721159616940600242695820251230381899493216753697548872238
13451456293343751283035860677092980100207714674817924746587429828117313830332, 62569115101178265811933214797659332782758204420458000230573518793538400043240
6092589056344510152282469202702205769084458642617151416290582271792467228744, 72647867656040008114908358644860382225689188764353375766970422990240836299485
29487781953809386727682953878619706204263050788527464041904496723517012171381, 73877997600105116974098192005070943394654332876062267220188125541690589163707
69708130941366977029100559820037655645976318838074663839629625860293047598835, 67527465694477481735032613075139634924299114513858069418347887402092638880912
18124266159957337313041323677636980529357374924407207796760825944366598085315, 45607171461580372762916278715498324602095611271835084158279741659902003736537
30713102270344914405214524468714425605121801125233612298280610446311772574615, 70630702350994982466264906839193460113540973542937115196443698812340217523887
6799251858210908426141248156134137398941190322774943646316210411317799246347, 35614223646395573401864885771052893761139222862311233804282617230789013070712
72468634734474988826360722369187074026966523312569135148600717757011027423614, 17835819265869003909381194044225501428719760611007036994428767051961387228000
42091583818544438394092748675491340085699584756038494555610376526491470441766, 36716978165809241509111547729065201061682695788554468848272729482987478741406
16117874205061627740875022886021128843738579369870198166182510830326472091959, 39254082544497378392347667903160689418187263326590948453117034350056925900840
30003177120002814103688818895983701786628851693165188326482941825176620878624, 24725791591483476929770130362151854852290401661361568252263845718568026394918
69603742306785478695924050012385467806406016414602252946402475083023657481005, 27564309254331891558269027578675295509612411629368294527469064622501194068540
68105471511210039956280437402870964360726436318114890071538316817340524146751, 75050019647364173930361713708468596978863360110638051347322451864639414611043
46753096099462817964116569568682024719165047490100629225674524375004220858806, 68564580360099965739755531887878707252955647302683030889852375861339418896178
34274113043898916407689641811118785800337710400040684824552426055745068089686, 44928337855033610393416661787619258955368895961458823802773615276902406107354
42926540729309457689729219485028652322925005676752054344741222113318620431729, 71082452091176392778748286744470331263377922131411935367901255321913261793573
68200743175848043050729295676005636946187998742692499136820489496012793606179, 59008420046563521861975128169488019708648016475644397394150113281011995278132
58254484546496273186652240369572517072889410544538277077644696894797847729285, 15136750610044203322462304863766060601337608850732356043261330094638430756279
44992779675224362141362855385700832718964985851820119855440391786496497601537, 38248291447794809361753209858024812356679610356217322931466576696907837861378
38714566094913839705062460923744827523175920100728689663702450563721360894640, 16882140778772924426897184788751538606868795175593876963423077887830579541292
8945832295199734178060894720492733814945290734384034489897065671925273166220, 61891794786047527340169998960734843563738882607022115771397685080530495178189
465937973777685458063167925846877448901619450686979817227418887260397353219, 28084706658065016393134056423786036643252834125136392522706496150561424946595
53778524134281348618251943095415563576486147024016975363326846168569303620410, 63166166838046741461094110812665427521122175495373608900693046423230262521456
26109668764012055328605579304454711897641233418372104628291176576274986167795, 41286144970807125791979869269994509169492412653743683417547328350849490311505
390676835261756308711139720078729593122585178567511662747576827329706353175, 16476989168071993020270856643571873907355353261753900606196246993648412713385
1842715424385472500068645566563782224078947925511360273244840686265395689503, 58666957259181291744492473588739281651561714717285132839348273316824877906192
50343245687123024673546884186533328897329566266849212374722953972241554883708, 65368358669365626360901530407367108324763188168730288434361810581931611444513
43899868517374642317775374043452076481466271652825753653181491141187984426501, 75857031096892339459075157006143060210218402049367477543566067350594227345758
74561686901468791046797174140114561496444634436353581079514332698819296571717, 50092435529629669774152145764228499858099978078842921321621068672515680908342
1065251856891309904066784967946314467623857765769361090699953772030496300862, 76617136917413570671700118647782367984639755526346316411787253990493269541668
44106995294249953599328401985243082389854398430922532071174783440568183849595, 66706443972707044150362626805319618559388529550312590553115140642196406129627
19171871565400334012485542008849726870594518700344016587028680877536211463847, 41678922587590472406761536672839278050232943339526756547267501710217598261081
58794569974253632775902493746889618863633399650439859802086973263700018563426, 63466745981300755518843822984505900192839777779630453978224710569720194915946
66208458730726979592241279645467762240519296742693692387544293152588643295004, 5442294758108609607670827337339589039864841133837067534709805483725375372501
37190073430534861674366948616381532354505486590417478931859119258954255377818, 59840119442747695426175242406788463855540985019749989909137725652201532724544
57593819700166675564411678845784122408785581363405188083391801356888545619203, 4309738159911334062006861194446061173177790652026090951850239452861468852223
45287195070072315492536751761160028672442457636050228763243478595812596770084, 65817315519856114269249890435982746409815155611529710134063078460083481387690
69951011659363310748345219346598285021124530065313580906654737640284033860894, 56562810898808636610606542131041680452961749607968170022519422445392813665670
8432713841591976295250541654400407013887795002182434577227373444276930254826, 63453864413010853619320453550798191407141934475802033844339372158985588437663
69335287127786707373866919618214513460003493295174794791520039627313252526363, 31730930186693266764361550623226774984826464668886195450270184935846219629408
55022165639213979751034395889684306110546477566436833334592662368356238710069, 9363368729881509423276347365911215560692476333920046169340930300653289054755
66374768686796680568793122181504583252211914409912669910105832446845081943087, 72996123786405165481551090413171342860111338150919011961792505608463794883955
73642512838098360747331062351924396045330755685618330197700334564936978534495, 22709894503236531831961153207681563159939777003927498512322876032452872499169
59085349454044498672156566852314780322386877286620673457565326089259057739635, 63723634437808744614297005649043845800131673525658010573276877023644960974594
67686948963466454660893415935094271673779949740703972826492206657421289321075, 18358561519366471206931504499203928370170600632172646173545078019687234322596
3323196140074867081845646872774456537908042008478995810404460001312983139979, 18125038472373642123901432841611803934894571824942725201603085244904178412398
55657532176660566981202787493785019895643921556780881856936031891676157271542, 61499990379270600627073380143820133163363006213210689488229139928191492475499
67458247923211205312866581217396836924390351082316841963253646706780336384003, 68533471313087149089011615549787689764618421855110446974257361579501439343859
64476901928066294106362831823602140096000603519489007810669649659269044395470, 21535057661582338744300706347376216087714461422676516524404038820618649845623
25691635259369607093551744296844455712074453769128409002058156249353460125878, 20407534988571517355367304044042074502830098258639416895851726525127538818994
43122963424804119977767973405747919998353494508676872209368942356631680972438, 32042363883438297723529689468950756856627208581900375095814964545935932093747
28780187408340109398265099659219021568214714421110735879533654005292058605615, 22407035809383721985902168768057787180365789957839222876963611662655412208450
50656694181182651981689717948968807978888468316798596078687960522146639987667, 53950677110764430963812575382768658802789826532002931403177317123075259630725
32713915488563109671770301059974386383533857081214502221342766939284775008663, 10095262004256626053090294001798310326371499964603844867677372122671989548567
23526933512634152178474051404305518426689147961143119088256918325176248335633, 41919361821547945783494197465293776752920670842518307959841373500909544004888
62937881991389869959330269181179795952333892684142099336917190767139268646786, 57304178589026642853456989565574734496047537798202095355128905342697204103540
46496428772389631228177489494295370583825018629642747069324968400080968740352, 8399703408943462152833539928354258043844561088856132184293369956096301050872
16978572437862503970691493544189133781747368361302417292232981517489991385893, 70400624431011797591291362314394553184554032840700351364302392749533945085753
45878353285708671000852526451233080287116785648006186742777401779481323770342, 36854377533380221400922201894884277160786313457263664748941142316942402855478
16988696741587963384567882289454735577507673489500355028959625590928162977424, 30768390947298825933828595923003619317660631759988734237616179718158398070083
61043502062860019969797985717194477069472859339863434443035069494830537316748, 1329706916710734813249225237639115025911792274540934694023319694130799971685
25951401845282040262304057804463238149938684581961612859024855200650674222407, 6059126859038925802057786155610945905705176878910092126771792482946689006097
33393062668149971181084747919559559988875568549629912384042466554646659567892, 26643026884529944099789347574945938964371150816046388351251134857872289242175
5143242397063952883458377348943179993862794627321627018629505870408055547869, 64982767792794900846318186420339392710649044514078471886247816286572242840846
74362829967778511799780067921560424836396070375060026719919510790229551397055, 34456389470724525490056539858177316357358254050125002462509802982038167656563
41409096153494689389188634327771975467212897207698134295368382452851260785491, 71025101125498885129897192371289076806597480006217552150670304176294162237230
23339447415254027407421817684374930731702977058225560343293983228111750440960, 17397004920108601241797592942902206401159443181005442569797930826783840397152
40838946966915993098828060270045786784314790079307802949147036686961128994517, 50942019705020401870013324065412836125644913214508498989209722541326399091895
44766367367924454150286156139475067204753422820326183829084233218043401920431, 27024484241619759838868193463264175737071870073002439613202724154716990295664
30063471932382647829968733285719333589293829853011444908522421203552224625525, 37868281199959652092682946471144571743175236217199057048346671981542746598890
9375919629820558390674438862650246934208330399556323548138316452268966867245, 70340008142116066372355677304958487039081984106115541627833710729405000178961
42853872441250147566080615316205537644319769939550452766106386155739466235543, 5148654382200829430185808365727562272764478660787891919876100606926605336947
61625048544632501658085895966940872236022978772696610719742463887840616159948, 35176421935811198833624923947312313100103312120106291664246455132535454921366
55582961412292179724145541304080410748501451408905537152291678583961906013280, 5251897527925919131710280118645926872497272722686223077575770977412517066285
26403851073591776581302163085686986242503245726775631067967713406783841386415, 61954928563543302465315424716073324016199266739104798233728641717389463532861
1765106208382038244740526287192596454418202849390293413560584353753879881762, 47953968122106115363729816959200152860310148598394341307854511302514915562402
68255558394223251152314501063546425026759745855858945129580713896673174243411, 50481395774051671801893454243499696104880678011989421167506475527509416576484
26675062959023252685932786051215352192549535556752664377839915321269488262383, 54128594389192907603047312801789927969146541943003923134921674961793429867186
39007845669445008517269871177126996818624286442597543864807093737038124570241, 22986354621191070251218092497203353207570792020155600005591466433930139011226
6645572152046712361978146296944861780904785975341147626803285331206480262070, 33832073879248210059718225054711230382295083744549492688001475152374237091617
55032512579581399946852969915488980581334519488309630986529662414775575569575, 51798015982988235251833127809123197026728343928557953753506960987060943694251
71849440403570149746314066979642729731684491998634301446723578442958511746041, 59323848496424739914087270258852563244933886659529244448792394385549448800656
28160752476432388534441520421494363703058000817779773840913536567611475525547, 59246185948575068994301177732525848842494026335795136423497869098132363602275
567739524568658877911271580488655639592377175291329782329398498200397855480, 46977266246967138374800824937233636642519499284971874387737667953254823556780
70894920926783913176341088375385338572534074688924971258206688477214598881961, 69211985715450847255698867236267519620254877236341680898757334987800545265268
73752438292850054244437287399626867146736745918501243575144477601452523753407, 7449988593394262151387374179661210826242791141038819277426890368484103261591
2892179933463844683987055907179385565450937007666161042913854662949772122213, 12415661020183977465645884288277503471048722652856278514245054248081078147218
6559706470759430558478418008574807420317883852763494843340654966694521107178, 974775916347161918147493942116662748892194367322952792742515429590375041386
3100361566239537095305473099173851327675024025244891825195420908929506772300, 57565104110146132373488140062218585451914248091111764870421832322824666853612
49532772053296908469271459274285506773357741093498518870921990019795063069706, 68667553986975750414514198196223584562208548322150632411775883164349681769960
40312221066946520839103273618860334336021717237186889383479997042767659358934, 21481565260702995497621415919579989554031653092547869295048980885770344985356
32714040634855901777423904995239133007447271152019521136841557079517677533176, 75906041112883331215342618198092911100057491816739700151427193233277600167254
45773044320917239238293828638417141464110829777965910453732682378549965908095, 72643387897432638666989646513286486479095989419524549137183676131089730175755
8628260105724961772032432636501538997897359104431367886777688926873535893515, 31137903541434784212249100845115868462663709210314921387992608910104515016644
53203819500789872339184444224491310130892364364649382648263270115099123049013, 19374006729017753621550264855052723716598835604853788909604763543074811111621
51857180158910652928585612188072757265990766095399686975491837436552451488638, 33878154153924193535528826952457930287505020561197326958614612659537619554731
53148235540293927815153006934849450268985846443859425685132190922759187778906, 35689537764321163070008240874948141282069334711774828919688291786287645921168
4188627955140345113217247789536648809844825126867558265528823894417510298914, 7990312750417498774200023648264385067875367387626583853706268815462903619659
25336004948228182678308916792836696590543028829828127950430132698372391549704, 42616796271090794744526979733347493232460603076332794770551907227420147493466
66722009378350546402174883420919339548149237911965176771636182119085682793977, 42675116779871513965167974679300254818415057029796628134373941514040560072055
43285227772588145855495871445448416765603813735758421194772737261639933335999, 319138917447286025760514879213630332895126762647092290044955360211262550396
47547486934912085188832489089256409825809111555859275472039070538751758035668, 28335250562698156844916273642013476500050842411822920981259648640834396339306
16090674381532336500092703891440030605031944575158793475215787531540436459103, 71503955837486970624460216085384047473952151274739949383227464920083591952123
7871305518878412047639564106931751686731954016743307375027968767220120474487, 75864140950600586973314540377851439101075912244479010075714660856362221707684
52986340075078331321889439952662816851362761344942158736136901011416989201629, 22079674312343560779712170442202973201063965962749552903178857304317210884871
32369266242307620394599281475124230160537056860262714235371762178686039391520, 5442302416984926502496267989577860315449693936324875407484709076337510316369
17369561663790979866770990988765385983211016240193699579010518964393152094885, 28659010331888477333057563283756166966191814767735780800543372520374320406175
21418825896619771114606286000192045197032875509936686692713794467011133979900, 34471983923476778199796649383319283432690068127215947992135386727720427091468
73022070389992835666833861189534883021685816111967277242517788116459808980512, 46595101949939477454721358425612245070784901985520272694207053749168769568858
33543218502558036792233001919564665749058689284247697017527191242911075547175, 37824349742299122451274295133160370624508377402531669998797911829675669439934
75351968907135835942441538006899956804260184195528027895952165621462854876407, 66973290888413620802747178771562692378004831976182359478630648789641523679731
52669450180243924272549006818364569022776267070239676291475506681839352921650, 45064756599655904721763594861381698662261221132141306375362019106729211667410
37912540309695143186945577678388014646260083587039673081316074089957832125752, 13651371868532851952805436290290883945648274896225334266961844650648898306577
11670380578205641619570564912063966243995436704649969564280459662497954870909, 75198201060215884931803037573114752731477094826478097052223669678461307181345
67583791330228220510571143571024804354022515620703104627610022389032070030598, 69668542826673180540052778078893505917758120346536176213551761289678142264890
72123506021346557936029658000731998134980881697351472157955809582452215237392, 25846803905805506947212386802703165361791752387798881506721699029137829586286
11012299328892701424751589242955912733409549898654801140250838667154286938700, 54281022702400922872942365742774016829986268974525361644698202363136151629889
13497950899216611372925872954303092626496961884934094464785915814745115219503, 64469412763706517369532648219446727788660296736618661023962834309087748265095
20584616089702513033332741881263070525202376506915060077290837812776269940997, 35862798047015677132397363772309078974630684611197312906209519251003860076547
25358868249144386360589739083091229854078433731189163988920746490591066404168, 63823501965345863044636071224764643288370175721795095067188862345019416836745
40364953978049086931537271004541283220684300584178167980645160255584468621283, 41860853705558451253555386969979770181526697037968284558258169506633336620499
37352395504631281886512013451679079406291058726555570404108850562761488187772, 23477541180780255191798333603073317699320897179838653945943731180725817646214
32315785141269622300067951906085704910601425548757362034009092761919209484565, 20930056397856402715075646828232697723996223624603528054909769263964986817376
61368479465560148986043595377646945707135952984416834415474753852386419925487, 58968837537735646229070490882222273210868219227174377375540947922240124371709
22583575445021542359251495407910241898927483414295764305961757089273660610563, 8612246605622657746481851856768978896315808027917204294069855743454081050710
45094060280500944376310186753027794247640665229226901639655055290807884951874, 28977432681967186255642934253037707424720822678740307741419040846925846099422
28543910774348599434044212979301336867072256101767260917537229315527960352849, 26697048040492263632491928153652588265424848115112593299876406892817012815360
70284771074372865762636606875381577659610363840605891576323536171107318574542, 11010828842001809633734935209977402443168249929518860154754187092480051453839
17802858826023380460876912454052149751894195097863027756459628547015101788327, 34955821558608947295855316940064636183775572135852889087292008830265164551049
1698159575463658940929957874322533530062583222969748826505786316855436481161, 70491320984273697179872436685110842380193018718266813295713280472479149249244
66188728877840457297950641061338959761983372589812843522095210168650248100196, 71964473638799565241199194891740254204225848220593012270672181406964263157113
67370426469163360147426315762997719890048285350660576333022493912606218496994, 76229646271677611548855201826819089862491835823679429884386368226566072082502
4231055404396731839828816839221470833339720413860555787678763742501877104799, 28868636619674301456229546447320338731369160062165943222716832429344725341830
17037372741609236743275597728204830843849893325138118191194576272343619758060, 73095599925415348536492854174830507723246028824731287987315366476378362710839
50261448017576641408642609772322440217358969948733667782261923251008901504079, 56327197054334205173997786513053469516861796928161298599271540201419872307464
27877326673380613213550058181363202994481898197078597851367492873623720382738, 43930012390352760036988993015892958631648596996251020206241728636085655485249
18529982163874512511892878317174086856392767401720319683612442225007992917817, 3389703907983341463385806240060445011664151218733296426486377038036374517863
23407793087730038309088841465362411698192245896441141173250487193490602961565, 66527354507964177351789281587282525703150739508074073775540682138917306661617
71373498180735019094415443949416642490674755271795429786263490597252348078998, 74536102758200178616686194331743958701512141605383994825279192302535795373837
62144755140383390087824070040615154864837178649479041136194548406570605068253, 63572310028207137226076752743018151044530859546380084107500780363716145573619
14487107106739939321366975292494290876154460032406431956283885101940695506958, 75195667683380564739121853362678978855322544460710333132839256083279188999410
37961151785398313091263293353253548020836276353881391195044112791752933843040, 3366010430850567083883583512458086530140040293896897653045306995788894200083
25138481658698820891984105181175596656381007158275714266936648877749819194098, 15257942777701428432742609768342769311374882035848709658262271204376132972463
49295792878176062658516511588423946416719218234756537152723678058880806645383, 33831158976900000461543176721719783954120272931860392360647259203906892304759
76128343850036083102113679403913494323339865874114114740384763974407764458385, 33074714494504848943398414409050507554466773389001728084495087814468096015257
3554662676177574953933891225144501578558337413399003727206469292109274692918, 38167899555966466890939538924826222597871225516899358133014894838832116692592
13981502844511963368775327501617025775129724832206440085888776897654131920400, 46633933208329335840653789980237331336847613746109393209517593092393111845259
23005591615119729733455657948312487377834547908876178646008863782514674200659, 36011409969863703398180486750937611701620316487979316413885462756627003151066
14663513558903475080583765970203683344179953875431412160493960671327349988761, 51333651269892648254761581388135176810045172003360676693446211689594583603899
38186745037923820748380131353061414247510278100094786683417324931900471116008, 26989832792091895041398427306036235931128368919918393965094376832296900904808
39056505239295129215327672392141011433397052295159298777130037096094638511182, 14892680999329010115043942710393297753388419946534762378249927014793892936218
67536049071478491182802472688663972086307754230551125375653894058881039629477, 33888031537800643312653481183498717170798869770621264218926219478546946829723
4383617701555132618348634562397089181173025656057221883518854190560563352227, 61646609833948148012241962169968008957992801841288986433908141944454648733474
73773004872813507331659682953875386933721040366031809677810842336495738928048, 25596905345451652569638516263438791957415950591204818515615701010674097375404
75038807424537536259672667191605551868333589602224770473009075022012017772338, 37407652250968173236115703482868838707927450250693214351345048531513101512400
46491860536380542764230617006722776993069108407825196170274563208990634141063, 55899057013473977194042226850983651318437111948849918710325313435058279491980
68990366983722776970099488415599359403327239232061963469240250716159218441576, 20432615936938689585006999601959714050634600887428571637091825755755484078092
58630376150623470438640334515750821774029323075254821376578341921319610351492, 33472302396867746435510909168707564365675695155982968283058431958168424331430
34373270273415547877553587426812980078103411512791267956653858096846346453704, 30999416109812070119704825121445936499401700122231166179172717026052074256711
8046634306010330554549072523699675471318900541358113733845831556431350696827, 12507441360035041643423271970700845912748368021190466214868513410373520327939
15636628363382054826183871958300959497519504614486102819641811334148771310137, 109659153126619178250376486641153553865088971547068369808580381283941102173
56658166532700869730278853602216493071569039996955377936853432549728645218397, 14667464812081112940191809459003858193552174776672850680104230735093173702248
3139442638667236034961556189522199677328384480593888997712876433828425888558, 18431715997033579922317443216758657040022384409072114843895364497176491970612
4361068779257915791907686069199377554282753340481883835894997584678854035637, 55385975239213524247584451973519679239513339463799414217155842242299111735091
33750798478355956501275287167830421982520908957937968562498738613605208472362, 30614524608836714853212115695035875631147401950206379388458367008095470152318
53912634534134200260087233435414132011258982574334501303868136273255426781146, 69231876236590272901668839888336621765847601369485347474124543102317279462005
13139773954726255623020412161447341643277908804485780012308140316325431621983, 56083469661992133279655515870508806752367572861646262682635448587727340919296
62984090837534317698643186880398826192305507140836491121368375340779919291508, 5056245412943434282280840195122945025119396276167394709495184625502771166598
6171272353260788459458851881180813533255686576420534518733926849287048993182, 49907449462609274848198382669550495961205525312952552008347140750570362572410
75076518756312227991481641780734183386091302094975135493110463456743181730325, 19794518690977492327182786286247132398603226695915738057026517059341480991722
29185681943917124188729041041258870777592339460580118932517428307421672194547, 23915732407518314057715157984181407657162026032785144851467609605210867363084
15722857453147218856389636046627522593934083874199284855041489792439063638680, 39775784579745347058987373848130616361534207211401203021238523101682509323898
1669059295662380198596273834023565685429936087965850910799502766431049363031, 66915330457545773734440594509859756581004776685348310174488946756064956763766
10681696750135952800415111144326106960205478249261615985134076954456275439612, 40107764386418356384320464859192697308867544317098957120232503560854393864743
11330147098227829526939908229969156287218996296657805483292251188920008910670, 26368238443164257906301932131381989159253375416387048994059966932190931714061
40892911293240367711139818377468146524947776769219348613015680206830716265587, 24813444810448797136607049031145661887605771888618489981236663022581757296506
52116231525016944156308355409431052263171699817552856221538046746466038338801, 1667748080406498305117495250313712235443929190327480975807751913427786604120
4137738579229667256111797389925189237511403520710038074714035814481777743100, 62843944854239862456564573714454961401063299969388642691989855967626694350933
56608887429819240794818547876097673283121375451044870301391016752944340709332, 9245583481981323564158041760675297980217557755064416233902088173826478551198
71270250311607439151250505956608114892026109652503019618200862758988405157749, 42580573184206555641396265842343080065902168854840167962598794824598164335423
5262889602105237368640066474557057991786506555955710953264600442648932756373, 760599221891308957201127387832954932981391039934494274990194895595169778815
15728187283156605281601187122002000406696297955311827626965780066486303901103, 75616626460456059959116268275110062227131600998442957369423412301256852028520
74117032843328643687503153814601074220760407590873396636968519663570136490090, 44816646677818075122860793498402054423244119502089625081002425666676285176397
8205433027460252311708696081113480191938225638702906549700427130887145562999, 36936234904849601567743357706501336219848009481934676335039490988088424222788
48644254441167570931694220753188747628822330284504926354599005339203121735374, 49235891807443744035965871831753359567572704803745594236647459106369238863207
7525562397574073639758576519854348417813130960660939758175565431744030519574, 36847437894185159276897686674976571115255580529031404802737492350550725869373
3629197116437959428215930942892947093350472568708774088974353714171574838798, 6688571375690450175246102538648714587845947095394477872305157506588902970665
28595281053389492227227764937204257722025312205984161007444121780667064604983, 48003321197971099001451761239455754022547740781910821671406091317676147561014
46838851965436356775883310962847141682069183827697878497435490547240592044677, 47776609508876633892928230321828932304843404647262281430792852496259241470588
19639388034264858360886847708258740420365744629578498873975857649074855397987, 63068496098974563785825109439464031713644066973534773625447626416003708859521
63091431181798025214174295785577157519686674550117942347610049735062127483085, 68676147611516555061021088577501762391402300383550687773117473084058550884304
7439464532280962851407930483933190832153624417955560866208373701819745071916, 59538823244642093822782571464134477504604957673754312962132417979983184851440
70518985080905542555156148996462230004640895699086222502351948688314026202351, 39753377967424272326740265910416676841470342166942823923974655582199758505153
30458134819014850437516802745262696708540909568801686937435414633395288045394, 56966695474147047798927862885213004071051140736814927003827810512349327354794
44048795543747028660140872559987461714498876906282369259298620913131868471674, 2520109187290389966378092277084988857332533007404321820966999289442244827799
59560383428824612588832711371944698286088727604409180717791339494823947624604, 23620493349686152300359741825271762256302180354662220859876620515471654734883
52465023999983810912406195570370286995826085321999401195892387883023052592780, 4559654240155596163758321738513704408462100575672293917557669339479733664202
63295190848922415948618859595069871602279642782391972451854643630284012125846, 3524747262885483914888364054160489949502727249000870896997509033346442385316
3536659446436082167405720233846841700286662627285043508176734800531393731726, 61923964224231857488421818081063906955622753517157967856056591423932974083619
40665405686485442199550471150086608225235491027292567037240047929897259491373, 27913125002107655914619808478266422540195131017218866100504447456962692828692
33421949889737659054926261457332581886664392005651039750506270052878141773249, 57869444237408859852291743583166418644820103704523052634731350824333069241379
56457756251616869062527912413024722164244568995068601843166566812121226676000, 47825745187178671310213078440792736599198607851031987125546578807124071625919
41294646514420704218848535961632109996772567655028181768417951106324113417404, 17284311555709535669100380743481041591047803709454951402114723569980155734188
47850632790947698351103413852135290123709457595363985386588340577022268316161, 72832333619403215022727745232355366529217602563587203283138735742908413913833
14626103538688787414067979498652161203352948787776031322642530836249202420548, 38429179817459849874950505544631465688662864529384920458917183560652827196126
56194102202899007551293368018649958535030686032382157533396393570552429882844, 38160015536292715141620085810285714663127830365362930471151200795942560162117
62231594663431232964529712946284218424972006899310339421692303942223852964712, 25368586358949765672403164509919238225156288172397098364633147481418652579660
18688269371125040677964471443271215946369465520088454834970225526751851869130, 51034062776948935948465325520472828000719205375694049709739076971384322585355
32705911606420949286805087251628530169713906350820911788510250549992078990093, 65922316925057705131816128105060034411586372309249905670145101979635358103637
12232216951513677217768931010888271032196945257102347246351987151682891593955, 30878668723135167024469645790964353199660331931129164949158709018889867336185
25709170518223345412568318412373583552571995437701743798053360670017264915129, 3447851877522039110926302618233458145957332201628587916892967924258729446941
38503517881129013643770849100588894056556456425986356020576099436962920491255, 49684660838675732589009837643166410028228747340530112806588754850186112158254
12948914168724127481852498655799649625481367348175891470402925373829687636627, 5158729483720793152989068315616805834690129340816619266059152439270340531755
27650210771212158887439648050529600071965295718137267529517808078101503460164, 55123543161869909705204521731805098050786430567814511476187409224199820631318
30410016162573009462556862522106025414360106476034113520884013858730690153408, 64841688601682743415341114396902724000487406962233714876434437983670987497236
69337619512567537956162175806447684585088472127106757119015443521386654571302, 57848495079563157813257914403156463432608328037988276855044245911394231209116
75392258109181319718445164222541511604950179648398355107313219583605816260690, 55738925947858859961100241694316106552363580929156588508837313684857741160783
11107117063809046524807269590943902928886192267391943220870729085147340681816, 67716806031312433169937821230521030995056093057348892893229582814206662659020
72596293563743775284559855758314390179594467488292667704183462450319402822842, 12042445794301319088278688004172980870468911981360589541204011341556774246138
53675005165774208109448632913904403331456827152017176168745170599918769649573, 50416188682029376926680780897480357633139478080232533250962223509242478741420
35774043610493462512379813210602869505840240337932561066624202986350130184803, 72832822411499268572287339402219329384869376148071515426792585167065448780343
32016138474772764938597618466222810281334629882164430873618258792722641701195, 31207905463946678058809578644994808494481178911113754452163023686170427707589
53909281674287013891735273961988048883396007825358310767215195375712692960621, 31877838158204142623880211994361946046504982915320890634625427189648455034007
46213706730253959829823358357323036002275562756655342309279739638384288398061, 67650071715143650327480260763405852459998273671585157671629814749332717377881
6188578812849143948285335601100314178262087016593207293703489624874212152867, 62853482394344624188012291437987467483062855050367511022350702869320563386387
75891065554552878916040901208944712307719358194322650015287955382971478560354, 70348575629227605596191402119961747152116586789006018315195541629215137092866
70728640607910414424769353534247888380295106189768606044934586649521199890818, 55839814139093655166613343571620109889637296010516611647799238134362496765182
65323363261357318014325610107367104535878841322515754796297463396411721355673, 57537346971027987584850809138659442242290393270505157128026300574004372201168
36244517515765873507467543480777834042085111458143934018886653229487321494805, 42729695225692019036214596235196895220282019509566853249387995182034750235430
20613701978820344720611313230492980617957220889088157737798363617479844408481, 50610963823946031892284310245410522670587393461931393894325290511181708592491
28745509541703983495864410994121076203320121672728563807365886056523633031328, 67319684309026980871617888001133972810746159158715458382292828909002987000792
72334125737339810398174741983730250984049483161251123062745575042056719450171, 16270459768185375621726478757760954971264068876027183442678044759551361238180
17114347286187279857634924756505860369218926105903474718317212810410962911881, 14129911553214598022392221093264873445195623374199324339821877101070913339248
3370579678499958945362936404046252186158828616473049091439474585545103432682, 50369815548735277381287056920259843712382768315340310789651818439891779810091
60363043188724335399323349902072441028847499763443577721451555625767128029579, 73981979555100466083958183952379384037276957718052071953650004490013684341729
39538331817440972585737318091537746906065968516498185976664084646608763361750, 27035729977154923870964792975889677448089187646223970223836090478084777976383
29097942349571198932350583394317998288478077712708560801946669730364937261432, 32551097796899239984119157504589017295559342408896218654118080454176380796536
41516575198748794955645730292219467212756065103033707489317273571288967908668, 67164930625299452662919475127543455812294990107996991060654341237076373218958
76371030874579860205846235289888233203808304717677880214939956690865501171230, 17618911698537909801646896929839656835085530203252061849054879909678810415445
60430640723428879702328320151438028320074700697880883813817513920914204485800, 28511964621007459814230690582171536776339329789705486297554433802196326595910
1130485105263069251731276618212694368587956588317682578475173049545682512480, 24094489658914116558286377792795822603126204054180443033978314068445699179959
3989322910569564621864757204347806713484716292917521458769662013305328440167, 59422831846965343301181432693221738404603430485027742333225812331107871828391
50916531537474669604781981653772723741824933649352565643824440589483735994140, 31906885108122560483048633508806362355087827492381606205692656172675927487451
34262498901706651566669817207424609034919379989877415611423685422532617478623, 44333062062613651374558140927474066297484272824940301964615508701847329590578
40137845705924942385736093240861228761294175636076303882598709317869106677548, 11460430890102962628005938714891778406621812062840416973984891164733266748766
49150860746259925069599830864935868598408891208955587626196193294144491318109, 34283232031358452406707899827199876303852530180128930421786005248441844996618
3371579532622230946400788751411194553611432830926160359521521473763188476882, 3087526778655385378300277748843280504855970666374460280921554273130528140599
48370099286198508283104859018468783526356367091495503293821822191704091038438, 25699489430587280598101043905595292373923812758933650036288871843850042096407
37871064034387540961095719245928238233901178963631528043765351242410584266514, 5716595995596968293473169166775954445972113832975862513145069176360422286265
26862741648986715284660556837946589429631363774150816178141994199675978335873, 5397159652438566547758859773109006674156561203309448567285170628321366726116
29086456590192943890824416798017966415403580201025909400923088669538658296114, 45071400335576590465132110242000424931314781915296744630845562179420331007089
14366964615804993029077836897842850641103019662569588969698131326808832424500, 36051792654463711689838844171076011655517840544361314130104918084620040713597
37173235761242968767181810520274977620697738231909933730467127718926272386392, 51108823279827521985671657091018970409293184589539634717151692071584959462501
10910294562110766910674940918479993200374588550549812508994160961084185307469, 57132246373946384421487762802431144019821594703780443618953066541644072314123
25448817820561400123531388728474415271100894285712500717971982309925806567240, 59288567233426478608034862397677460195670996855904118034578592514694295775997
62417735180133434389844940653253932955430614700394098772846653117149927198958, 27428538010080581569529915043637021594908187277759890877893968607672500152438
48045477364732532004602857217445068493259492672986159679267751109081203301286, 5689367572233637200526523551938691079958581581151721044875543598108845645763
55226784547382841983550632036662413323485708290995788503487671419020228952292, 37047039294889761681058454374910710655758691095704467159979685911972087349762
69133451354576267519983507112634456902852938037312669552247382182969853699170, 46858449219486979103699393245154786983241766632912968203294237256386015200284
46920044439177099977088812369973377947887260568746856637791031420231497858114, 68809976614048339939474954592145622028237392833951636122224033701095808625102
76551968971989492905078130763376927174980149392711042985268214646036162299190, 51066564223493003258972810659676528778082545505787070266210864293237631176398
66401741755881678202010974075150212778744351316924761192492944024696228584947, 53214733908792568237941223016195376771181774570044321677398358620041814648345
64157604499015480806265603265201207981579634266850643493230663012457509411455, 19017916622028222417645841352756684879140354819671135171634202695079706771791
40868642971711623211109206868290371019360586577758416619741905200842242527596, 21563316399331014014790255219991142478625925378173152244262690141839152203241
72704486433314904854372312086578128542287326344680662389817849782968580318275, 74404369416266158708643820560170712659043855044757435301779205811831106026408
54775610390578171280747581846569162681110886295857695905745330553852736259141, 22790518497655208390892419175183887539353605577629457069957131629582821713194
12870040622068657750678847121628859279828048122205226456340740053116790886950, 52627764043262675876319684725722214710801561527208655163537669040435656406660
3697481288972057859270811782542495959274781198841663154400017762896157044775, 76661665971592354912438962340699763684063404003875768916417088701277863628636
6649541097530427373874324494858122059258998962026274784714796460711045901250, 25608337603323851216227483194746561070854015875867891703339950948128098897366
63504175215249573542829132589776977754697230806601181702374058174515559471463, 7171954875848990296803764699445739725890477504663916761952628605614070140968
41303064207356709350357929975360998986905801193754143763177571173808679072126, 68382031985443041598050793049947941013454524625550389602232595570306556507401
38943262513207241434921771688794097168841191929541949402800164148520710412195, 7862868204143679718451809490289031510883478841541859382497273599758327207876
74095009084649826117045509417537514487625402846745726540891970731142721500795, 39160921606536105100941703268767008129824527750212377201626193501636896832562
71419732206164755319062804490641442576072677799988722036980819527339331830938, 53971107867707284549636383076034057509637440928560868700831709673399362093602
45209415763438425135625982449501035087077934535499104093312355259033505528460, 68577172248878718074902061379008113407493741347791676827204355519394636307541
39220017440745937415963903434289708671104512686028341207647467378022297930372, 28949016188128412065883637520030061427423363905491266643779942762497252295346
72715447879967153245718428825829106891751845504210989139559243083917092194151, 51396099323481681832255712922580879125320901209182698619807586319649714333175
75859290108599477520922209023173841231726785213116305974757921542003800415455, 6880419158440588464168737239649292590558364865168279345904741740212753990063
1367057559770326150561690821603973436172246268661015107834427247378225591213, 21879183824463208996279699804538753003483180802919576481962053985159624640951
75162313037399690888117693282500151234045228003791960947732357133492555830443, 67205455463155903187988904817853050298623248701231188792515707527727331429667
60687146870008863062741181784736853913672944707894393095032413456248105880322, 31307753255635323108253346408424190547167638917767860310723540139824837857514
25228415778407343394882890821110138265109676810157239394651692605322886675744, 45752135521284431141535451037677669305063962561256389357289704084037253461475
30086992440813461406061430950395296871356918289325142871053861766199494143144, 1823139708027892200033882446490320722441375985646363377596640263406394783285
59617497017787521427902073428878407003618168549731267676864972872742062335164, 32579532029984085529583704205714422839479010549732969028712666624111587076534
65645192537810398595037213669111076684465802747898815431945806487829157374473, 49820891219377036020573274913645815030574764126033985650580446635702408992581
64256335905079148042535752080542850332094928234750116277042063163597369552301, 32898068515861190062216276917199330600604755312734670734434323835895034585237
24511453029637147159337537949141658703573507240654749819523539334485551580119, 60522132792238806355334515496233814715196431432770363717652577145051115861617
27752315180975426748873104889097135349218143530824163455453085249068648071843, 69934364085560863016483915341551646465537429533539005029196021163420050524919
9966803178857018726888655518989048076212284824967940992760729669625509925680, 27016207452474406180447990949132680091101154636089528253062254487994147572611
16490784611559504572228096413727608048162882732429269906220340719214765432408, 40615745758280556821408092802308898894154837118819862122114723778070858089311
68834206590222371758000344553736676092789899648342883867309225337664539769897, 21096077390913387338570432273494461369637929824806908330536803295025118904311
19231274753071655991354077738410356614659502067391844317035510939054417930296, 13960932456287219811217127014735727767922768869944752786091716257223979971718
19027252572368855827876419240596869091500919618513266859844840249173743374597, 35773312921376836051956035142198661900068001248968157172209125956339313200153
11677498831296997256683954046853291412601321971853008186497160495603830161940, 3820480519240902803290871536011436982826598357214468398706787764187546828758
75163764048785143535162242949709503229424000638364395269306694377606427997324, 70623311361954332083627624542983423340899548844216190958132334679395964950215
64592463070393995561465594709030599790466958350235715114237203516898133702448, 13917384376095089145460078849379862013406558501138368312576837462487160001731
55743309017956255477904130781160950533254192118412711503858307786216051557600, 18156517842975442047143512705319942008580568370754495089059220048853873409395
26622067177367820444702463497218399194714033667565045279709614337949066913645, 42837420278257792151278468999178743212362562314366343324803699761680893088080
50698015192765838765276073341705269923083179282130974835068977398587320582466, 6194978738814303675901128596175815737740557589755932453306647220577073664830
75931331172730629893498592459598912664716072132292145340175244069579639034525, 16233214746510626922332607881562669415394854549900196552026539305391864855140
39485177854284177950194506065009968996575260105720964036736395205326397766814, 16381705285264934924851499492835878097788259606136343507616034437159194200595
33533183806890945747067780185509110421831933435233018799767480835180403903245, 68880377534474806842182930667727138915845394268935683905321334915502394368143
7362160816791635101932987941518669026370938977303667950497051043624475728586, 14613465892587162917972788839207250272008625134388301839071951833771338641845
51478948843081577616480246817809335212870322892838149866165966709520389192593, 66114153669027956095299595739118790300330008487002536876190981044787648121743
67265882297686900874418158321710185456141117780308714626277176300490747694193, 30013812821771430202364432785258521239332419248009311769757332610731328387570
46444145680061432130069805597725025283455819970322300295007249315889043896256, 39463899888289632694855920640224524140628259243947189544604929062875052649638
2343497790308157412922779351219497985130221182983627964493611981409375698249, 571741709682146484256999871146441162939687637785642144050616037745469813893
25239824231955129066180541563551125112836762801205452611378292881442598374577, 58963193863675065969685419238663708986886520999425241756317954260978295524881
6124998151185082104513844063010724157302581473549718290298358435577298937370, 58678008905713308088840863287473076056475776416283227899231356993409981579354
37897901910054880784451332876978824156851470805185868883846690488520928947080, 49073573068078365491757519866802954460682482956289496774549696355044850735482
53669661065825134982091094397705613000160738746106915306063973771138779519233, 33962412046679966049135539676402717451600225898567331417491927173604293959827
61569716865052643480676257335555779754963109356120671752145091230622320911293, 6145948315508997544669271590614345302130851204180714553478838908044979690198
2943701510294413640859591664943865864719211681740487827472370117763737973371, 34148279576382846413952097471743413497439434530350318467558045840660698982890
2705246656488124877058050665227520318958463866471252832190839188515375205091, 50306002345894601726084577855451425088641811594297986686455383112636020066606
25535670853591381011127274322045062865424646135456480839129280678206034333338, 69439046175709026642185955917177147039195059471186117586425418995495316418893
4537996824398311494454207554222596897064026287890167309427790015832051096907, 25936336951782343153540815093482132624884351544517970086296330934884439918677
62658047548716699442006770036188319145329543309876157184102636009864025376236, 33006613288905741210639941838537179215949649178404562469683711576717180048364
30818256069125353459182729502405194725297378846286324256943430149737502532792, 54305541246572162148586509249031582133156367607061191834634404446950995460657
28780897966777456403481789484043345837704193024306449647122885708157210738627, 27986252211982197558803110812409198470462059922212848255151006238512651470061
69363236678430049595444958696820863799881073253423675069822852910508211211990, 36941743076359556571064780012923941434117106981529793467679297740375292168696
70317087699865595056517752764109092260656615068326453831118711423293733132822, 26640369113603447458130649767197997220152929027164390704655328865886498317326
43401071024724634178206305152554737275382618853673430793524368584781616392853, 47968854864166776450020709579065208362426193442303242995638687940229670559878
51267647089967056502404060663344877884631018275761472591991488972641380274070, 71281274171672730023563437067459260226095675448152641969867185694331990030074
47462601786334569080055891130789952751646312784713536101567435613875613817077, 4865172315885384009561868082293688905130700885565399360930762951436380665195
10557211523928605957053328294509527522701108132791741544662850629013433605565, 35466499881457025010157039080918771004825832203398441361296006685833088150918
5771680533620030728715241372334872673005939379731118373842480929711953183218, 14883555374546018665466683584490299817755936617429550915715023497682221675734
35027063976645144273944197597657780657470402742046087698886044602327652194545, 50474630920528369767431894661287033053323010689086620777868265808993874777001
62071792564255688228551473503961317387075896479415073329029634220536064991758, 56458385456467431339600672938016322569247414958216033400060662742576198597053
76281905807425894280828591097435638423252649103877827200140450040131366602535, 18537709755770122867420253302590321522357881660190279417204344541706629796773
12708502542073096210413722585450284441052581860973684135349401795606261366805, 51812130178113619821730598820686753591835210591160322581178893184979360098630
12074490733402820605845034217007762203681155869803473703005497762738386370730, 1251550062703765266195936116698724363233949517535663472939633003645272737832
7642813455263021172269654915296825688474104599360328319859300740964252742739, 33755530248298847627516781833503690515835786193274430786419449207899595892025
66534296537495118624032044970000147343069803462317988499387308574741224736668, 52437761914675128754207519715825267112494520983157484030043279071490297168633
10869665629721793717825281296103192752229461288672042907350090616921283636819, 39010429547026156840201555434689519598129893409647237721626661327611328255415
23033640213752391734962883833724932961733881795269978979771750278707600853159, 17753900342484266580892574977913615677206815756650446880263747863570932292470
53952325225724018503175754192325155880504869086490706686291727689133086973100, 46625836421056189686020946442345019692847537456478436612008394556040774144105
51912665004050716126242660330700323130535739090714385271716494900543218815290, 66247128822939625172870268744898362817573344976915207541373894616655281066415
36556166087888121367516875721529218433098443266264725785789711563242628736671, 55327939385376992068639723643790226903548999638666894300785979903569900546120
957336463793732276910939125131386187188885288356274010760941575029119716620, 5026191763407129643180260002733240963603299902177099882835657658545438224888
56346755362968454956867025311041564994265697386070000540908793275873379729747, 59192147894969142273085831231388470254325849813759766087494661141837590282592
28312165179743683981277610858014748423700044032213812450748754861358160419033, 3755991202608930869603615389169875979274209936403404972733033207797736273574
73746957118541359933733726951018216793535658068171295487197786080573797617967, 31756379824766903459041144150955456636376161296861375545344101709309167936937
3950311595143391366945089903964344477456403474398563779938074445795355556223, 69543942897005843293908223588569296311107109258851158897195485454007338370733
17448050127504283469586155386076748518730202609094141495771030333544901602747, 16631396830728988164803817151088488786772973589357537280697054988230954943566
35720659281492497369015530003130835892034287949162961521118221107138600677501, 19637108089954373383363976152245286515978436431575779346191316512807106798621
59760792631519394897860254202494061685416784334384224041907176444382700325952, 65812526987125688628008740127361295467640922337392647163043562332342899577603
21969084683437396432704448372664998447409130576167327605832275493908063151013, 742269114914819012930479485252188077999444627036871792742926461414963961227
29168278942644046283245455688203382263032375857992673592329920968361663797184, 12665223296351278975410514901998097231087238885884431399324345734675367905061
15234708629745747517787426340986199572500147186730991394344764345258911594753, 54262440279858572257502412268478384323706829810296146648002822453072087402280
38599605898350145327416926818114808078118726179029894912583839786059633105587, 38877022805773926221919931191435749685394083569353265718650512709108517557577
27393821443642174745427726411075549973228912739600871395635689940506435903390, 18217756386265959830750886882292263966278027357476090019080848059393168609541
1583313826306349263324565284119086186427941116087076209765623906468839144034, 25241110675039654208849614513862651129528501252610645516359509606899708009056
57188408530848830394805902832738184940882329517763873147833650984789577902984, 30286433903692875260141751439820079087381382750467934023805426844466309445863
45588072552157177853808739947986354162889095823145043414126193240550172990471, 67596015935686203800694714007336175707259233125397941332650876195777914434439
61681034366631483198945612986218167360793817339334199763192486513923888441788, 72525378744314885670378163209683071400909791120397079307618922152251315730222
12865696438842975953510999087829552518188208291887084797977840279932265030816, 52651748903225358294138741443174039939023225800614368456119661821275624759247
41204950411900658156954450433035442220482894780092858721008398439282961615182, 38743028381123781558733137353928173718138782045515905243485089803114610390249
30991049755653363983526993001275509457200902393164954803965684501611669513188, 45425651326173585568837994860516224186589256003243480770469676437969630779416
12263058926653709334700502836998242875771361188702313659676320422772605721359, 68171603694883728456070580938162046046578463784978670409612588330743071461945
41977489728575753346001048420977833197545848683402563036317604862974389002622, 58744846739231935239088673996143914037201003825844955738050537877894519913000
43910511424089485094583883966176252074530360169060223469899605694510983140007, 59767377084858060459227669476949157157758466519774277850881922819002773951263
20887792403063111580495234922257320697082881775973148537333425849117799847012, 65393090558194356039080228888347929745323211752487310816739032552175048111685
75030338188420566273357716176586406251196758939919731092168353701202129221944, 35840729070130938525361242573824810674891929815613684277161881710740629021954
8438267887085404481852241642123732633811535644003634377305176801068767004629, 18300799970387690758745208441899817790704138963904385202678700988831229603829
14382729000861504388751386145015654787762495262083073301301558633474157792412, 33515492469756303914889092104582020228293783152953904454180786363664464442447
21035464401304994126705115195714745925442205821085739414630991615639402285251, 43691531239652310616643328848776699708542035361718355050441925082919002049698
45098703080720193847372195050513127641637697887856190141509477505047182947538, 44878435081547896053230956174762042727192980360984158940716366906329395535693
45929321167327185588059509866442707642668813143836912004823469432522863310066, 19098252879369171982687905827705616450569632074282304474651041283301501580080
20795340576875718797819369375915848639386944684984308594099386018348768232323, 39144945093279621149324007362576673387882878108374606575252490250661516899316
3243936106319545361074687331752181391070359412590666036418269481823090728575, 10727347507668553992440668973807548820814685813361181902228326346873623977074
34376335822810749777743615157306290211280618311936282949920265944692398415194, 19297751591909264274683437228357971390031149871242533989624133939635173809346
19379525006062523012004835159005701522949500204525083330379625660037647007682, 41507341483825088608010913625291346279934090818705653741822351761728281251327
49882248234041990216632868342523816248035265332469746134660199217530109806760, 8444127815638840071753207862764641438190015298996745082143969410211733625056
14721413421297191572319867896057851362818129466688151480910206643134852721700, 20730457779982928451732440870001269904693074990152136286778633471243553567963
54882043466724025617414854942973645517379121952240116805358284020636014113811, 42603980888354159844162372998305319315677271209227154195847928227783482876447
51841864426589238627757533839051213958468193795961447179623914745674277581052, 50935327380570307997337542110204985039745965791393906261430988699167796367962
35626833965232592218663295550920671072422101466927080116627393297596654328376, 18676591528722749296639447281856712706858235175859815779525572377403743629940
43440916219413833648210958712322433940929588774476060855883321407939687420136, 12234966105349589155221300272090319042175022199110140078651101064873667463927
57276540934307218502801115459615190476963979700997826895693553067578497605208, 76365967238049443584040882954090743978510192595967099836919454826225833953096
62590843005599990643180928699117584584361730562678588630010720694925504432367, 53662503397130222321318349759090286745944876534769449949448877105591169093680
18562836185843669071118450182753003667640330291296204433593504739822658492334, 55224462562710317081309666969294805866353159482449668315897914331042113394487
55541922439827360780467163039802198459283830798781494425379081891530381262058, 72918690264368383679987344485063348390836116568440334067649199017688682673027
17808120959421103038008185526860887030521423123136958908808871436685801870943, 60258960741230368474938087273031824945688067380258282377337521589672885705539
60165393786329991649045175421242447552418138807150369276873575259268579615452, 13751304877952839241929454611054100034353921202948343965336111025531544833234
64361519051172596953562741512483470653484623285160701748360590315132447037537, 62678922193405516891893193719818620157935847131114227348762565710426498565226
29881652263313762263429026754961750347036340540149252417549974512252710421592, 40032670094634647202492946093049012164904785753012863676223381597101172843517
30829027504143158198787699433916037153188024601968626681132133221639523626281, 57403519789948775600688425301170393626849781447683789079285712884219046467834
26794560050807984772161163056069305871516720018924769598948073731604049668930, 43579075110281188016151775270449427016551339483161327793856421426239560895401
39302869142888374434147248234752419806273920685720246941776309707121764280772, 25717698151877917119650999308569859645635319773636788333752459367350701553783
27082244711912731377280972505491180656090298095088096431001424479630107050833, 10526099905293133289183325730880921157798429348677241950286352973128119051563
47844619199541428232082113588095669964537222481365432393202726961583878883560, 70860557240884308066186430746393625315823329702574362202829032644966571754699
65215148721393631941839311268332852100736812481209510739467615899646029724134, 1989931442246733817876621992830850014330408743891691946058094294663249963913
2276311158486741198760012193371238689436151579257244315712442178503420332655, 34119096914981944796885483645653390652873977892205821254942398265743236880183
46505486038590612440015628345763864201650112251325980304016332153809782803413, 39888872110509382569347627649115713186157817975504557321288215774158188397968
44700466045632830414206807467081310255925738511791819358538823589210542833317, 13198920366138712522032400468843846789110237065491672311234088524923746321975
69429759279623592099202954754106284655904811053732858028775026028631224243072, 70027255296270546800958272082201227078642515726234422743600099512349578151109
50985783621038062983288116035988302913488082185467405510442691587274646640058, 71748876177550812989309725432923888093941076990870212627654112873742808999447
4379196602219752061826546537819829302509296921871527717726147133770431973758, 61727113761773786254562775213917167566474509805450346981461322949199129662095
46148118666804311174656686599085942746291488728064585643480482412677427906917, 19431667414595730530788793379180448516214808936996460081112980393539919255610
11315677551279611256818041137338520314407109362716720624586484981522878373359, 43976608820377372433216191669015997614781264697889613921471158207607082412915
5178658842800740832158478769044118483136813473358144474491337601288818337685, 71092475622025655826321421063475874027527274527766721131116435698614893366592
1388957137315699593929918745572011670871963560400573728603019377798154126550, 23616222174477543211174315601672917793920210477111083750577099146913276644295
31267699191944486378347990269734955034518425436949260605420692386757897594717, 3544384540651718327660092575409613390680459429195433557145600252540340258049
50572985278129224731614107159826441151227632651443329078855308633632742899957, 44156779403927233911655358011601729904670331639434019560659974982097193103797
16763861924504254097697236573836273217411490476200651588918964664430745146472, 59253406711072247145092776875063304518422872946649587940689803210101603555190
42332849142508925816548655870915162970688879210314535972147843967421505989906, 41955615738934203859138256463638980831852675547694268332756273169823964444940
45367856858150737773137067119143552819574244070560867691769594658600884351882, 16350254170015305484043985832758245872944376381963938568898500957522681755981
16079208847318765924261852212642898070638499739547359366753975139686243673713, 39481175261921385793966428562517637275809527507815963243628320076414355538611
38359531987164919334911369701292339704887721727639067393983037632786478282786, 73589890921284724928081858511682212152856871482411417672789594545306511107119
65048947780481874757311313959937270768607436207352378822900851343599749640303, 60233814272587663234545143771813250656445509769808419626721423456157369103516
21725787979935661046511931834842753316081186829788839621206618057132310753931, 8060283646232350647733454694372420002322641848959554636789011642645329903652
68237434600459989128647018852100630648494547067372974256314846115590101859219, 65522843798622479526539303170399891168285558178872018654420546507137255147845
6449234785586815132016291384691563121255977077717003450883131204943230602989, 15137153251393102811765988575487011238060656260879224330030643580601040211933
9688177514071697074839438193942835083091226927509244989655656072644513992664, 53720835483443462157286461631294726579376478577902336307694739188036214452165
31594241535374956316194559385098889371702572690534838173080906962993968177233, 22235239415671263459640464092973715258736500664139957889393656028898544145409
42944722169649185780309902691584160645075316333420020825035060698929883993988, 61691815016616130892129988697990765278108931825430495779275744023998910449978
69900850055556062394958670069786575687146932585314309852143045234026853565362, 46513944812195381422993753146178853444301486630536112866490476436612738777077
47163320678802301724576314107150047652110077426008914515320137608201643112515, 8113746342817030766798099710547829877051698158999002232183056810718196368113
61913523986137174197549269502704498616882053284983508156153564454765719386536, 5981563164560204309354830043632969201714722183351384645222632198415379516720
22630425352389164696291436566955279707631432467471299231826484750498229936255, 11146559368058533361806391109227503085434448535425901440537754820536307882992
30604162525525779867196102529616570496204466073401374672741052029489216808753, 17728387773392441064170631493753460066684245098874926863983982849142539628334
65535028048809272697703152936857810272951038317848295200653439069875674636673, 17926844837280563605024827387019987705030369926488993579152906886684871637085
2992329856229446769652775843794279156505290677752495461413034170457915459182, 27527169274973286664540235273102276799310719468731903643754162307612079024809
72229489793321156155187116440776105939860079914936588628244461154998161572302, 39483818998809876502744925659987731683543200736706543287343857605443615960844
18946067725992103814486605339512391948512897169312842367532967429480996501692, 26472910579384378241799892095028397212322922333936442957538380953436054152004
12148160502675160485517218838703829429100466943903581265691410738137552575079, 54120544673523068532046324043140487470802309066277701184086503253673824637803
1719146476123739409425079887378294875509833245233135506201652952651892953875, 52393259733962990273851153709883895076148063357060944842281077733233983756717
66094699022323145030120656306788844639799370705475873611394510298265538947051, 18156053294603727175814852604421212580621092230086576763600522193770536651970
15445283160651249592378345962446831258795947391216814053714064989343517013526, 52077994337120641032822494008992727884574673910710443057697861397401039384371
47489062982135774947738882054977483679002770647134819148185949622131109866250, 17218712759174657088862790406749269671108875758855420548787033841489424507834
1704577335472749148270432313787116126382041809801295330196881357863981717410, 20274572077261447135442329974663187013570453949595418366277823968732341124885
10129047184194812584201640675097295379171979276225105278323960032883947201033, 34611546544199971342231982986512981565432605711743868199242622283834625189953
35409101942005068980587953166692511380621984265721137161436908152137741706536, 74633441885941642081257468384053999332716594614789627568383589985938570891976
50908804919497751624057348641788517991300871434790002015083660995875019715459, 74064711411888464685925095508219502123274005393695021033751039980878632491313
65545403850096042870995415763673657192217357564033372840865386233312612131186, 21565609003359827796909232358782519828020668047540573197129981693097225508478
1417122373927103387956753095776806277438923564762239533023979986705039463828, 58109740150847476547651171958538419342089567848484389663393635083294301244674
49278597090435868156055436790177762650700943076002697116435396992227515918506, 5856245568069929296037537544813613851922862599986622221371776559044271021572
606410457356286831214759403747671898536173767348488002807968798500849860109, 52537220046815633335927275489180451366734822429960520860217495038656829075079
13143467938221503129326362339653883974318362396036395188969982239254285888219, 65371799336593742782215773338022941274065389495795333301617391099010246822422
48980594578814560190105558836540911138709333002274661757031571001700846467113, 21951874584679259992301775368503657142619298083809529596842656031255894762066
49122324453509364256893335954972766797565568107095196940921228035615164842462, 4618147411228523256423932781492796006025029128252091045268815794889895458793
72802883153274856633769913581127653677668458476175908889695839149834765345458, 43826710293624886236942280849686548361883634104682582528395557714816218467961
21639553868434991205246088237914997603017280626027033877579371928080764953135, 51219934992379435279702880559079533954830337128546646910620162131005760570283
15925614796268097123329447212873141604297607069505671427794640328612176953033, 46079155256908820169100164977487325020367357129977365318735527268458145207981
35808702574013266047349263658903870081661492470355497298316817945341994839969, 73121781585842964651425314884940637421847628394779573942669704148061929508104
48793021992019123837873874222808315693714162057517145894486176102662987714322, 48010512655260478668652044118928775513481822464492844043401430740458623714000
20623837083245331542212099748669894309473519244339641530861823912995613171409, 39600082646129225230112433536724908474551543796002648614863995884490986320679
1063258021506441735224742162438531833844806257535854512438014817895528037268, 73958869561332213791392821067733359289706590467106349717780268275868510179904
42657901171820048068669030858137376631325342905487783712518868043350332461994, 59158927915989456195919752402032318109926553231840706871383450607443669446747
42603394401404970447891756066562807209623607876453292606540859995571098254428, 64362500902857991948812460209115087963035008055058344696532441343674357954702
18104005733216515703611720469703030159485631704908444268753758499830751929391, 74246242977038319189456614047347304717082190409760914860409167106947306070954
28956448985545689719287616258957590431353349544663785669942392976106866453917, 34837355348905541242112192533816167207450888009031595201038491896021423584323
20481837850635918722119253933812766088449660021945379575142369123356392345188, 24148899797078043461817947053910506648276619386739502155607975950156723707883
1243186978998405428035261714392590793832752184497441116460912907937127450067, 13435221258559643118589091235691300661869849367716986643304834649689202650312
75789291809670894267528039045750457211250435463578175525562507640268674769605, 19172942364600347451550943612679555399551097150572775824643971005951882582573
24675981062777214007446891452439117334771903376261764988465814644978645381431, 46827752786185868749525320650905336961631281439384314042069498703961741667339
26245867415263266251034780127736046953876602883491845915828713142288849153986, 18916219854643119819015863459945869156080681504896301741235316198669156995855
67275680939137121140777986078804922717177714754796365394433686635876971796441, 54540404705085817406000522945753192917556566337236671278015428253709480164303
57688322952213982760375385627044212264152914327009281003680419936069317223811, 16262284554000635545991488663211715856314854316555194340502785889711844160048
39911702427246182810677399140496439807558492186830974222616588061505017404570, 18304009885762193653954694228416995646331797871818635499144357565168745992338
33696179023660706276420297138430278595822258933890182105707240141817945293620, 73876940162653370720886029341812165974056163893232793979017117965764920825834
9548707048683240774168549214048393805185554011629945009634740121019588879843, 73660419589464024777777355338112536349487767901666150775542517538600900651712
57658266487298263660224139054364041158213061948783531351846521553409828906075, 58096830461351835589596979993141485385718332375785446732045147703712623498554
6472495657806040738594188796334751180768603457991253329888924865657509018519, 33812875390633156764149643762008833437969885991915413704430926052998119918163
37916935369599567616279233888707949937475291848375664702717292246805275021917, 22501100792330831387107761321794217608021468133137244670008464084308349730652
22244608626441922860115728313440379942417693858031491772855774590122220467512, 68003661029247943160799159131673782638994517127370184735896448024234825446256
15961321593866629671448963419133700650919372672738240984087395042897779462820, 14050504869566246041405316779103444750590385912375791408616268488723401491164
20726246519943422164161057980758422455483140982466161876993463594659258725949, 46476848990399615623990988516470405064707363784943001140134136947363680416116
73964405658570213310501754326559021921198862347424422276366323329831172055270, 21540534422983446130094829228283535358534672178830398781176713994239383437662
6535442648300185070488164695095438628354313668050765717236803888010395668858, 35959759241839790833156370015562693573323799212442166096925703705102325788319
4918237194723404633095627697424424422492538502243231686438353566322318701069, 46052118164572337921070867192167679536762000783006859224114152672588556898076
69560153019586810613287752615803629922123850643539401068565455533449198450165, 1238476175126780448030456444456428243333973401512398492177047552499296947145
20836878050678712704132299963149293046634925754486989832986177350101976763996, 73914842230055468620467583444093600018502861497894881332475338860224116006451
19484138630305083685729839906022470648821721133626200580092062754522454286153, 53386308173893728098111843013340008468729064702931679789596790830765616115734
738721284187067273515302624895956149589467677268141897239696324033604333103, 65495621098433806752363370079439070889047401530111947931396587341013116521303
17095397585099913484143678288252416227444599738577502481832398974214877118128, 30887524032896557996077044863746153601356977976256780593364216738267521671060
28052140354169943447582919378196884847882173079771530427063675272088250336549, 58860095632797549096230411925700322959346651689616186690102944692805983691456
76316574120671192016323126348595013341032177868037151683291054500576808230401, 75928750622094185297795191627219241770446773607033877431809097111183417134736
25414883122406554449089649833554722217336452061315372449620814438325845536687, 26197385162675902267577526163481730785420844654990478971892234721688208208808
53871196752012328228935483825364689166520129483167891771176341899267231821857, 39251593712149531602719567826157857918021128436386590587001741095620687180490
3581935891288235284253881849566648244267022818748525522918421521677804797867, 27008650188786153409325596786152769447440731238140389078749364146855787388897
69568632004388613642504382601684634620667326755134762965231590293764997390249, 23385249636679122858689858843801811709648055458667431761465703634249755642492
68275777950470303896211407523661606914185377094371369954198438868848305012639, 52808895608094325614041074878370489216394654453566842031537929380307575801892
25304562422462527594723323071555052840930508915433065325989267246947228859682, 23717172770472053691046382111856560396829721440235167070120484137871867248281
55622165081979122737607143739710539010522286798451442189219735107442805417611, 60825389579041948425544470221771508647456813458175552590250312618793372845001
65026415526846319530212869419405277891529394080486659010287758405600366530574, 46153428220970350367929022844501582133972215356906064810178630640969129162034
39160842537823414374455428683765394323227084516336399475799467770612109929095, 22809670878306258993159406457089261535106213737602819228731693967232376106476
48171302007271916861610769208925268757976345729045108809906723777833295513503, 43993853119649997216692255190816920749211841164721761393722421061590315785199
7951032770140607149525878211815378003314171474976397718183858739205508969714, 33462646864793533161835804126954323127079473629615179687744583098707503736787
50913951480735276433429634049583595981837117246460248239177394696016604928876, 71069667192637821394122037351739676787800792990536687355477434932613493556332
54659247859478523647364645015962342242389707678617441916042217411494883699345, 13574109996106401476084016787247805966648393968593729767065399205729626627252
46813847215401387204801420219011220278806177164857625001348283584384663786959, 7174289868655664818912439658633988864647418621986755600392593104561961959140
23762841752547060667598357884853495997878071533619352974375155071533278490944, 15905035189354562907563531707580095680188686697284798664453545132788324081287
45921077400300435136179303845060374359252189357329674520414258031294490161043, 33483190173288806612986237342409666447733767521499841965206530555158335269824
10976005874865551003558170155420061193899528398796759153220097800235286079376, 13577355790711602381636643612878364250178508031899389064907256464466056025249
55685597612477185623443373369676913022181877011262157176120543770416049140202, 25626112511038385580541514072413023467707222841560020683384007898490251121387
1325327983803083941387587849166299523258315566009937350379932898340186809746, 36884062766698901380974864074052598439900140885416697511172836295276820164931
20612411424790448009105740036595104642196878515981551890817763180346677618807, 55512020166456932562651324935810710281603048204005049995983426856576851554740
30497104396821540871049124216737402824476184478195886679170277178168569226870, 15490273940580076776086277286045491674826082989950380357587386753617258466074
5614821444310772409896644979349083842761864827990668417795969708842895888633, 37917738988064892223069236558713054999818548981918032803449923763334516395703
4149571237407110859154364282266287203539627765184494758500590051210375713040, 39771762655628289363606310004815127223305636615001803390649290534313912059304
53206582575128030139715987139795001879235608361208727743774588879587643095960, 62414836407680879438368168324649825432477402016647416051746164795539372580258
69144792073222239636949598078959107721772709122558906258290894250553443709251, 45656353685765559007713164869326839545408580183865572465698513488487699167503
23041745174086573430993724504076465503386158006613496919866405412410544514393, 60827654025719303599193677762569930958286607368478856194278745236450597897573
27851822425831064556858639521866851886248395658427168928409641882510981071819, 74848287538748350303919478679921846234798133405411589350413634331013402477730
52027701291725531866820261034161380237894365132090231137949886838210429402606, 56561015025098113201287763937321325502257245375504668683804816495935035065413
45056252901665595389573195314347684586993781757243340462097015320342141325034, 57087579638717097925457634593593402825956307178793719942348582889011620990504
51758413660554336949080705980093887432538004505389797679254786183942171584047, 33787833985093726862352246634214062600403060854978695311429006322013925833021
49012090484008422304448626793768640512175086253147564907189945625962359681072, 59847920384339407554014486273831600664700610183562861560490823569169220011931
46303301916235737748078114322256147289864714311631788660667981311656604976919, 5809534758869509851548102180364511595285492424403370445761650908460812692978
16055983792511670291927781850722614583059667398323973917368155034444632755002, 34008182513002335764676265387197475076862517131307350710578102400063099238428
50472689696208622923525187331320937862692133584830826466446756643618984090962, 69801187846773714419521760425420455690305254171260779577372836474203436352293
16490461598922084446483345898997429212386285871465566761703417023147820834620, 72833772938684619382276978370221277255463898327119854712353068024119855315732
12657652038749779575094814835166880388961541817080777734684341652575174350441, 60279686351341660178119048509732698835477738638969173003286324990988616592569
43359758220729534788892126170500663449432942766679037595411892647196168298609, 75658853692532698426423711726560567136701971639110523263535564487931380532528
36502824598177747452338902665906472995329092978144091952271779822661578643296, 33774226953900183060055395217470379795361231383699982875203336870498837267433
47138592181121381292754169485735477561524630755549161259052130449339476206129, 75877644944066131959184653657370986741651790176160967626250224021341554401126
54823844058814990329378694528269899969811264203668749630764063423612648465502, 57210208030229628848642150357295409484204789786138996360942721020195251155688
35903887667403199946265768016836586490435002382890680565994413803892973642653, 62129193555017615399431845626513228280690217430627898842532869874530212994836
45012493048984814970285298392997064579568209438969897670936511946469672261926, 21146135432285439413702598662438890856012389395085439836160381627468098766450
47293391832294139596653976449441732540083793593214874820970574847113378794449, 22883974471897665202308847676997019637141959223838581462048217724224536278926
3812943031498363734768876193951024094981706055876696766069416177373275472251, 40952195060259824055339888518728926535740735908739937487410373110380430119744
76265878412553774714222903951406381796890805469943383774514308083036827100559, 52894873506467160414280282891885745460910409171909182211685314957113746032781
62597182880611700623061139880887527452064957814951793401758192610861449246023, 71451365202390482728486606329158153522267032918875971008742287605942268381998
