Elliptic Curve: brainpoolP256r1
Field Prime: 76884956397045344220809746629001649093037950200943055203735601445031516197751
Base Point: (63243729749562333355292243550312970334778175571054726587095381623627144114786, 38218615093753523893122277964030810387585405539772602581557831887485717997975)
Polynomial Degree: 10
Polynomial Coefficients: [16, 44, 15, 11, 40, 31, 44, 45, 13, 55, 60]
Public Key: (28757978988826469315103566789782439283158043440723200789326722056369596208602, 50388125265222790054613260316200514106136398629062973611158640709254455746358)
50353311181299243449832912557118437122040219631483756467054616863555689344939, 45542223218416359827579854603528538323409140874025437573462983737557925993581
22640894384339101378359796887080356740250925748568852182755548988120614162232, 31963037950004531071536291349742770356945678124622862463078538842898435900503
59106980062608589206648431848043963413710203961517151333611221785272546290297, 27702487752557393040197336542145919045731621011272057295037797459653652994448
27240269455497730358991438083531520778318633055677153108527858707411219285245, 5870817517072937644654538896030971749331357400195700378978997208181812903941
1985558467103871479883860194671312390018966278648550465494442181138128298996, 45190414620183734598381528611443494341577309323476573160872194874598441983619
27523224166644989709195209634845300686911542399634668600915306768930853189298, 66134015151312600768874589598721880398893551959124910985718229236844575497801
1816089782018255076851133538745783622678727003319835367318069769484446142187, 17977868222252727884958797084971857545655434865817833446363058539732277967612
59943353923302395537616247431885316778327121365737479369181278871261554553158, 76804401832834690408279899762532035984660124212245566948630721125463095752432
14701033015135839744452999539899192933345713177886775902952372449866404101506, 18265197788559784264104515049698733017958293300243653774964768304184583840726
54827727969406040048694575517056501251877656595932833648769948226193871048817, 60209388542268821473159185101961928628046719020647217717781902701311610828572
23765400565641582065230369030702162892019391749151496781694452727209690144034, 71457524241070325514287001882020045377377172294219460783506802515839498521428
62561074789144633165805686388317361289569634238200415521913413771812615555036, 24688194304992386162080867740831947875089840439179885595541072887492382791892
3203144196487391202846403643705775463504367236396267275930271335568641139432, 33248544257452121321379161775439840664040403421837882569806675328456925075026
10785174495598002077229069932958429177482945380516208007009862323181216795902, 26528027286514145894095544764983210760510596727653003514356344416475186971183
23472531443651792663331977643928176038465468951395706983293285627963572155725, 50061273766188460733564961885124521260443671709909971699623927276919331474498
4527837784419898398657082341535714714990536927382303329969903072673737959843, 8178286652978723437707367422828549459138554919900196736958211774671300011827
33838187920324027711687381395390475900112628612264193559270686216038133967346, 76266774064579672158941888973071690903572183272942538331608682058619725351905
3386635357428267422508421771246343910379042129204951203836372411244245034325, 10008794868671601240737666807242808358747540996423397602132861877356860950355
4077363958236261859525884154396551498051330116433784427054088045479654362751, 35937819633548161950606607030108338124071229205565882778058247806335815991218
40458181099928430119214910699025320307783408688218191785066437285358931207954, 57041460497328112305919401907308069607923465831693313847095164406166659089138
38710659891515414547483815318896176517607079909036986609440466832426832732319, 46865031032547193825643647488439410113179197091241309519282086726685290243874
61673450890160794927411809365927806203260430491751603094187793301245395946006, 8484876320054456166396008118007345460372987980480391449180364354932548424333
9528405034733995168136902707192162799538942806436023160510551094922000921908, 58482931639168071283282782069663607404058107750935155924952240946014596679556
66237356747344212727394320219184138786382825624093136218480137091540149641428, 62511336668267326036107506248036762037034707228649008755495788022060746872693
16659832696350770158571264456640813189779382247326290889809956564018652525676, 49746972644954804232687896912341200483784375058079719019896972607031619437765
45430957076802960271557800694712361772754888428750597221065817618307562509124, 60477238000965974024346589215259228127501942192029350302049942078475490080499
1306624792120546609776524018460421731933400081043901362631611301989362472527, 71786994372183115580430726308024284605307878176652603396851158693326911126694
49363270075983590676338116163738074255857904750114409837269820970668099274664, 67860359400860442643237151191859316995565363590201507946592705250453763257758
11978280002023968256885342431861938368048112117414940427242705245713391386873, 490705393633969705094942423247783642519109332453900512191466855909761982957
7271186999383674797187443981571189292968377662159505251682882354967571095105, 59566715876640346903136896170459520864914882172320881105157101299085492292091
817235298575264885374127976359704955178240974899770766194690748982697528285, 47408456488570800709871053798581766441119305111587069423401890161250923830140
67905660281080881947071330508876574825355614013834727294438096526519394147700, 66819621645986623995877007501857704144775316064570874170452548915613963659921
43989279157448107251489290465206465833522429182492379886447008550709797394283, 30711077997114299948147339245510705477880713985224377548097431446921705036340
4652664778097740160944319822935189013773674858487369611086572092760284609340, 45073461319218255476835776302717530266243357546574493524839325501561786728819
69910420469848798196109202022606233919058905031399355771066411618493436631249, 2009678442186183442129494062088186942542390483333650820018041604739427203207
29191084774331571463066649250683299052172858784241363587822315586755495865497, 8805326853210870230025356901957005009595788012102204305954021707524211102620
46681968327804173853952368311422145791666683474890815235595541596393892001054, 21950548908363753154899895049126493423848320991505801849438000831446753176948
49105133133668792194956288755985481313048801808283148834933895613454108853948, 21937357340449925959278345869017404548842530947203783136408218253488926476931
51267010511211591180982871229487710023155393382344295815441171936932345669788, 71326046196138389504680640335961128414250411018462553849966737354223795044148
19642075567236956123693448476938501721734234851437054444668447978265465120751, 72158543604873704406573756963474940911081355083286476690587883827127870135709
75565673314719677106081539237806675669071226763033607115283773473085226347723, 66636135981808514762035816994797038663909617790613146272319100534634895959895
49422987403236065495314958686918123160666054139578248792524779782694169464075, 13166752488468557052486192944277307336390566555044883274676437847745141714976
22105309359859408327721738384385387435523336835197432031613279052409061597215, 74904938110003798756750184879056252553366445602903403320818294188572242464022
70910626046226645192495225149036015010519157384600869281935913697836825667042, 26649513312498455713720203123987321380262912098061780248584531494581778755603
35385765482751709989146281479745500610325054784900227404558324923425788291526, 5944260500611634921638240943216693845530480060334501588507969214652379134902
28848053853917094139171895692697308742725211752172551947451385626592922403306, 17403100921185968422369492362114505065681532536776992792624432714346275152011
68634078290902791133082450605619309395071082225975092066578521609042621424930, 29034214190514855622013677245207036632536799097439561409501057647271907691283
23436199711844468861517350074319842126104545663765998760156992335265226415288, 73171797026446193031265556203634685696575885341229307141922393578587390363474
51096128845728370342751844200391468445200845371491654991753041270538881141883, 74059715850586950317805274321914584976194294015839048008025199713028448455210
46635691703280910869130426668534434612055773882205672605582296000010368545197, 55676909465020246477266552930515319095392621144487230103844086114197159402120
33499946638797681977544298071073858231518693405237349416515176079771559914671, 8869858353398886587376036050476776939357125613244778379884287141645534648068
27576610263847509466303100717100937542921155030720157406789257769659435937884, 43265742058332656484697762039131802140280314251876274816107642734718314685894
26680954094950459503856627901377730597152494422586515331175102851636295338198, 22130102712987389263401221134082652535866220572604610196491961045844978560296
61328356296605586336801473699380800491402731279795243946785618234924229718891, 63240291115893474293692110283533919770559764120061085460929566966411696589513
63666845739911074149583673998700972574857648194651756433238429442601369683538, 8526642771353333141224816996986593224370454706010580053590086589229487886982
44361113803538799296535807715581262753368445057360766578022426798492236196670, 22887298030037815481653462749236641782983327996973697106792671651726038125716
39394966332715339017202805656946719845106747513095928298070919022234843402718, 2830268329965367402254131701415309745167922455534771352533934110842454359571
72234476510542809969569466707433232049216935705460488831119149775921456158297, 11272813722482663428778894404738752257617564824454677209208695644135687109482
61921672928972033592768047605509900267413439185447826139710774093762768160856, 37326560813588798297354383991320139466814136731165557369670799974380300305541
29347648489928806981615034658344635966068690965229250340628554011788820852081, 12667564546686598147382955429981660448949116232732209700472746369311398433218
62281991058770069100475997147119246747473745807302694767263543064749856816663, 76084731349294198945669731657074200036010014131884159965363348676468558506573
40942490350025516317097411126681458218954090565776588675289975145867667809316, 32374864255870991615845124407959624343675525837961922301317940303483500305727
66699130111470354998383834202008813356001656965346837989585576646451757439317, 20390691591891761216926866837362690642912006841287328515417881993081699692452
63259276116759547041280227534252283312264883504393618994714459057021831385483, 71479410102765591825684446693721869606047395127048431744617283388135062125597
73654611938657597824899271513860604224197952933248068839110876096112058981920, 11446543257918592448172753819354977882396692918122784892397041382857052911149
46717058500361082101029852372384800996419671701665265665614820699225920727987, 28885816974435397583994826472576827699162715286749972673317648295092437531999
63255572027991690286282317513627947687203973432906070324044584273787906594000, 14640991162278490619285820665821647602852943629366988660054978855313093876588
53316469557962374132076442731081484509534467280336819686788618002458706450211, 37655805942812174763667448771282390234893198286749868745670218297932509608456
7859628970118871245315760365619808405608317089077821640736886334930566933454, 42057458348944621618364988014725583597492422847166836312485719075678460628209
5005297564479756402616917731539674747440088446562565696228782505310321862958, 14131149147158739360434749567071074606138231788648876568242392833611632144633
48255427066525918675548481919737397404485711029635739635373321982580279053715, 50128616369035867512306040078988035413969896406927669620940823659592725269602
52506108100833158997712940753600464785455079498117814412741779019677751236938, 25748562166585525454437113214252084587472026928153612098801033101556965576102
44631185492549490599244175377919369387194648618240486281259111727369589448109, 25525957392642302567228255646967699037876986246446174729112433707336570874961
1545824639399437382536486749749920346675500855151110113070903595769961856535, 51105853890164787605596125687699169997791154761170158501040059393308422128511
40116613408064133973753852175982623122797004105364578471527901290756757752024, 48055558243305983244538262583271520120070545284352756835144944057309017733314
19187326744928065173990544294795080091870453675317204628693229694792877287497, 17597259051961068603605417127663978409648772717345223584729838278932273974461
63576168714344546678450315357998990605735035522767277634062819510131384969643, 31373240653716983823906832760469191030251390949444681348412912193172704079439
70216366595780483456083499197641986423295428304119074967689663519014465215607, 56073143517650591765062078143901404611918343647833874741964428076263809974566
38982807876910887872303834338233623965240110594895506719016919292385770143405, 28355241251566773445520761108095505622796036015071829428575404666801531661059
33343327151314427287299254839627195231960784330309181531663436313098628390846, 32988437932131251631493551059642330237374831852979047473205414484218329813937
67071155890564360513519806130896053323449479081826556751509443217209068198027, 61571187831735282454347997118856915527759617437854426635602613093282372781271
41378864868168334856156024213450298455414409093117232315911403801331508827375, 31435113984140643389638429302332540935482165797034307773497605495375438622016
63039559048208430949245715262198396749193359837087664603912720057700898990633, 36835353506117175668087312315271747718984358951299356793804862951201588073361
76669478019920951528955455262086310865411819375177451248094626084432517159706, 9704744659321225098588422059215912738623858661239841906684865004988973711829
71906330710635650383386299241960226240043846095628390464627304146984555279127, 62573893746556566352038094973295336140719826436962020646627359126830563132399
76224759399165493830122505647928115716118700420263755349551869809636177373328, 63428219676681288153639847990854204022879946883450795992428077216656447115034
22796487326969348110250779917561977057910335782465944352616469157987505774747, 47944955128213281234054998127060330403457421409394337351181361914880700061498
30189387474877938551381043990946773960282662687896943623899530959765067593911, 70422288151251625826907573247265919746860094255349432462183982888807679163180
9336088112069495006897595432070395704651819909823533635587124499545047213479, 10211840895918622664792899814247939470762735186007963586551426213054905373642
74741982388929473907094031689624197001206065796888701147354684910941682043001, 62867239576198209515800166786454291385691606600927484978753962406012406199670
16694203816481115612137583035640744595484461296355336379479355488871775167978, 75915015897118376337807062380234693274004969950584029931887985458137508550107
6156029951659457838337437472275185661614907303876816527898649263248370477472, 29831116937582637689155521162139238178470711987976488108322802025347770358825
21347932398575751966041611576102866281365829086828473637551611048516202667464, 23392816268528413288250314092704980317636708276902180891414891055515165794953
50652829674274279169960001972445178116552307456656533811893044017398412914091, 63301947044610995608995267412619359905006872805782570481714777559083150110639
40647035625205235476339041428964091613682872604284697190984994667963845651852, 58327793112961187592755609267775274971813033568530235774740704287564660340878
59382746081377962542840518902932581777459849144199434522596744275017433659740, 25813346140600637279948024356473750711398055920870808510306423417250731981010
40981872013135947217461190872312708297962466795711139593184013663987171277921, 30539060931657423826441754330151321733060635899666228721153308021315275423432
52827561353484078012582002485373140224863451932558848025952087444138114158193, 25218370842346732845217286177291438912764873027359643633513276650459170747972
66771028132703284147824050741728957492956969070628791860129662944760250915706, 27981428756025950314437589058689502427541671886662402967359064374521134440663
62426452265890013506509176610155070863219553861923872145862843571508795699897, 65863559464487067814915158135703224761426707496254694981572794020922457719814
17587959586089370210228815802955910001811656307172452403963192909968898136889, 73595162438866988427097958677502726990951814995024440477973984519586505931301
36906270403990855558704964922667473123424106188651990164767435241809786771437, 39689949545881846281974435483813141728202146666773290106543777569414937971083
29670086271607085989747279713647818293633421768994467498960670350653985630050, 58202206058819646712558762435112874474176299220305406259673415706759924803043
75410374307895848283752762579047213834527989657664242452232484883798907597903, 56316003469707728501423873183456744065027474630273209584565337797723819268106
9237919946682625902082476314826414363341199105172049524866506623456951273126, 12642606353355570918649385714099517901755527004378981638904121369640934285767
21250985901671566091935534418280034919891243171864277474053905173474196266184, 58725020940498368310180679771203502903701272010583538001364807482506987838547
56537437273287219973166869727988775698830358501972216577631151017003675598498, 68227243962344339528782814969697064070501503214239273182357132738116484864497
6330648809651074253149028683684815936908468939399750242614017757851485773962, 47159692783906723516507520406958466277498167378028113317015632200858292825594
30983124869237652690804597755227591327814040713775882662048726404061593853449, 40563775158472435444015257730705289582626223814933503035888410426545024296683
8685346497122376176742385561486296884654665949984728915885608071648588371090, 34124992425708168774528656539560417182952152710377261103199524698301680012379
17492170159676218399631079542693623984287533456747094356446765081827394546109, 57675049337536981622930466617389017217868920238940838048647171002193736140047
66633536267129959974380539644902148019297595386823321180998051496464671680222, 71661758553767829357878459260277266901105157859766605681814123620447166412941
43699286837803299498665992821403116020505233891919133417516999501084277727594, 27834301700216017186240284217231781135807712908156488617608225215632001372885
63313625769103503257504963379344213387258976415051817645834796044011934328849, 46984372872218190180153680132208027309042543850842937800482144000752745707634
14135173853146081727688474443290366072725295469720417016931956485678723724285, 6992113929016819096489557003653654787618113882300959547083579932693415511236
34229668632422843979952228241174266324370686873443755085565582395455085616435, 71073087162969342567728477944126374281936716672825310868749327354341295335564
44339719685490699198901203334574679939761385276475502772670642987068678856373, 659140247367390992933744361053124748803385705098014841176344475852278321989
43142084499129314799468743616529595908141877366014218823229614971716195253502, 63774293983633188781297561175324764754610534523859338082464203173608040994595
74011009512150772216635421361989221670592215381092414385619994578349279693330, 41621979511429700329605995451953024340358788589161665915103563014398809984405
67152681496749060945541747129059822569050950199336736941435418874979133644346, 43222201316797938568536921119175573037552054843264512496080278431107575969169
24001510724839722991754394434880987979826183266218682739797206715699514143416, 36839321396412448518083912941321433595315892018832400586884435348481892356091
59357130321777335431769830484011116570997531820471207644055006470053813183967, 64892796726549279939755537986100650883552678068159208135418349654576478459227
72864408450698423982410387582983648774796125342423900921370941989540599771912, 44963443953953973921321289541165537370677919430349624216558319044791555060852
38227484893912274964767536597039610969400869962400955248005232175975477446348, 76619494770725059937674116867746532047211965656640531308963338880936893679606
5109211911338740699743688163301057137732308300200793021873517603821015363658, 26273496319713583505112368291971825014175029596945187180516330195270963853586
22567717721904106706863332282904276787798096988592336114920471784463476008254, 35499454127202516232285472606804774861517719478262443970484637852774830357360
34137034160092231689069307049318592238843935538151680440648431509157113677741, 21175881781793748497472247050988026128730828206134750933361441145632943138864
25402164617574746258545615597568075291980432592425709823725132841324563694650, 68382005428330428017165353988020239494125337547935757235647479243382087691695
16651996132599364931384527108547489566827136658343679270979639072684157257986, 36058991699209802364606575740457695343005093151869192407506443707091848665044
6301416617992648819908181343913479626070467907393489644992821147913231510207, 61143659722891858921832799181421340306948217284276903328341512429813350299871
4624979319460141126655607542407261989325082348455345066793031816141180618877, 71002307211416741781987785724927156298364611924037085016796640022254159208120
65884582536940300521057085073069724556288183431842197865007395045508349427205, 54917450919724517111232435275708762011089668089105279398430325042678149347782
63280632570282497097888913913935158324234806022965892027927933582611396601493, 29047882396631685440140973716327947101594491606103199557395186836222726203452
17223992818233952549932235205559452398539894113105840962995650916619730633137, 50986516369474685101240464568562954898814468462721560358616878324448504878274
44880040792902937410092875939374244237715874320554592657905390223860223359465, 1230970356287268409537425471426048066214604536527631993166512120878230065994
8109570035818295123093137043939466404746245972943384321463610981051137078533, 63899102043947911642830997831824219909393342396429430790522164102565163826874
72356917635878675577902481209128858087797671500603804587031361210663714399937, 32333589793943103207605243786913740568349643495573106676658726163244557818644
17565267578246998609692610243364918717195329398705274505289734803054235543422, 57958652870762564803143165926597862788366816604475157697275725157511772316607
63817948547525760585979366561042762912386002111611190640845592613452436084232, 49416646089091335574628032861841439360067344165494553525246380938784708198732
50006902420672452978425700275603518420271420150752272808314326115222467551147, 17598797697569129272252416267602494829181755051987055859417547985697810433033
10881329083536574859737598928215893551901946167193027037958668841690441385701, 61881833566863380454607295469594489586472974405372259592395780873079079616774
38217001007139926337330227904242526892980909843495168047857109417208544786076, 21252792843767600354332667587957071594969831930680044409443985325004411649103
31048037924477010146819513728707750124402018125861790930786961681846075661794, 64116415525654213978359660029048199845400490373499897011934674417103053078879
37520022315333303013737241890702545718611884515152644490151587059786519722883, 68297660943373377342663971113403199489435065029451123815488320114927000653850
64349912497279005396327389586747581611162680778735568276675308170306534564577, 58859673287540093736359762641379905158577766361595177951218442649964834667659
14098770009247277486887951586932678559122344990825691551644713026475125665693, 33889857904296705658630989389232673973466582800267302158448034242937471385870
11476211255308476372313282352309023057922726327852092993702107645956661963614, 22828858597345134386571134980397264806684122482808757115848425282006088346069
40036456633040520298264338166864444373949208635601652797812779320682664532889, 59285373544202613025600995913181286095062793179958875450189947361394817311244
70912208282499391773399849169629136202519788506668230511974628873717169067155, 43994904766208427729143504797986835377365493380014683947767664806609100034901
14263774645007462817180638286941075637219440133674079226449779163823959553189, 22454263170945150880451087262870973808839211401088558447792142259888372213103
60892999128812780218341942036349207131021102668679713837273679347048414154988, 60236072677125651157795527232835201314377406936201808100363170875068132482813
47412067203898503678298986534792943086324689862548796542707298048542836121962, 31094206610179470347980453223829143670882042481358428056203663197867327945895
20707995804321375115318517038604783164383583968756164964940451803985298452154, 31522892172023013457768732672742329542010728820081278947422281404397733933197
18297196575423688909913573627374854136731305217798299061053680695442375380431, 74201414938578242805665472519026746897814323784816301417707663986605344720664
21319534391180578502403392886459839670727689159051137649556581896160089419728, 35996335685662428774797965777607394849315886626684611741236086656151077563452
29848208230482926855905181297726890434910139327881110376702056229034068551357, 73661610098559947417915930851984766609838280261911185896905428899281552445200
45671708426628381358315021155487354454498565463117664879018886172877575180271, 71936197445476174791248550350938550051476871287097397794502862755435199469271
75578293012677472296388899602046553870014115822071697030470998972935715449617, 15945748283020496753096847141062261782383063739102175421251811211711478954080
2972575411491123688204644548938367550630183880633666343912873389580531960042, 76235050713975656594825727137357815588793905366866195890699697964828048529202
61503475942150465846099642519772145176024034695801470942809442936342539601673, 17241120879091633124481321526765001162361752806219864268713324917147972635851
5037583581765225462620483178432937208556972236813573944618290046947405824398, 53380745210363927949122823137205829796752767653478414962061631481168611444908
44440134493289887786335713818906701321329113462179827577289318424260517558382, 49124581433282346713405373291414014127687401954917008725874068609755492213405
37538431939767271795811796202786218139826289841995841039745933385215675305743, 40746858966517369980032031914366109034247449873415541993652954824321314594175
67443137318704331034176372692392873312623730063290702283146593717336230226964, 8248896435630750063238831338764505632102236828067955146343960996221578913764
37293441703740336313933433543168729237491871147439060269393605975929636127672, 9757935689781030141047513442444592798096282245446754127602997791736604897574
46733497111177500427441455379087308935855690091717528390632530793322785467309, 16445310029416059137229361533356700169581294293707661817756115154242676346462
8601037982813802870569211978011950463660039595149386346622144878476026104158, 10292025418136671103842175572893937631794673314793401339798952804645356229612
46720590848699374239829521719259226208596804304337190885073332637613006968508, 31410331884569221524654677919379225874735524281726780106891107628726243865927
22248485387299954399021464425559266077693611749130004574543221052828111103143, 13506463751068264021275789058932785896175192590522254685707895280966437044569
55316807012045195762021517788063704812461439829026097980529221853261667171410, 19874060825598111597893078758268589361634357496829292288101980784393332193445
36436312684962894619486533965288465337725259211151647561271592406454389615075, 14104297752672977072287858588815451895887079836909934843150117894858284527238
65219177718429161028951123110264038799452491223062655761818619229782223344783, 54105182748383859883458575544594053868909272409225149613721709356005406453934
13114466598738898753290822454905871537640020930412512037728358688870847740775, 70086743988163685004421564180045930539253223621352378957985483980037591593462
17557595509314682923126161773263904898537745832566307738831092968230808598523, 26595434400914134536823165091231757192569739530976283933801410374328587535191
38195494028163666639899610660035484116918458086326350126359370647278932093883, 22764172426505623329257179339640206644112544487845119643509315885341026959231
12085667789491004673950889249551020371049976848491443242281294294258634653557, 13112962986292858616617440603331585236572838447127499743642372451655493022521
14589551107880515489065259380511908420580308478939938550074977927262011996048, 18904294516820106793739039452001896315793409513860918008998402324007614748910
17192485228427458315648430802385197961253177860113341319560672145225640429011, 761697867796836223791155249911613175241710798373317511286015276090447532183
6232322308324593646748918282719113998876525976868206054046490140560477422392, 25063337166071281426666798736108413733484708134009486910207847355431633354402
61072168544265065056755804066039575380659346253601688672236391551235639621625, 2064697155084193658291399867271901603443481972735293194987229510824014408290
75491110878784631115078499974599240295907642736588461094753090716040678486655, 25819062510710791315549561511644860759071132412787034814715723438198355605602
26183968885160597974478774313124038839285955080810600336208002272972432217076, 32698342874263466904915969187809944701148567551227693844340930592857222194507
11593177550325503173916011750966774858089461882028734610583018131381511453849, 27539194769382503236020918708062341936619034985834798111522696596095280801840
32822684107183445874400735013550361991353862059436533598693676009153395771527, 41830020829781421550585006265968594417569389319964760600021027247956722915220
22170315319848077522615152011868009795575222889786308285805999656775867866138, 32513259222478747524775329951795274150154030502027171653234956926944321034010
75056990266086011756710948676943286805702071178771108064944324642290162379994, 11051609656697668235098575326496009097331588991490237773107193796796124840406
66929379929280465153532757600549805453193480035956252278890389816283142117547, 27292131606705081004388388126981376913714654253896659013075838507530356550803
45466953133578583338081500372361222662092012435772395777129736865363367883339, 43879953495062026880745180143644935154198435558874048931249099264574674622981
40194048064316141757017287501148265386610721968252922162642853786192511290735, 11807828931765492507495096833156238239860501818232209586147525375034826972036
22526369247885822769222626137196167563677888809427249431834675097614995356666, 72282484651268074441029339361269261313295579275236867714732411160094608421131
34164423158435900476836213140143047263687093991247247380598502790559423973364, 67939876060641436878286357135201671738749049838448630549524811561751479201189
45232079766831506953424208339566291389807345812604985729553473574873187213870, 40094018007881908292886310878970370625444975479987661943841107736002718316932
37601407768469340056807438879660606930578381459044992675517328082988590331241, 40778991773741756045266638469081066623568646841060906569257282475655270826400
20366218393388401315478931425342735953871453522155716849613332927887954674422, 17726030929972598826914915775809900222292069726208163182620188346854677856745
75290655648672732069217744166592451239918568597652544178972404687777688200499, 59977539900235313265700652643697073796496109454767552798781844814916776551271
22637340110222923581240947891595769610957117991124176475531664606738303953035, 38881814063728215651050941542980347583887610570497915978853915449120618937657
55330505188150255436580363106564925999965993981528512676664775463913893288264, 42356050596606834318510794813323975844534864610894247930629815279511998996606
44013959352927524673924808182480203192031873534782171967840705871626765332802, 76079519561043586307861880215089962214589449689060465158958281200475980905283
3166674037828954868824032639059356621979677276801997625239343102049907041431, 37766836794970336206990330245530390607648090657881442409345333128022037454796
43532752921461487368779492147216490048925813007747899496741386198464456905061, 22686947662968345931200386205144076603013483672977929610469246938948442186581
19857233069344938542772172853443971141056281352217659831506528352481453813805, 67903946233552654505560189805152464303400443492154810751484848446366863677637
20543673049765371499137872379900473653325529272559966023264075458598086141408, 57208343573343825675647563384593017710626750740872328454093315569092917997633
58545532571239114325515976537930163188996949117522749761103317473844705650780, 76543968669791584379900498548049240484878694549657595387803247246341651354584
59191233737475367139681756876277250643916692397209496298380349281362941407409, 10376950468676359114097828831760265257088192214197309535628843804835064123840
59928568468725792956566724637088257829725056788135787586915603873988345023397, 19453974651957047273448248712249158952344581760660340198318831157386970855048
64574308165166143983028569940746104242213861383503797843284891747902484448325, 41187918091052619103769887219560357960162433252799061542178610268325349890723
43094923401595106900358689601821631820168119069168248951637214712821978109563, 37150426369469569253473407009726314242744544213937044852595724095650366372019
67897428478047295299236497743326306540889169723205988339925773764434471238044, 60966180463988015427746760155155159259122153168362106582170040639498212006925
33167916254986178605768373899738025750719857268530622448217567908603509417510, 58169175995146076133368504703462488873738545407661930718421047059557117567667
35045929277629599700814215627781484330314173855920459445716443238222831760947, 12913178223524083582299125539815849790460577384917227898554034946266294978849
38332681252063109718086974400258784073311893327995102785602312278102560381659, 2488704029732078412001280533373803176582338135095801034004634735354109062113
5743175293345143241147511488716209371385010736223458005045416641452141992984, 43272900597413167659009536217526622468246325898354815978515089030960798261780
31976351814255037897511165601863534407953882526197136290931196295912466174023, 53941038571866731600626567352845725715998273625838302359953424147620938743681
5678252927054003657981911823824155552876952762391947428284509909541470525095, 71312348197662509703931920441683791086091969530795914051984360551968175455727
3396946002429703569406426968084350142047794401641239279136239268001265646796, 75744787172389319762571642416126083072531570818981860193350086956096818070539
41175492362288547206312263514847989257513983486682344925862718496658353183642, 56116424185170469619771658435983809172473410311429363565982578001847265172927
67537777116714422479298437395853961394004851916091697763964161342179036330967, 64638065787497689994768265432575564818276093475082813885929467610829304785105
21639273139766754804302373707840874544817878061352632740992709461781905669764, 65821557774100916260899015021256057850827625420473189879106999134584857257843
24437863577432986082189360805747816193761649763008558403224857423667414405370, 69149278810251927403934783317604866233064742278529893872634841721210283628804
16313731711902068373588128044099485073443315920145262120905257431898560877211, 76448997063392559793135950586622266638064124267786329207499245457715786122302
31998164456761301509183307488783280941139069845567567716265700759173540922016, 31983430635467529861537135706990391795142479391695845802923749393036858343680
36888186120689866699997409696243786461528757467744325134858870957435685419153, 4568790601634480954651577595276310259834500959244542388573556472190355697869
15838117250132890670285436595629645494298669711766287148427467416160634463391, 43384012860278334951079422936659527532000365970909981325946444945505231420967
27527621168073205473956374608173714103621823073377492772001444716593176788480, 52077948937717619878349839524794751160949805817995012594252598210978680404656
35444974286990286503539079789146946945280619017121333591464034378202158803538, 43748488546011087560770831474493594923658321582952526968409040947859769984103
60115144733973579363691785129693123875261466985989685135322757111979438490127, 21687730805432639035548570703595795672843742790718543063635030564265342386450
73028318144903102746419346829711107311217468062416364226373270327289243131752, 20754531045524379801801383063411278546112853482124264916708957511211440781149
44633429392193652920342546322305226890056710599524408702857558834928161244452, 16011688834780561097386350467460967376633891849767332490499405132531689969272
49234512557550717708435886182454581773484547847011272436471266282082132300590, 67646975076314360637696145620485830573678839916372125887799624288322437838625
29716903383183936951400411957364706585111935950327791232905230777474642463020, 27436014448842355928327997986922959055035817433761084244212566746569747756740
33778679219135634909200847828672095890896103685997032046049491929432732465844, 59871846437218438845943854851759453716212966477440477827303758766663522073987
72311335039329168467787027331100683651926034488006249715985781418855348984118, 26893717760676701100337581110103966292775902266430020619795400446827009033459
53861546833181447302914481495001950784365318669335858902748430663542074308340, 70008920552385883022785628983828426755077139196129258456393589776709755234923
48295821799602494807607168782131728189552396623097674906065709660338836968329, 49893189347988752487170591548233437290539865226313928892368600255796116308240
61848893494494400076825909217198130785524231614058588253020013356420464393152, 30331438742485981994335038744114524050714272475585219143631340921075429059915
57562384632394448781603271154797042082383932232917518578005526103383552482656, 66482857658016784047313406505141999315180074887404136682014347084376745334483
52544683083304871806348295229915749889075475939356342776801646257470902967396, 26745168141351719927981655126175096165390002922994399140201729912551381269115
44452173033533533249995953826027703702647967185440791841389328311385518291917, 72972632267268420283108285767271357792131560946271120414173156105731794381904
47502919729640898141091816832770375123806463594961919747019358792753150767887, 25245987511221790006617882294818365193378581244201016717331844533379999351020
11386986861866454012002848608682356819445306705565918819177955106586142314495, 62718389160493119523595745745212855122051023364925524562174643507348492378743
30150505643394159226052533401784686076920835339629235938679983326924698205444, 29072183383790322260335419532825922399554423082604212129118368308538690331324
16332259702275356522589777196803757250573158301752245792516636347661355009463, 11547412056836596326992854962513279836846269422362700301961444139647344277679
64687366549521478106613003670720968299742089172624703372890798212802607542394, 55337743068116045429833369056093511261855577788486547488251717873154143005719
53528382708700491919378995763826072044882795214202312070647033205400127314040, 58564969675859840189093812612377357088836300517975738361169626528167419939818
14469790841001838529433454624073093579629957522009567403395297526286752366378, 61005205518336044019322502056227134816408258784402678641992541909007009958104
37263021256055040695497239542120548848034506080254876072859914970477118208853, 2075304376370331687078820840115887331422229451386195958249567690339808582408
692242499060373584080222379785195874918254471949901588991450734557105843993, 41558171560297624620747462173672328443614177141279923541683998957041661876604
39222104695969866391256372825053737644379292995397448365372856279326087821333, 52436274466264427179415922240620056747216514485256324236906891868411814366866
14132146763880060428082830925477298916466729175739184709930338898280454982258, 38561041810287302465987526585695492860688963473365836941639844073281416995795
46200843696543198727092682422863382658127163018694756594978439570481891806994, 67104574692643880695510391158433608254780943056339112331916807716504408159221
59482137897445946246848813363465967372731477265433158683958493490591347194288, 64044853783100678391979331518405232151411579756905092737663290421516636407363
31542245270320246557701694990034282764280620571762775947782591686119532738454, 9542300058720675123362494129720689971658753585192239863834610689236037568259
38039924318511226017157095235486535648266008712417001063262653141493264213743, 65534838528993719688716827866879534921638914150909086226354094339960303825898
36745540226491000339536622364061107853229709841141412451070070029874013288475, 30351825135361463811502454366625550777553370199803584651205828147303504226977
2648314521444736256028857935971067303686598647055743725954762608019505439680, 52481199350549217552076124341149019983201068137611158580747438681482294922065
54464093402678438744965257323459107572379710791504634213942023806927055601881, 4507589963383638136696751527887476633990215679269499569149670848833972785150
13715763702485285262247315819886386312837675156367271010387686486970503427022, 70182214360148211792618376469186124910031679910624936988076133818177826415471
68019422401338756000503542549337637231468195975796209109899354116420549316218, 44752917336583059409122022000010611856388298850611702515411571464712969988211
35480223999940757261535323700085624891037900724449929795799450318266023593064, 34175781660383217752537860252484776327869402384253715083215218575831089156944
7552132600121925870547134756535690023167142518976982023178453542007543054841, 76761086064787534627256172117836970138803174223446577538863376117324532226698
32861989231776834021324836876516230028532833855973136414634728669684283934665, 39183491005217360371466492047420386664469141865415553779189807866144175125700
5010469322018717539951312898827933755816695927554761130164469847197098790539, 36762933972772765454464295191817219126967986833038940824121168654212156337080
1933155922041121820856757867534570551586711543474344005870986342355647974363, 30411329503321415961464714519820742236586846002195500037096460991919935870334
59662932549708616964829154071811002932381632131477175704530721891079948940703, 55339016772538229257436476624229336500776130905860016752179945101557732868101
64639912250143840299002500323425403122444954306771695001742399514527013438020, 47838429674187821049716920031128282380997325655044064545072884417997192609634
29784621099224988248310867942002917531403888134863009299925237719910800365136, 4636723565779551099562924367482774754679749017959602562709512525765640075497
36318535566861465888969644126592195233836865818621171865636651669299929695538, 7768664527659749773015009516404465292070363013274629031819854121411625016686
67857705730297552404779767418825970197881753310006240634868110486871854449763, 13224537657888717587556514039611295501370883118009537344998397943572219841068
29260436137773106750829478863257907441375770503227119810362905339490439695166, 49295025569983856825090760182132656910787115783212190342611833721754375388954
60023883381016785110152752875894916042430225274617584748769313207108445315128, 6116477550021957333141128305625929830824775003762744870824539206632734636784
13631568934938722035159727583262971751420556803175228023825600030980246291937, 2838396173099263465157853471013404073302193234524200077292680877623132321804
66080841406759795128571483440226481753191320536109473232573716858368983043525, 46649908951500039765753204595746373010452360509134318356123805904476871109620
17525704564459872307603491481796066483157745487236221804720854258384966233939, 52416171580434872921299930143356124248994585061366531603523439551066092703470
9060430442346399025228151716697859913577166519000734477893223013748784064230, 44125590986875841844656228461591419156394974983767878097455956786663839073927
60150491889408707155517711864828973294487260070195784530378095854608615533, 1192020264554194442662624086532177926604076216792652923525059528378783467701
42159836982971747627711794331997615023260368821782214306606997162255078969859, 68137907240960750628663247645176113608981460305206809774895225403932748094589
31396165594201493849486228412046344119820855068881820975274666461199429568410, 14741156240963585915440401881144692061837062347373524349251774695507667311534
18702065094357556046851201400132217811018323999153754349794602618798435987256, 8395731999108894240351529168828045164224020734733577399397386485920745092754
63409838218651563687632427075287956249594685253473187899081214058498739999651, 866841377387976994921874575754121045003179320509285226113322361798366517984
57748970737324351297510122717994534739971349406205765273043270963427965078233, 71347330022471208171637371845011956448709827322298715565270277656906459512465
22027652238362506340754001278764003844047928085272711469669440712217371090748, 70459070816033050158022738548755014777661887280181792803032112969025669466208
17348701393550221396206749617024537498838356286001745757891651560857070528694, 31679745718147116672305230143831458819601669670360946233459653635285283044525
15114871789450149846899602243078047628355054241294975899479316514954886150544, 34422076249585567348287145384289940039500103266602073896305350992546701408232
54263622935351056021522054539409578891811142388578078758982219503835521881554, 48965165083934347152179932898116522600901868851844788884609810755118613181453
67424290980544731621949739048737490337174767769419247727242441836495909881637, 55817566981557539330081269160486604656855677790856850051337502364074114258447
71596623096052563523134021586058937156059337669498228768634808684418813774373, 30689333311660330743373986654110810773830491081317826841043747411953024555808
4725715578486814213111551623299812951590978651022648117360211395610714688020, 51099451950349872690621136213957526316202776698994212242518570614631387310818
17910328554265330740290670272369625176953697750331544401843266729500279085139, 16045494513210885507213462765095966429011035036532114731384518675385702359226
62333812794650317675864310513889471981002498771920845559689928494816384600709, 60141718607813827746082672450367332055059574078132356728848501758863969571933
33301413891682879169628730184138255770508440629890022807880072318073903856876, 19272952051225070658773393337268814915776937118949857837955181915404074474950
2081934433980145394286012828086913721800263671478784198571147030634361182869, 44922348593480948945040113732638210920746909653809696386376369763629509973231
68762890605909452424786418733150414688853433453240654314073333831353632162272, 60025124672090847850247891638603891787662109445350032703405231135467134313347
190685195599471974717190109511608377804597808630404391016246124087788820514, 33661910086123099339949850448274581044444460474203258710568765200203034052186
38793126383139747216847949137594361120080596410901263264519162240578929803693, 71441269017056893115075785310093046265623643733842803946236948968220703866286
72886922493218840308684421743779544922688182968485777226547660941633885274362, 68837701862106703191529381352111398853042711500608924921285694490238151004982
40062911382757575744531287184275669915099865291482081937402668727973544890639, 2983362838561127280822775253475635730922043835142713955453063013606632575483
23519985707529102591294714669687739389863477347980226419730551086179757478633, 24006282241179798074492152888957547615678484076734649728768222583239456293667
38786201258910947623037510947693712581419262043719489259415687706537567645033, 20985332034857259170267014373281995597815266149973483496647177789473418593877
54590601756980857313329543999066333472823010991345461268845057671421581285669, 63074704285435048614471870435289287515039757665390626861431112892051400885736
17054198610088005489041265413936836760531897978806658642891084282642521003263, 48607003614234275774504598350939013222698022067894455512734225939202669396762
71825155323643799576618001564961503026305444218893293128465921762323455860754, 50630732714953098691654871932145603398733098219018688995172677104634143828197
66945648940544883808445310012494839897748720124569179841828548277054330371851, 69326855310138143651005992390249893451780508562884418059275937886211025959530
73830944180200294285806750254142853148383238141703573333748255615649198755564, 43830234962453649847601333338116795562343149779726097207967176167513147460600
68742646333429297795508653647275277914755136764806795391127359982503363133195, 60555203536130592211166719376089755141888447688416824352753207425630514662832
16588227052613279269497415399002747365878120536642356022130966862506616592481, 65654378254970601873238260762551148214572101563588304514721066836520962096726
35806017906342340517274538089549307954108872149961033495285977428060156493447, 54979010465299056305552329292519816007149031603745042106991616052735490756531
71187982867397951432209576841191063752994340240815473251769393654061363783039, 60571049845707706355201269091507879743275310849564930789135948930274737305936
74986190163117260175697584818001171774427383848388606115364769901215706248542, 14003952596118013787719493270324158727144932400440748516708351148640109636354
54193308879002309998971564024798934839759060048424481758844830488718416806128, 63044045250308098479532387724774951094989646774987765813744323180632176169333
56066171872143921330320548655988064519677390487444152615605632060981014284532, 67989145482911717587976074858324715333913553636396940858860553478412121409147
31704841160760776633614205552854260556806431050243904490679516786025660784752, 11885448189497188000338923260815493569699450728811735624297370739816188570853
59794834450745339439294799334382675433680693426129145444545231058437691024680, 73812170823351250093295704546183434437077245250818758880524457590949914712215
2389123768324731270812818561254441186009616020375083860675365436699118138346, 58869214208617269701112980987852642433076658837342289807288761094171032005674
16495395368548614753887292173557214221514838846503697244822682095021181195816, 54290857861152124085579960670261344968653254752372380633431116616563619799577
36513656145948730835584982730742884433833544223943936819788544775927885001261, 54519206999078503384317052657320894806866793717444755269725794146185967733170
52278374067380337864714462058998450177509309755419782849211321716928426159488, 19398202181181279426352232190655391289437984111065024462848540606635816115378
48020063005700521260133770539356888671996038028654912453882357435718562983436, 2996297729584008689073354113754181778440242815761366292841760389546577596262
55280859013966007385218436147039056284988021513920004546295940718480075864129, 74086534514690432779383479409666118701890348438452615098709048503625162054126
43308631167347368172538265835655529117810987461118605401619070432909779090325, 72291876772287424812106345311066217111725942317749159825059139696839446174773
11404041565695933686069942181937264196144584471564887678065776648758990698182, 47381407778345071191313304304586607525924559108118527813050926828274520491897
38284920274877149252702519915940249979259405859164527313217131443484271354205, 18903467598859956124812820707035290979039109390762919912780572935145712814736
74576300855708275708022874011660417012110975995816673136702240331407448154468, 43243041182270870690489467561972174865384859950051362078739658785516385536119
61941495266867637259032606389218174160586627652265880912435388159558634769332, 73992885455373671497745904411396617667330580174521838327269539389511918727272
25379399898889540060695421333071328647178664458741396864188738153483286063210, 65700691822500649440015247745074910504986157495716299084462031477043237706911
52923715055520345453194932577349455881088627461685748846581842498902911841254, 61811986085689167323954388465499802783818841914766798947850430202716097997600
67299646299460389029856618074871119145945529875609495717770581813927201587537, 70816193180933213360698769240652619987062834615256806477221688258692974333916
42624898824575497659514147926136043032128930612395697170622663695089816433617, 39696676429374051044812084630127289127799522973838237598296307898718303410441
65639748964967973028519489550661731396203328146003347112087069799776523884161, 21629835331119934092255270066620566894255908737214117351346313620510327356266
27628793710670505804346634189452064732440441157330103700721384657966001414474, 23647874467328666338854148665124605567310878364714257593566144125157524148389
1064350544498598963851615315078410524698619327846941193936158137244786692871, 41314408017931008495275585655024366779949200532646214548468582183498936721514
44416824251477211902639705477726398628856522046689988509195691333986508069646, 41173240660427300013627363655065999803865094353880078937033573174818935202582
662625364622887505214876906829263482050244653069200168568270659576685082349, 52461972510600358468921497898647185712101095304530511325462179419605468416024
70812558997312880387302610203550686757492812334578624459098290265530310422194, 10493672918553733245072528487990151984533064970232434027163917982043082551418
16780758582430881425250535443517528400924137797347838658011509999719309650815, 47597900212894949210759870361572225238825134773266259580025835431287935804895
51908646661642893472389963372907814468527324838735185148805751633040048912539, 43318871143499570963257286258380320998252868065175151809002429059045033977333
24538354594042977660471301397392066275398763041340163860913189953310851789134, 45653180256423002617879079296136232188419876834674702981526862158487113621137
8543253180125259282122689144224967246389659230170690191810000452894211400672, 37498358641804758728415222377772472204735105359239390417533434482747805699450
34816716570376679124235490882777299309298626694781476423910573685647446505238, 56548353128269479739737872938609968818902727050249496909608396891629330732649
73594346966005798221660573647347277674395528817666385234858072517731162012087, 22089375416470213525525510075564895030500558300878251735228111093770657097252
18951201220296354163893971545859375863761929224766866415327330986226797475411, 72749004313157416482417010191534878419820165624951141104204857031097628203072
55812139342872707783604069146304142616009383255277598720566857574492142151184, 48739420627925692642123643153459177242314139233151998914317010308992191840898
57570974391101392239064474959337428182596384851313322239461852592787484961438, 52412299870480018688375507742358137912843909446679958270732453703985703050326
35353821060226081205746948904298991137246457418557937651621986768794985307986, 58760656155520261285094432036075843450006603520246655970423335706662810846057
18581078762248728006264944703216310295657166963600186762688625045306714477019, 38585741576619099776453407937475278850877880884155304878651467846875913719279
7372311157805487413602931684028037950110044453426663327571430734949943948434, 19733754293259169876335115285306591160805558415409478813218664597510120712243
10194159280270557698512718429072031835066288782579917929781982308130414014050, 26351556197628769086627210285915524021922715968411610205253984765258864333539
29810752679420205121675295537876797277228115366471938262691157759185323570621, 27917728711233304245522309780530761328956313097419763656632875175164514258970
21712236602304604625622404874025621310775036755406469513635262627283036590549, 33332364100196017852025151644330218173957373331030508655624342036826956886469
13315530665509978423768575989780415218753122235203204174181894492157424996020, 43321115720320980067839226676421900451831961238753397293759240700357793885667
69170251538072208538475038943813153603165183666691693613517402257138892617035, 41360974254596341424577385488991037843779567419517624448933497628036910970377
42574234802635387903224052083867769249572869982192603329231788892042119845482, 70678079985689660298966281008359854499640037055105265244764457119878044742433
72651168343212426605398324764774048233674350203340297383952771600087133139550, 62940951985497446673296099859922832561326794849067203872878328470341240288909
56409857224414712497199116618136083189272774791503241308319202659227225531353, 42714674350605750434635138567262553502245831975165695995084385957347555265787
50675384367794954625388624828361365575761604745555271770491971976319864703090, 35567844418913730205098007099503545699678827027318134489784327406850660500886
20943655774836433784156616994550404646754499291184311584132678965935084998676, 22654104946052756529024506388586649579620325852626705713419263756656641057501
41932399305316393027091695150670325669107891386555578943534939550147693735898, 38908085674379148719459715824709820276815791802577474953523978666670369233038
76767188471367635870616239075933005543411240175348922496683333611144412412170, 63735047700306462996176947101710246554165639099341736870049455469288297961014
18519254148945905314017917345686336737358487057039009849030275382582483652031, 21307183276877375708609156520203703675111214082805908278710291577930771120227
4970404618332525849897258287989555902243424806314925763945252161232966883157, 23010617464073761737284086159474209613050177828320055275053351027287936251315
10360814539344936443299814667652489635318409128658312327183381282515801324850, 16940992063623334132019419378380399990819844984032701213997892187756770374127
44647306218779461926022893900922653300401014069481625428336099217142996158111, 70177722685947368642721257310680717661105721080691686172810947691225086087070
63976473250703157401871006677599117896638838149116996394061688079397546012455, 11785199142802733225674370733605009259393023797241770784506935246680514091617
71760720513790831316445095481282106037981137158346378138322946586148378176691, 46053547775768327852449965410591242548356457990547275764368543074891250684867
4111420159407436542785286490047024446335202065314315574650079534469782528343, 66270057537033096346606583075286674927213388560386239773224264286933094390759
42054751607344598761665260674291211539466469687967886873778682627260946986918, 15711281198958130858008408369229987237913088588646591063941151744933526677074
54164967957326227917523607224795276661206148355671896357062097316597950427734, 21471561102616731721502659565293604521121781896040732531268044252976226427331
14183463573247811567459749989820484514720513251826446052923636496992512485955, 5958499846586116371111339527431749949404902969590132700091576263483627321990
4393412370549466504268058576966366988504479476063276970278548803085871135621, 19375224301540116246639445800877353093992757559524700669923536697539533223124
22360345575268584185412240189459840050830912160716765835094596823090353633221, 66526741303501786831776489383678635777408016136767340346155280850548674561256
50456673208233456386095493792558156732242953108945677220689446696633495097292, 15136698677060786521072234351177267959289796827475481450620546459906410224286
69904696832216894372849531700991645023794642463917979879837350647326580006440, 67047954687492556681181342949970603807306278175422868503889023790334084546219
414574087423972526557161219753853451855383027116460696350397265439724264323, 6746214778955606358681254235857199748878706390027865546173479510752509834046
47884051022144381956320746550906853228207382461882775078531386379249535541984, 50326553679446633772603467225477548170924376551232734629810938539046282729369
27482744078229369683095223739480417300693238187758293031129869260775350130812, 27649803063061189030666812512394164437767391689042372496558952215654597135796
12235278564588504932507528881630395305952577414144048079246480675130625152508, 47927564365030534904201570177994626374615411731897282187914949453008630954857
404633082853327850476128154755393993876247741476406916339930544375986720072, 51852436052188789183722381256824515315956969770755824486890047153111257696479
32136410661050231455889008400001422854048982195564713347994603907632898381651, 48933736970849907734266024712827261959047326153437167242535365887190887980426
53008607474594762478778797987624205411346296601993555024759290219012593510886, 24197633206614461364789165697423093478794144146689866340197593350946304795922
44593014480081484293703648611081794016676493690688833087962202959267064293023, 1142861338460250657960395048400487351271596796183921578888854571230182761920
16506623580851764955866437249358985208647569220123415117446130054345933823566, 25253537683136175240043190905199221006205238799727611186166428510890255449102
4836644557799366425388712380948417558903397294482701438559508741088236406164, 9652472599338368319955290959223895200235531313967276249820028657996637869524
68616031818384571850553852509410940903163771361321954981070476367026959824353, 24592239576097612887441802402977242098303396377645234718569935692405132711860
12112429590010320824862451792881950181440021018300109322506674336011851992245, 47974360470976776995141071432258869695081168116121470689562735304539868896290
5029077553696598009791860083343290759088699133307959589316128449421439881430, 34954067630791453938753794833055430987227580014823082624355004485787809199293
39899418706369845125177384309800286249096214424212798562497298182531959762963, 61046290176923985416758579493640849164143979515564900274814381187995639056493
461296619564729451968476482449646963691427107741949825898595989233029718545, 9090710904623806337209076456836804953266573573417222185166600264079778635370
18380843813798486958302793610615762909407094485117969305175579863242271375770, 58769515690492457032567080889585807524784494919012442821086141102006134531540
46717249608291326178153471092984612798939243239936508633215236026701266086569, 53669249287337972085355828576835547800476906612596626107638339272058334387739
74245887062291471062028193072672268393806510040655753897757177258951004480853, 16110966128962614402907676412866889712927869518065140402383274625982684391443
37973089857521026661511342280158064115265685134192783455739009688008982170355, 58516020060168157944805682581407639596131380725536443357863170037221165900401
48359781314536232340973379807764169048124270677488584700062593000175667489977, 58400948467715170847707216042104815619616389810392666099810227095307328310077
35590926186476054767332088124392727887339010344799937298722337396931865899634, 74813606427225533086677230076548563847158643612064277522957972508992877668665
18603710679712387800453406645811641118809768953682373270005909238180774041507, 4924367847804112545519967079206214430948840421327239828073533131706807782692
59480733243064156654911496767718712082556231158905378470349908735155777170426, 74071048463572916041358230636702875395475713792426312165775851200993777447139
22840272009319213047435244635378379514841986402790724646968072140381649526274, 3912746736052726336066976489200029196217216626322722552505648180775366972954
55188023781821317138745301748600446952291781514944642275493657266905053400525, 6515631016027863312623579740259806358660234341137553067057084341489692745023
55687837094838363720988170010493236474365797861025393429733696126527370727137, 21301553707705194137190791135702131211605016922548122625071213699612368847989
8562360033555202507256884788934876802976482155274151274604605483663090959500, 40362430036207919672689782314935742076412645494532006775053317130647990956985
66263317984665899326067443343374301788592564460245640585156268952267685225573, 21332325883259393865434485429894631446652101838688390862638978589281548077726
33193203015378741214943966573441210054505315783645831934170493100189264865186, 47308934181375934397627080181113840537691641655793327417235232631414968391732
55058761489279733262556318452188749799686292505051105714956878787248565822917, 8112493401867166628739948946307592617119068702211429175913412464277054541509
27707827596206701445134399138517619173753560697225982012605094595806458712349, 51606898367645343620778297525711980748602615731462534799008356613734143117876
60403167267747057600272430917014942712972689781698259016140269153665759236871, 57446885772755884445796228334734665819700783307880559631368050272373211672884
50206177794363149676985635024732890543692303466216590835968430438818235126728, 12927810371462919893747813456592704258315313123896295644668277366003479484363
44513539288843363101510822655339536945499818160938470414388365915700274148461, 37933020140602194658991279313703708184764425343040753318189511391794236862471
50859932073864352013169338996077766415765975373896843157587639372227274825891, 2086800756081144015947865933338835548199789418103841276211195571453627291692
40327064051041510079756600310827479392755737582245126126293886517216511920934, 1172644982648703328154745510128264901153636994987597371254886537199280826407
67394623865140343339909722946624043531168479121777441748566194482700318974665, 8290285657451499740509447034876241271862892451648788733285874244749745698593
34020792876012329799808220442070304584660604274084323763303819448367954901695, 24780624869780824916738631693171202289698266250497250964861005670222336907887
47140250024328039269733849810515169195382118329516223092157640198445872835504, 36342158570218930888604696761217196979440706567144420902953806484068376925970
37492649132299205330795835292251546439347479005258592998128278745128195390330, 4221071558327670509118044852943589690919389143058535937832648259741478598835
61774774833593333643560146864770413442551315396291623112934961922712270322310, 52315048857380682412665090645827138344084465676307463344140095616237670254032
21997700572888461897565183302911396774078495781618479163751041040974918653559, 12351830322361637877564495242683678448064124810430072503569100124879088442370
36138202844273028508517647090529012779269989861581999624784649751213360687812, 30827841134883726681813953109903383160217262953112332321760634365089342225364
8570246506509437427337412057649146387872589931658103465694495977171326238192, 54355654776741363769687429784220952709105372446619172284572744353157249184764
9254735239644402041536011032825689800608863553742660170053520893106492591750, 40964612496068791224761421382574455841621456735518587089628886604668703449545
25779638041713537799980710158175841943192769924485305233315489096931212330248, 31840318420544636737594384340898802333708802827145490979979437980860294951848
1171963006901147726029689547908218440382985320191994180919292620368998213246, 4385120771329974830512418345332976534586713511162664236399697825649659846668
5616619469218911581564210695352563939027277245198160331137017910052101014412, 51899956526938638954584509654455390842770475518797411301427888769226124168177
9157242145271353729531516916291393126771184795540816692246448366891310671369, 72697457953955614067376462559865225967828142416082364963187256024368073729121
25540787904386969264895072636395696380805715562560964359181216240653442687151, 61063858543077469614079624014007286504678624115154504831009361603120849567376
60652248215841960316102370960018374827309550673682002809989842830828906644158, 21715502536328129050810573322998308186010635318178153546485763349490836041213
66441537785061910998587686200026652597495064822065340310050917327957185368899, 26546389878121320647099608371700903558241499699696606862143853394723570456897
45111190797726956690243865404229817294587822915075891244374204916106756663512, 40523313997013061277832359242218262362743293358000575655777192012391378209560
35169808445409739857595697649433803731181202750367596628996205255850911750652, 66115794872187408196467468554984654653026886617644492127739214913103079578513
35789228395908828695671800648127696395881558071988826781802374961123312976765, 18945638218516143785621642030245815483989279642005302127358023551590920665633
47481422001149662147063229994357787283047374198747103914975116088660735215723, 52366384063352471554277790104636560181048547385566746651713594728768725947310
29808240247873616542168488452196448465609989916339759689527435318745240150811, 64544949706187691342627711472477492455924446365897065319575270097001199431648
9509362274972832268648667858205065882363984160632577505099541878570844664118, 51444152934249069564759001685416555013005122359215168063257258879099953146661
73980088003489960669094102298095550130142695658156737850613200352472545582022, 59654980919055834541582310837917617556146410363746975900848472755239133899670
47369950287854870198917414377933154070656282713475131152684259018281871498027, 12641527555183811064168765400580396853031271982105251244265947324288444238216
19767151545103822543094401527483430539367190720784494880136561240020911557098, 38173840638920823161854521854349784676807657926906186951208826502010737456100
52398581927831048025606976570383785178722152348921886187870432734559125059165, 20488544797502966620978213878132509721721001777048027641213274452942602013480
60136380069865183278147226187523047947004312875593182585779544285852385695340, 55162543118206994758281600801284372066601865328149491624869926154621177717101
58919233180420285307524183049982685263933550311534344959239089927027002983039, 72088227652640363165060208196972677721028147115247764914756765284148651930487
61006511847265912291847897861134150871622899111175597403153919458352756808986, 73217325100052062561723145656455702370587938152846181425207856268514833731362
20771222228268737941131755310234466645269290753460793438544905190078571190750, 60201846828261672725732208093767734258888294734033710248374759510224260737218
27567053050354461127628881817481840481646912155667204124997803993438649928658, 4976264572362414837291958774917410010688884399598296398458858156554012249736
25461030497771028735897175301050367378987520842649200457764327604229265337367, 39413320320817122129434621459053861825682099512377669265909220392875705913056
10421770167021362301122881528261841526215114117914425894649022576554187819579, 50036935833584422998972436279128771361540220260370852611079910120294206337273
49658372069103142754287582617865521025401092378724639327500619287810543792841, 72809698105294906026491580318445087532169320594974236729109336824988390350693
11553658900707805672465797560030195590737011062567419005305568315787407954441, 26256701144055036669738635170249609975161868287028503850740018477430147851911
50836654184427746080635294452393295649732942993332252379857574405767776198763, 34858547538559375023404257966697550881250700507217742283741453934831816604918
36107110233878095776986848497284935075146112957256117455727020769791875170667, 70433763205585774368450377919167139521780614412671531304627202184753757357772
76768340357232763178172767958936727080543132436976949118166783496303848365401, 66206342190110776869486498832287665411528618656649799897014430246458651820986
10410907155277134505533067087939010557078250187790056653895416452783738981914, 63826579913487885207036274423667150888010037040738908479597639913644684096066
24350629044875408330178169652480762845088733500979127448748826323797033954979, 40738884981253168471201240964234708539659483372465284202432762448150178071880
40044776598119426388389048367323129031606303770659048108484190529204074718732, 53728122578781683136266657178879196340742277810274496581697518315146571809231
24290416795263914408217467908705239687735281881352500828750661556902866439820, 39641840849401719644207259357833815156743893910291035791595605165748694167253
57777010132193083020006007043029911998396932330177386271705254923476868693428, 69272139188089958051775867720641942999133988108037395671517099704066634618949
14939543027277125550686902323454271873823889629200812127828883247099040543771, 54842685279938008844058980326313537588780034402594218010087501339590598826149
66429283901361282970507954811340093133040735122137312970931361750234699224833, 30995418391723685696330106129225566341965568262547787166987290745502285674911
45806758563480235288890719778190658745892580241257990261012502676871876922567, 35809728039013919731883967867231677311971848273730086251258580143341803960275
11790015870711087721306259542198393833725414717428225164267334638649620797795, 39865931993285367322098232229401815954256418688457246688760104322404017548608
17461152255538842822467428774937452200439477626493521756133615008140500628624, 11284494436487519285726267976557051959938661498683625069104331297429243503572
76036763767492821655370291363816659510770405914481143106605202305776982464953, 31756955048972610775344384483708929423536008062782039616963619999105267102207
76500009397639829236949296611091399017711487422861652095654226562238217981983, 27707186771522457473965447440898925408595406173678919229939722754251754408917
8001620318704266624613391908020799885675418295647170714218232184705983477136, 62174295663302557162033668190486539599919824604259223385745468242721546849729
74702364406652993945957632873031835214924770774184746792489230918082790916635, 42815249254497695587021221856243003917962348260976935163131711928563650449857
22791475246562988855040047065769487995283633079497137212209130381350576086694, 67262019702366663840925060861007872819277656427082402436799564766869919823907
6682134554413492646873331376563489113336571925775917843298193334273481644712, 61296838744857243378389088929088739286150115160344216333450048756606549076104
33165366576628824151090718794690374637462085555649489757170135635701149518312, 53041061055331828025189355318483286773214298415367421423960778934645043412739
70741906093214441039829575797249542697681190740039567347851472911951717978401, 33549863308717920657952179782740870076725985929727941507485958578312529664537
10019985938932679593070646019691127747307409450854017668409345539367317064661, 74335802567325021245273384498047274035932087775767736327436076807629448076823
15840263606484437168397133023088805483054464460178613715581488637011925789647, 48848792562167894852363414484175010244454069117549496668351481849906750006275
3071882713387092158626666564226888376971420488562678904866985616902707621591, 72300967863513041261204939021473022160131687246541532506011243561397124374267
24614252532888565728349536664823440935767769649690417906839403577914354319781, 39437147707273314337320540335830645572557599405456873313678206234203774948467
15133742521937702604284524556367762041663879928071546271613435504483232725920, 34222554939813214113401023729701837507446577691440159649541793201057536898301
61460993803842456183013930860695815522674250492649326753161121674962262346595, 2043348058804253255158747656918394394460228564166182548614527630714701307710
38063649594693379136909196093841491118168349706700579761829872639876119693870, 65100546437686392553289788722467097605516837886740101313063859472445098800380
8754382621832351516104278178829019780924852981420431797497920678604045822094, 21714864612315302783189317907032790994090322880822559838007520455188041177094
27839390059256296589174445367130755351461428442234262580687563626940829687874, 13641926047313563048548407902787230775170145221989118057330510074161668173979
53869844731990026994404043231882865980189365589446653762080326992239922753879, 70919898571868250909237882465564729042505725203997809074520043821484356715493
38170303500528572179483210109802477966299415911889503545897220987569776921226, 48281643416098543201607274932273648397785888080616017463353153516991496354249
51669740225331912067865495041896782490067987821153587504473292865768706903405, 57841246465812255907094167981610328909021003423300023289840687354455139789606
16513047571470772282021940746421237681609294681706628217398340742831971203807, 11361785106873598758749018130671959546665240857390265599320397918130970063130
36984184095426063352735581330857464409109355289756982083485140020837240698605, 32293028587949576673989163390715202552643478903586546586748632490536285490580
37420636405075754901514328270785270087358371543293801782977083688401171340431, 8911866593015267687822241722342594175480315908003597024740161258691725845401
11666606710228804167311510727598947477852378035830484168441035277709155811522, 14939781579972387901342334871993831044534377288748172189036219380428521736936
45381486532351101254556839224810341718699658234188300058815268927707672692613, 46350509591096051913656386957720637589060315349008074100433196032821656836802
51536328239757644492583341449195629614870108497761363150088452948806314568635, 30777108717525862481954516161806898224334373701280151887054984500868150703259
60973648635987832271197505786521006335066725720437139212267054466540446956927, 15754474180990742689732690922623682679214447490578060431763267531163681100784
20165493463024493409583191225754574855751326779617748860384082662200354308375, 75971190371572100080510860390089989403853523881816343477785983778375375262010
18867735153557412509607486416617734252325718329161107718042296478287424820356, 58631076468550841902951691439922471499924980068582392170335997460527397036692
54910620222976914943377503777723441394215513170556843211091385770961569630148, 49564399210554585958329244459431945712095842645124171902490518133446803542556
58281028540645060601243003679809450531116844789636216677083495406055986270903, 15048613578732925242661118024091893661434667072064738031486963261643044655269
43422190224888647301547110931426993661873321126949423253704400354468191359946, 23825044716142540272900915377521503542362238283773858418630386366435920920340
15753015602791610179755586347088554876011897488021366401687379654394177064973, 58739121182008538360330509861352106299052861032181597652882889935125172496624
14823367417293613487311007443488066835562275200820275328910914009009555171790, 31800616674467752583117078980155804851370344085889748240639105542041051247994
13178818335767768419494602159294812911033264721171619413913943851887080419366, 21218237863385314811092985941170928789403410564896887117479739558213848877764
39405639963833197182357173471771280267231386346177115196197103342601700881503, 72511736981465660626215188289439800173062490206221614069289107501771286909215
4602975729000052856940939262015556140263907905848172424411621000801087066834, 18099753775461727759913548714655969979679194311605533555605305151945958996180
38062905913112686829225397948044809499208842252130900965273442238226996084730, 64882244713154876155194710635565084813017805610635307809284339669343611584572
8804581815290089441370257857293848738009256280458942238049813731054335943476, 8047153996303645518700460919126930600527239852428484582509018752986142086293
2735558550634984501543942104440056011857492048500163851530220237136920098277, 41978199694281531444614774727880257778995878530258103036562762786014946987682
11243877844784658422805545230183694735267070634514081349800183264532944303414, 3789595777098335899967806099310362729273402802158560867764123069701738921971
27625907845406340769733076044013652261848246012780522521507091322578732589442, 10783224139960407990307069020253447951133438477564109781069094321055011508645
76337056480214403932878325981144428877999327910184074318382619151994806830214, 54501291138657118519160394027939388540176463238152771576087394268367417003284
30629765435614202366283721489763760569562577644551910241937929737305276245606, 24837660061352256386709913623455665331376140377977622735121874420829988626128
70001894096761637275827949968825048119715314036602231594748648846733676922683, 72068272599861869403390019400792043377567357142979917014976547249438627247743
17309798020529844538393306170244006177360389470067827946714993326139080588313, 23335822454599289726490322399228530480060031264195722466044718597053032911426
1972001160083373955531224358754861456160056019321119836060427159569198932020, 50908341948981617490832636686453671319704703101636125023355534390057742763493
48432945725531706622580946968573643001369728652503820633267029478028071048769, 30665674217375353564344667918434077200853440235256861299219071403943654207613
45753514644911570202923972836072420227193272278640182237355277089385827924999, 70060919672448524565149875673870133336416691292438270680567147169538303719573
74163534147348274475516189097884480001312001864111771088915482585650090813269, 14034304827737735517954049008158326866981946597459129803182621691526390322123
22760386382478987563137211934569820600948289753835316921646374321966310092716, 1467971524063756728640018596417465164158214297674271900169362682962224740810
32242785249859156855642916995556283682751815696774120536889742077065505805427, 4071677462650522775695980420140805861905040397379342119672059763300341989105
54805202700758343391430613742722718166849250682186653440099810294938832707424, 31962915607616609677701670006167532829795668527085563493040067968017469488362
27248507135998954657375651521324165651378251775423746638973007727156189596863, 32977532564610712457438788674440726473380046676288766088727789483517014985545
67162883562947527069379531505043911839921823293139301102374699645022617023825, 38509402966277797944821730656303045102558476911153385334647681367583657893024
69062956372785501685711703561738204758458644288985927749485235475724253248915, 17739587520169696964002204357501552391951549228681085799251184614021231066926
59021443345302767267299627233966698863116356322965906306050509877384969655994, 26858746491414605003956039544310585576426288351505628319485844313855559691272
60616978721830524314726815898312968796351978792521357560513833046366086889537, 67351091673359662037780987450568908987069442253612008231350891009492612363221
26202094871878194276806305161860092515985194211746568556726758269663609794588, 49653777302216799176227357983248291486604191533959313215790358348617466139520
39122592484443961556741215592520186949091600410296741701257381499232735383974, 42479018390843327470227469558564186713479800005774261287962194472899169774316
75234393827321359961711920930686125347446732623896192943592634204607383127771, 48161158748418431969949079962344601647118175645638526753742194315207249769885
71024464729115704563118181344001658928163451502994244064355865761199170834855, 51929692958498312207770036080668245623220465683626506662766787225498363930691
31115967487685159514529454091250035589183198049536500936765344989957679179380, 70652661672556912623767646741556316650240953044859746575492639352793848231711
41636418484758234644187008586540427222274526554033403734859133027377975949043, 19520271549977071143508942096607092326909726289349656324613706836152230272656
32621349456765468618098416719657620378740702635394563825257520027523198265123, 1704978318324301390628325293695843794813965668354951656675430326095827112752
69283276325189152062097119350816274768003508308289073117967907839684436079556, 334119703354391696615152080910179407672855899832445941491319467588555968274
55717710038746468562039899534431494730944732828270560960459696820731497275567, 14459211079067660874664958119154390469786161842511885641310469414085278604541
29729344373978249146346444234350520210780459284059039860844313874019729186411, 10718897798918931979733900053333818602073202474080430834207216014928584310714
55685777822466849560667068845756127576236929410988887825308826634336282374805, 50548604512297708025107216111734381259906501092360305679155016307842707861169
8576112449226432744835958391062486506230506729450392817743432746661622433317, 72221640974146198687502131748950755620811622401212856411912918842409075964719
35646003507300694780177079204347622460650775121644017071153003955319576395695, 70946534131782932940889948595437000293987887852723208185948683526262809445327
58520859607516596460532477121460573229718206186583629442180180702619493427294, 61322922851827992664268705978034130671870084921884949177808730667457248969429
62865025880776213486349495060417656987583055232760534480340289860938350484708, 44985793400524896008142668055036170757085973417477456595920353562406502889817
73163023094130583626287655639092095763756008060813583862228933371310756304025, 62282050605246854477496786123759537598673102659882290758496678312723573641274
27622126089494306665589854656865096891483831480203738447650285016610865274448, 2592734770235894166913438979405780579235449080576710333859767253480998181714
34974488844957155065614743277035338662309049645568673398952903522167470988992, 21266805133569271134259618946561698671108911516462646709643822820058219744646
11238426128935085638667255751481136472089464332207735365001294923268417058189, 38009567526662884753851956466489497797723409650709525911113058691472545706053
39131155501983576493208564891972503787716296196318773601614531373498171463133, 71329217785832120566022095300543678329573338370105232716309594634566863037622
4913610807853668305645769464080204844370456659197883717282495318426961408391, 47036910748745100325763399146051916668179602007049678256932734949808890433139
12112212879699714001357442666529934244327617517454605482917053519616285973391, 73678056976169997441965788385170610224351561146268867147204920204681454826644
69992654628213974511750412578801841108474354844848681402892368884022669246247, 72009647217741643571244649423464768605861434695042049499077090694374978658376
5308817234923780526059733391787617540613124497716413702788788098108002338707, 20897515341930132055569745897378638407799168809134163151413046965068954560192
42782320196247422044276638241655647478462083237859273667521766539472003633116, 35101770721662245929579540727644420523820552172367151261770904304463028783167
12769592965512003019152942282226239130743115059710903786812796858594351067684, 75847864216260500055678506748527432396343244459504608452905663307076248727111
45909276727905826368355418267948934583871351173381389878916713489882160506309, 34387132681502350938614003823925459015563639140703575067949092267887286555988
9162757604648636187157803061894822895928304405334064336693476633389908926051, 42441324715138953868695208241252938514259022926205460747584098661488628398854
65346977583897788272794226558785742379251010576784737038673413952393562684266, 36480203634637710108066989536994051768081653556615439225127869678753185828221
75204661783529937812400767789516268366252941395860278696037054403555126018372, 1113464988421730260063383738036473901443310084921811962710876058974488283755
69512300010812872256922541824042516359549399491393382532911170935439702668041, 69248197227146041362344357988342035903953762341719480503553417810016948568280
68953377688459431356872562023089338613938251388936736183000041111528199245923, 10361979174997072806892908422767673380669532125176066963869118911032442714592
70769260478851732371770944367005410997143820547393267442591021056702240644792, 70363719623695145346723308171367187509856076470504881610966821191204891406768
13388883293530359545320034332739697629008209481784807050171267207308531947710, 839069032756894086510351607605103064864859465007283226000786416297451910489
45547003585336935364800037658124254558747301541292766806313293967684836785729, 17992053834418713299852182851036482601601222432931884683831475497603564119210
34369282646886296871660370795641924527797562833780105252090706792441059700263, 6747351233184255374753572384579884649343088688082457982828075210094203358973
14466672641913085254657510808121922060494259809293413649174358113190441445013, 33950116532046784420050797937044218486605347686656360802054673935261824144448
67621769387213613836409460460420370819138668179891621173385614536837739727778, 12632333735474653263152106042692501386821968764446248246872975010400615561570
46606974709733457160848258257445699348917135828780723207352117290646495148835, 11051752866305865064475855684286536261399115904037273673995927616146476868957
26599447827356062449536979911665051176740731306530741249168937196508122963206, 74715727784019294625914323229214486070866252143996977567590193186120924072070
74787463525856812285232050133131351728346474201236678895015719434473901058470, 59596445575760345737402371784954557990613722585122917798580153825640656810137
26354895092499715877561013620160275268676180997828832599720988030561337969911, 11589321543535340461223587573812042677255059969809185369746483053057562777101
51714688694263602336032665379685281106692004167150024440810202778424235015608, 1074319890725483585004040433102782415298377369458639303214383355858771708205
60616218277528489883500683423008795582743038119082239846799019446575607740992, 58757034416734069174169993461895043907119048466005444070936548570124283163648
31880389435275686244388513193839641627293022721944331663432755292732477178408, 56414219995941032153933142940367766341128811989054652196555065009145943858885
71454549596760618592025376564941444870167720204331049205352762250864030702182, 207714824473866188157897639073213513102441232575486751476759123874866844272
9563630776176880221260896992168248034657382137258090607071264762191832886099, 34149825784869366628280462584520635465913963586802436710698879428593054432984
26222681777894677043836308292604190558169414148226743374252956615909591122950, 57365610112841114802196800262310658252366040868144942001258079153400340455053
71013896826755991584022961058546672080890620449324531965636114986567553353620, 35258245271579682183199988561070115410190986106299474832659253855238782684993
73576967563473824466058585066644316373187620379489847968525916445629294211994, 71631412716769281708959971170443387182103219275407758631565065647151976105390
24341569143293430860531058210599273234517099251113347429551656128812355023061, 19423375562529437115255579720369172473879412548315372403692764959474064441232
69768922947326650194834245377407632288173921933829127203764555045452399771987, 11299317211071071598623673582857751598246620988099128681786879666092922418611
16552343659419098985791776286509095473361370114488465945271419183812783654547, 11876844798754819807320326256753657185660482177325244298790005758590276176988
66812543725827529918415679592345963953238464100628315519350527401438575017773, 44075747216440744045061435193081864305832220593152050663309547356656035211536
50636271795869092046347040941623205425071554361094784916387559877541685292530, 22454568632368961602174587470535896481597306673274301689827217194496087367757
17062722966350459680964757648354076597022344543026379747275455231240513560459, 33760843628348618173257537790965846758873048993020063946402125546791339102742
1005862372149556437021693980734841065350885991215107432247465938833496890466, 47637204567893062945896344313361925327098952263419215321325347495048043969168
14455279988155239564857168105234985331001466137577263656612213787701675144872, 13908298910460152953140402534259240181944490100050938100272237979452787535352
28257392142497469605314418363285001423159084094009052549724456999436486430363, 10941433790948265273503974478075537480240941172710060534712543960492037221323
36793243918531294642116093052367975034978887162630167902415036000119549810152, 67070131618970128036965706308881077519944635468738773892303406292839818334160
5617252368759493414761847064914184387032662516402069735844525638406264398377, 18180343379509783626991241306086473265596139011090399331362062795315570319397
52099918570644506748088300869898306441629238739461248416197419952661964999438, 10875555763668544692729298570777550461753593827772549706735428850082086148229
176026341901159590051043022860506082940081995504316122115905766676730002902, 26106092202744560498656007804372125529065879863816126814490848347232254609615
12658522282164273654765156065412837988337920796143864274089025187786121668753, 27097577680126407408266020090540463807725038397944835685132695897634504847953
48654666768468241235650909499950212431039320504358763715894212264412169460734, 61619940962473123727402786471678156868444911922335315640846479648358433892732
24379681067502573119329361924508015879919357508993201298841688400415633947531, 12505981922609397204398087411478278301708509741288719771853171052847877418023
56783289207964736555296314424179881456340510005088444201920409264669582175528, 7770905436806068327553745477200406303136557543020670562646865421829568214828
7800102552062860038139298856107844209422515404327227802425872858321988961112, 32948720565778850397792193635700603850266975778579030714908870281409068978409
49594196501832163101610509437117266891721261045477177369487060523599393047645, 33645226034621471176395588776272865553823434766594123667384572148575050300963
38504946195877741030665865972331529436985261093963501546075778775186999738395, 64098912401898509005404798278381907527156581770852667435332477368635499387214
76399093801491360798892072403901858936802843012047704993319076756108201138440, 70989164988717012231685353411419088737298826327183155734104814071743609108850
55314949085962462020732481898559080317092676497137376529253806773449093979203, 51384497993043480623266877183376178090854574159770921768046219651546597571864
60718919906697421527459347984057278723142728004618583367343753644398185138039, 76880605158109195373791123172689423940296683533825393646901300266951173727288
52571388947292270034824757180434779688217236610239472811908273255904350172102, 41790207461970078262497031247567947585358497350489683021669398609651324388077
23396557405766326932121409863881012868131599626050984692061510441099814119611, 4731597639015067861351728869908264984000739811957151753129910620315087516871
32272426159823079750795047880960754736901744209396982763089596083172841570984, 44346394388690909030896629108519068369802181464611136608390357526638122838574
25234164998009848395675800594539157744748135340776432393701451171936669061177, 46872486722432242578072733715052521548339636387511142938253925283135701649600
24664513206052649027008055628421895923313755877299139412594611905738779428010, 20981804112700408677469785504235466291307931138141432011204051035438830752876
2105874947749743700757244438966865049824072046040643826451732169999601202696, 65462125750255276815221962868008702499140365227248480039010340933858586724948
62274429768185723734253354933105353159706758141243552017774638358719816511510, 603941430598501987352146979665848584682622716754113174895985736426987648067
50215194251140286599043622721058659706170868756742404506582209941401937989651, 44496501370708506278740215027928876408130235345438533569053866773488229205015
56492621681820449857339842402037307698789678128652842511524955628998194035022, 69896396582847496717474584413630429460668163599751677266738329047978415845094
70846008015601324075239349970263173931919746379330457286191019006958722187943, 64388285714595983364037724435679559835380735816229232425470889011248034049845
63815309036015500603147271623954530247131848277147117933477036638764709476344, 61386208650608787705468250860948467233465918873203058958702944786074232847046
76295436664837757728711977962127375336464894814607029064857335478914991312182, 19669519747880356545775566631980665486363712621606119543463982535782654470158
52173864608021760369000661037563162281107817967274026375675503671148303907058, 33799421781801919903623982917244820441003324808910350489222583071287642686259
58850225196471054636330613915457278639659632297498701500113201890190019524639, 58271909059843473020373177701231899457651237923665232448826319844515036222859
72634330241045288609770497623272187038280367070678091778829402123690640291533, 64063998996951015670649674299546498535349842646803433360803096255198044232823
42336357188736905947268045756110754280347736190770793495814073206376373750457, 2240488079364589862242967386293604010634833168375755672704231632303415573309
10787758028399415435158834312982573334531728443726822553672203831850251409899, 18725801525872315709874197832072666244532383640440215111801968065697965110012
10919400131200157926334090754898703421526293035887853241871348855742698685732, 10575602231545690278293560391660912897627367162406924649495935187646863186146
54586513925493961114351467188001436224648970792231815826456944520856004538785, 65766623219865020537070568605364666830241950182630585974480907466646609545976
69317636377194742356784263554682081174281136962995784376454598326832327396103, 36757762347695253883849571221629053525158089252691799382179063686139157301335
36028152013405946231850863837429715188806871812255216166975649253778769542320, 52818776795473763446655133161756871817803636506850525015028815105837672237997
60082142729237994979502497682046389098010326236601551194273192791763208626916, 62016731664368920751711682204296693665186837548924504693436313339819960040055
56610525508557529576879179405522339839015046730669884313213561201939977385597, 37830302861863785510836683212608602853011607598432204518000942907757780488015
38145242809106445424633636822353635193398381103983727451296322044122172070471, 56595138032137996934715830554151376329501004083899158383193003567063564516331
41137719130955227995581699753157353333546983212977689743772109351637396142091, 71315720394559548785980897374939322524303640126044279264494634614579799860025
53663392361750342044613970265757399245056580621077238982324038480882841992501, 42350016836897762337930103602371236561076600406727782421627292385182323354589
58745141924604960318482078679374946568518056701114780305181180773576264642148, 318989829707065789722968618254706429501144171540934042628845342603630731975
60229384492965935335664605541423902544729048481458307489468546476772500828935, 2434332103182428435586920196613861673040364965402647436316327964406886243831
75594280315172337155500209424822146827833988640720873496930821482988585684217, 54799904772604988236438127079967845659986767228929989339698194092992656271671
31171224731979463372187996640056343530234257754695281977182565495668494708611, 72721772423679646646745760749303855902216484925071863076758733153347124548310
35268313038837044365918121147511360263663893838047111866461663277730637648914, 33943772610106114331592637692058479192330615477556298957840541375400047061982
54881380185946328967160119265985853429142566246639020895279485507716849833224, 6973230922073515580126770236845239538441485481431382087828627806506222150276
54581786154016062630217734610505928345899502625737819647724156100488878929494, 38153204090862518616378477539419971910385482169890039343121509156252217595487
60120519123745101597361570779104683684021930982166121050071181421387654211514, 3842830515495839996070340861707671584764814956232880683631058933357555927195
49505120217570060497399044787239759410932062974247658963667291865805520140947, 26809189261885024995727914818751091485964528465137867363487586816131143141786
61161794783767489378274544570720214765022691622381944208696566417621302495087, 14047991884158687538551427725645608827007349198980682753291874605028587390058
47283739449539272260288875431457122734196402195017782265552600866193033604848, 32782493574632198287609350218037862153913632596483253391952160599504517270102
37494882020164318308832056124514738668056785283011349035812218230785208937786, 57900561009242940897709736860920934272319027726558571190243243874899919669964
50768943603337699365148028396203640879848175785854340657291733407925227702355, 41752071008483710464929143047493574050425730931841002373111618754787755813903
16827830919594613131587487409109398475437102046617561705679243657623543685146, 32380424107468435572823685898669581405670192273677176548527004358658015142337
48518418795678914771160932269860042143454918472869821873148174137412898608436, 49497594446406512435023847995518748038801828971407925972360467691234580672851
6433655229377634171458280875162947271780578835182099090534463300858082417074, 7278927969520817593997941670271565529984207638037575363646665709615382211777
67181221420178455709790074366512669841033576259011956052532995350589161786373, 36776481246861488128032515645201744003205873239340544902266305672154973164428
46497878258058807584941678448189475299633151077625148686244444227918587972110, 3722161593744595568744030673189432669631579999691548970436345676546746725480
72750876562047429252968106211417691200035750852273823139751878442817204788997, 46137158187297343933229844940540528370340615775561349643331223333616410560480
20647687889868065656506795847791052078619686073328284792831231970285562829511, 20484226363228028459316098357991249652359391744770114009227505108859853763753
62946766851754351803813311484887323443760192598914160292016083091269713572922, 30454738632970532600115187923693523365109728818937321500318169405119429331493
64881730116749026085096392839726718558330435979799991638318815979687609354515, 59158590618565991428968519003269128846844052006258091233668685662226976899894
7052529994383493488428898234689631374088532800017063369371301324814730600032, 73692551859547572210005411949262318932952807529598365910560074834044373690179
33710865396084256297667879155382413255540848224790627834912630289082085190745, 27334370422437106245942771444387530628414099233574804309622842477549048294604
31221586064587455179381150080413929057946352274950263587693035236760647360240, 4810162703166005227996777582235935914179906521020231676514601112305589152532
73619134719419148817840740928289178201551704132295920458295968264837649519163, 17319359443108667708142729376437118890979270952192961577315102699137451347195
73865794325837606365145951407414056667957566166481261023506253055591613343701, 38827881404032365047701843044098767387575753283490980584245576786505536696619
42934863370925941059399956476103141140737422662603002877903674873589827121726, 64764743758959826117536896939715658696915052056875146580904638160530910913853
37562845619597976095146311438179543901287893591042148385167142823783246920526, 18157263999553570607029689039029040300188261237113099003217460668329583764229
15302277100604582021870389431707409386701494020502840544525853807645537920743, 58115584323899946766574510872043635970159994579785107797327146358674208192994
42744894958491407028182903175408573717132980409234158360813292917132740857225, 770498624069901579224219954563883908708547447215859128046326480590340036375
73164217554492626289636900371859407848118519659673858351674495924652350811890, 66502263418622247409521648270891311223964007593048372565441651972252502183150
5563128807146406875898698454828212232843783751804030917298076389882080148939, 5203037461804530840765088002059672815522493168563049238496524865463476346666
29190846731140759682218155179982199460353332222524243332736230782849836305107, 75252681655307086671218057952982195324971384564910362531429182744743353629952
39372871307683414193867611794015222541078128477979549721922878970054146098588, 47293958608727818726931157116838834811527189245747378129313227354276470949905
11193793214606081953403551067836368703096094051347693377104047439736394158113, 10687939808559642665367313086315605975968351776619990690999893555086792829385
5410699849815700531257731895433514315260211154519011283934459587222093396079, 60916634298926019754877332659648140567137563569417385643321042163837349205173
34448889726154397747792154432082948100653635000358211485738064071388324074453, 76129100337312262088081379486615157572980966363035443695361413338421928375014
62834274242339003582074920466969461588552078604667921399104019320568928562296, 43095562096614559378790963368561897364797556685516904347967136791637370945858
57871453119137930800101038209718009987469174649978801350557986494259520140687, 21353757091436039767784876433034662400140627866213192613331696177488446257291
70468835411317389202308516070976934401182551587319498577968491925898014457358, 70147057353588549064890911910588356929136982905374813126165501861843290133418
63995506845312502265400560001244537160863262418063605795491970659210252684635, 24680505574521169911042788221746269670827055637862187187651914619841923117449
41148632352594137264493754346954958920949201592702264939473295570048500327525, 21908217700192346386623474666147309876326725144093889816546546659283995077351
41788322707261907761764765944794679329079314964317011544397397856158746752597, 5298733878230834088097929001585647968663028958134787118162339901487457248155
10750695144675805902084036622305229536316891928286722008108325441531748129860, 60211193217438890740244519749317017108660785068994870614344842211166274753305
59874311745109066536640062414564228121195387633259140912693862332755897323839, 69509273940050959035797577663342106286754876342179946589866499813401563016508
52019554737504914121111083885415269404162746108083966963641746837921080232532, 58863954340736764126924151528863634741268875059421215691040745078548884147567
2230944965411862650856309547175353697073735952021972857747817785156553045872, 42062376110382346368967626580732635391307110953132686122150041910848811871931
49748956391533254300960447966612114555220201665778062465719706439388816419194, 28142100816586505389364048185953231129227631549251093785257280303189798812217
13700586844368727923101783409780439393357382812005581569140829931710885675036, 40455574639198839582924212434645382426307336382648577068542733436105277237787
8334348952360568057912386453877555901660194272920311960271735377680982584019, 60818155013039787061129094555040264383123194554470624475571455773044953033353
19475620985811814280250019200522274635826659167813277009386419605359910892572, 24770011580621009199916835617051248158151209332048097666272565983771112969259
18904678474449552831808488271306705060401789624117555002306082072216615093110, 64633772290393154638347586721704671641853507202381566298920001425972309837323
14589267337354083336224794826050617225458888528589803083774260247943266725008, 9177683736100984201548157490852520491307430547038999241832941096739267206757
37397075515793026023399386923511793478918864659865262356442536597360180253818, 48950896583131687312008624457679535647551218913990137601566157241580921797721
66875723117666017373561118097931324533123164951343197489369658086173044035280, 59729337863238711266499830372328800984489045085376777168764950621286874823487
58951942630708998096176687832786188736866616342668993010317568884537773084799, 22604605454225367681233273712705504918266833649997806914669231324752934285574
25764739693294217639801588082796477492476167467505512862235683864796139079702, 62898492161474047954375992344023443828971136927881006463215857876243605937544
13015153994671204698159632580792924038626473667784016404717313481381229339808, 28162323837375916605984474332672057591805259851132740934760887671042678516792
19371582198219326408585149217619480899316783490900229865499523586013853021796, 42522053819175146830456412244584411365237036600311739030871213365651257416853
62207136792426296699356125378632124643795880065304945968038592989973436553841, 17471045460818296835288643721749392788351057313409860080287325075888828488808
7582077804233324318510053905891892658337844467482654443403630304908521039182, 62380905549502220145751148804455888409286994632759539283649858031175372302972
75110434439769657134392797846387212285715593894379688484649999192324584301568, 1014632200378354756324414743836751376696643018417831712084320895089312706763
23446391363109583545265562266019356416960375013616360704071122922967778756052, 48604180342071981432936510148282826526832088222167848962702958346537786172315
56963903690709839936695728922982355379488366609551621889608368385931008918003, 58032403588989361172213436400616114658884337512688125910191400999271552848186
31622068917722582837749738372938864044979116180106362757685587268166969254704, 7043154749078511424934299593717809559775397879487202729151444655312991216641
59519740552173425160219895598605184972537135923086382425701150914605042943619, 12046877220548901168030444128567734652509452326163781828184706740333618546948
54412224342912586323420601590594001490916490503195574587834008880714431268130, 44547677894807738985672653889056647190307748456055847306818227320903176188271
14521017288575204546008354598437986461701375192170715697669305508365249340826, 53399430459898524991808540197050168016372581524175957604960671164515981966906
49665344482933269902231741079179487913739489361084971975969843770818296553096, 48550311056392921155135219458836865404081287151982117599233660924521205970826
56881010898483659007345447003218189573080481964252413402432084238897940776542, 1501399787197042288678302566978345749340978796098002457850222998842086896889
766676457237773688313267388206873039461683093912928194533103682569928947846, 41274790079635064900163998245573546750531269531664378732988336261053538562231
27008871521531358086910441726723520398901006978964087294742301508357938419966, 22257408954007238062585727666607964117889168360174988095275777385021108251657
47111369704117463903471971830594571860697542550701052488888304508679229012348, 19740629323038100221717114389938858858644517885567323733324320494441532641775
50468665491940679192165926260633126724138535402563453055624101787868735047869, 13464408369196624966898918176158382198119514658635168929557203892596082376028
63950253942054226227693148269235827663682776280232584810277787197470754797722, 66227064800002310753430192443631861139644890163652160368329958965953844810377
34579499423942362876386118081037981965471037505719768114036915027544812042499, 43135735957141834943837617494049085785528547264128823451206388723638331184885
60554327097744372054956203424053189514333163973553567139305976793408371886903, 19573914722623740492396686228770586013216254226666146319155192920561181946738
28064353420346297381328288718673214776222566005522080749850349068944718925309, 37163984495637875955211879785421570127455291383462251540573161661123289131526
40305196996944672974568093219196975597281064351164016821549364982007046419730, 38392842017737130394124754489604646620897178955900244728177130711697476985322
17565578512690015483993095637707528988490901008418623998245627027247171748499, 9054553939863416014525398769791382270203822670982137113052550910735888016395
48783949179530849683356813278242098900401297772880014954507557337845022357012, 46304438605142102370941184758138773031253611158395185238523862605309885916864
52511252130320938754672916507495278081690160588414108375855341037412193692852, 3051509644995915053848628511328601202708333243230754994234243509709958588688
55009314222679705615328952672808058629385857403386007950116762032938599333516, 62701576748862345682253856696705246245980932263862690552211944650102875545044
42847431137296235788676287978015047010791478441185906408431354155735870714260, 54506986702817729353748252075436848218113918124539416552413879867548465503013
19487353021463175689864568449955254593221746500928488046398463096245845241800, 75820125577005843406735556056416875437403558637277352998243278485517483989705
69750073994432090090700637075086784814443045348067201707866926175502155371805, 61368191920326159686647537380925480720348305002775726344075398274784372403259
33602439737817090588560230229263550063577023954826814312434727978626566404802, 28082961747389318893621712459685878621301718243232698185093811289181769821179
20502190188438903174158852456974302384446673633744371042846546353629054422704, 22466982327390933884138955246167959742426920284669744363488969303709565865916
36065376107422075242969523017844805503333504908972938031744165988123435637404, 42824230045929787362062801836783751929348746849068053058174183434679338941048
