Elliptic Curve: brainpoolP256r1
Field Prime: 76884956397045344220809746629001649093037950200943055203735601445031516197751
Base Point: (63243729749562333355292243550312970334778175571054726587095381623627144114786, 38218615093753523893122277964030810387585405539772602581557831887485717997975)
Polynomial Degree: 10
Polynomial Coefficients: [13, 13, 13, 44, 25, 36, 43, 25, 48, 45, 54]
Public Key: (38060771840371731371429267962776768587621700156697119877051295000001931607785, 64130815541346868608782161851827355392326707873921487747045054561193738847710)
75396748253395513321005162309386339908723433716525238656978092072948148151604, 40029400713085164443625034811290708049597265042742436183664879088614058539136
63970604218116549618884128616636305902737717859937918277944373804117195402741, 24077277386904278333008355428886986926434455588038672324704905853152133948171
12404410908617707736386493086564519461467891152232153495866054856714130151589, 40950269080517713164333102283123411206194899738232128142289576469834374595127
52065080695567953904110129203520186363245441018879727965761821500547582845672, 34132121484736895151298024896492472357943615336378506423239375946244112195277
40357477263770590897640303999638184632502357474421193614162506008285837214935, 39527439198366879924413481573063761023725031092731079950759749775171739847312
46489474160728180676230910643132776692316758648434936519728609026294652480277, 25289623777763008458930665908610568991191076478952564818005951535210147677195
48977553354447200132663118690106944932601436322593001816500918171308473128474, 73280001229651830441249813183667900392212244339577600220115887142540813623900
6016766867341440170836619992815259925082707875176085972442892284135752052516, 31044843976683815683320936826209178181282466442391818847078329367213163749988
7478663951360534895678373171395694187153689102633936215430392672261010362059, 36851421501132396231211803632920407095564414171240764140012138806431555069485
51260681100632941591324514384089317900031054813196095017844876181223346722060, 70348598556589324012296524868626290888867832725882529401875207480806362169675
38693513845878546246538510971357528778068177084367730082985584912685812297768, 55444232315987655155593077023178652677286472492185333356591129211800861043135
28092776955885019249765626904702834319654948148432094457516241230268411344229, 70933673828071557475735035938298235377388020376314280955580674000390929648945
34149193597968775909388699121728645176658199430066659043550992703497961288112, 47041293989624423504494884683233756231430089600099468829400546341683039117460
62180099020835752738272031052918391017522141227314273417701581323545253720137, 69518308102209994420237590064862848897498480648634371587908137616461656494122
75499253495709364138141728279156693639656167796335940123367289274244151463683, 65758311508079087239319774820860675604387363729134179162611307246634483097866
14162216913124038443543654269613628261318570545952984599851398523950210570834, 65367699967188346593373782291869240569184911121463282460732117301098990972155
19640248333198704602048771191166568011632110879950389172046902234336684565385, 3564203866429892657189922439740516205747751665048639846814166429075772907224
58879473567355255247261014337108838140288861124973516149140904728732179508401, 5602599992448756637026397138470077506835529411514954578814979293801566281719
10694387745127831212638803844534235535288163447989028766554286320321896182456, 48152413213797547122402700831605178492132906997109692530822107410966417524480
44701121860920821196268775898349898884024426354994737537671732495730756060539, 56713354343873788575045099112610481878606750941830253299259221015492151143720
38508869890528475994788396006574734303555043128508536252228255924624464382842, 74029558287998412128022584083247970276411122056989618544734080057521133343304
39050279531093001169935157725832604719262858602793291930992199645088754579970, 28073544679740979341129920097822152274000480568190707003811574849513960669917
66313345532798928571404870552488650110268686050457183407172227898093786491045, 326779238406532781256797889491576395865548349391223898676999929406842238581
58463503566068788063461984632575066622232882581831189907008049476039575671525, 19315717451604456892151867696079158599385754108337468491929191243145254688851
32219270102427856223832754175913969211164806470221404637692624392105268247523, 19900689406562929276764822010250504130222285744896218125432657103222618382739
54029345490764670667369518159017547562911085541562952823834055055656615724682, 50158929266311064709085461153771092259166125526551656230163133002107837164336
10344560520414548967879262781316933685181221967006532306112029672533176280937, 12875639490314917248733433164909378747936797683873698479291859142226434746387
50570241862267505031569349092498180533328552111811879672677530542097684710357, 50572459106392759484894901982726558446909946843685448601581366542244774785015
31437311576174717763081571168464917947626351156444266769553642176023798363554, 51802795163328219383722155660677399824056571944386211593784747798777800374015
62579184549242419449861996557652653683713614843801594198161220042644068602386, 33137801607120170983425094520524892553776758293886619573350533205371866900692
26183732721642984367880880845259165945405507855226672241977815696487795168699, 52471743755383912152936979335643836794457378005627133026856670809084284393225
21996260600571036274495698405633970220755752819270748893591738062996350012164, 71193681243287908806659298608551266886051667591179932979764447767679036993116
25965451846728819101854353589955004979391124355999096278333509984086514957491, 38668505725883532002589666322186586642107362133931868651798575375060932420179
74745233470637977879426148198291255720853594378459333362710991314724121694816, 21603571864334576218852735683256649298866628735878384327580491023759307708837
9180005909271200841699645605229035418993883041179710102924059158195736198298, 23840974477721943951408024975275473518442108682931439488096368172109404209236
56444372521791219002031163316871790864296390414952673152954687277650139572690, 455615579286928449022245997322748347126865608912485238367537753439278873223
43850017464338918579245358811670794604759232541638795197940255415258508412327, 69293102013304186809030510209128034120401859713784863951377355039176701226624
63505117555706669068999646269445642288831417996209230493239261037998048219632, 26330924977645732201296133570101746378564336337512700113793420663685785773226
21639883891482956644372674604647546185656718755332925576945735815278188690761, 5589736103378179042773021359687558423915220990173969529450615263643388007594
22333532404930327813028128563158012819212167407151462665467417768781985643479, 61792595024722961843737688565797545085218567739844210329292977593567473927372
76090658165470920250606713412999269373867511186934214574906340886454843441769, 32018378623765583520618634849701943612689037301189424023290488291066957791761
32497999202426872916171728023503232980493900926477520586048014327082481378191, 66444226964609353935590714961449549679793747550365730850713026447034011958661
40294325527103035212841019673569150379638985722449301169512298930968374640257, 14169981207632122315925839968952606635685467897711500328196733562305291513174
13602190261230056718520338091150976806060456415128753144868379377927614389686, 14218015761100250616306737886242231213623711914927892974716396459609355688647
4249615570312982930676534452784188159112954419394006329895221880973598761877, 56927357133968277515421264092979942830124673846528182836588809692408542125525
54974093481777151019192560340340141277689728644818279098460880683432838075885, 18899267250965631253370847014409033207146063701723463342825886733583799562315
21809844203678338068140841622127144745316539409448665056271313903415799878353, 44857841530082228773552019406962861012916028490321608018043978218109653768969
19924616900491422286544399751452330314103314935482114737202294707152623212962, 75260388481492460865654937934111962546872989876643892616376344197488093573480
7182439537001855443759414290094278370000652188444980682909412228843861595270, 14065579157617105533495748084762327715206547531692986540481171529638559127214
50668776887748787738476761729842280971846273821084693682084006114258003773517, 39052286527132104286849894442292323832343922677706692260202595786970227476470
14939860708502270675033365184122678141649609469849170704684259198111156018368, 57624285980085317941512065007751424788683910689838973005513348225692660619599
40713509117621117514528976515522035048029594874106368782000837402446330694351, 70750839592283217241508055808023106948708250761279524699132310794377305501172
73260634556847199429184081624488435327565432057410275255291359958695171672833, 38468239207972032877493043749287454271753348323058002513142071387365434808247
39238098925693187866045533451186338731806499811364427380174810513939365036204, 5974845761618948231894255172344847265048148717737764707145354351267497287518
14699118722893833278550298935523821073486112579030182245210243886855755988518, 25060604081310954003247301451115537228005162672944067779424193614039758152889
8222992201718659147453464960017546149021102789120110021166584174247601795879, 21908687141144387491387789164396510151371459911040988620362360536220489094643
42543974843489429310033661200518331635679226999449666661895216616147741661492, 31907920155164452539342611169183348223292668179792355949208437537086787703356
65692382645735997469994517469771034525156212590167381697576212127940476152618, 47080586682695192021931933081246866781628819218903784633644856653975191061214
40789940095772916570192512743143503876968588100028584756081433119987325304027, 63888746560974102562495728667000938975672158094986557104593610305276764533820
55077155736895906801938713334437109749796726543824323430632931424794044302759, 37444112045084880543963039576263051075782967369264265413324321036468752967567
18615198059500691879514332863913046884969012681211517634131638525272913456191, 69232370113720851174444892776669983050304501868619482107183849306319237346213
55859619197177572113068131567099201323880828169352683515647981404932864011273, 50569837483412021690048421021458294409515922128357367082673471514206640696703
50284444389271683032886868325611973855578815523976449933092598137625471726761, 35371894853476415948476011880017378356830343704269712021807341114057305796740
62911027454622315359277603492393548186925956581190872829379007143744086258284, 48557001140001845633220328036932984984464196455019762839797954243268208460600
3847165253359736270406543671517189425171718159347565457915015171681778927514, 10521896858269654828632755292265527398310683296689783823936611027344731680088
63191963274982284194743405629550353383453441699595092130361759967342825880479, 75181226964978811665534190990036905621150368009638332875333515010805627020156
36019403682038420324174626650823457556773929412217088999382588576494904870629, 68195724365147089914245590788005080034248078934347769705609751277116566038960
41753844367368414089826212094389735731897954336914238209281638660190732818978, 40441133509038999993340422619805424765468725270437984871376741748146758328414
41852179254797501006719114878888056059680880892748310671320578650046578229556, 17088329303839370404611866254918249628912823475829243518291433808762958340125
70294643028342784875694466552742681080992859161518979460956085198249155372937, 66526394215041119575946556533831066288814016740636193063672183528314676644206
60886162748341888428645953051883344174793301320503427173231722189079032149234, 14780691181302461350120460586493344493330208027281058475169371289528648509897
16122514513040364123132797631708239563716254216431055630847866386677192514282, 18783007574199948856148172296481218792939671870398264870896686298262029032317
46970449637103010564611312033368181047502015352604486880713075824306264371828, 44300596285548984822371257918787598106314100235026601488094839965611201878486
43899482869603883394773165392323577016209926844543577214180813384311571088578, 19560620778296944904153514418246076647554153142101977450402828178327469380151
40291853344292358170875997208940833445941208367944749518888502302502081843314, 6306908854830669412177972125208898425972070295432048828630777962606836375023
57403291565881487510576491729893373912121329091561099858012320923245537438511, 61514001670545494945980708144236848285769616351294460941648912091829662984265
26754549311118487157904034155657114506849926483226797013636966758228071230995, 20283437834913615846383936391184140202447485140356849596045601642886208983726
22442729607562810295867569755619936196427538637199781126475558865346123733766, 44605731359191721746275412920151584806779999887712480214201368583858176775598
62930083421996228596573079095850648035405145224620866875984958660581215395723, 50744251932586172818151382769504443754486003148360510206267500705528824429074
68493779298687403108420513841353740546231292533903602355986760884957116319625, 24775889318906090594977660208592101781050758838580186933260188519383652304416
68053079136096730092968844929750420359025115424827355739232463227025395354044, 62089544063979069579697241682235662649542996753747969530087276884379834570415
37326807350835112701312300775204477199903683237655914272808284486752501390869, 72513049095461429479645628073929255007200246473979415411900659325705162692907
14027657356283851204108232026349282138395964007717736842668437581351561283157, 18681542340558614720484913287042791988785970114250740593878979859550502445051
62190019793445393078508543896379336851097620898154736240878325963167442417533, 31520295550519866435338679409191174429222632307153300627397083931577086673152
22793628163394879665836151385400402156267843223581718925276531428483630322914, 71457755269170590826697976040271776148226372528721810810190295253780690664442
6791273817095803799177975253056107787933692576603442030463929222637771107089, 18453627314476729063505338160121724864550420059218224412157228362119841535098
65368053463835887358952784830816834584750428471876532729249535699396482078551, 24075566438423698952233029498322094132862883393548680203662141697110956878062
46330831749464722616251232058477965532543833191791861957290851356227249473120, 67489391156677763113198338329311970150126452065557054811168287585839516326076
51132582201911908166686086713100740806032613421510461055540656839637623401752, 67679740643104190633802217699423004837688116908885315557347302880723689616813
54613102568186658450765124181663328665580581804676948837435615014772390108254, 43440284450449452002804498004412568193842758103684537078086047377018550635297
55260312986520338606450031343030734677674795425040208535224548406728698330798, 67966464380160257229346258231889962171639286721132562502957261792372486834469
32984068596616647306137013097004178100328146077112009959196048935973671034941, 74529981999375245021263519317444065891293709291549898875223261547438315977686
55578781371330573775696817886691073992094775871887330333950699283241765071188, 73710030967865525772396139529455347750230534447381900892774599679255239635809
46923139854373801945773267805941565145688382365170376587485467953332084677874, 73146293529264550978346723887696404621751742565229712470608669151496797787454
42008707038013976535976499253818352878486641595120488844671236775552226776322, 19494326766030372278413649438433145500733466973190779331933456447666371924518
17555222926667930494546007125779821029942818197316662683465318299174252997303, 30610206884985020700751053986626004513874811668108826850680819431550852415135
33306730701519300538278645221798141165195306291794603692929616161542825547517, 16720839141579099510937733626209416799028033371726631958396378642403392009281
54412782889025607884965809593868357911590049523359592487726164513375246712727, 26424304121735469992105984035512110212307055402248577921733659774534668929340
74741982388929473907094031689624197001206065796888701147354684910941682043001, 20587641987936038022262934281757318587257769947177642337603868586639360721094
39984136622818809185187653836675823463310752928967014882911144597107918461979, 62068180234594503746508258959080965371596260721697096012269760749311356631165
58397497125218256718890400567239424097620755218084993327993501823162675398721, 72813316406860232022646220637578656295678724326076849395548069506696149165934
32200114026933335875475602502980455084264956695652683110257635888473500308095, 32631962813951838138297618515972062476049619259642411404011782408326104738173
3259678321456430826780883698297846036113771937927915669040470608904829727280, 58084832268082796529668552196853606788127516944793431202060100782800743209776
16273275858473815997295208712012106137548082995346410192427544774243251583356, 69800153035483184822291171890176261454053170163783007861550196425157617288265
6198480773676148490609769330529617299874774643756545903628019278513716371269, 7386509563038130876040825303909955192791038758215803822142787858597640627630
66134778568804994161094320676560497613976222068778873499400617802363425015058, 66030657634259767452527148582396325737499915152593285363284231467605020537156
60455070071927933322575624645722936356314535897229800799793994255384654185470, 71595812342835736523106558636382248731911658151399533033959626707522879600899
47189717462168190363400775344221459983165819954261417149659652443544638973334, 1196525815468216324979693248438662666439367038668917729200242775937849705780
14174738840302317218327202862157142751915581414151147491661832571317686417764, 64172136945316625350825953355898714297110993483902586797019081146440381307652
60160807787659440222371619144848760832240806103783190936670613524701117537047, 50410896267659276196570161286887940262193351763146386579185545120158721732230
38837428382578581168150925513008285066025767442168853699674900008888055546697, 44785888076513263676474717602844712616572718169746915011822106689299711684436
67624805671532096164721107347560206233276961277166590967532127330462739056769, 39205573941458779668092101227987262555404336208957901000392155249009854063462
39961417167349118310640453466167394562654087498395879782390649955603539419321, 32368413089564005333406298377295053018572804944501584831251527951060867593908
36897427236045530834043747530088327250907848865510989999593425557342007575422, 75510330792997575167882758008252113910398014573374226500123758838104030862830
35470356394594556809074263907299049463688094295486641751374813358490915015872, 59916126721647280603906821069479449165041950994590467561496017987354028145127
11526454129294056378330733103367942349190152583351188298645700693572626295042, 40511866624984461664377149462149352277612425897852719466375672898418743538311
53283366840553911794362154481034546450177589807635697964450813084410828398228, 62321195640944361395699512027047855138553274416924294133188433911980848281367
53448419858775538461460867015195166465914993921405706002253723699372434168409, 49888016285755106046292151823911424253489955731263439424268122717792278240596
338137436538199893324756108130505136024173199006297098131675840661365562129, 44319145677708622392877642648152431392255842625506345184876776695750377017001
17492170159676218399631079542693623984287533456747094356446765081827394546109, 62452335911490111014385564881726560248887996079269084904004235493744876636118
64677433964672122548046937390693108363194445683642324455401056613245717025736, 21512207769984370553081819761377345568786216295693574318309360192329359182105
19470933416872984574049290066189953577527129265832707477079022150541574267283, 25766989812719613280440066822166773180610476937923387488306053463188609193868
59858160659978409773640482123837075485542085679586525205136982989527213146639, 25174207536906897187552966122829477442546302202301426460756824687459620688441
48117033938483975021959295377143372728308050962099636670947327152200978638853, 35806547869003898711122941190095341813878269870019199227744651987286456806091
10738821620613491668340991100250645215015394706540402969689370576103417054982, 16376650335154400225738389965269944753615903078531512729450846883105025178438
44050071993680080843166459326005622371037253034515131907340804134608163920977, 46408086904955121686381570151137383221028022006477754910959075953728165031001
19135355735748723441969633617122679607585609249311210269819175765796239135048, 76389395266923759282468232444532269509935861922138862836944758986285819149986
73800694256264293102539621361771164277201458914843901548050869806576844210003, 5200389742848771835610620997841736760794787261251505460401332133356500005105
13927158781042830007195579982575295910243150966043027455287998330880596062532, 56775325280033217571202382778054512570148600850365556293814488587591240925700
75929162239890944984334114593866145634800981975710836252667415622010620453728, 70801567800435513531963919501039539536928525592071122713010408874883509072262
33086896683020618749108222457080584070228423244806896335820101804611320555392, 18676689611683186533064080978063395062118804973578565047698077699477689791858
52819014861172130306140202000906430119932964475281904210888875494038128742909, 12282409768369336534901684628585718778109280724353412886853428999024358502114
61573794773642321115043691340887983173710396724936607419375899372179776159683, 57503798458128922762182136645416709240807891717739189327063439804660515362484
27726403016711596856187859128373162618264835393660432394863895364135978714131, 44191069408375174268350614139647927830266294336261041138302325052604451530594
42424453819217938362254600292727350846338566657802350149365975323947181066170, 41918701433645263215848297234151307580817095694488142811795241946878128976073
7666317502065881568829363356164597175700199164067215324414264199827263555340, 50659375575481369029192950274838422037069153307941826848694364503700540351203
43965228922386325175442112394044378710814836878695826348384389762313347946908, 30799411049398446744587976420130944045565093185980724241475951739302662530241
22143612640728847362064124182878220168310872102276059597612468305138876652023, 38163447568755435140254346963666194534486848431852473027627590742103071154302
36622310665397199439460782341695781372907093462739631042663559183318816862607, 46185334248319286261697526661561448235113958308404363437436624288149909420105
6478740505523924757012433896291035409085328453166457039098480941178338639928, 56594813788160250194353455979025010288375790910502311370584922691689378917240
61968081896010931447766812278114623064231736953849770424416226654705763658887, 71254522272594337388562815468454645501487297416718582091079221354073166194227
20877335488903821332543427705297952614446562042268405495709886641955565544580, 31983446124528688156494160833693909430815404941922271832591426190643810186964
20741435220172886280774067941245792301227142393379159802482017765424659407780, 3960131309648318552338772792374149372796702827653464470831122870945785404639
34672299187561744238027925164507551114750958246530170835166517422240275566354, 72769960444012457441821465014482173111096829085680929350663197580127708740565
24579701075249995268357172286596321279635666232417519044346577372689947944928, 23175757560704191663333359727387839068583346335462272916724311482396830448156
50574216423179161778366746731493257430937797387325540226259240105274285801321, 72139452915499198949576064783253724021951946019159894414052579711819878729983
27814384375054749314490532875002070825793532905025942827604392528137606636118, 9724736023201257018071090557221032791395447205778431769675130643800672371601
23041596534061127197914843497395463856795173085439765955184229218196303319741, 71957749399880913122814309551150801084415557263204044883933761645620820938505
18240281152744290784574210493694111210902617990155163962403914820432020540247, 56150042178512177459921079631674503585464890983668090242199204409029355019153
6771762140073529993063788046934238066375365570446408946120703305146031323742, 41965593797893928797065268835771436031238206206913059566049858599642527749655
48878284425985711873911863822558633822515967848842263996063448373650472689382, 70955677997711275904820704357305643675841734518453976061703754161891584623807
4056900787164168513090972790676630903104162658749345822643385974964492893221, 54585023200855833243617148780102251659599975842914645395344112066062873718678
73223052909456121213468155349004767047097990756408055788776082999117547308932, 35225343304547329972046137845562603033335512805236008801295221998434273427884
52271069613609440062142966925525981128144974102865737595996106989592654445493, 10558700268394652344903960270272103940623420644485930469950371918875558011210
23100290590449969352972617145017193543317177092963147748587538185744387925959, 2535574207381800484888476249504431045632541217930457999082433998659765272475
13593588441897107146500523983998071161697463209461297178001537278486340485361, 45614655162043014799040391262935726192519994781863079823418097899676263461454
63694960534610933461569718776135165834730046086902147465135769281583925779383, 63171893887757812915568190610829567493670989518518371564117624054675654204634
46513949801455634193263545181937300620703859237356034206871541822411147152380, 25086942277356938484875170499270449283548768076387631594222222998007690574737
27387261539679713536592643030715903439797971181281779150346427260306954579551, 3503954753408607594352132095355558827649859232495729335304118807260226234272
36683336920844374740503016496454316274822108511648936121919203954168513206227, 4209839272800379700791976164256772131401201045775213236069960137243463625437
76632939819616745454001316844336239244781662899425843939171737968121343256191, 4739457768554987824533855150015639402513464820105380758501706804124955351893
65252081023156585868278736567025386315026577994875515635473052118023274206179, 46850346334769118935620014902324369419880174659915755020248762930441190969631
36949456476195573707198609346476160770151950560436074759412930803468737471354, 68462633059902270895264178794119561044875555227870072258519391374627166819162
8008857620106152399371790795106008614218288222312797432096364290786786827080, 2921159144514557588465254370681524166770329984958676506239409708085640435735
17010736479406255796373517452737149773443945100422737796090956124388501747610, 6613973055376310367704339679960242411185657253268434558835449568480428345479
61029913522760664599118064591484942577657748724383124911830911063936866192779, 47132592246369659421100687854065556162515708576416236690453064128870080501017
308651373366558921967304533726427242726348142880318877618095769126449365785, 48570400167119632688576716172918701625711699890293982002657565795288682312391
882231556373680127978131661751259332860056296400159581993503660866819465954, 7650275782909717502924353317833592902546683213710000996147701830508197387130
40751920447835223302769937928829908196201312127374587899331833194452512470072, 55284803731323113256321241789912143383057433395189209211152885650329413204593
54238609215153622518730162459563937319043123158967449346031916769342492234822, 6703930138080083281181153268761536239899958066113942096717160467093363727991
69937685166463419147321261748122921792264163009681387081161788537608302375951, 49718016520023435257650870156641116794004364623576025172661166946419398594732
15294922330741781123295805178889550535099437582029541126093476954722795246957, 60709350445360815195841171168806570640611258092644580743313478565311390736562
16645542452606677235070542355789642619995777100475260033227622176061564934004, 19235931129959972887594391033679966155953770971988410790185345421902804839560
28870230308507807838297064765461960194195940850305072419556499445694167507987, 7403852611976515203375696911888274659445550725136079820949258058199474058665
34538615615952258056124289046482763656579938305176496103927507528948291076772, 14798210014612336967660775642102761015661886841439205180633204284074963889901
15059987500742870966419749307665957381374932062880916293519747162339508839193, 17763643593972840790010375979715130966244251526441936322397703750929593832155
49584240445421028791011507401915525625741038220839454004478811743004589948463, 45971178377576648808271664446258047090917670156073602745532267383027047154626
464431969181845227650131447871743191494259321275386807367254825674881842396, 42287144552107762192392511849992866811515697978577206908052580900534699335772
33051609696248662100363449534034800417564243092016891965307396270089982232274, 42784536726159796104300416158386161907011794793345002733786318205250751807023
19687579612878936577954133215927481046562334510473850401765877913793997890475, 1396932920053594185525726522728662508414404821430755582311570699407472606595
46399071708401693067862795059259981566178163570027645569008378873178540728790, 1435597301672973152237859911842682163473982461338432752960229823520980516607
14759457903904941017276238173927369389364825660723913636889812928814345773764, 13470991265335516601360464903256304701390666732625743669227916141151554718566
7618401237743769119263163154656795348708459957592043366716910412289603774023, 16886152908792710763283013608933534605848442733028419456131653209711744789311
29066121710949809377058010810043971385802541831053471637491720348940970217604, 58923134361602468982997034799373969866526425372366217161294986073698599358312
70285324838866402130477788420096620496371815654481417230941109886616668079722, 8060703328782365214226078837791600933230113510387932483081532877884884319379
40757952889211886507421590702170163140495780693137912821531552556846829437700, 46053622973270760621619975044173359396033756284818152471540240824752173430828
48711412915426388366029793824328854545558517903920173365885283610534741113683, 53391475499986073119886642832862787235240554773552093796958613579742896213023
61792267966798208350367016204246915085127833703080013345048649256515951504969, 68268671401162055697824478399907410866248944402728038960627793419032611178550
17423968763143390714315701001751176313297033705623080483576644363092059376973, 13842882925166354028806852249697194355656308186031603446611118937263860841305
28684487326025948481021258021813151083102035009061979996099349356212881429273, 64055371729211994249543761380061219326044593042436386227424799152473494092118
36069650056200574253864426824798664146664747456762047240466732982596634669977, 24645519406194978614421273506565597948953254402730387529168762440864910123436
3516089435528222632515170896642413216752652553393412613251699031023570882372, 881647894527545206365995817596992494099724490062903958001329653782023075804
72487209716186304434346277637532987930224747682506723008535982451093184745749, 53559383292835350861997641412587182731951976659361103901560998782573784660611
40290085649847766498836161735984078280385579763907227802796864747908917228143, 74197878363298629015316256026581071851193272532635471753773963364216488211044
28949422994486602099250324823217749962988039535660421384325196662614817098349, 62588786038331561579472106299321668030353555623785532419369155103355191560911
11341909372184017305446858976301891257226753218153826136908549500353215726834, 58715059470468479468249174626547342910498176565890071005540208295297851137654
30376735320258826504485062677939508064598857477814346828741311029242456412183, 37457119603569353104695296527416145238648506250116473987357315955509009651433
24356132810661402170007329106423516583475822195916800189387309086062304751097, 46180372029742087495891056707704410739411981529358393009909834147536907361177
24981308209315419589245218379732169164187005627201323068812291378670101947693, 40351912408901520345522955735348033403485895964749907816410707495072246264607
7936934378913658897790119210842305288827803017754587661470937188775203306986, 30616037024620184709432474383425965777821328932445137838951956461201149960957
16674777061489450179417372912506541238588725307799701087937262445160544176302, 34397786275250700923320808866252202676772416279302902504686240876864139633838
70706290387253573695198723419552754022987687471234268746263157386641933434934, 35242519800951437043172403480254118440251274707755000679061244068166244751766
66332938527799749933810263863503392938225086098196338930959520786795148994755, 38079116680417903499421415118827366590689714615525181080643858017616830429645
48002960977838001211184985075716620959232631709501350258669743576266035153348, 28766201685007241905513260706799880148382738863653799299089509490451843045131
57321184589415643066982478767786863405053060993559858614481609499050429008217, 18301334247187643381118655288262588371901964731968849568505315467827798668132
56194178889630263672692997827670885053006219297753987918732477885338694854216, 76460052155294500985870131690053508240950342237207611502961411160573647218662
5191289249237302497571752674550699205673256841182007051415242130128247847529, 56955591121840150204513295641074488514710347627876112150122960441814328421635
54879924686866979753821452402501458996238932179755988605769214572175545259677, 8489020228353061585816826178534456451891884594815863018897927178759545171138
49093145583181991151179708827155211636022091913051459390105146292807420773721, 26014189134885962136050047540662150490264350467163440800083799974384412456203
57500880692727288340662998741930794800382125431042596116443979546291901730998, 37112981743971513096808411712969496973454899605337597834419210088620105847607
28491453879587957825315998794163941292107437729797950056558264211053812372286, 17605682253388344381368496465097375516941259458983632740215949100667725174311
43747861072158842440427959173369801149292515607717560453148840055072699224790, 63551969750575334004421142463210891235331678692760123857793130017195527780418
69041620911252114657897002643238437524554928729564563828862063073465098601337, 66920944416355492768099996777076175973127256957984657042436601470869524850970
20135771562012784929441947480997381250022908618423285177222232886017961372936, 67934696305643269311346180652455377178118333369743802047917865083281172930474
73919378788623888094720489692751098850437376174487960479006358453160871292045, 68227386200131474559948361927497073884437993891866361413889213578264870520951
3267420874036681543753779941439963553758225429033088883924324712578147718441, 8637473591140250903370659186072281941298674167491866594627085664652904630736
60195328419467030095802200555399399237379627661566966871488692165641479721027, 27533995416362204609604881390073353810872768059198738470068049791254542384788
17663955949589107509464406106009920854057902691864099843841671421322084571319, 23160888848998786380884866026751601544870052294541924159080651341603719147917
47737669409900625320848874907403027982113150332796351770676739920525095516494, 59126386726334392869805228470458371061987101904548320567163743852832691619869
27593785892506441648584223972740296276951342683830107866959383326295127323660, 48271353711606101720134636289624204544822368793248678829356855947242913519298
27060080680862038129863252025459932669541326233379158256055672013035073190161, 55748273244826721533844739855274942490296258106522083337912944736423501753972
42890725107848741252317833636781338592511153773199061702723489646286579181042, 7739084073602506585349230693905468086752694970746107299470581560275851426798
65160949624767611614863354551277676878403814636047747153177386904039825230215, 53066721077504237283129205319256507283548418559020776204469020973450722999295
12374941464811878248371080599984938639845588921285038089988678547671441649023, 17157275892791021120955647960362386753196987777826037245678273139741351649245
59302417691304513133138230011633355165427978904927422917910472171776081570664, 75783830266543588508831531909608518884554548062356525995060275417439323284362
60951539445874515919133417107530770791418593836936660415094709419431042368112, 50964870772675419609182423308438431899176292340481276276812665775194250283726
46935149931089898501898892410213609628011384195966950409459867372000025904345, 52099950578449155392072605820171578981561147267093845665794473534678511980695
11751857431986686558796203182078372419724023637607212816097999573589687679621, 45533440652851423568330351108091858708568827152357715991003489153673635712850
50405834649540880535445901926260766252688672648551447627115531584495587419847, 74880527244612895685902345893977669103239607830116495725530501217843899744992
33990700479547008219801230298101027470013605750961271360795804264279717341465, 76647776204904241879917294291833288988003325480602390920221374931597740352309
5549599250520668178184911158767615592185785537580953483332985764758174302049, 22104911494557106723257212586767790067059338561225056159519378700162787195758
5821116143404602126125508876036065255581451115965249103769826212599859352355, 64486620463902803495991535431064916697629279143045426537921603993116132118900
25266036132776053637610429242155037670672418720388383274363750155907919385118, 73094875059651910770501818395935078040261609759439955404340013884560627415976
3151765274620547512181667236650276146340474867776666497797538266246421675441, 56884410124428600683821569768301586472363067928249213561917872939432376488014
778435729569303282482707407795687069123836969440184875608903082548065574227, 37477052026660768783768246175109861815795697355948805127030117652760167271405
28156136867653864238957986456754654162135547010373855248593620599519911661801, 24512809180739544122214902266192784551514740302006499698906815652828771970295
8186098423164051401435625654217158719126329889665385340556657127962193332577, 61348133553933135202337995093305218717173611176284201730394901918289112009027
72373578873931202527366659269880474867006160857273755271556998205277292445678, 62860090549326905422837716431110037896339595622218344542993331965672721664325
39440544028989560203769553196658453626426945505839389499485283010360003956398, 53085194512165810785029771407032306486523898806736105125008025258528740937088
21512152614277328827387240365304822327810515626436722097973712384242027605735, 18477005577533845637867081029334257913089288497393393556397440516991142813788
40631723902996058225775314394818242977195406829143665314170570994796068607806, 59765538907963105385044624799244882764130387425205246912038322697256794154050
5484482368016907668209389926522252132815154708276648855788426421827990935317, 62847855595951974086539440393151453235004532026367443796828337964674295635675
68141258607072099231991375360270220794764721575781292395989490617514792894782, 28890746150901301582446298344377110614064660473443844854793900349883233941323
64145088349123323451258090021717317285099122462618559852544121508195324949892, 60853192136404207764519068292205522301013406569603851993962740125435219995838
50370133363918673305553045053623000228401325542031685046405426767506495798945, 53535163771661419659909413590201639337271978680397956868128139231312530973215
13242522645810143764165049711545934780478851839188954384499613101022587351911, 11843125447189253460927221878848671337918495948841155930250994710735881364950
33874626202084575790844601237071986945089890243422749408388330336486307764679, 9660182294248303382658269874351591556569920408174777852285412439697958528456
5118214985673491046789202509388539185073767195696313589741192286360880543261, 35176305369097925873342726230610638094977775598492201834694034913333006607277
46133440924270280215727571646415969703557257630896890348673221703073416925619, 59668309152355559421860148908194558966857326934907088588301129109833918932808
36425349026883060530432247992842007783538627063264643308195958314608569526482, 53478320076739195553749705724542182419145224778404020135464049813179771347076
61964633482427198669355822572046383039116231258162220467082852059830969942716, 54999962404797144055198749880124292642778945448497206090021835744239324908179
46625097637600125172099687687163372523434893055950140520782060169118837045684, 42004531011125358121632045333676209894220430081848290224505092123357906502659
46034519189709438366575152059294248229158293452890795353579723795528361464013, 53627079964331360985321592645225840210789306041147474082581555721553440771609
7945981993039904737339449678117573990491592166417380116678713716397359274800, 16561348072611277119800682215167266997042521481070853493936271763608635949338
49188924045309904679588988501103009790781058140206147227168114079910274007062, 67637614118968275799197581690767618439598274689845535874520842808782916828429
74727196318525780848268052200218267922993631079910272680624277575445013377482, 75564386637495955453109202417431538549183981429868918336751419383624999407456
7432835969325383783988181611299679818606517150827985778373113189219471976267, 57453227306892606982250437211551629172194349348203100495890570379677945678962
16855027253121972603147198170804781774701864610770494703199964521403566712367, 44624745161461709511685447841813022093434318083328353011101272904196549779310
60304316003531513466250521064343515194792221008177881878597927229162188830735, 74811057382345137116824642965556650615144744343484089410691397700136298947975
75445209611253148404631789170341431963573520761808352205140160080570258240496, 72506575467753440115283659269361962318637158683125661826041368287572474286066
44503650257150286270965384373468048888932682353273436224854744415113019176846, 69470040902475127649953865467338407277661755572281705702583170700189047744102
27259684605736845607320582630660209437622271537220784038873598757250431371807, 42411144119508794327826494443694321139426852690728040377681159039458876177606
10714455698079686748917446893386128298601041287481076496962442144289795361775, 60121154666260070593488552880191026268893592731020683149959863783554410294597
19166896164611418040580663481725834641849404639332005974257719744842779895701, 64057351546351167227807972163428665909784049886015475091845126975695272191445
7396742781583020068175242540102933377447482636691206251864625260653158479776, 25679124277759321455981312958981219188264096747872988145147486549271610037146
57265274056962276492882970627645276439009184978666348708292840897887641982792, 24668371148446105740168868350670853769150138614824702619975429627629141374552
65549724901573371173482166329770923403825494479297059985819245649505570530695, 24371194456380341045650047948653509982433938822610646441512213604667004532667
16741435280692779766813024810662169307424462662237989809247602670034178074161, 46716902887542788159691898840185900333234113379868765999516701614082586940369
72776119061545827971853385794415369992002568688134796499132616074960604299557, 34299121274696948220734583494125117823461436093094820551440549208896023229840
72737475204997891052534363965410477745263659967329493992099982713490332379106, 2445526998503753237744428320993958510540061653825154393128275273198147880468
48007304754235628109248406221065046259553666846609758579455716827522117414193, 25258618770285827291688551951094558957812545666929933241604730548100645380740
18431893436823219610934942790663357226023290763842493609784653364516000820295, 57739138427521293063358267581645560662899916881977531849643493843432142000257
54011003843367676270439086204710481300253209392048612561074767515737431593280, 4227204124903670869021718153374567105068068685127133917748219955563023880168
48480555142252623415818942639238312075639974245096188073898457479199233182977, 37840311962897263022416494323854013585021673533891745284782416782230910448875
74711478850110224076730461747448901234849801206010547745878285459354410604352, 72832627356369019843508237221468191755184373527767940007939688887098241105773
4400151410289089654800694616466417292464642727394291064040843267519889380125, 9480858545271966040545288314347329166796918991539414248286700097756329155015
45086326455292109850998939717403615517227133024890130507836249615257605806629, 2895441031812533548426056051808719225833681804146991626112032025388277658023
2943357361450428033866955039436575498149880412915634388281055746135998305551, 32522992748456244109744387281756582699388244397500823441940275373426358713345
5851157974271839903934910025600891332318103726678456114194158364651400737050, 43241103542441576143623279861079941768660480622875454748248816333325825747366
14593475381275425691004450291539716156323508161563715311807574456742738102841, 3222818096337582479890641667413227906218391984479856059799758331454752305309
53895041717335132208144880835099542698266684488949357745455912672370748527368, 64356194449926068596159644916970480951200616995599901035295093155670411754560
55567935029726246870629735350332268233069472515517874112359981645061160682634, 2291798906089959392274473445951191994645516218672392922117932052668582564833
75796370694684876344421611620651433922182451673635440084105128495089764631905, 29187559134967708088045334164886218264491535129089504182566963875571943566464
14043082479712880640292731885834573494652782033222948083666334506409753127326, 21799676758020121820730980463140448273542638329309948266207957165399063135543
40144039878548327104100133056768135975255510711692541709763031997129478584043, 4096037447299032011721149025331190087738109061182030454914830724296409847484
11688499007737777006463646235984567501065434916721740646370098778734617444090, 58717357429700718157064080426645998962620923209303602693808927876937796307003
64901167747865354753483928404063400484002930566317379932151349764083943257863, 40426419767910470072654031939195634138296893990705867917173571981567906540158
62715448846034726512280774046180828502820893271530964750859595678231717816917, 8732040652487806315658283578228141397244835295938176608643237427187856034582
27107766960947561586684575335183128128355983833783952616039417488315241560189, 70505608701817171184101499140566080190346759916534680399106740310620320076440
33492555534261477762163956314475729724416192322392228266504890239820423654651, 20322892423766834342101270713836486811671025488596774998844363388437515919277
67974097846936714383565753506839446391069049487372432061124039248975632085883, 58540756537876768701626241741380168512405185523238767437831843528476633346516
859892954773657576668627817052713894291047687956896153642199293708457613219, 72576522101001164926707683762829069679449116588984761734742611402445979808609
32912556082490959177772411057800837081296922209700022683723557950136064995140, 52747839029244365083826868491522705355430852004679260094525268843025878889777
57145036781458357885203751728404267629069997161817903372701356814415646053870, 13691512281826384515081681580831243558670946888411743238630341701222685030360
49255399606899738493363302123077442565100522076297284795633293775853473590821, 15258450043427400021181208270450833500340902070989039398893532640856270233950
67382413437112973171815580023421958324172773043933558782347523713896360435296, 72108361710984419496592396141181427558874233734087097877362293288615582719642
24602061894674982186068661967613342034126026258957057769753830037381840476758, 11694021907970459872422108321593169021410710136822330625069810827384987361472
13582494294758000964327237937223575047246269540155449462194148690120352695943, 60388354464485347843179991658437411375736312041841062366916989152090520439014
38585721419487947700293080964829700584365257133269969044357985738120187283930, 32558350570210394405655341449781185581895992089617763678380813940603454381835
62261033414173236500762392202031262149311999291460435487375128038282015005047, 16715763924948148663590086372542666541264146559330846679224885942450223988475
8425929215145496264593488293700444158333757764417852524152963057637437353721, 9739493481578360041852181428108971057092959650612288235810879301989895920114
66442039801270631415221403610294216430797500361933645433594096717717164369017, 7442433416247834509668171370154367763278142365761524395184323855690920299901
42582377249056375372089630574657120455424321488115547654951258093586557001212, 41296482951795139455088883723767770414515949885050738981981224586341353136010
38580528237695032811644931802786083685057052436322882232573025455575413622160, 21432328535977852417695338141031015400499678305687889173862861628608295548797
16890279853845328010473675423571974703261012722756834482528234466521765807410, 69376823655147700235414291032445510847782649029042779691813590069773841580022
37776914943630318507528861874441990090390390843785472613029317434149307304028, 61962167894339039485607931172806988982569693946395629552757862861782140378424
58832504253333197882576861471441606710692437951214219913016151425927314045166, 55105145036958029034521659761264617909723392078222648924775044700491481179424
63882387739629385501070593734997798961807795839483621685436392083512241867372, 10308957108520791598396310915225216775492695330273372619676600576737033003630
43922912537673018576531311342743841701750688734962463441979603087176236595355, 17186639665379760744430062806696443247221152725848778588844514804910883208119
13767422962525581518970290827465605659985369848350907763971139448698560977473, 60078688250398748089865926593363041708710061595183593267239170537600880149796
28085032599077673327042730175259654823746699613837471969071654016074112922854, 65931704855965038047442119520231718165777803205121584718392152922288147141194
5791189088584995172209561025706853559715858080064423216783882357378993315185, 16425979844060065468212031342421785245816256834992193119454104286642198710982
4498969107440348265674137427909645869067049974501977772207016956249587284166, 10788609448607527011382986332422019967860300415398484497172339400203132917641
70262305823834738884193106137917087198789690079486505859549672444189583747496, 44030221730453523982663585621317960177715781595480175478081716009555199723704
29416080085147614016868156367845683001139213644910106779489161998429620006508, 40024802852589476056539199817634394515860954738177192374466944121031309919286
57506612473374104880228663933663977678581729043999939235893744745176763014924, 54935455201016580045335373821803079898404356896032020339009810925273937263434
12577379943639114869946123721741576985724903793848232249079790359080921105844, 13485593316954034423994494981988053839669553380282978316180242028330697108317
3986770396852453195227235506320337813816177551222875748360207897582269245426, 41901431793863641575665555812811258330252680305452129807322112022173941386320
20303678484053562071646407563489517569581543165684748837084513406653377515590, 13733238717929888405859205931473454011869907887382526188659993620667633330600
39014077542970474929056692442199866710515994725707818300235451057287193670909, 27672075189345993042638873446339377736223583744561569820936954399247297851769
28562056656706925597172393675646158207824478633492388457966680449848915748292, 13970999923495294144224224301606585769255858424658606519381886974431260576723
15602851172040500054027789388052964350622455465390134994315497217190775173255, 41300011307707498156686894744102765055077719784204625932889687764217536525277
28497898684644872603753168882899720532733651534896080112394253941262440494159, 5615933595336335530640310853905065089002279382897865973640167075529084324445
54070272359251967538492928203882500278874919475929111692508885676106862742359, 43153889257784357267992713721708124976845325774077325499021207928084823409013
34012613503001016174702491378081036407853216608185067708009208245348486607828, 17602310988099806187633657164597031308380585920046202867063663797752466037651
70093430750877078229493912481887266912245430507102643237245778041614889916102, 23836714124751890684877997690522065164773166341324874296497052560307293582287
54424547399660553439464031303069768998561408413902591475038871159285642721377, 37497653785336233403236960486163892881527401468571456086680204870773375302186
15499852880274273951178351788475824456918699076427965194266515060279280731213, 73632284233032087309217041205581629837153121087351851855276632251879374104348
23192442145030604723012896444401048421187799301681893605293606992660244031571, 899335168564868937114348043085501048884050568734624694723670073501246372093
43122910426572679667761644367352877004050895125890466803908949044256989312451, 46811131094365800659184976776361882050244673726327536495340993638324232906694
24075193538517222922355941621839794909229718116618757979385500416370771758155, 25665886361856736962742844469150869324928174934664940925107535889673227655804
50793325907145540848109502089121797203066128222567553732798535344587211521188, 57619017011401548842039948416731199600901801642116476175493281850838284164339
72618488190861230197189899973405625125753299249390135585246090265414047672186, 69374589428447365969888841422400747906471545896547309905556123167299452528405
72493226356196936469883284268444307860344430313580606864395684176335874475557, 4788501877739222672185883832980498448431692457061595009172473614495857776800
45138362925136700412816550047268094173621683222250156641550738193431397561541, 26910555117713584735138166577084825116314113670163657897549953586730356597944
44634907699880978044140929990320040104195854481906712434851332574563087460103, 2896752732326854851126343942688307917236166961389718493061439952536989879402
49904725355072570712851803873327279956951340589705079396418128714134470567239, 49940989022447919646527035084152244947371002606548321199613477649252246884502
10790617952717897514569947680493573450791323984117311646462932776328608949651, 30069457392669168041745201502895423807701698950411916307461511957631485402034
66067059624296696810846154214332930486543670555061705689202912162977876702384, 45371469661613784115476954285011161942552035316918722034581763071707597611439
13763108151437320592519585825174577272297454891273109765953318806770278987397, 55425806859429128981224872763263439993643008867289615947275691554977085060636
8426703965768541049164130427824075856962824274723624948938854380414979574398, 62261076985263049720942948662992118746906490027102707709686452584359405162899
56065384012327587804464078461374716827069983679146179198616607636368468584153, 3594386869636311979762300608084833267503713444942909591918801967198380595777
13422287721607986757345021126749490400216275751608231349294188703504867327153, 26539110285969209465108807696136385101618631391932539032549330996667494585442
17529832868180636760734898688749459736937183035196440172439337227975124218828, 57412716845772583195000969006045876560662941929254965945720218244618116560063
50171768720812481621524265279610078788263849425795270798448463120367561286379, 48955508647238882097448929121480699856700568969974196862844115130852605407883
51149186848337116721437899547212955999177059246685075954804498486984215601055, 49758288345616944171885865206373954481975937425025049020747224963908580165873
41736436676515106305482485867294030908811095422073750100661608235477810622425, 48105022741852119335433049738745094658417394568240757715589363111640846209022
17896719928771779099265164578275312887376964355372120015611653439803604098973, 22221979127271380170785859634401556611288266267637038449959140143491430623821
49869474071889247187809446338236877363450628444877540110345186214176550940918, 73575000536093431380927258973414473565477931516171692069519008981564215615927
55624160102100062751074414737094798245899609905669780169370683867232371174919, 49366035879842948378280139764587164189597261047804762761572333788031294876247
55358445977726721983301404822848653003105304630037609171577676158324526127708, 8924633599898955702921456095689946475396032213093346628300187900662561808466
70219909982114673693718438097057400139467831905773415139947877077935824629670, 57596571834045292093859950954170709712722170640715476468205881080887045878823
68966969473419952841930467640841440982794505522223150990704975528829606949030, 74729090528475159541852583998925628818305775867331533930783523512350854321199
36424281765380434937426776121453934521261883501581793172807506772240796086318, 59502904621644078057566807608058319377891525706955704451082418921829923910393
67989764441755876522054797282314032191162258969459130893930630451776082821681, 49423543338649825927846081064705753418502786088379034322932027354254930968846
6553608802276684552849329967621323604086306698467863312882066464203030435954, 30119334972157409886141684753835601169963048532644271535083802952060354528975
10131891706096973024410845758418732237243195078334320501705664517699136532958, 1705914513651438997227814775037514376888521268158802659355106100455430867556
21581967505999281324001874085178308003749712896748828763660794738555743658848, 52516689937370081376953491936673835881038952986616628215939922232088519190477
34446543503029270999298738371404155589381870312600825492711266247247707713111, 12201146257708534702035122471474511896640091409726417609140817236769695116584
28473210399730236422803815258675787408186176786090178174172498397872701224967, 29076087284578565356544279820688378127023367642601821084952051962279414646493
75181389292769035573769705666052014789449818315837730988774368748722406222949, 12890234341660656561410623561060895826203216339619720260619608928611730142144
58136816368043664310931329988354142693227963405334968023638013847782127219459, 74192731271772084456468568247353053368368013648039365459993066508186681924936
979580166406564882870118927035265258103474289802826629260371152117515695557, 55672490847089175584256136280367378184827259885063554404515886851429875656609
24769843145481933631119866225358604127911305129984914589180449798475783852683, 75536301958424889941673513905397059352024950571583841122556890301535687895764
9820844518666787383814736063390480959968143159976340845339328286299476978972, 58130229707410937263408228840565774943727064353362623008647076654104842938174
67303805110407211077691608102059635144727436765349167129277853595096447941680, 58246339476550562394950902082653847594467586238179046702747508412504518795845
50906454404182840986550318488552081530035890882876434106773415253040229359666, 28839304474275742207927800639078860908018349886136263757742460122028475160974
11332773228771798388974069118004873784479736207592698176583573613929107640116, 50206432084853230265384075461732844214923245484854693747453704922715589200163
40925644677400812218291787956032397699449429477863312809317600120702457615825, 13580108743759114683308906727199868624669100404084247832510721418696651243955
25990904667804822540435947331430383623005459831225316165566002566676698069733, 53651279458160493727521387486255014086280566608093790773226685008976932629069
50292117903281607903750741282455577310828754346022940235013644046371042768396, 55285937336660883767478545956524594316905646763502329948031480804230444584313
1465735221445043669589752191371094776214628260226227311363356937626362618854, 5832254100509140131157213370449359722952780920502274131385185291935319368054
37955050981580635606650754014011315196023488051004492195931419106519296432451, 71488524558864641969730304571474727800332093734836448981583246188523802663198
73984197064017523358655129169470530938166547641050004608254516433278419260315, 7860271500111281126851155274462053489217182387024956874099925990403943988824
37703383544489563740224704687457655537847137300376497544899083401287737521901, 41398466855009014488963636475430264683293027586177268243794850160601746019706
47166921464091478564015185936210285896607034475456605909433035015426677590245, 41568272344026848886621252033797889618372657849397081241449110909544379919855
29734505308326528072259772446894245670431524398154711920399290878129445765796, 69913487884375390827697301859614716292849280568628486902463983712888698199877
6554686830523045370104252527605000642629266453459597530866447777041635468673, 9733157858270921298476060246833634076743686066251399049425876697627967728534
62217077886087217684961238236306366239412189720873149230907986869977651045262, 38553410699903221161248436140173625694469560445754106823447703271401147073352
48216820731636853915955053090928625846463730099225247697613830365771599062075, 27109299384268554742053351820099490174547757554174291562406202108960258233490
23190517142930084739007917777643216027093672517517503990766374250024402936565, 31075540950111277969728506250753164732269609305787399028247931579807218421264
38999944618920727963272293352126980555084453831888692717657984530991980180849, 29623877275335468403079115958332515149540949344358352878349413875218491303989
13284129011793627075728328324588788011618542814211809066666149508710867584472, 9795945659539241303535572968480351456562867835058320015173149712397068970465
73437173749606216480408353706700119951131340537085248242773710608590083142272, 69171552259242968294940994843366809821277252608461877154449258098899056885799
16456998762479390654173367376056291313222373602703505353072914940748632809594, 48299699878284408368465813408904855420371562662122655282335961614856942099039
37598401150854010849242990380096881047072767647349772124754534973725998303578, 26764774879568571743263751790618112674700583646112125114681003704732333323172
42259675626410425941564226650607287483365957119253204403250732084653356080317, 17204755474707043562135151471788734054912157621752715654758209882087952286352
55926853524301509663359516981216648492461584622884750662665663795594283053330, 21547759135452314314124779269813844656380084895825409211871978027793305603510
29149591992533641698471584482644241832137874834602069384440353863323421843939, 44926557695723934981243585334476993428304057295084008735884660767867576188774
22617000891986527709446473815722246847111963016507839418700017063650776522321, 20467935745003877258024744571908303291602212546276379204883196443767646107645
21163564747733193881496661548045293159655857045954909894529091637930485570812, 50485247113262546997060121544076787080002473211309201046893139824481603848069
38438722453226491239771586546292492162049717738665612328681669377498261310714, 74262419109485772675545478000182780816062606883763078107298849751544787775828
57236381577574061599667720256982804312769812233860348560893514336252630330902, 3876366291394801166356349000049420705462620337398348280557981397788774762416
52606294472954626577236675971912010256807007759081912937343726548687260541298, 35130567679202936089519188342732931520237235425287805781933314756172060862139
44780117943392688855062427952084817387801851018879341278514555686871362425159, 54169788523652501837796059962298721401389569591004727788048681959037335757324
23982579326055622195624981439473664219637775986196014948828453328150249977507, 26643609344338774760980345954888689352621400374016678226157985764723852847591
58513620754162676992884044799769809910499159058431051514590485892559792587807, 34427825042828390686232815186369230137877687853071058758059484654837254587496
16606011060763251741583183158162485316796349641476631574210537590092075254762, 36034581722816433033209276842547970997736125174758678110620606938920904385359
12780076545047074401535446245246412933112298057363346776979108545598368200189, 7924230324196101669147077061530496417198565806585040308885943577533925775300
50058526777623331039385992568475124374303857273864678006151542362317762472949, 40563837300109378609775473333883922615581015810138398863463566523988392666221
57573151973194129154107359162739165762072514816233411540791251595955875311434, 23118986609874507347366747852093292571139034911582168332393352325279574794589
29045986802282663847617963671317816612196922732172166256647579720110239002593, 40175017813188669689026054695003886097436660947245660025650663140593102083877
45237461236439459072677726999630448831058822369748875967435789253303413356088, 60943278584408552208339833429316745507288357802571590595142492377126291437622
20699006451967456720109133967259032081566773492773020952606128806725671004629, 1430209428952526724105035167634660466605033721617855255054419825175045825997
24437281449011244098744354573561999822024811899821711430252836066508773405549, 23329238770379845864342306497338666881487366398823633223537132945103207154651
51861900590553840223207285341063069699867343991111445444535647470026059272047, 1821663394399367409667833500205048124355164759367969386678545368602257275045
69343145252347165236496858688398441285034402776262492648097172269619521931216, 19314062374026811178507309428070113513757524126423880286908868614280920654673
54988435520834114730839514185949946273789697548842486101658786984598571167053, 74399113403567340851216648609805068717380048596859570704889505860083568475237
24157686208880491230988724157055576021288211342677063949778643893804761491768, 5327662346741963498097763602718936648318719714610404421952344779451717757180
37430162665176787874080543145770829535890326778593731170321887364307046939184, 14490675378503448218328327156270692596855686343703596742071074343018345652353
14467978168949724733622061301089940867678230004524632709443565963802572305208, 3416489534014902750971667302499815380341085218772350649040096478561088502855
64760587133682446927594072861596453232791008362334158645909900178878422368109, 30297236436383619090772566476229298969036948053185576006715132000919181609085
743894503667610557567022902037779885609596734188342264166326781420734488770, 73762746782403002823673600150503783402093628428916436084279899968173559499674
36556226195022193859414275044811191306501009885804936527247248310217877809747, 45800997583919634469307665588601414920582184922305508261505092991599221233269
61285779954575733133804375331093064806529916577316793168265696291504038595591, 24283044192919858600573698188888453449192527063834777343852662972698587209997
15634794589909769382058692777255521010628881629248454686948637482674274587131, 57406163378546491237616283993707357000798249471420866057406476356327920529211
44995723393868854013866092595909225333866407653296954089442322893149657154397, 31603459445779368013744548246923628053608666742475519312684512465207492780282
71732675149796553051841822954945290256163907841482617141641731990897292490241, 61085708270828684033922904583805323978626673393727819192754315149468248464814
36820396881266122538567650174436835759961027487538755378404448414343025184455, 45031948668943271252601589465697770618475414008434811209103923282911471702540
68555556111966091455280411041088642634800168196718523425586673432668651407728, 42064330492952748562077250731224400624431727908077874021340384392399617242494
34458361830439740707679826478125908030920553817283109392544353236980444429938, 7522001830874115872904181364609119335121562305580157328592572417795572431880
1226919170926476646457306826077186134785379169493693632174166978459386629861, 67185544025542488458433583958353059883187345633486377853566725583837467883386
25080523690183765986181294722116571885261669680033257867669924282099615310391, 21900790839743119675953869509991709623800420297737499326197135694874590531894
34750968035690087969185742375867240869147385422818936871631209572529457846988, 58887199163751474425947411830719343307944108732710026329165544208153440387116
43946525163634311651775902805822986128775155159330940952439498726559506821498, 50138779960077753869535969203526824526400448866849903452367401115106229556148
16280151575449985401302003239419146629546966161831847816122115236707697540751, 10081008864357315105646753747366803087332203067731411646243080463110647316004
70560146919441947153032540220013384037830339630605080394350281817671605596485, 24709196762498825942003500839345004486914270580311513822258176131333318191250
31550915795015137506925033688102039185062192927051398427233603018490155176587, 48914998481869661397710768399798373245220271807834525147703411955859721571178
17861540103741339225282809602760448790030232473321708154905528266988820877033, 69976221949805441147823157580108508327321743057151506678946009616623720817254
3401169017106790099525415291412391990888210341864729622031763003844839771266, 46168938061117489004439604514698582455182745360355113477161243282686249874454
39633500684468263482398104441304859155893713532929171214065540040996742270286, 36067234762350808987862294146651092234726567850826197169572627303394323188399
51441699524706334057487271841857914225956074858136000238917358549741665156839, 45622909561652202470626589411077353848312199216637879538672831977333434737103
15471049998150810419380908566738521532404255424600652404741943630903673809837, 51589015339933201002495953090089665002266026553896803944226341779565585533431
8109650062017893573673352240603749758537461091671998433633257041584324405990, 61388297457888946262020053686318917016674859641095698068381854083959926166351
66397866639731182369450626413155515768405625548200115478623825126089824257173, 29013424129556582982009482736662988098066670575168124937562120185563061171298
31238992286179910830814483012542319143085301399455260062099066116003835663607, 68615907631712193882085023517029608290821783642445848337281124850856166254213
2697988224421488089166418181353371446848411752156962992144909570033360767170, 5553624185497199202248449276207331391842284263344993388320261576747020643015
53602774347648240720197765386902332265151289027139205421897984740811009503386, 51344680014853363860820079236822522809957136732210206451657746763338767565540
1827037279755903125560436858515856569645464314177316977633246852996148984025, 9114414425992722723383096150622818361438394626676854313700651928364469628631
41762617004489405608830586181411750466986455107128616957889455709227829130698, 43961234179623944090354886694834026846520186308998737825433767396176258618822
16211141387077300583009878449102741088672857951159261068450294390081220180470, 15347995428914145879926397652153807792961658617821253342907111540045602311088
7463067891483562838576540820961161322139985015900889830785464196423330380214, 6972072156206631172471410355643456441824997002969859284173629906056137183094
61378858469782640003926131886366209021671958757767401075011380917581186028583, 8558221225278699302297508229971211486763143171746028966913160005792325718909
59165223851720097296008497708733970332971433197217218979716937762454471580229, 58037004632744029647053809796743148908622091288135834890372079474376402163127
68387064280536898959177307898688951179265372779438182549196352218993225017845, 68340372666434553879170109972129360678014281757008658565611235692658718826860
42550639041005815175327650827237627411840683973467775376982353449378639444794, 70723450092140543899683075883184768912473196845960031134982750986585794253488
66342248758025818401546671482619730743779565893816477303214167995734623813790, 30399142078317134868685752244752496397484573447417912904657834521787936668282
76770204780306330625967796918579210710170539337059115547736980449880760183701, 39877270525245577128599763382425193404837236259674674867884652161416769952070
9503912230633432734605237692962251099747641023785977930797977780735782415195, 8518956354907812546777205603771608857527136416550923546190425343409366792620
13059121768699545653995574633111257444030898611129587474962673653501886761110, 12515272701999029182681803127620807266394977123310365259483077389104809426332
43158376996622386661678279589527425120711562780578333876540356447693663310024, 21910234876833639811474516590385869463917322693027999641639638991620180061229
74182236538358325564739143415800482108341816012668128504371145665117446093265, 25982969626624897952257414408723440719496668628199331222682879229829431150708
44575895458116186590545299518377479270291638768115594760739175090252421489465, 50264185351053741211720356038885215844450139513552918228760952199537540575541
28765131411041721036551134386229661067632214929495057033528138195633360583804, 26915971830838752322267386684648880315792632781198476984114502032200941833691
41493198614904705926556357806680915985285772071714838603294531639796381672752, 30976431615068493763249835725819982275853028667595764154598906947780396547377
1160385716632133668721658131287822583597837276127894990502557911679865389708, 64324152823297350465947444695609890823709152861273086332496146170342975100067
531576871737266621404101887050744998368826205136133016701213287616559793791, 19981880042664844320633522318218178916463329108323721964497154610039346207316
51651834786894245999388103911565146434632375611763207577313443230225207414641, 7060069790778049418308077737970410410389795680742732632465775765932739567862
22338267797618826535230363974425182644572967683929085996691372908297401626279, 40051184517103972904739979387246310012784449933404427554877671860678010568504
17456008708644211836885605230950514588836908659660079609538506140824069236861, 19493170219994072234612624036392999373635775082291599153066586038902377064846
25186997651342118539018927794135300591026439553211788125685647510386645861397, 1285909547308281270568582726028550492413502422137275465864145331258351141902
64256149294611002777498094426228198663318650507197934949364675232642716177733, 51960560661982987313448416319014245592017269980469919986316615907098964228926
58986452450310840942756525461124930150941909144540532239684534160467208498749, 69779204900271851278837003068209734836890463256685357055581242374354650657874
30983743730311407944796502951144459209220925027864424095006749580951324184464, 48219194446705296988563468974877631752069744542597291577532658406310270394702
45174784573387589107441527899616474974108566652397839800182327273770757935623, 14045521466169422360956397643279491109176491440513116527533000649981601434271
72548194047266369083955827297985836605739479582713843075394561329959300800334, 17590892893815667935057155988841699507307513401411779993742231937201379416543
23523203734512970950691315108350922433779797865509939968517342094351552175453, 50908097202877936288375030140465425670566344411743924088071685039261827071778
44420824250716463621744341857244942677832347032893368539284134892624554651320, 22029609156412347694291190613666791141038506712166497601886431468558925463946
3015143959763433845568717629781178367635349296706307153374789281695730419570, 48984531399743506646139262367586144500250713428974993170216389301879576726131
11344301076816553566539947543449579169562212632911384502611035167480926328621, 48266736124786575656406850720024065418583440733323438382486787222609991522577
18570803384039998500088634822061924279868715312473408441477728760717627198824, 41650090676122380080483530142578102984144715281687960635011459515245002101147
69762350414502495314004343040741210636500500917758091159718165547112305034855, 21387385815816874869024541231612070322784502946548844823463667314500760979636
11772183608384213511541439258278726085814275265938044097072674080026797747722, 29276317775467076226187357787082378373203340104580283050465180735538414825041
40623957100549044532957211770009313205080653172206317628551301418233394147524, 66455876391666786074265018264125411956201821708433400263415554728042232731801
73874789953363470156721850069700349537604917485245527295276502231354533975774, 19576925930899773785002057535974892358546603446406093056523745106910471641479
30742563778005440201459052315062146422695087226012577898798841168231939578699, 37847940947815494948006738478622121581546000789633178603816703562529038728306
5498003534261122723266131039530356578256259425822585946726425284199439775254, 5134461296991072984140964625929605636887822571202158464834451355490695858820
60240115358269750330341044342420299494028252354561760443739159675282212439865, 36264198469855826969562784497943926487498573241321797533048835204055694083107
14045448000660352743217204906248567043179174777912592550438744123993163339225, 60275122765596779832274731978738169375928814775959216871746679716482098196891
41638861082021498046339727682834003412695025208383125601850101361162089480936, 38090285786032689819590262509702620803647285324403529279709632549849230433205
58529316557337954119850889307658264583346350633572163558642303640246323294470, 16981355528770834716869160678549834694163487588104299106833410089993780154476
20631149131877722582371866240507294787398186624636723664905807616449956203699, 55840728365177637803277450991507045713402226072452149749573512875576963112704
66067672210602576681353407988981674567988618108782023133469923330896346363113, 22979647006143086582708635083110822265753671328777461344569720652035055946567
39565650782326467540860381788789864496981764665004779999039681683268313984272, 35949148940699933446571602393496977199506713089702207978119913421334765178002
3842509887744704870369704790833111224399553125171573769038197236925535183927, 74213636610623192745519362197025538869429529001731102303056100035860650756025
68498652104799402981467743096593046712293063287253182839037527856815645998654, 67822520292892372484787926792394543596597863227013861743291543485369826885267
42744838548535494586752517449092753650406362347904647636997407220799281779583, 73710372055355204565093116997699212801899997409592469778805576204742872561897
39983970143773808004813092936751921643281024632985866628240563323356988201331, 55889485193201215560367857659939922594238291818507762344486315355577482257071
35473659262983484734480703933699175371424922170888124546451048109041636299484, 35884916467946346294004714728028589186594590185788309500772574594808083247883
25177935439416496285391828865254075406313285764696378400849018681748629172949, 72028165051572734496112323511447115918860996849701604399212072309429026216541
36242715839484882357812928055126374960315685692184797202540190241674647534286, 51526652436891732917102251376934450143921669207521200654283736121998571680786
50577586292823930019171459912864498252070693093861191849145101213500622472353, 52756257502602064132855926611306735286271957717727216885226481085284959057189
20822643941374042235510098042141052214304292813841307980423220277198078940478, 52467580466175003518137696537376192308867731135457212596875281154274545304270
32238031758429810161679866405113896090948047147412467269156782602102149844809, 53902700343557300684792799741905106925915063781652552646660691576423001422533
42123726943953591898716245848842265628579094751755057322072241391762337991991, 7439112073776908192151218917422602672336300220350474958191756283406703512500
36023698018347095188515914105791552953410195146454001146853238352290253124609, 15531988628489572107098732531610148218676442879492865875957772237984616484006
40488748739494647217623051232066452986182192744191149902519763027445614993710, 18142966069213028297625923919322811733416022471919985176925600558071228930442
15576421229447337481423410479420837106192544527601307757863163054365107467738, 7611012266794415794626441099254742544074660120055329590789579642397751519551
37366462727440958350727814033487305193223504244631699810636933935433991972103, 61585998585016670638519388266772646154581487884903592761989883682075758133104
18365927059447718531033180753048024201558126693202928303354121507949209839804, 31274601576454277009941216059189977099457702485404688823025319422211387078357
13735643738111738142181971383831891222766689483770671256377057799191386594359, 49343688553083066402327615136287781439143641357836210289033577370527317678392
30753546928339729411396890496338684686329732006977446531943941353367332648729, 1316282958744106262576876996822039425298117650499698270042428619119653746153
15575586742691860188864157525011937039527706213332554067914383039632528195377, 28032645556540746918855417982312092600053182102248753362936053911749642347294
67410651064802610772685250027001259256223082822686011568123653505087969942988, 62445947234833027588356218837912920957013670103268941961121693095534915345725
38080399462605145599024855164015833614394559903071876413860266180029866373227, 41879574018715243083079017365924190117454068437588189215542491432220952343722
772053954487970423446872681908348729680363161322766934500523243510675696060, 34207214453093248073953595592351502254346955516082866272150744353962893224486
12473632229479067463777485388886339081648290746234686925957907942865225140369, 52087135075488140950496982368610047048545083168196228032419980311916910042950
29164021956629052686983922519248789081304692881810032757401646854386374907090, 69102705071229860314760738275561209802800551806855652826370606532164767049494
35986630438716617805114848943419301307232297087395013459533508191860350216274, 36256196546482752920785861612297385430774849457675132394102682888485064105832
44887988849366241097223966259183641068308696664370737738418960670872340815401, 44145958711357922917553782591440982744979776471518010536051595736077539283079
53873419645514780326573236234454094711578733498893396033871281881192150585506, 17499026288824073217830438514824508036286643226408166886353956998461308718657
5625300704721266509454445099270839180462807267484604907738822152142050885510, 44407260500310419874332223457279793450850116056213519932226061231164094462230
10780835800624291562728481004263892208940114062472724516272411532894302977034, 69716353015015727557559777323265187407663314656353170666766839840115359010573
7793624913290279840946335947838997537008056637261211331930215466991991371432, 38416164649562621969041796696667676704626299170532007046585854628177823801763
25673819466582910036423853905419165240036565239802731856725370639443845571036, 29151854587238407887908415810290029468535266445905878464151845347900234164370
11255410821688007017735791834866709268937086540962544506503665310612857411139, 13433226035987338472648531432290530509290446425372601953974694942719160095927
37909614785111103942126226412652149457436704883326558076943240186384507270402, 34479435149856333817738530921675009463138271655986527046533180345463939195811
45311061303020006020634170530090842585635943947190572469267918326472264392549, 18011381418089382151294811200319134134986876238623717331741656422067701578691
15455960361458478342154149182220949129590526754154691067808398736819995746008, 55745034996503486851818635995383862872937142404428465874224804064374543184200
3123293786879751580143527852358625752344243657972534753081898366905880235615, 33274785616741540877114432258972357186778724525112985480391568501539482491453
48366423257934826938285657945208973255294341482557146268704934952855764191885, 25699747894318243964939385148099590897577091732967499000333514343556398800966
24072459280921672265258648738337301275298511040075408966727756248536402360038, 55511389276798457660466038088412131030845849534654888460232661696992374060372
24516322447584305853093246149543730636572943361520964500589352805787744804623, 49358655827797519343820954564911311485116811134667883436129707781068156084451
51664768190630821554080392559327402375965601175983565656157799183723293285140, 42753660632502546000253011178881958818177637798178446941566852185628190690565
7120265908632065110389214360693975341576728949289786786369881183086227612816, 42594615699573391700967745806134652237261574785218706084838347941308205698717
38329919058882583331727420468745040042914656332925578335984656261928418217389, 47533352909360458974462562976495184855066166460734196330334572256698263110169
42340676487505394712842590005435575094991545734788379656537674027853257918098, 54140536562679021098902569412523885384477368894145239502256385655674076300642
18041032452447013552659329400780924255770016814014608352769355668578904225996, 53588869346099963153864960401546356897528217733695221369307448095150366750300
26378010262092571149563914932055719971661944826636340621846118599158865116198, 69441325393146848704912374232625106684398329949968895637862943615072285864530
60499273932818132819632451109171680560930429732459988388221836834090212409890, 51176218255665958956556724662904025616207398494964857290238312342908260628493
25411150988186406376534196225922236043229563442626301174651630053050473732130, 6356547258325365046346757599086050960349119699835723662369787343706393088584
31866906277212880438968677668744735516676235062486122107618237359039622840958, 37696209451888536382044407948961908519609507338865582892012113211916034501460
36820439927497772445263870075433566024618324527726075001929216662858377805359, 75357584782264087719588743031628709880455201042015547743867549154999243930599
61074641552897343880995811219145934137225283276312886326314986822078034373558, 30585448568979913418446544942927187122903548576823696658807962245079087172753
52469960606173424038588123069789868183036044690619739025838226407625126278910, 13593327901946615282439066351039620254471759521148958380722458263435333811840
20545162280658400801536822392225595420537007910397493912771227817029186799679, 21608856245001312623805324114484808916372007931129503600504008501060650157552
11837368739268171106704865542288186642008622108072728034270528236991774057280, 60770153408892040039384408265563350867494297225505845744459567048725231992504
20430438273429150984310420141711916668617568923049125022441561983965778317572, 52278911002116436658980491992394246098925594936500720184381647937442815330800
60138111228725308685611671812709184253889716505462291816603523476788233774038, 31492180763830567349730768118901584004227347596719374185925148817991491447633
66720044009904609621976904472049710718194519366477936412219996726322543210100, 64002405149410889092696045806340802605484998959420294319412050418565407508172
30143651346781148399535697078661223001323304572104165588333313200986655407223, 59609833520182484020130372192268415762376583096769528532916629910064150563169
56353965005330490617783654280484975217171271465200109182072566180974820412422, 3318195821713466914756022930957526729348764408632437112605117995637509644056
23063093459178515884863788427752564792369276851303355342732897836657257837645, 42294718075463100321947925498440658259075467132861398233820237626636244147428
76456447154072313473428494308024574141062472579772435717864812671692717482676, 51119291313998242950886607625330598279988585392200384968286579443088544435929
73570879438488827367311902420022152160269916807206929313095290361982928775504, 19485973511199035046832561486104826244904956281840367376356734559993933012639
1159318860618411432891831324045117850246243607120814233385811043986176145393, 9900111097447912928545823377231833759069888731023573121418041264905354292572
16763530586406106489600245539214321893464638624776710528271563952652531819215, 63628990134571550977054258119426395993946565755235004718368274175275667502595
67682685905771803440782667983595919072168596304282933653347408604206665221085, 66289416975438058200726079303700189887297575917704337733538889889112186412838
35061854269929931394137945059065083635816962962543117163741245369127362954389, 49571954998389420639349257293940776000350821990419467504665848740581391725071
74021119951487332879413070028795188075555903448658364183482671282375656803640, 74031209700793782720146965195663399765825555178972020718308463762368567338956
20924619760532689644316079297982520285244232474204596600868103345711157855217, 71659779902963484045330615737363561274007522072550165445796424410077966406468
37593789926920791229988980065608395679912846979260852954102261745662410403412, 20862727307319543568531250640111075563746916839723459723044881824199958498069
68918669318341273502754651178784337193748485275433707615518701174256916488644, 5694222892540860732985584995416198995135373831314407666935729711140919249194
56688551298347361236383939036224417347903003852037938483731558085925433355647, 12133618202869847523464546581301887234157011857647071799046503082086598568409
32867327301128502502512544619162825633346124900724654185763799539984621239446, 2053550313435001474205179662892991018214572433836618665776143526570215197541
23874104083768480115171275504167459962149542002669391441658931097722275715146, 39394449594250136154078063472733541074628281393331669631892733885279726508724
53442127346357519663866974881237305939335182749420432966606374059520873007945, 46346408848164290797060927322697212717317158673874408397383369124641392514181
35611466995562203590780336746148375539558412795513078565840599833840695429223, 6373781325500917774215615494526854219792868158646172105097279287647338506920
51712135075952745710551937518770005626037567928561610821608685204355397298989, 56293250642096203467321477592597318619945275206314598822861664501151201381704
56977691939504988186391686461847911676646720478659428802745539929892387849684, 23146535707584266783829085746055811041858508641511604625648694490181543744618
72448222916890420472589882514970859916411305713937586771069555582776709036744, 20698165050717201105105088045189250436840322347371923744546228042469235402503
69476053163412921502204612501209030043205053274664661584427793766124262453840, 42339133782576340432274112597427289091772456451284745908110925418372011997608
17355628673231184895552664909414878449589504263154286924612255166936052707644, 17582009544164726666484395508129913940845160084325765247971419548294115433645
39804527288596905282247928810982526417511090392230241832654843340973229432083, 3507861216558368181123133821552635025703758728712063425507885574369527883924
68654176066866332181541322894352176192050961427437608895565841873323955065659, 75891062629583580242167323427763768704946811294708958628945841613071095009266
32403753441724962619516296402902753763984109287931380340441313814849595899014, 69957119378088946503833714261469245954019856367384908015404287674754890252628
36492895869863044409718168514022422256252405296447178685056958469067940071707, 52315533785726735106173778741552401605162902491242206248406452918595534152504
47216247045693246500448477558139598845718656603562250014271157161561840822633, 43943208945710520695697315931961853792703453416161534607816450198984165720710
27755771808743729759353963862089829583347451029958872414070698447038921959759, 51283411405715518753726523016085602358565781591840762679592728678133577363976
65310660320066586649692052343109426302678541795440002279654940111691676968194, 67108103122746223452962824462813431259778040181607336423207897013332318889647
63664731880384559786090659526444908699675423298386026278046512956184450828693, 26444165524842022940047524820300526910622664842130838618312992457012020500266
62269623405504210955101179660454027861373286460749069920137379955157254847438, 46660666938166033535050490984334274331566319524052963961826577478337208165189
63873772413668673241975662026439303289364691015900500441468903849434047440656, 68394339493575946234783754329690146889770837477446693045451440196936368448224
28087434703537658887639853385216776568263971733322582181550356388632759920721, 59431754814738984069546721514474450545467971525671764957472024679730653391845
4257334961482840944453227690400582954386192944036211647488686109210002310924, 58168093791341246933756544833410684247065714286875387857006646093828920395153
34004570417952827609807625275061047135440900934408267995012452389381547751839, 10294903137742731577339114663437508935109456918857743050325992912257342103983
12116401340825717417605365119234381504129920370511826106603670268999562154934, 15692375491527838723512127444136127573627911973314578183904977654059106676544
28043641675836678709803441474796829849528266807141125569087559013237990122581, 28326321940090171893890895029629675223933625888269492609649886180892576608109
31788844017874882707200354804427557529593042690995609681399081035308850729149, 41151327832240287432201032798840886032512632857743050297041098391538966036488
58714453762753502187448646117195378315214187504725500711882850676351141707513, 50775486168945793359776949525444376190228416148853328186822530124405390576259
72082041933892854651218584324381003783290025235066378625200453063448380990890, 19441090377537225372564067383140765804303380959200200873374569862308110840009
42883235134440370381823938941259436520555888606380608066587378549820411764925, 33323892737620969095028685041122524127208893078555833358824048331555632455471
37535051530633296242078004054353471578769737735044942709580831969993593235174, 13975876271771531195406870777386022717206601821770835322785393160088461404060
8802742600546224686441585266621767330404725643017009002669218002421394976396, 57166845778007275742475842535418800186946328336297676280695093952936366016937
54339752995144989632865324565196526317218158085694453035536584424971973879376, 49879750169201106951730351966775527541895999070846035118890291293061036623463
36661976937377898941830733083672916323418297138674210707263125952668227157311, 41604042248937615038840747257583954646304042464148717961294787033531132406625
14782817997715239910398374508576897206515044927301016360651272779265311219077, 14022422857168765718838717757014903950239581268301834375885467476250360451485
23925376224864327743251188318058473104046090903655092563037305274071958202202, 37247448130957598842644946511332288705672982318563194355940303351585645683592
41269480413500644763497110192728607093223092179334954978488159695429510046401, 48673879529254067422520940247746068955535564611608993102585210444622347809925
10353439527926337207273072277026764946907649008658231215924788048854321364852, 22250511658725399961107614995232560931731659654932548921379924710457844512019
32269431044717044733442853791770225826721023780200005824906344730044017389643, 65518467591104672988588743373783501527548232928877965722862400528376797861239
67316597464002207168781027143107845170007308947487653307217390434095822209901, 45730545241779953467491751555938619292801758316882393927456474077439970226404
24322728243470904854448345902992419475935581520596123255525797554246278475856, 36588685811815721809402470579350338957046183487895440332787051171187353056946
49121539058310183171024179788966414965220477644836460220081998784132667836064, 60909424403015299849303838471003589919576519179582548607886867991137964308427
15892597635053782280740507233816904727453301013721903781361340897776647478032, 13515316353977305350638832357433616182139973171658923780239267732514976523151
1568914867858627380657450161087944105824674820424188674168676556647215222719, 8814842651800990866971469459818988391188309257156268818963490688440262669652
45331620084439534656859283324729625474964803728985396945454358132527036681288, 57301817337430867536951251878936753807546042755459712693035070535465404702908
16528041001309215571600661287254665550915546262213388407171448528203661546843, 46066034198655727677880066042563360889384371487178105938659589192542109099642
12000099104155696974167750062377664025325576071101826073161883512367850010100, 72448400691418098459424581928553916497708805072084398172993576377120810894236
23547002311148329169892400502300647103926051622280471570836795775269999514129, 45843380811552985214293467024914690982502411209503024808936586709451077397963
13218605439583301462939027512224882582524416140789886883698118527629319797503, 12988811708820808384901233536715093105395289595511911902123966174972447895151
15759737724403576914739696053073451327550339927060569478597715706468304240259, 70621378166282109965069748386989040347570708159757639931546834718737860948239
29244372636008684722953275555885669231831333190211831660325499974122964366144, 67413585416295041695539083070633611580406505419834537588666130229321872644916
36357987799247775406332967064723377023101876693911812047315704538808646734580, 23152235065773682208358665523966004652035033566879228871045779705177298981070
27631390306920432686241086378209685811108964702686433274043561984658591618524, 41629984627743997736171255784387737531804872601768194669903153115137119949585
6073060964405100017376996075309990776384354632520939896986112193456683909954, 71776103487489154747288092703797523811519288308178236457637339516683446445849
41469280009031806225061982918291910133727838568861561205979960514689671701078, 44939012711192238641897857697150211555148267442658619033649037063709393461466
61509398687030681231997052118027567130066850524817157241053647782754556631546, 7803134433444234739092593312637621070161231954099751328781035632986413798347
39186505660897175380742730846646718500661289240299337716402482778459101107727, 33524766005323696521503609270080164267663248123842476074693680503803201290603
44241836647643459984066522994822411514864243168875387773108371517241903547967, 52673253377318806262004695153372248944629749239922079651730009358446252501482
42294924746418967094580670142560931050401118007495164191028061413358557404742, 16531019150461643048981706319195057840609137682785577554126101530124393733069
48577851197291889460924821829034615220411534848451290612054601300804717532652, 21325114189728903893089148036811342324969582484651431831186413731722244414851
33039976055974699560783146780008328013595567677422132953089963692485805807906, 29394494146107878640622308984379492959254335699813833229645339122441805831612
28164966824786952993286702418750518197475616912121513590313446851584222717879, 24796452892749078026943287114911133361500142867022673346625488141784675190304
46718138871485706526292221587049703281525320718240292021341604123313115053105, 24927190784686274687867254823706471200236302605424764409043819849391804312414
55528455170201414003486365621843903115401113219539643008769768492699432276367, 65224114121839736296704386216143742582468492043915422353620543675775337457693
31186476488967434744202392004223291621021088527607881531026291158080781034715, 72856386738199372525969085576010204672516179670175120072194564592185255744403
34691021153267211693431513519793891944787992007389812492415010417013425284890, 58442661065279458756668151244924189936710739942070620604458316945000498106256
36625823784157521042043187263898231922204067526475970130086706597753175020672, 72763191025434279190833260127732988646603085469983834641371478290096305848731
31498678743263531319692900915945199117077928080635219509130588009101807246541, 49790888612165860479553342397922021454251478916737321394169268212583560141764
10673380206241597351394289757299641002918099373223798600924710913290747392143, 55556867583475210125488000966591176106472462903567238226338052932648223058029
11513260879815748053040306819189811929719559331699262661343991698847394815068, 22390229772312190719670555652929904301580628011523024966837224609541136222444
25527784875705679237237087193929217569170093250260866855232643585904872836579, 76056508782788741704370618845737737878230109724533465917032226029260808319511
26176006516333537362819348413715668167086407557997627060690065579028362381255, 30234332715336430489902912600961561879093127543496524919254340065855409867146
48963331457389570163719687442772214280073023575670973585656737606687030856462, 41873631777957702854268454668732500050780054182476808717708845339946127595147
32605628819532510776168507188202825738100431558145339838991585625352566728022, 18225850652346597763602431605064573243124306583015512533456480672443066878772
6636915055414522910460379633432903378488975828660076384480625390960735018285, 54736590981726739024535888636647483642305790250830612977172897096039998432201
64895163048454182681361790806011396460647105592319821036739875836120419896928, 25221312121414119044621758280728432016216093849624247315376080153213377712492
63757454991736883936407079297378628306605788429403540780687564143247817351062, 22084509454047792821759065915811359819630517684560127700654347622075012674065
31939267606691200308341056547045350584539843433060030220721340372434290783486, 39971183139041330171695166090229671108913652194014386963884867836069941682258
50064252036839214731262765933936914128090688363448048053789463149913084893025, 29083174262197716342581302938636110322132491417249904755072655563671772654897
501063362330964787085232646887700561065472915001027046683071846785778278149, 29284728515412682260448243923792741039625380123393549586433959984215311164919
39556964019356209449102306769697911626434590222960488434782383281543439541453, 72484644069255637809630151875928814620317899175576166609639322354432325885178
58112325750373750779836740178602539305411233369628948067306904098598648695755, 40824937776802177173076014331936638905467156483988616894449342298807775466167
56232192608642312837013401853338234679076660001368773079731730362596611761418, 50436772297043964877011793105440622539557343548311320583084286297199274614678
11349411542071791334479524820721912331672188014930103306430122813586998932240, 30249735082950368595505680324489392246098923958515648954974215648828607354229
26441992371700553129413032611102730019413351856312004949008022782455656907826, 48119539630904181487497707281253880088338148354185469626700019321844728605757
71556592399677443871954666329055468437665483929279193478479863069369641480079, 44498917516172893072632312747502144858354948253373515246491431663141153419800
56444206828820670385451015521541969143712240075079315936794245346196520956694, 46740444120255306459804049900709706442783784825597045846739565180277862203350
75337722232637658315029325381196542647561320343834841877663611748043786418332, 37963890430119156009177753583711764643468519744172842248328808221542889617385
64554349605500643615399240461677327034096823211452667501818131663019145109217, 63506023788074912539226225893933647473550296842442138591300807596101842231547
20602575291909821498413939821117216229414603770007370185633202203698772226593, 26130647968841657875149816325631389099376312495686369422109395716325620697508
17054714680616185433657817882590796194743868344193544884366899406894488514510, 39461788061929620519379453680066466794791313675617842544838975458686175151581
34058398165181863526713377643444917537355874185804294365987177778088831124236, 27886704248630347000233490303785210173499588797002734131444479602894090201494
4531869641861794530368681138076945952507510147319158542627727845930137126086, 18904311166493693386057680618251743049169599563004839910148627109558571220985
61244650917947569905793875400041174383901276829098307843792521107690954895044, 76838699913814593444145229167960590922080637234877176371948502107971834395583
1331687521875327160725200586262988927295718812598909050744912292087660675374, 23208309609644586131164559316567056888844772919701295243817299650195535164222
76816371049907069350374365864539132081148889788800351477975729356120963280594, 4597124770798567425133683075539608159281826528356033255955788923153060489999
14773396343495250105439735612625199728963825353736008318130177615873889850174, 54058235817102395567735405785516099145966365511665203945469732067203929271354
7167881211099120407208497595199163809394105547402024252205258387678963994010, 39309949209594100259797084963409997367846039088864700192338228078570760513837
23562201711464866145124825316128581739981609809544981771776954829939476272746, 44611554082229801261192451440142850926307786660846708501721355269686386353916
7667457187495125262228696786519869125331995194249823638481323422980089227072, 62686011611511149000387272454815226741701636260399058758919061015500522103908
45243791444844258056390438264358999598532184381149474766093743031680449254614, 39155820212579097585135025681045690862428168416209878586012553738549707011581
54457547612554533328231741858685127908847837226394911923421612991276471133820, 42572763818537364924442789066882459006409274723700914053799796786875088725818
28716954295919025333552895168477522307719360512520753263918197257701789485663, 55386070271126365795740424344135294199822230963459723891326735810200960090349
22102215285103023473060944709557858290046281008522932097284611480662404382780, 76152172656234350616967685385250066611157026370508784793370744755652375091822
76564964459753409731140117968046008966252130678529863614776934731864557434602, 12269798643472039264446603288084985750553103073008260829416828095549578664177
74973314319128775028664438390889475092404116828592836808794677886772958055744, 33658633732526127914437258122653206825913019235844049503074081899672062784108
5757078350282066916892939950712732118162333271530795821807379242826873755615, 19233566416385492776828141170520281199018359145445066798238279096396888432371
57986927339611716826978513597894376345593688576206423345594171116519782367639, 44366341331199135986353098714527980051658203580330421000789641061590194004726
2843888529106546755573116809509893254414494817439560374110240863163540091386, 8004603256668332818030919470313015784470955801202594674531190053534346506802
65489978612925210279644890006992064172409694581386926188608228229043008410828, 61611718778514255874239268600955106070303190619245762805495894817104306897057
38127454225423386294174934747588277356904491917066880895488171758881633000513, 62940358235861323177653910491998466741815256080091391585448504992592229375254
36276616138041152316413173682180869771889555396417360486433661847804572203947, 16494877831715823822409106198878743611106383587685761820413071470134668667278
55934126802653296999142988708044393254724160148912211097796609017665899420755, 57599193646519389896892791628608085950859250998159667976746886351436022490916
7225883021733184559811610175899906394039686986623024002405974097384402867685, 5390675528711943846197117861880619091171997324692322564930552883591755180809
29344151632921917435878051522293451500572337902126666852259436908510650844200, 19499132247501266136810671275689850434036151164684690879352762711101829888157
72226336027976212197212206061434805329230632708118644557341783635294210652299, 23324227121227406169184714960084154356816032164135086811278610186877343300023
53895692591996301029428946762643228513389427322346795418447253206659709586875, 66929174151391196820276728292207206979771832667383697561223565733622440764005
45970057714474887500901037543620145930467161778820976317491553329292869266758, 45725230464678326951155533384150118718080414545002247697476301646558874511196
24311112179210757587447410146894249925573391194551458835464468129992828766498, 61985813391464532492497146917560868001846263982151710739893984533043983864306
37823538864937392777950590536846456735163505924973899865794150526924638679618, 1296596615883946395209926641281934724074161273713546406377953540070227287329
67157677673856384260789908731002456900841985312342749940596806491237794069768, 52605843478618050964153654538279544933786986964365331027730229325311001388043
2374726774181019059163048303141852311862835625867616842882006279029924763125, 65031867699697906722690289125988981122299009283734361778470942953259049009809
71626744754088932389172978414074230856408018433705296389627346552270453434704, 34462307033873928527151266672366778896451025172782071105118875033797327278519
36766830927986194993936194696110240262183207901448023854955776713649214257674, 23575303232372643476380944651776326596353877404441371316692415667333093637140
37891030609725739443036686143236914259380705483995561164832617866218801774369, 8331263921391920222191999217615672715557328351683328610732661719321813500269
9066336780509269986836018928366312046162578619848909247525806862074316803373, 23856191773491606368409533308684340458071419464521105054314018652819292373264
20425051248803597450682017833188270938570824185825487323901790083024019340898, 64162558069879673901727483714659769792149569122121279657148971929154726517902
54270225571628186686003069970519461244612286155919136483862378258407062001414, 46968750166233025272058374146143018761029445312519634261046549144759197966634
2606793841584781646768548188536286662882683936109354357571258793752139460141, 886462156921466696821352564711160849959185749118353418326753653167867844782
29180337598325352597819006547172167597131032444630755069306854190299714919423, 59040256942307285554230426621698434824240527563345859874693392215188449384967
29971560594809677694941443647591747770086068026374785040876513069577614984851, 56054242016819414280537014746423108194550964768523049596091568367941180074722
25507970991766189150325701089955529358173221345691864317442407948864886104910, 61633654763834412863297769705488735604393815637326444606301706551849482334310
34235332435659585593244925293213038463441748559956725720476530764685991524640, 19891463793090490511283864948927520854329041161661903436117306141861426911617
252036594186043384698259811838402796764309546206417637861834925079136079660, 37410416386268688227156990744152249920502891102049463786272953128023830741024
50240722868512275195399582882231031324827386429255542632449953631139725008492, 48827896852380187545192403664278782084506564427131948056780065325880565664295
60558309622912552474496622400781584014729287993097065255839225084641593014157, 8959681828448818613258525624403378840513917051439986399516726740473740413404
11591868368255582258624696746187881087998491337289459811404439202944000550545, 15815348561872632773562553209837611033929523502699694593464190843889764174985
22077740802835647396514470974016907063641308532574783968819659272130130123855, 24834694718863924678441909963248978371013697901127184763479758688241281483453
14565639125334144275609349918251192418826212190702286140452767910927791277692, 13372668945391751891967188978513163928141598857716981603876884645163897806566
1261437957981894789001800935630456814092072196873448320653740960964762572918, 31762671413109374300869947580214682090627351181784099761011252480929863251553
16747282231875504748352696438805429468342259311576060549983594035527047212545, 31457679684306914989996296658586421844141311785224096816909977906954535478731
49281859051319285767464658217160648033340511267334362195582713231081203604176, 59939453757993979862533379370578746940760476207340826357020991657786280810355
47880003723589487809319152836915181547518098002619191753875865998556669755417, 67226842289985894619430918870026462093405099424001181340818485970439599985508
5463927924807322616991970183757924751474843550769570655953027646731632783693, 19172773321502309874625196900484523946343024657065361960792392666935333668127
8137043993836986398161122883980020601715216814810144155747042981809872320758, 28318740123031730468512124682688718038938880448956807834547023808908397019839
63344434420811716956988166955647943074311696887036834912487556151962651615799, 55283014086610370085128918319862919605682016957351236679244699439329405151997
47055962940729397699914513913886475090926373604987221093559900081934049737197, 42134007103362014910143993593186344198815565716894100538018280296475267503839
59892312447002074784089150507678272565056054112176074130127436108948158488334, 35273982747351024624561581896086710114606433136006652729084942680390850912260
42393634062648341054664635520813324853844181572387494734695522337366229191874, 48982856256900711376353892752457592715425849797304169333090005312195545205949
64791859589675960096833175416441992691595497474708317277575142798957956577780, 32028550228001240961775597186975580774098671250254137442488295767186306183256
36045018825754561527078665610032885392232630845803628211244012397318279608859, 74420782129097281565268943668822796101092677251119446761783496622447063903282
69411765345261808221797211254731326927937686284156360086162682578031918332909, 66676399806226967097010852432208414055067662604545186788174928308534726142641
34547025629061948869606991787960920806364828176192017560406969364327939420940, 3964502077174528284461944158779332011121657557536141299253100747697912809709
52633002028390074065420638722120872969412909637228665775416656573485957245471, 33828632103147887532119776534728311521176767182617218086233413491906136743420
20300503832300019813290398939115771697800151460270391034135933903495374661453, 72753164139198463073284952923660417608320132276345105264399960355508359927763
24763425266200195653142585230349502773345261488806072279325880730712733491075, 75199109186293623009506879968322305770071979591160955107648466088284330075760
33459202820258242642033829549404869839262851322409337725517047964232162291023, 56999394620187361697714880608209311042722021725281261824936508851990554028826
74090412579253650132570136616584576480806413927904185801585990270882557994741, 1559390375511295882083027604224023752880517449316330032878024533846110115199
29720624971583607890211329794700980139858561568842485961902945722688341147907, 19236827702136219660170565387508563643057719627275002412362026368680432454083
36970070685412218751162012314733387671381538984608198344092947601261120088396, 3274844310992841651769900929049407698146794536948133535598481522261625394724
2946128362504227924454109546211971124466526161783266545759953141635256695851, 47991151615637860472396962275704909442346037396528984010522745932240889247156
1053428143996783328522407324022880239598265387608189945919982253561781067017, 72353795189102215199940838668840555975635904511492426150288944725720749333155
62899808134933792170305601194546510751744249365802960318669669117503224743470, 34479073702599391619468744272083066311092382185484690728143210722426900711829
5417836267427108013224728230917074955077422301695174885149486223056167521733, 36186530981162158129004961293642692011416317062401557268059545405289029880899
15334187529023378040059987792893335731515248940794190354756280494467472033288, 41644325270598062539057803905116357274342804611750786921306134052856858559770
73923879165783908675401386599397981154253169505310921948819522872787332373303, 5670208979436701220920525541899043351038787431790455354323129265188989765325
64708926580063321690593930666720572143134041454976462501397592589899168087221, 70770163403101160507027394363267531454464275007093561232968045458609830874115
40944735343929914953973586708684995393197958568568988053207304624166456032302, 49479146727850694760961426320606559028277279219867088585963376177243077950254
47676183632377486825156980823718145697975209031066020578734527274951710730906, 75409633930847937523585218426742751842605100443553800335474792643544421319218
3338538356360556097648685473514141659574907912738421839734499401449849295771, 68945254888545196390146939597023977369112678411941680450882024710519631882851
45159580063550962757809116866892815320035808445129774276279999841433505880954, 21896810067910172937024382970737347443769208995439597537826868401363291930003
9346222462352405226163901776719476927848508824992281223013008959262122614569, 65412691985797654967565612117208442537222318577485265724698757147067719917927
45225360227292832800262509721702344554024473427609421813164235862673784021708, 68580273267339380125304494188231984751630788372349767583146044165927171152264
76562997638120966912629586469480913140053681994601783517278592013368556215861, 1214194524733293571106656101898800949605621434543295596162836246174715926823
726579604145842787378766218506655673592291134361835190621905586291262947540, 37073103981899056709700807009809651750799237380801372226111113893254471702859
51500038583134999698057624031155679575569609760794616111545985736329884535465, 22358822790010438160090726589200134446914712873184113474846171353506679268612
10180788521574501156575322927241872355405392111174034388508548050383204996731, 42063961962450866942394486759262767781533177825123693415210943952429802330231
6163381732532260323143648303726187606678108447488797452394370338095378933849, 20421624739660725123968883667899783004983813071268076217527773376933231159050
26083386905162397431371479850394496814981508146891589306751040995422648040954, 41659464320722624176930466669588054019105065910543344493592104846670564413504
74150102852500892968661498013778291620065650557717368136016747016434107350687, 61272016441432928797679217862571077205086059946695284977651138765255066978573
9505750201522126472950470960555771124587334841678506427083653779980397009263, 1537283138253459246290226506462822458228388743649028037221073758478144209426
33741657964801051436450245486747308122747523137165834570757360427078321646086, 31214524515775939116399618176628217622117990969116465632743370387230555085652
27597976387426439626210790768890454358859086678280591593784546921803816278634, 23816584329102669806999103245849537880753828811424742518180623389020958479928
14143354496725866003496827886038521165919782688888251368273798654162476867185, 68505055008029422789448431431616420344989323619694134413042957832726896395798
14865539742618339905105249766382404543102776023642349215705969187510364070764, 5117105105706056674240924136040286282651528412058524235275837426043916573634
36977671310550182848731839394970728179404553413014216132038372785184992987585, 10997519325861887115067685947462817268962897670121517703609903704713074630271
31917201502969421701417356387475050553453224267350549541596687301764703707740, 42663203422299136299613655484034342328846445384728045617017287435344483588909
18332162350149300050621480667950887878805816153057350597103694607035313652984, 51351668004419567833567229669859957893510976980092963006456552987282525491372
39582207820675308960412138877768652063614279016361984970836370824967951833979, 49736806366564989605078666257158133832194812778830159620403122226526364852484
70357435287099632660436809954390840062666339674129423061905537506123845758649, 70432381983523792504669448921594013594271717687133309038103669875447335162042
29406787461807975707748242374034007133614335138041753962485576320084997458345, 1217404070667260894983102066818354012456332691883328265414879810874254515012
57123771098076947521988450107640587311615104542100046744327746480102893033219, 50587617397552407984039693476436735818932367774003722633776070498508211243348
8923951753311220876682261527896856352528388357715914615250104907428069811695, 13117660652250331893358026504236831248861319821405118831850812350187617472749
51123518659569434305952019650357601790044066019514144466198645407922485021863, 55825385815073861592547818400377630113386046813319796127123319303895030631720
25646934088781349805154130237448589545651223485794345624482030398541193834337, 59197859683510025571527080805112044495027340066772753468232932817085680086286
56765443461259853708325961421014695567953951095221128301270526791009284821508, 35181956407354379006834720407513872927679289296700980651377643718003382551142
55529566427982377802325526631497078981648096622037229188047055421331920679545, 30678075063512370273804941183983571357724408273058378392677407680996561309190
15931313462157384739228688337544748153216346455779219192996109242280080256968, 41343677024566213994754392127720677909166898822954906352322408086318937741361
30059420292104771518505795173004789196917692561144910563641412258359967320198, 74273591848517463546376644651706868375733783749783050558988048580948480766299
8354528557304440349587318986273659964274265619285046365134873104136348870644, 930953159718716407518529256569349145145138588428108908689483984893542107319
9547062809412559551480092622611148704798890711640314127380390532420835388312, 27875980437927949157993122442866000673103311092331843754460303220281838762948
59257324423597483409483757571776301843299700278518027459281752869854149430046, 41168971789406161764444839470664741708542581669850561370869748631648380171453
70539512652734039468637007605983472980796569291920873058741799537640159377583, 21699243097163788346522145943617531485936148381555788355941541765074651545637
38851751275521973622293255973439369789430702263975094685639198703198031466774, 57714598167121242003769267727107137372704637728536965095690149273115540286559
