Elliptic Curve: brainpoolP256r1
Field Prime: 76884956397045344220809746629001649093037950200943055203735601445031516197751
Base Point: (63243729749562333355292243550312970334778175571054726587095381623627144114786, 38218615093753523893122277964030810387585405539772602581557831887485717997975)
Polynomial Degree: 5
Polynomial Coefficients: [52, 13, 37, 17, 56, 62]
Public Key: (65574621703239932640605173203237039918802375106352416796213980036959157718116, 26629668211582266936866251104199879140676652015290578131251457545936002827261)
20587757551231487809786957474288114278027168647360553990381523378943619182167, 9173818253405974398514933921727015998974779962236526187289420616744201068339
36240938070661670097937423833860966863697444876009636477804507601442611226058, 20177633164363689298294581455032190231058561032570976861536747984534043323198
14990147762139628899633911970552421934821535408461637054237436752149941047864, 59759674776560419598654087109479202075686573298732941340861978401508251074482
62927065163035007960858485320981785534040576910125691913556557494894080407582, 46656611699921323187925822104297415548439444978369373269026500130633736431222
1869327022831858476068189485841981240710429124288934429643503160882614489967, 73877295889325614126411600612632316195020956883276762642985917929735850587230
38589294412698450270166700886698520989565842010426278781170835820634651704262, 36403080041369037810003950136691255349345045184513765713599774336626130307426
43502219223409512143456290472177171952329459393125587857357445718050263854296, 60257613130986049605138281449021261206531728945820351328718687825013990960591
9160398818650802978368103350421939611734782636846538687299717843409877621811, 35669602176358024403666239608450279318762047856718063468805520286074876128803
64972947916318511451752967312809252555824584524825336425240505906282875627763, 44179906412726992262430134078049916486609231153774147917155905895748773326300
39892162941393509922739786519096181593472685480196639029316908493167349273696, 9420313432311186615117503801745865304016794854360452775601787013134923252620
57951236499218539462314164020610012129893699932677325483935940684038146929627, 71316089432945830997598338730354827289471366208623267592847707775682950613573
59591791735086539879645429746183381968979942810263224201561499278523889768594, 4768541863100548359581931479524056534496832776643329076775682379922023552128
43498441446169970002640253651514447562253586100518874466708176416999886459374, 21106486430834689377366448555487390862285120890443071934441609697275995441430
62641666815573282851319875996633644472645726153258168228917634812902599310300, 5906190501770163963796673242352864813279256747192460156909418457124435554405
49581277611281006896360983107739017122110385158650092447523751464262495425507, 48976279562825829379863814994776580579488971418181415085034489243789572609057
37175176579850514494170474826388844110170553587675795559414793431345765544793, 19609845824662288552894048563879913536719807387958675482469650798315298133530
37968952454203097290455863115271116302408107874862685877789958431529356147398, 49969043317969036302761645301409722811902877636607843381298709672974113096912
62285063916269201284671509528756009653102330952810535472670945944624954358086, 10337687601985887139417041849274654527618816322457938110612360077162679192670
74063024603422733900440229409603161270972884119898816808259554749578946466440, 34039523640219931766145295473870903001285652783224347949431346303955405186
54029345490764670667369518159017547562911085541562952823834055055656615724682, 68944422881078805422316721350082821816768781424429403104006671946571915541219
17509248667609064828384019409199389434237701620140537149709610709966073809166, 33773404194982340594177006260056975750896572775146955491530232195583154593578
32218009549029118913614798368613082096478391546235964668388979842944547476570, 23250971895546864142433597943241754932190221922506607747535142056100185141102
68953484502398882127972252585907724306271091857463738175257964889383219933058, 33385188031315885853608208217557633405351898887429843968198563107633688931084
9393868520899388170435321900349407099199531024066321127065801611851020919779, 21183022189116759290061228381050034594503182926139384517938041325173731496728
70418244459533290048040267815571302157509037521485553649933076545021177955127, 38363216045682893012325841165578893606204329906040304023667977679382854499798
32426901809091209828665403334542113788900352696983531382250439642558978724141, 50307279417152969446482642213229184049511397533706247551864123815515641434009
19063556821305994579614136686664136996622702377907460919858265125871043910087, 60430888771886533537900044270158021797011659527327783893951663994250428952958
63611063885242592288487624873702498791112918978800313457103743953950793167832, 12551330005212424549815852145157662714988356722517905408763548020974651705010
4854463285421423508729998427208366897357111954027384909880976542559588299097, 30803534900128559742643738800826784998766789303820728142406795816145111365920
5618853057390417115911571127090759213746582610171203292893828329642704606814, 30103892961214413492037948846312290313074517556028767733582736181697484718282
23204377676053339710519661468644927393221773673212826420045732013486636802457, 38952951703871286133093114135687641676662570069922409096330119212173577500407
23199470308619388088627458647943110383296176507469413547811562955699388035900, 8324178315995899726110659243455283573241813647087831978031584283038654438104
52152429044732896044213158431422873797454218587105584310599026573026208323506, 30819350617477534413963917450139381179597105121913098886293154348123989468188
34518924336146643406744550342974576217034719406646483398141198328757455354725, 38025713478973075220449034613039553519438301876466725923729575503337915442196
41588721907688096246979127449922695668746606291209999858939943758202299769560, 52934485801201930341769253897770782791585284223952160632973938436949768187837
20682871350936701171312434325099013130708845032349723178671103460202152173381, 75208155156391753663123452372566291386424247931055237238203875113923834282212
1913677760302506642340456477226339474211555378717673344273662374880883562298, 71053550299384108073075649834710834129189296737346107069745203492839091074457
36568075540985451537223300168287561295693950054734770002700189191964997808346, 18079200291403170278742716358845130088843458327360123280995977829760143362622
64613080999481187553219001308815103899495212315318288796101468285563952906240, 14161550711201032091841496993445592548364099220341636165686428435401625462091
44924682612599133760806386449465734459078265273561730859592188990789553652741, 62299968144017724925876517815622388510996956925320185486391234696060179903079
23632213621551543761150731826274019711463335347777206379283019437125108820197, 39749761819897149899031883692156278904380698174961673103250982305444390648541
72876118557757431214424842577427597559860950522430634787410290369602466517693, 12055366884310901648335364939476443938449863796219764040609790231886025183671
4249615570312982930676534452784188159112954419394006329895221880973598761877, 74972857532308657641834201497360326067738016724323094758316632498139914162810
9118074246590159290654708010203869275326451655285334065883659273988782271398, 73498868484784251507264912673333466836048888183658481860133975674851112518920
57012222776482133366298530817369372812552705428666182658956826492712946342424, 14070173329655797113568828627006550814700344931359927662357243159081927434538
55023504968629522317852993357860804753430770301253834152302336514225421830377, 40274438545191025983860206045000072708462962294806358422907151641373195955906
58252697424738047056659209277037082117932198825587290180656172857289674582125, 46363736080065757130604557265881291196377412368554119920609376672400666190412
45245011802007535736379126913949038406641870477686527845640533983796454014271, 57689945196697922167916808542006982119662574012176176411976564012358442332798
33260002270692229338748905002629720814013915453294652802959979569273368807424, 32854905727211102229420384713713488366205096199822520864933252681503876112772
41510178490487809934944881962718103928428977951990590569864887218791203541603, 64211039147864190363383235265530032767575286864022032141595119229339949325764
74072770089087017541099889871447306812062595912174885668300809283027236613041, 59326368029448659449523247332476490533804061260961188462119368985569135151029
22345220890090029136472686654531958655961371185263310309550671838551745364351, 56637974393733209881359280276545353644932357066437572492922884823732442754897
42533319249776952864640702929957564320544469851304581458566750732327311463145, 47391131659515246756636446266650698190721878313756480616173859063995842474067
51825564153696205028048902530287700807766803607373388408337448130527693535393, 19490747054177155198636432496050184657517871710064949996683193731649137366470
50978936744958316565927701252188936448578798578928877916110845661878021407544, 40252547271767205694106197547082511703306542442313084114246363850362857465205
4982429260227978287829964749029349885385715372031665640262749651035433308908, 25398297273709191759757119271777843560834271880622602683209423042638054595551
70157136582750160409629542410694022702944083575904179818930430745887547130990, 14265372854241978625452966757338384942832546514983986666051581775985037604541
25524679662865607863292214553426766738157268517969086765617783520335095788223, 65101296462636945987585387254562982825652157533006468668244698143757257354878
27171985960062331217658883182333202617393400689610147436001521751484278347236, 45633707283976328416634741478324798912133162292924351684632775792419598778516
6363019936766375774015180242876200095634925977840318647833210948375559701655, 27576889730524896508864737268976670293459392700639412321948508135876373884100
42761528944542549073865459768226790800178031091068243859415431025919233884123, 2806597203207803667519641226292915543805254737558983650260993655509666685407
4226625917446034670312155238681908564790879897500354506440380547175663091485, 9337184561099284275670587586430053069056209079336958248465774236200811118384
7028751332747820534750154177340883124654914513473686040878822924061385559522, 46642661284403896940566014412817328693519926313002701298154947019737257543113
41852179254797501006719114878888056059680880892748310671320578650046578229556, 27530814388061411721596037008766040809159840108872899441455233057078607259849
31294668143378444582938942562115258045625683418170582428543343150427165772571, 10870343537624920979788998801659404806070874608470653465205411223600874546248
31861908765178073012172930711200340285606550094616396196652784230544785638805, 8851669793517601661795567532382747033940994901809323928041794688502768036623
54521028219066103811411367087043490635825495655899932632514553145927653052627, 21685602805875751239876591440832841690645515978876840688465153417287072927120
4422182808226658838703943479046424088834267701580460227401983748402363456466, 25423617812581776103141695770019381180120955388917607442501074608654194570682
17035691103783164144522102533213090468809114949086230861659165604268694841456, 25759471038033249077193608764127629219269952967174919607626332292913984385723
46886492481322616311387659210445437223353499500211649631751991966813409678834, 39383505951007251215964728172067824459560610936849360400573123565362914771797
62506204544730590608834976823688006045171034855435840219636496607708729472024, 26008297965000424172828815168053332634563988739038128986696123716556483135379
11351180926922537257616481653167600978333559138248149893872496121941543604642, 34533959882960273334750747175676701309466805023617653285637852103932114112255
37326807350835112701312300775204477199903683237655914272808284486752501390869, 24785499438199687165101575778480571207219709418943261732710965750654729112414
74151680265585051826069766292272303071177067989854468505383034325026570361881, 71942536181585402296304736899544297157237203638024698535423762912776126493463
16392692631570030553663092058882836620898649729654786760016036662058142012456, 40744210829464867677925828803765088353760880581448116562898140829167951687407
33223505609667169014782439436110207567653840018514555980586208588703115580303, 65000020239392179128156013228606769796104292748458117421851631293326745281504
59139445419076930078995968293344517382258021023234195632896887643533911664379, 47653917665256911978519662646104284417740857103284943754531007696662815948602
8650826029064095503743341283754794234711503780027099344155887592903176744979, 43533270835288967022317784648329983193023797201430239385786965805537547376178
55790409138843191167931505220776887116329952958227528504397637770486194927992, 37908991995652124537827661662312492258567725985363080765083503546201767738910
30121610453874509293921704812938866772741021761996426417801524376264235725028, 16086033730837866854940643012448350015367141167134198092525949340577096730257
49032706254636773703456583337587983597490816042228247565832393936596350096054, 53454037026828068683242435248546698991398242679399604599366222451246483189204
15278986344275005013030150447640175190418900115724969188584803756678934698765, 28231494956015514459103292979203696755169541702852811045594328350782742238728
55129100783880122161774455067690168538450402271265993528590677889252641068628, 3199585041128482745047029783806284996476277471249815025725698900475174872784
13931650545397425379751538628861128929244145946287201979138282983497406557074, 19630195196948602304331354523090310060229700781300116215557876435322678725362
10619567245065646983750774225671291659652191372968783640166599046998037026926, 68895331370765317679817828768686767408775515599508758463017722320279011447692
27156292813635337290177055290634388260131066559041306213622205375383801722871, 6821494289328698926918639511846138399638030789946106101799010241665443892636
28121189053635647174990844027638887223798315483958300870089022899156126949508, 53602765875533269923996101886361936756704487775515504093314357915833237719964
38129937224640332759944424249175337032765892590918209852291290105672757579842, 30429136891259232256370202764824138493798215165109647648019182477084023533264
14537988022850882614468643910978417591932825995952335493694847242482117141365, 29487565075262132348821836394740844232527352701649308270924385969182706428517
61538586346108146150178812634690193351096243915019282718277091302272659014311, 14300536270156365425304478988780579009757571655391216428283510578678974122627
7702325250588667596677085743005560830113857251570702357326923282675575272796, 62046283530315218256467365665799756494675473493844185570255080834142984387911
63807113782007560834832062347711916662261348706740670316360938980515633959586, 32443470185882584398272563538056212895859808372541587696459728166968111580771
65641580876528637509791492890484822748604326051796097968911692943871906764403, 59396651826478590786679393058796533990798973018956031840107827948765876705941
28349564790432072854818805406367727556277950514915520505069785465248922989716, 19483059472798303185742148192839751493310748643713380918275208033371980344992
33200723494863299501290432674152767568781121622568156035102496262140174530906, 6463585759532356265739330030387798757675396385477997166668301574850547911618
74935420209929016299633066394799687422415929614784501282498573237214744824744, 56976502973726633811726516921684288190464273325113909823584646166693946031977
60790245368775071350249826929252908844279184041119575474267329424117247186024, 9944922264921481705996795665962522010673513838101060928655904919865275506361
62743075091356183075318444464813624405441374990552271484363059656757737428248, 64487482234002843849254171669447500205470562957589635229685341516630315716499
33762488944195354058772388715205257547876759338628859365578431732577812807652, 56707720048424428944820625351806506328869774475965291720980918898067520921883
34279318466934723751304437910107282385931244737040016978680871880526713060560, 10920446951889692198683410401992723418949505116739741363036594276580670321450
67777332525155402046786729160822973628910509884655366077991552024718291103974, 29350252100080045890555764633423924286445358241793676152858050559233857011884
59858160659978409773640482123837075485542085679586525205136982989527213146639, 38942849482033664473124911315682037533444816603660865294842738503288050345166
35593173362118250218559475161262861813652076970803934477371690079893987573296, 49992671131339457276203806009868066502223101643536751713288317407126022760346
20146529650236379481394949045212570466176951651964580179648091818851284998773, 3340554993340738483724059460391455097689270444037450803662047045019765143179
62102272107388429361889032406591459845298206811270817042865301400093325285339, 68886032661514512847971210805517478913933199181934343693202124377245127591720
8508562054136883196020846667880900957202546156123042311933831125289887558762, 66114888900078271868446187333137960068460183355077318199426100842891975011206
48622396822805151635321073849875014724993374509542732217268563648923581715221, 62180826645490657281932508027886894572348250145711478715422472912769048902201
67792127718238319318063177380413506739310256047287299954690132143384819188762, 63028038463269888140753513636134033032509963439699487599426212931092161646029
38885889359782678142373729562350897856205738422450755200035676808300107448892, 24538096231127764407420450392357953749437635054375166483130083759872215398774
47673120640619628638628271011243252618532808762547175341979894169034919852854, 48797576541823413894579680046882504391411414459828352920313869195697036272285
2216916100798277342425678658027146918361509477316538007376422182602984890019, 52487287476142745133234197371204476608008276212698097296170581232145186033013
15422688007553868944727290578928340660893062622419319817435321342290159280075, 21548345928301913356414950570871148603117158753209343814907776901272038102672
49772279037528492914274659788461401659164867339662200781142121006130904858884, 51799660860303947479275353256627169376405652973682570498018070513520232752548
57806241211179702870957904046973035355206578061943185551852231273817275845986, 14955878585035522056176974078324574952752971287523125813878799892945098200020
65583993631921014346158870629103327490898357274168200101836753892324430572423, 47672510756394882772503838887461611047979265089062570046777616831931676755962
44196852527476218323851954805602959898146774723400169507597568337741709794793, 1645722458114079595926838132971204944862851340607861573466640205433168596588
65947103814526207539065334736480915996850795606855346844145582154669131118188, 43121060604838408602240240048639284393868362207458263671925657557152875884662
34578096674622327668544121717846747109249098526979144258018604202991427086875, 68058268967751913800034778125819455832275149531882358402712622650875327395177
18236934657410527935045967188666849816564172979139715000296385276667661827996, 57979843176080127190335796493903825336643888622483236457938986560613501482590
9842855934807170011075579505430062263149508577003421272012347681407722508600, 20181850171080616730378162976634692565738501795132768594316053289278824592671
35468769056477038258730517429924000750288246896538707898092196757807136848925, 8876421683064593460516935568260883397401263036175952984620326676035467945245
5847750745705386444077570232900531807459586411379894048297426792827713125732, 22390852633102141448883812906275154706592596766278399770860352749669567957649
65990705074047802707927000032936373332733383443517501793922924895589705522514, 3397605558834611492703632492000189612611328339217852843501897409046878285874
31265642039196367174204803421390099954425953587708762999042559879921953797568, 42935031724633920628350569719126440744691991085474475484939993900895185455769
64027537905665781215679542259604752639602678433361030932261613110046705256257, 37188389915908493697295912405905753531850213276045288740562515296614111257075
35003587503680246400274193338032382576330621695084414926367469659429022781283, 48778720416316157020254558368598014294831885716559794237828468285605079413987
26176022397693873066103132446668907522219099522036560041749058497514131642147, 65413434646428442827098642756195109613899781782414360496578835239425580501047
6403180210695019016499854476759200517689309793794870568022919047298889972580, 43838548890173770722168985949389342915877694453921372129896297250855477046174
55196041333372970577229835276067884251364118389426380650923617385908496392626, 66444901021923830716718216179137051420398906537854750816189806414286257939993
64611532121829741738288545871489050812287570535549437588191000178407227200957, 51018080805136954372023829929788871496410188309580540666617321631239421473474
76030207555451824329460968931935658128164983979162756951113664601786262318657, 31073951362080701967572424119857951415539065425036599860185609120318306734105
27043444492455061566061353451159900917959596439371842643505361735310705092622, 41201540567351441026835671035068312243620248448570097158747073277757378753621
55351598418491101635875885785305989762245272280975980326788977655054040765666, 858782723959883868468801891178254993355909475834785067607914254694795859192
9027132086902719430148970018012993413303900282867161521976347414788764524871, 49552112916125751369081242269709650392407215201176258470610213048018244545708
7334734607314652882424565008788538010746093844651452354859085923898688024313, 13234991627638059351079960708193117891444064821403857184997356622853861401801
56118976977181913512128772156138083586771128290976026811346242167961310635074, 2436513093929278868849753275787118558349716155189871329137942705726864459154
28190702679166416166908150635826927333925010573433386812222088601867523067221, 36857361220136749791588847469840130460267527057978351925528831453121306530210
68339720132712260034382115771536608291974591061274705414910577890142262034182, 15777025144560921404509317384321575776536742983729408312216145801624893478119
41102519528797289410315807874429409726817494218337423879606591622782729335775, 15039538167468621718624418179990167552602126499988878646928841266062450278463
14638732092879655308794425925860702692628964364629073751408012759365012212234, 76015287611101646386727670498876913128847809239807423179843860164529548642559
74224392579957835543443785452826565529245844705148293944673752657839676181751, 18338930085024095459568663457273544588950255943961917983883436391353266654722
8657063847701028574485146271539793644382065865794379466943098395577865932388, 47484800311474926732966506636917501071863154703821112527091668064501513657100
24557441620253959071494704862807722522107103666940911860348779726992538270845, 7815930467202430376253867748090354073161033118318586128628871523942498349910
15269892434884841335107600962927690776387154839961536404483821271278797374345, 21779098167112706325701708467820557200122335684366216600971021343671214641957
65394661449452326288952495888889901606090074486209043916145927419239912969187, 41634036004833006157106268318712042555380239541537498285495705856398434585908
59836950133029432768930468821689459575293724072204764986368333835938147463148, 49885866755021164542128718409301260682351867559875975479891088261459497208474
64157714427946724537609725947882011475142373742166228339862803992769815065981, 33810440281747233699311061402711045006064652811553361977403080438343054262589
16355780573116540734889259642544932454167676148500115865011319167764479330233, 3940785414721088576789957412870906834918544994623774313463603491256439410436
46679038677172730722406322038741452606656425188462207904631411063740908579632, 33016032913819829066713324825448266810655863706840240400790273529631949294582
22658401799599405878570400875954429366295157433337961410412448139746015705810, 43910504851099803475263051564991031142856988594433205169000550162119303703086
10154228994206462660072630655253940706056296362667425893096310655366232531726, 74708679509293688114422267258791785019312049791976262122136274651800527493088
12646876571935066260445871352578557253064399081357273636398859385335506804930, 76098102011938489591003071850511611813951490615096099140116720592036706964135
27914466949721273118647063663017581532069437018019365264792330818841834127565, 47119802220689556280450888814640375272039335928563059167080116916613044493547
51293602754284586542408687522089394731835472023123709208238970877693776391526, 64978739989576726266018644285668480967734198229499795749171644537229969681254
75664643648199024416654161953798063651178998559306897451298356269019324096503, 20176746818326642664257731082681374573464875749714759535680099587891067441137
33771402236073741088426074514464080109942939840467483256026059226872277864137, 10522014693763790615816491230956021674036793804797143503212046370268882066335
45598335192585436057921622359790433555077484879537240517955016415576025045651, 60614636393367019885417463861495887610135442249925605486971087720282486743305
71712426381331437599586967431019217736113993300255615023316049013956933596396, 70198289512075147935721748404332488125893129199134370859692138091523143559238
17455571935053580116134623234382739722587802596017630894029745143655618647641, 61092746113557200619351243105735838608736946940755900930950071209839762340159
19609114595110157599300778990195725679112043832739244093558931056416418409195, 68464956669498019162787172187059720535970501549336890037052649257098038221474
35943594584318444450978240587392850978273436918852379720967744245686969059216, 55046282953519279537414692987206274116592359361873049355157236983047240408927
352701039688343989299885720457862019150338436259852848051159802297620803711, 15769342753391432353435307155135498399432019004615049022976258356486744453816
22974951169810473513346313545817480885778698815825346294401153489253046640646, 19161008900067670605414125309029096121374060442673458531180290389592312428764
8303983757749875840709360188177125289867551601804190205439811508133076362989, 4504817673753283564333476331838250506124639873148154675573857676082637881693
47352650240447163450246011367860952196387955649234715950448926501327194172868, 49914020504070429117994773929135238366108745271642022091571012816964963495107
59264791549626289411674028311064013077704523261410665072854132554411588084460, 48868695523284412691006173185682485490853554994958905680508515195222504641293
15308210147003837738871667390011729198594121544737942536399444743750755032630, 2255165360815666288061389172001721273706070872611648326339926149627201167859
21041477810568372924387367763527803334205021980243163907758120831077579652301, 5322358884382486496715733882404064754678966934384377676489217445559183440649
38670568472981822683153166774566721888316075105674545778618041778558376538684, 41719097459293109186686924756135360105299074766179582868484333389647757840960
5066249092353560673322066902562703052834975360041345808007340831462941160531, 36515920333089201374085998968984532583725765134430312632373564002254007613534
16364125241417845040662302783500238398692870064033366432676489088562825138802, 76033545608024510958879098258249644370793253575332588037232309872797050914587
18881469580950346658707808019035075074043604736725391183178561361549857761752, 44936138916541263413893794964428422618679237015928449542963065844879554446023
42957073700432416561276101961606670093762001360022130844398876287818360711634, 46341855333374198588603309346952367123480213591224881098603059070477241441615
46342109718696585906584067171204104027133615551572563990642478718013034835382, 50268860531619872973477651410819683945059040703318751269542523460866802627123
7659740677346799419336675690961708097277934671266215424770433151700805093897, 29454884799804378957698941226039406465161204967574745831344289941658735993935
55444079604501087796039447210997572740518754801345278689243907906764032534068, 59997253336513441464504483131841716136735666849529595059051490026588955181828
23602039606756696136282128099932934503587012948745565263227754397768413030786, 55408413807432303313234840442318453971507975922045043328988856110525695617267
7637972460358929416341770371495434690732352694025551455958279422555099860401, 9377729715334874603372655354584809909145026511487407024573670125004640208431
11584607966754115381367034252933877157273986010955408828672998782015435012811, 62638627634007955049303042897935395061257590977722406704412111854140307685367
26281434627999308029314943437760339658463862885989468469052788850375986174175, 45246004360919246444865461717599969258173769880334227639760410831982116358808
60680900746361710708987963315476744365102331606580622229994623182709904721994, 39634428773594212909091860130728769196087598189899111802030555223473281051655
33932644928769516200706569313864164468409713608841420882753501481667354946289, 70654440185817219249753289142578782069080793434938462993951303311101237859693
51919492874825064973873993888064876874222679314283045156014072809336642382106, 45470234398820159077121593667924450179552504110342762187752637792162878905080
35432605726315717618773184118582571436977689843106124358139232046642329346739, 16296498560062074702885982603290615007467915182647715300791171956105933297776
1273407243552078747777567277009460459257922091796191463826381599165209306985, 8877978988903602525283638811330295646601833141575098317306636701320033457850
56720436501351169719338534095908964198083844309720068093486148785421684044251, 24611630338862142041776114553019716402411993127634011501066765089348986758594
63921754095979420086491446814936142295820574854140391880329667162407831733898, 25174454641849991375048191430583694485083532969816084187842674899817734614397
26268275132399411241599885939213001920652496130516829060935456485866638116750, 45122931917473082860666184059225351792719223716940032311748336075441115003963
6290306649319851297408142553058764670985335309320659757294806538932430647596, 42526348841201473403177652027891595176770659923346922436135554089982154652525
42689045812138978583637287265330204312190058935776873354987516105336934209301, 5528269115567315297449029327709342972297508637597858278803023326138888991735
4242197378404070334669787048348776662989268435181466309960777552219878690283, 6875216693115329994011719318895168825832246542856551301506449191487618380486
72289283844431457744784365581783007050496843057573603922878449122214385540217, 8858904583668854956829179153013478856459943779969024011511454549814655071180
54493795413438800135108815364084603913377777531582529937984289875465400818007, 42755894606231308992826725017490242693334214037931858173938284582673994652020
71182387816539924424360198372603820963084933839283522353402628840580084545055, 9570595780574384920771834369267573521211613727515422313415983793566364297317
67591738400516080481365064557312000134076232119094979351651785998339879255984, 52599481171774476211473245784899835130424677341655901059984264434046566557728
20044221515028854657459322413474377944520889371341738195927639583033131148498, 68511713790091296555532201749793778875724575782940946820277959779995304261154
73704917515349879659273194583105401811283571533739847331934364744812526048763, 19841496657593252741199642188055290301000109196724338831117411029558105128843
71946022645230229190747357968496642853072424684217804115624394552837659210990, 72377210124745725134228347393707325565532896145680226683083057411569232482573
2997109145366552160984757936074500418362578004094913760517311287196360483310, 23679792098652709175011776994520029338597859866240942914636540183171077411501
68455805852381850277335407481982438870937473326396213829609003001578925380756, 33859951874783308959159516221074109152988677368345145254759073764018555504073
43718925118934748394515803571570869014643950781440462604744690970827571945803, 49131668636999035534009132442052667721344424225925283605956482797668483540065
965733205908411638735517002514159118050334768823259300328954347312578825714, 3547892043663070076682018398415550581982379356979396910788507777305184856008
68654312124850144824405399095591083230210800403651026362088864308675059278429, 71578139160261774559055223860322297187280490062280368833890666469628149079388
33426554460062960522512639254885375134210868388070505835264339379527558084887, 19522190372740887270510837183222142136412191889962556682053978294715880966625
13520961860878084124819337655438259820880961818919728216315996192246254256688, 32526581501928859701246501507937050629516702449890588751814107154713049449674
57459900142347486102166728329984962908612398627551734560127712299727728563207, 72780609630733506552139010595698736360769972111183877806567573217051843891942
17018993806539656212704879560137763846114802990208447339398829336640633283293, 32354663912607176253757877167318583194668920614170400412428719800465008216617
44465386002304255559338169750308124748083798251188700378407749941802344319238, 63255492248865348954211769794286303579385325852655428450561298235769496017614
24112738204783205846358903506897420764999047094373431075866231881682853469508, 53545382843575121925112975016391442185911244044291412891578645293876911187452
62062015549082312624854833153961857725204494188890300379077719381619565058064, 67331180818485217558568854629199051130476062639621278366581320420941356611059
39225595734573149984004987423574138985111448757540066858530703691710316004656, 45998203839216994201828695468029711792480298192364976201633909579680839540751
67785606205759132274927172106725514223114883814689286411818580430347316481308, 26159429570946401539978114439582231013222413886339119510340014917816503377993
60919944018617587785515977678603639801194038872229398795019115569456351566395, 19107796962203823902423394391985000975765180154175541977641082082247889821406
66968092503605539401889214146898159603204631736460939400054860685069714856298, 59841199756337874304200917523365865882181449277392611893877546435136389113528
27834655870741142645468209750256051602628884658382616412643071511476721241037, 21082327987918586669431266585924433478303097030249501622693771161999195792612
62751075326828183448201158723132526973651584836389374586247489499049748351572, 65134071199025429243496069948725153459006175984703077769072297290697928158414
2470158321076696879664410274635643211627254572022451438031342291484691153509, 62440264634980236342144218959587503054275948236057690820227535556921442926439
30740310916053255499238798031190281746083793508043228157052663153567455261740, 16852968337480803725035447628866139158031446009074908396899782438806568960863
64172005152361679096728418891605272444720807057376847880721762585384092549402, 48509666704226090383018803329258483492626436996208967772556459466109533960339
51211969264979149722703247544875492622089350946538186651615886368102140432736, 33965792181743917284980692767879259712629876093635777917691129637198293668975
38391116959614419577197235091723823819069745317791893075724334347184581355754, 30012001625714216328852947168724286677620390723155805350412645557936748803178
6411880486789184297554869716041522027238912950070345971087333852431201498361, 46870917397635202283712109602558518957225575634417577470453761241754299661581
3737276063728528832857730558838290982620209052212734335759639101625236355874, 3996259914075775814274986453123432468653701833011692493603800109197152405791
24783601876206403770641462722284808439515812824031152801613312178380971082089, 60007965416795711485092493720547629391398015512273176856054215151868165869475
76754725100709848855275912447898509550739878314773614196725656593088728875710, 69810167410301845690795514903232668182384619538092456198583322438704163646349
30345108054758726232139342805882049171985754191153222989238052537546209005203, 328880804129853745491496470086709621552180773180631026687319531311069104560
27256796536093690686863765393867545427139860881519436109733124347030038838089, 18957544763740207219903636221471587751528017019553675229452695331832703488678
39360740123931774213019001410345671965942017055074620032136752785456983684035, 73489316452980832019560592978180779468958941583327471198689587880956355333702
66114450263486976563916759122290226910333482123648800141473051062029025310378, 12203205054345079984732487933842181171440974525909114424895669979048036118573
53020414013866334269117451895637852406051030876423024939486325647381217758615, 42912837992216553055260659077134169147926143917815394660753513394128923922544
25503306956794414258782079069326927367337235596601341171881277422782334687116, 61762049337056392126086044934957533341842439826900831020063059756480944996381
69383981396859092774308409248079419982664113948028574611974720792828953478888, 12239020314839795664033291842074073053210944548389004494013451634176497483450
2919139298327545551469312229126686313100092596261348397976917060823517798482, 74470545366405342350861698518225278642406730447921180988494990485245821735710
933543245444473822626445086493801711812768331205847596236307974939134547687, 69834455126016126005208669745319871048711859436870610214633518757637196594965
21001792898874696800192408104035321539803066577985757341802235523066186483628, 43987634495822625380046686772871452746246603298843422948512457218402544227016
31143909478456787470275933945716363660324726833425730240015107040122555006150, 33999480444179318279858861059583485404770777346070551607492563908529696601042
9742668886648674286255963970698924978920714562890847503451037199495820097347, 51419248847787064885480059116636866935809577258658442216888463109195034821127
12244590824577024764141439032261787630731057074666227085174412643796920081483, 44748132050387962431494900977912859759458980828583682969648559964003674072085
48062795574628685074769274273302168319430977075002766646129390211960061254574, 75151404863140488298484986744346157634451926878402128083176118624322356816855
71877931011838236542168968085142734854136581533985577888731794189394903999283, 4986224672539563006630413469533487116958971788167978772434300089967888906178
53070193000958420927604514982244561102448455385535675703105115657091679173506, 76848961869884081312978792938134063748498140075961681049157396988451637796977
64757238702477014335787945285488059072043440248751915476992221358492778836950, 75749945490911062125059149989543041608480542184410960375268302567421724797063
48041510315353500331666761589307370118097859119598942264900214345653117772236, 46650907468270869878104131858952240425220025524343206054357765706899548996475
33125395492123714082419248932043942814808136521335674413422991895378141694753, 67210791965829770660796823447859209073722943670328247262732200065231056463358
76109258471707288208826985007644786645931722433055898609170515517846058520885, 10189966773952719821533004223055619196662959848518766564569107316636071825046
25763035522556629936100343081340281248723479040231380511271223961205552651267, 9782057050076985838851829165258155426254172952334435041488097786448374189524
45456240091487209022344107049155420893065914051794064659896136209218058724466, 44431422030069605647061444100624847940246194604043208460902972282922905923359
24919374454711997068837283619754116004532190039301158080204205798239982385327, 20085626194719240422153223507793843197981962108304864229477310816181889326371
14224293863880242428048936601339839656138504552007011643387592634470550537858, 16738574369332697821289113106599419540078216790164354364059280887000650391564
61087482173828702414564421143580279841387449803797612679445424299067273834011, 535408227876800020684978503297477951952125632994403368742034721076418470983
67568370344273803198282625832986124219398156789108884306433803693899469206186, 16284143270704320839209002214085696667419640082351621721400857918745960904189
31797567552512384768478001395641688330046546235609042920641961453039725754615, 19366668138700868067166396146014826786563351006030721772985147034166086047808
44225865764497158290920674570273734125089014491977503507751499939435772063128, 21904659651011969296357707970270705140921946266744826113115360525452587555164
13766086602144887592980958051327872148709367326180718644762532635697272343014, 61348314510993190636726626299690810936122900988878422704959415686553566141457
4426828849977139391093561868861621741723053917957290091350223382111563689912, 67272467896249960560348776132698927307266170245522753253757336994805276931204
7955345852193612395959763029128727954670203131358527646206481098986969974185, 41870404369708851522167930307217457063927785340943428063443927457728944763606
46441553875207263168684980890708045910548940808743427436944252114445430786252, 18246384767135526036378007774020224004171920017334987974588002086904758155462
63742988275647646724603966206403099207969484215472820424151396549520207801035, 51674760333406060602959285915801656832732551600488461435224219520441458339000
32326254319541880468042389937095610954991045028582346063175820264232320820528, 46666169371889915940773619445210742506546196291104176243730193248373461321255
72939759941316580599123443124691232918906799656388559991677385437254678329385, 3363198739447471592388806214495639295801746334377438742114597199680463280133
75468602471536864977278130674061494353599557379182022850107437292919221980430, 53316390760716643092228096366751324389383767878938054925733192849297879164450
72254340985293553293779064802039162851264387532025160012618037296924408034154, 71776001121108746165764465209146342366658954798509104573786321984234663263131
20446017207717606432070417764181413920322360969774248031198541415146390316033, 52758546904705815056202460743817009124046216125495533118608455156603874668582
36150969709452889194139047970343530587546328596943797871416153641284474049944, 60858568426123598658783997100868920699204864581443734773093432771163286932709
67038757410665652425221177589687564364031240077016380356161689957055666308288, 47984202754757394880892151329465406917387731762292614476184590971953551061444
26584613064736968431836860705420031164027592437584363214749290117960337321987, 64622977275132058606758164467704428553503243068510706170375554030476027553328
74338760998832561645193758880932460594171247594927985369571904638518082245024, 58571430095517091722189016817953560894595784360710055693660348746755165039222
69452782473378141066307624466702273362697980956611624998594654696747735912407, 38431153207547467313703104806937846212855781758599405067498065785095864674446
29495254197221371638833559232417965565738636679504176441258403603862362370190, 49042126189240994149323268741939338840412172061229728124046632611171275656476
10926429853291203108837307188599405789679887288083396657958950842363106740270, 18759351016633389387402563451356387609400792031264147905073895245744261757362
36459231509774984734644079434143300294783846651487187154623353573783673664290, 19334467000899615478157571606495061179716923254254969899774482033060444706386
17654905950122712953405022077143301061512508288759710916265619042971768888959, 59061854754874897263014529037026996061177423300932300642086096907250017953331
11924633859025654401307072244029031187542305204527661595976349016070496973891, 54750504703743652822573562279918328246388797593240463623486675757498585246580
33795874793226326042789989201163982935538377219783713076754938454396991054262, 25111627278497685726332117116317034107041184832214749128437634981662508349226
76666574121894298381896661386678795092420376206282273926847060384718944408114, 40368361148139573346979282988350708857852598069836551625827454680645758090606
57509354081570522474427264280110674226778530490805319605587651703731874436706, 65639519977385130135714908057071502080352921848713272153725704733068752271176
43707460971640875711175870620529909309136393148475062162994397725670673956839, 49243008471125262841868186172440212048339248054943355933389250047534835515231
25862086331411715477746542587128419005846933347898385207983769909025529356688, 25679742477632807113068479453516661959862208125078642605661379715907167311272
52149139590107107812382315328312406550965048433849328992947379756403524329280, 14200822964795324659605724000265050115920637617902560925483036494413926930531
4221826006333272009251152955334852584375316372770197424219592676817625694720, 68448902496190612069312792457557480310745050044145107237210740598596466881055
26192351580879084251230988541300629191662235089720289323937559776410228369876, 45899716369766232554391004108824272851622240084182491746613172743711484869536
44094252735024382437849399136261192047863643352947902208108773245259764001259, 70452181854967676756120069578326753205794629902142418154782430986513327379526
67567996167266316271930801235095529025475268254173500119425322921518570068926, 42962214360409638299341293760880023608640256212497906569538424188115478973288
67375850576347231392427876583233700430627795254364732773557537148899325867211, 30902629982548808900161304144360829642500222585299636664734160491694206507919
33645612513890804834672724440902990563832596547399097993851004843881696151951, 19135581382408015682307888689937226788804687608864774224847208530298533335139
53153294287893610060411971785791902701087750218788052783192432177116831651956, 45271842101472149153563803836174143853446869010881812761884449538754556506708
66674368233597764666721564059803388163039775716272382727206824963366561959191, 48511261954818441786684799294823205260138379007847597998411317327763861565645
6225084631492391352169508114025916603603350429218335507304877102854928875822, 70093852910443650499781762403255115794037367562224363331330264555901556286387
27855179521744957780395665861782858376413078970473517113984369580896993862019, 74219197894013195388404083783711112311012018350549279348057093071316897145698
35176940904710981958334093349893794312681718013139136840652594251256012609019, 46181248895086482364575661447123163412689270448301720692739719884653489459754
60575600794463585667480944240760784078093947244481909090693521850138617748424, 67134386791214988700510195363507664898470250969305460464176072197671001267464
61367632854935274614296100719770336960700111341448872639119800421759831938750, 45246166235163768970739258639340487427115904353032429925570524728312729254417
68845897004675919593918188915366742866243414120687736578522256157304638891203, 41544453160740310105951463949140252454422487454445554933925386114580934487130
71423821655190065060662710356294700682823268770679719558664030451285884385454, 43581306232246127232553602234887064328248145608723358409592212711899791540529
36615342372009827876875183929136956112718298792753805768543616860124337547807, 74223175564314979055229791860661668685701898656811161275323632547564651698752
69331182782723202285650650326677187730154407059641094355000746289312167788132, 53948742695448197203110996538536470732810433525335351166487319126711390159032
4686194943886295987119068869017388750130921264348940556361944886175221530028, 45757849771720423357592610455722416566509837852570625666372891811058878656343
57587637413009019160103811472536431906407712753677883994064438742350846564226, 65452552954897650412043535747498644109696376515722076416270068334155149023123
27949102312036939687443057995952038370323010587577119594258540101230032121592, 4151632306313346281369749582129111405112192132210825386612277317804063851391
12129773018791270551987126520194549260251699153806990762795526739225029028646, 25239036530838224343317638949767723120992322112117240117062308682798388186720
38788892906348210421229696434357764183036339703436379292063159643331189585495, 2698630734266010999294885046279416935924833664150240795267933895503550011611
63915998294404603860263585455134247749256519481516455497334928463618550475745, 6404638439587166506472578053427918875481872656309650970553861562959695511721
65180943454406083104676235924652758988041221274232053285155999453112059559445, 47734573973697169921271282772965225048531269482285878715416390655702108560057
30879153703175346927413052633476908911646223150199335002890099010915702333894, 10941574614870299637403853935617765493052456690776444104440851133162283727979
70360968633118871234749504756052377570121243328902821389312910103834553015920, 14104365221173208745117427150626842099499257950402492552651446840732029581426
4818977435455165698551244870909758408344025167931387966647119069875789115918, 64099025554552201204324597960840453129277120844840246847574484946542664278997
24751412969352359136554745339375390645951206934760150129245158320101098907451, 68900995248860408946929993775966270292115443007099187490898318266292600371412
25832899497620618680961355515117003257123779612911041615451519568730456738624, 56805865057053352969070114111566413052422907214305844110182118923560939514641
18358756263192070543502487883104547516422999882144759232596940749832572932549, 20589342307907224140973882125962991753114389267896544133068575193482066591018
23954165503903009896327580971372925632613268508669570456559576171834836786456, 8473669555270294783376132667829336436142559335798436429797957233050443448947
3050943516268872608204978886001417687879941503840847119808939795408064001024, 21221697922635070622749861353119632390825502313469462509981333853720705656894
382601069463585889634897874471206958872070349168292382601785902582407225200, 15800306422055950499283178087950629987480435201459073168721648282535278939847
39096424730022188344828025552876609877907588439777285374856595323527882585727, 21792143274095510645081051082821677440885283047986052928491516059227817530593
17729099415882312352582824279148089588279969707044258172911375786789038419123, 39042006244259824008182434102474215397272835186711319814976799617731151680950
25893112953627313729829291821178058988275186447878439408620244241496887226953, 28071271403009090167598599471956546650648014848062233856876746076691916876456
62447198391735493348839122284721668044803564834645109868860074825326254583968, 68497894801588675425848998187856376985119537710142150789650741126308597394390
75976524151047094577548610758352229361344808809666603072393545689422952988298, 62987467679055770934295773077262813689755052923655846844604172173999312141294
29909914099033861119256642190613624618362747390587933977436082940217920991565, 27033891043018752227277276200081777127972922185068425834711510227399330367632
74091352662625019700812380377342200958066923456855371054506834797934033641893, 35407385762036906795905866083644055583157260273327569865902732094951475373455
20633265122989436518858117345769439030886020928566718163014088718732903840061, 8177700888278844373516004938318483174509098189221931295931098269416876783592
27701548410287877251895888672549095488063242320832162631891698955112099169686, 49241668640426877332587977450954171407906762011689965423608976610376031629125
65704440363687061460025230169287256460866958324206897628035804536122141286286, 74861099116823115196639398199494810691804263458542153746508100127390728799625
75994932451154800679796505550184332539107260782051730347248073317495420786939, 74318029992856503753755959538127195917646764790174388450332113852353310786175
67763735803375105982993323004936344940050271682536378477442062503726185211926, 18540428404876807548206206662855609992310494270617671240081071645254122215738
704022063919810406094120131854103767174272334843296879690947309370852590617, 75684529456475865159874385166575809244680000712796760866523739157706136389973
69147177987714951195902154163222933765933426451494624688094749456792816883954, 33315900075059603965150047343122026881904834383200591859980281823929601066582
68885314599035357355484090692380678849939753705490558822032052588788738059828, 33060054374489188522086449827166434215463321427452855728717552919357870089881
40023148814647240761359815203380629304524070125139062843217007083240024742584, 52839257341580366643404128924649065389209295999905134195041101193023637627002
28247013413539119852539797847638394124701701928875373349368377283358535966392, 7019347932475225035632436940639779117069319527689969985215290658029324640492
20322072369506793721239442925820151808525556419611644299305519640726648748794, 1379047999772367582255042792786615734468746461281114522911901540899384129891
55618066260953110302989176515009993327258562753432646141304651643042150785620, 16193305298724957816748868870928503722112728412601308060863797803816440002258
16208186714619392029042548859251557611360587641237844759585789287885305783478, 39621871118745397179028166770139981142188297265405472651863581926231294358815
50269182152746260274367672379913599370644857846212347206891935733140916082957, 9211239091912591719734211573244177702725501411683123557791586643825204647755
33914763318341448582733463347457106650335973753069879029391137132080588565467, 36679578311910699497091126496399243481656198017343407522241759831528375517480
36328843845071672595900521814919416563756200654932608712431025551814105102491, 62486681866793099111509631597609090246692879106620765527718403190697396050885
39852442325308407048412750706223522283842344429485827753992786305030228135475, 48431336911669245592825747147762441499365988792312704704519211339730143262004
45388035862010068372251197017635620091778849809960673591464185492525515531803, 71741345232912796136789567833450640809847830189585201614558151451043931195815
31053038429933660650930914606550094341805877426213630165946541763627457101019, 48051063971476376053906493552391703805350117388386094142758184368639194522159
27614363224397473309588122730024040635520954227853869503303084007110212354965, 61914254388869994338301135093930220115308829005654817462175962502623514432155
29728501182878084748772002722600620237053624571640347056615741656850513950767, 34186657623225184104848377820320155871076130533619506829073327943669660956680
62264071112558616881637749136757206414342950208938376949527138075613510771774, 76879097858687420319564073031583494443179979577855941013107838478280090511189
27700532472126085393919065971281125113006095544964542257613076668519548477688, 39010871238038971629685824938146706921517673412034732874375803171206342409079
32555742448253124767504050548943924716999218191280455419673833462292023819908, 72964279324457300393183674642002695433672264548131401243454568174140965761352
61021416621092997553761010584332004602312313531623039767825057522863488562434, 45289249059138868384537530658865797174121003819840843768488554898752882106287
45067635296842068968844954109763991391234571340196403482644109365951150711146, 65791870921862765356759408770066460023995590015297624990152168945767511394468
73135334799098228668092433003104176847082062565462707865739401982899257862101, 38731909442850900545534537999546337984192695181648007341872539708522152321856
31220169046737372722824856082550954132032864219605431658658426069285131965134, 13943894758808784971381282794348924533913218427413553110189375086430404578412
60398877028319674413468269944183182027410983657591466031573871824680767384176, 1657663264861208343392759855523762341937096653028522159362291209188659238937
46801598511330699824740090729219194431517649313779260443380745287297973084207, 62373089824485483995151364172832411179413292140413372627788250567660817189690
1052909147744670309724158863861392717312690596219993720324952911620282843286, 29323385190596995611879814596613229937866268457274774108302588668528181430797
16396758232067426873483249718437859092077292205840976862060694364714027198494, 55668777767988342916481304279286228232561522708254670661002778843325862050535
41729804792755656618466864887505527334004539668760606777283223599081425714638, 28385884841959294175549619408730874189495199168248925632049024053468021071741
35992649243697404753225684392982579225969447857505755806525929443381237439648, 17970189375906693345791527835561846551764877557135129446675819965925162368470
39737201649600125667024570653927507213256136973256959312211384815332266565542, 65491966820084930254638149470762193540532372102413274917359051119546119910422
71666180862042286685496804071456677806568836515560513434138763819611605834605, 50354918592181167462256010471038249653922860558749046974726075470146280698602
58058640245134523697886905442940149334460015350915437586871302551136617382491, 11444329279322385751696541105245992304792771408379999287443179863325193577739
23610611097716560708407256559494558967199953857670203775168673399039804093840, 35215899832769102879352501929072342955622230810692376733139720623928515859697
50365467050739220865068813916860013141302283514799741797268500546920919935449, 66552969606198525040964648153681300530242560324219660070021192809856848125100
6869977479168023061410882828745755410434019674076915540240848633469171066392, 37803707347477702401412485774325199517931664615724976774685551176719125648316
44568373949146982637843630210346627690050116505609393009718605611919977398107, 65930174939123020854825179495726125357249189326067898343619356638532432089027
72834701733292409393229992420474562937343253313033278614085900283144117059314, 37429190428720426112116153699911497013400056256516659676039273726916199584945
67094452208049151657908661525684846164877792528441323239978828304579744565974, 34661278921798603500436492484578255001803361264395418941430299821160846335231
61912037781214855238681615369695040529065305567231673879705214335304944925112, 53703058605647147149712403596907340432698370791913093135067429898425002670880
66538576157211222037432251235990038885605968212729922379694532443980121464774, 19790040828710166637486701348106552282868968814848744040724293801651453268072
40807196854646191340622425785692421986729035625731066647745621737039176002383, 72754358939062050010322446426497415495472364216929661860881430898665654867052
16117878493854165538437775168655724379995615323488624333474616302955726880364, 41376891344837175331460947017631040184901295888110117226741440188018055202912
40207539206233314137987863019932709169314361805002186049472246635415195002527, 63764419528942866379750572775018278936627202417620150139023766588641717037167
34703742803233599277413197885519638754963448888685205100970514714963219223157, 43640314260922755727454215971758279189932846463777885107674756564859353779700
59967826325217927187562260744727700517828776073152082021799278252803443189904, 57115406096547026672107520649715753583040491338633893437733399806849242068583
35439412657045673734860441764535278596684102841653706294370436793341449606782, 25535061976693507728385312988915035167891553027609295969496074711281279097521
1766952994514126489095045463204734108136902807417719590327998969095121211678, 61362462819897146748272234273968255405973153918645384417420384592022652318007
65784472909246525960336944215487123691035144912741705090965174482792021447241, 12501259204284552382071682936312474115491467949402394792975909962393948123623
8408089248814274673886411562844114346532967388847835698294690908909510183332, 74127402816501870941314342573302362855976246220370106708781333173412051418681
874782263350289690747182631682949110686680536202432957621251810746317831198, 45284337539562617322189028634442297169171709159049529048660170782675491567131
4982806501157484631428698831139460871728420534807847659647750028767237360065, 75919874013849324841420422009837855804731187323778439114388653316809615325073
34536124715685979335846083717676960710698233915707433846742521488271206315408, 16373866296920713548120208254270843964323374036536125068344238313250191668088
70577478701081803605264722061358012188815395638902133284473604076644434315231, 62826250897695629690098760975097360478363659269225778896707435693685969439680
51197076327265264883527869305987921956864817964365480366284019518372897267698, 70183423097174222053466870245640805505593164459246141752272776699611376302671
62814457947093061353465783144378160580649877977735048105254162810047606375704, 15102088037603345648350256863166420407968982934612759750700543900635253296160
52685976720420886519587799014242786843043098940669759695023576643895600126209, 70664755831181690772375621049975088322219085924824687980906575483589963235327
14956086363898284110480951136380374550700696066745047429045860176612822988022, 48796985815891896989955914404760582282814860934544097121421807296364999985667
34591977776862454833871005627741818426939067128776886592046348072787283236549, 41835588858905978081515628155988153516980501733021771120613095312650531060140
69733651678088882832645850390343139217106997953637901247091024804712871812127, 54408758265361325485973597894866284525076685020679415423225823636701339690314
12659307352245996258642193875996046575095913994340923250501966356318286621439, 26837197605207235627768056248093104174203045142974427956122404461888083396545
14629822612080797968055851792892503246880322585907005259873647371298252622392, 20238378685233180700647609682125488401172427744248787278341576850991921514201
52773379002645630126048369857566519280166681835056259409097538913663394626231, 41093250271234951539845198713229182211098916405116193825533641648448681953808
73159179619183874488245667868934307525243814062412080279580672573235932666347, 9610526226487482638169395863911287025016307743532287425486899208319737350292
69964298363958314923021219346423943275283744317078018735117545666477080375577, 67655214427818524913463933943462200099872974709795285247130454183195851539407
13151121939505608439430260883246539835560671265124935378888074337806543255416, 48854247589312169111790064183230380693524944376874146460833297567301424438038
62270576923094042113106762735675919690980456081215322274203999233060043860430, 66609883873066767317490121259764257160953130187718706401016805214220001442900
51204996430199221939868155669180622624627298992459771942039888185150171546603, 44051287009604266574020446627067703315204235684460167133504714380063133980047
39301027905899984847021059771689225561775819380303017535433477443296765352093, 36892182457513223912432052832196423995143518391005949441762758413492573520802
41480233126547021597095300411604475243348001566306755724302605110636988938564, 8796858235229875175087927290154100994194431325937789718569467443421783808293
20616753597999460676470058489256662079374547899976723166937841198900022003272, 7600902441106839188823750778920977735928713201968383494992940480257516756961
4504177627415513460916913100032062565503982935437345567780054712355746564922, 66691492166094892418627465751057083591685544057333715115759649252157109376560
27192976205758896271385660948018364644631401698378305952275876015686245778251, 34273601326270561036019076442960550002287320448500046367084607915728847006319
48401471060980343677268156788880507489502323604464839883174212028632999007746, 6230477371078185380922673625330485502615785753122508510357137594903853561151
6063847541764818255391098410933071123755684484095338960852941825552824084121, 26638297459591166229674951962365283225683286807953819055627727083507786637634
10086298913692286599737404247984034637252613600702303545125481877104891290186, 11040156565068803600211817689657471341609219520624721148279225784518861071614
62353604066511542687366663563549155666860393327122928546123481051364408356524, 55034300909062006739427014509112951548438686649815928627778731233614495474330
48638428237857875616454841004561238149857442426397682332236791389407674827722, 54389357836138536451043214059877538367973325931442565666179963765853095508490
40992342274505272954407842696654978555201203156250365245934485176162654234694, 60809144972630302832574852457107855187672404092634452587782017216623821575259
32506988359172535922867890515724229456308882547917249431517334668178274371886, 38098201108597587536603760042906657712582911736166696506681311440578811106728
42781233071742053507423797338142002671809924250189930162737666697983926401136, 37739167993802454048040104186433373450408899092657704822624427703162214539323
15390241756506220295053684681008046664289887908805345423179687666555560003564, 73623229764548293463355284685201251624738768953961883586817713933015720934840
71897584377958347566215221578938726644930620022796300567934309617734545885121, 64893561529603603591081707784975324127743211693190769143494195029278370287784
32215358463357744075058170752536018823033442397335189695532643672270491921518, 64634749950381645867483191725398825066005964142440157439813201355081102562246
38063495243829002709982749998286758457185869246976980851840484031004315634304, 73406042313725480482369179824991598475570213420058452847419858594879816238732
15908096958592090385153277886817490558054226224734794569655649026196701193242, 39805007540617205472721002702425747909878703257922145529647613218487435791193
12844119262043642130798319659672009070871487274034574378150963268394211498581, 27152456279961610531925726259905327298876152306565681686527322142558689998854
32128379686738288221105842951590444150113142898192833443508170945040333521163, 48893044308969190204989532832310476074238344148217474021415323167357125720773
65454961682739879933808675678401427762984049026170456226356469119196126453735, 42560477195394629764581171893634547958564045928202109670509607441998183356413
67301123970124468827506654562118634846821800720075454594947155356533992499893, 37429790836032997977135298048316997343142470862838042982290827860296059902619
26367681039455535682879957114546061482189131246649955209464187143742005122717, 40853891210916292653076093532438232265035970578199301186850527318244290480953
58385017024979745960469551093841737241740557540462069180258166147003092815382, 45993053405433102963218387673207945057781077949838181802559534700444311973241
33199737926951956124207803022989186182115519411696831840878750285556298548551, 16335913692200097846948999749822343523378328976872261179288829573984407551123
2587029899903237113393998671007972705464304175822755769291996321071711997499, 35240151205731090028297839189956016779496558398982192245596816033851694631996
30238480493933250150325477922798092477116761492033344352318067736924386946171, 10984416549008711052896316170001552224847772513934378155513292349177032223420
37306203803344534214583227865673205615214523039681215235791515712957507964186, 31089939463095679944918668327146312860184278653064130709381049441924306127948
43741621693332964396373677248770936680735928085819570964725706416027567870850, 42983793932437568965278581933104031422588391744063887649456653419013804321639
44436383354812518800192507477612771798754280941780249221875832231015258426574, 10411216060837555603203485259454522499988635001079371230597849037183085763742
70615381567608099068431473371854920128809901561732298161484336261183357725179, 5564312307360689217571224261672697494616132325959715141859545740641832727145
59944655905653659808712231868318425226524343762002871117370434173141813883131, 8003232951471412284048272944526527724459786282274685816192469026320802140161
18308197319759591852407886845999975594031921498637154783799027851163803685940, 52761607600289596585645889402404102947222187717597772291814305068431765245345
129229879856216520805935094083243256851814990441373683276560349091840762155, 69743122261408070519584373465704932122144472090515939404905200411147757206969
76381038339130313766826586517619661601461065360733977382222642561858971828219, 24532095446806934426036058434035941314689903103860718431317964451286423932271
19260745878522700417421846781237453259828767297208221868228569959282685652290, 1247089353756827604568909438699328074230147359129542925383299593233476523619
4899853794943022801355884554080102720552348217654605430716008853876068878589, 40332807808691972742254189609157874817953398968924359928094934438553213467746
45765450027802674566137353558774154285525662632238976684907249140806258176227, 49847914581127481425859807082937073061196992109266276966539411092740540326205
13632303608847559583130277334693272730700758432239261377964344926877366794427, 60743475972906902978112453433621321006056489220246110272043839557191453151519
54078872964107127250340769480014282270920439249386390991413959257200210374178, 73774150145237249887792934437686821440761446660454931474254951558574784901839
43473494398545687279185335008332759810392622602073699097224500531780462729352, 67873944201866844001624669587105727134213527580844356056665815212294870835053
31564144010874994975317666321633342150140047526487496457932057547383990557258, 20248167672287405333008836438031176465865418495159805342599929001467700765027
55555912859621126198697461553632065287172110244676219583776735174134623229995, 26106524293407949481388846632556943981098072368348997564852509721029507979609
11089876515806831678932578048086062280177464622828684978610783080060292977142, 29111777903121309496297463586409570056770518912291772287767305343936736908539
20921776374817586191826613025161551877201839127030220064552310808000167154911, 64959847586248467027868182799673077617236684604237720818232100609287550835614
47804904005071414757229143854133909885854999118008932772101718836374748481444, 53957921354100120803033682765216823726440030296561145299876199003592994076539
11226687194299480695399734380034751244127192203930527810976407561514021418039, 17985460368265629337462031825092630573144257547524397671120141907625822874367
72525622792094927577529982415576732294182633727850645554892021384535542952136, 17643500639111089386642763636540277658890900050582491187940659200712577311366
65692190121752011282575651066175113330020328646979870456253313769389836984193, 26143893716660302322742672928285443438683036231002908088084691984212313897622
42443752132797842204373167805279339306290663747790540579088256498037302993650, 11740642427198565945710970193368496896149598840461139665114023943475566301606
75189431697992278119537058656749036431438718966880323725628553753407326081482, 12341329928739648335403988294831309469392353885756819339614180691083247311795
2937736976897479247724592821955375730782432913575830620330091554538288658552, 4929590087948433928369992720619087699148697895829834047555795915420037005677
21220690132672777209857361757700014949266392050699682791660603289965452773563, 532545410044833338559638846811040618151913078740248740274500181657341264779
35786197572693219298869469962108063705037670612459411380998892396839264220676, 38271172064500900096863681900438653702131948463499396283274926047072623338764
5744734247142555728663878662199574938348199863407850501420646477197674834984, 45830647639234293387229873492035121103729253325582539049085945573962162665781
3604747127512968894264912002952869119588286516554323004831736386766483672767, 35051400196895251127169802970817851375727857865896259681931257128991947475609
61771358988133707385008275632867619056151067273620865843224965672363358487762, 10741331438442014703969426039621107546409132595730116997204552445224369246377
6088007134610665735410634646584550972851023971736396963162289805542747434235, 44168312931905823591199644197203993869140698107796671586352385242896995302934
52408295041845206341738555279344592482052201645251643893615016949583696554658, 24441432890326353316107861516426792284424158455110439130376185564299678087431
57201197369444635183629833426103815684389117887058795695974586460773481567138, 38509198517137240183509053151881835971595998451763614226774397359658678126703
47006677231537084440846701232306806128507208833712665332557889369402222099965, 61371603691778783682389277663012786230058668930903464346803891657121152451462
22136001673568947448977274653450597781778477778780189074648405730529524242166, 34760746648967140026219375597866778197969388880908220373518656149226539115837
51603326808207172379428691463377119853652171691990078491222569052042610252727, 55268030663332758087781399624098552038529232121633032997990125950165801789366
19641345865757558833367221150872515528088242434076283408575598078467195963038, 6029598304324106331289017067387637726538327167365709227824457436705916418333
6055010839287601536943868173161500054923313514892615141944023139606994007159, 71783677810334774577160637540159131870114876998392337381461091922198929577493
22264815635250768647742930835499532531343098998915561657216871438908968776709, 18903244045669585997468737303820528579973841699951692380625963828105045924894
29165603356573408021978426277064485307004216869748771321685146380955244642603, 64625025624907976842794136637526008151817471088758631696730696206344881943824
39399711164682848092947123067421924661558681146745981587732562868714447794549, 51742475914001682589408010287282646823142093400458556640752737648215781406039
63899196573701321303963464542267400232164922540178654272683150006320977905039, 8062740621956001753978575372361632872253649843222029020907550600177521734812
21292478665012758018814105285281116933584857947280334636091915197765451780741, 66602750485873459430927841428739893074923858142955208142791870800284195678494
75759582888242059727268760364708790446031247332110264113865726625881409320974, 5245995647227380654118487031060146903326323136710652489125708625655344914422
60735976770567804318849189117195046352490329202299952637023595805781631452469, 10360254460600715973701771425969224800778470251941650468297595298022429829769
3306881789623431973836043834341504633543334267362425484554504796193289932889, 11568741396654952642431566062681192970052220855832283821685849296467285811643
33179908503870427907290224623793504304594347566161337062601401043692516486468, 63252559485391747006204353894437782856042781586353953832100220114274644775898
26787268300441563937612691310399265317199925694473907152394240773998294760808, 40473868407789374245203330080068255329970422510189872886077666020513533256179
49118837156275687743127999824283408690781463559399765436574278120734260254152, 18370416227644349941654745850021808874885762162970472640444761162598624421938
17822626233607796399632916396922717099583476069168561843983889357324887630854, 5311282361023886147678830309765499825765382761876056285844981888450124724501
40243993292842444861850417088491068389355440923107269284494767718218414176523, 9757298173044012399698097614585847898780620362855032202068541395621417869562
31695800384403311592561007283194237658641170627436016618042506365194888901984, 1296571863992854061215963148911551246949347575748169216987258035630134015993
24254697901417287203486297010198442917020529506661946676775147606038646956457, 34018375435850782032921866130254238650591822707178307909342515339782709422034
15742280714701577083192016051335404372842022124310292156590247872847364337587, 7296068472516506203645669582308096964755413388520605999525053894223725107571
21788789452690282007107146685524196214197693430261889484439795147840414487290, 1092704577360929630623973593044669054151255502566684099646026458266466670366
52005300673285587733764080256463275043391045033454004123786491209664426606672, 22395324682102565951184338780783433604623225917091345288105275682555323284683
60553892439516493575726624028714315882234891040443065113658953522953989094896, 6158395675121156161155679148742738944798123986756099317072512968435816585859
50632753340948515198228017941744859379137234867813754865568798342663606715498, 24393034853304640924155745291188823843366295815032188040036707691252517135220
20368799390563845614766475401402200058769780094931892837675634027117564493044, 12650657244788559987777817398164452596142957302427249563858208502674872944028
70648990492439884002734601722324310254950316234762328891404400763987837957965, 37945991310413429018135397059584899426448586032956412937883384413274186370698
74155690390202193358575047564987402712093341414129106395242750509479554728493, 33299174787821246179785402162585145206024026751393146147744050221784610373418
31769103328837423958983142638441012259701684652746368860591798954702183020601, 20844677797731655062634353402831869279490321712859614248182400547717361912825
4918856147588778514917965316414901808595813365457159371603546800885029237544, 40240732769062475020835477932893827553376902308134218086448865042566401281275
3024895746864593504289245497553153050783292433986703410488109390317385384526, 51309882482257500244732580144123041101011339461544459645557764116283391757724
31484911065645726774280506454347933844813754089525915510158559176736612873768, 53632585162327595264014395158882899845959355348488994003441144437714554367447
24108194776886648328855499309349969520067594748069074226491719789461481328317, 40523382750057469096540227251412917501245249442842031511584053266287417593430
29249828448259443337536555716232992414766354045599320781589482828426772538233, 67102601759891735187023866765302794904621830710770303609130549117006681186990
527280351596168061689613425002203633195616099868077476786289551671083813611, 39102871266799355009642614141189628237919598430666517094535716611606704574626
74400969993284201807793370715583200919356746501613521527976716459599546878436, 25044486931130827800600030131835025247937376408210566804917664604028399898949
16491509908252712143851565462269471860118848874829120669485406228477038227367, 57740270006350569556963084894116850294727712185574797904408999456957062140852
25302544890512751744397486330073883784955610648788305010211875810930327524721, 14647282576153327411211182840916759934911094787531199561027291048438410704159
50410759462310734072500247349948265636896992518406822753716960729334894451573, 54314375602093765646108221763092947546771707116679494697354388147179109708874
71903058916580532451034760188078632246687842106817234071660730914228060694679, 22543897780536411443441808344333751912017748873047446860882509549771879444572
11428778531278196959091789761407260697760097354209437107005590426122109048454, 63982884200613228601927658696007639815278381863151112668364801366147864543163
22130399900848451585641268883264046021717948366146351247811918661752347683312, 18498922367508457576570303846876807140190553400143944228030809647317362176313
52148789107813616062603911236888445138792239396308353494252382582319059731376, 28061782654984161947400362939340268705927735182371049270923424996700520526532
26142321311690774615781529207304911023773013894450278040559456997780814341681, 19601765538890891542244825341861120864262016248450849932682879724336424924164
49636877036207476269908979622260310994142381799308395307822625767291267337912, 15445242346411498919730871809976265583696710176748117506576607839490409538388
37462201470877291479324410678551201492168070510037525818282221143111133851050, 66515978183441507620835462444466169450399397448560475942820123496345162778903
27033016570280811850887967018740063171542279592292733756502292902408488119150, 71063989149981972244279054257552685604813876913178809494177898594873226740766
46487887948855296978292429281362831637291898464744654196038685150893412630226, 60319096883126386226243909800467729146434573396329890768795115190411690186488
53682814294166401785141343851611692880990336773210200062408215832266483129913, 71585219767816152719483293096520724686675496571407492792586804168596613985081
40131690377179335236105491448209997655236131678841652811830268144216405805931, 65035758847590149296303300160303891939489483396839050261735447714702498266503
8866404658228111198815798120266488205932142396462729951751891753097811732139, 72162322657426445669325264725775903941939665094351693929264449652437712254017
59086623206596048272379194839958619338671943505764207542417791543965947252680, 36921036776354024513948183294898494103699718558988215414588150690682690488388
71979603022201518759738808973625751031798286523743138980571941024425192601027, 54966834076119480147327799103850774621979968006514760507006807602153242231937
28302101080898638936029580125757164556970718334360771992189601735012066495294, 42475878876346520775209959838663317296713128045118189921066144749235062529296
60888689855438388999465126118920228283607241758424080584997421780061904195417, 14465120601734276562474515477730266130749326138775947522524930439420127040269
40891229320429651244574203406265968119267230968278284538885719539645936889231, 72035638721208252320397494427311482906761357022812559062960686410556779084028
70738422600383360002243287548312391799240203667204648588888067402783387498385, 48768919354226434502121883621050670574795941361643799914821711304408288893253
73336902771161976131938394418084977263018295453633822276236969050198521925829, 29120705677516599183300849985780580825016087242192977164987537650235091246472
22147163270477833019387427154155834429113454637500680566261991982410228001375, 34854654748058173983991250975420352022349613138685643220514544894179689557982
47013671799495788799737191690644198745861940486095034304562501125843844890593, 70083805370457265534120570318956140942827616892636080083367505468740820423026
27872015914432579543493972014034450489237376868553490472822218002123940090160, 68061945322012933770161507991750942251679720237350786360310583321362671356142
68337880104517306434952279594101305678882635798056302795263103729347951439137, 74763986620676331537299243454720282206922225948237049438958971884283260272994
71273093060009103842428492066731994896094245442238033137353850189353029714996, 15836835992720950938649788560041204569359822709483920932186131872381296579581
16766462428173458571387312949449307391361283557646121173911540574550774691833, 63918629380011662274762969439226506539401227937388046740344408479945230317818
15603086412452760938316842316644522241992098821357189961524716830812458757054, 42201672619820218573455434356652154586393260546376431751638428093083666256358
35443828915358708353218605842865796686165941387584437155121541677774929867625, 10250100518704525354820965057703800621108578117936744354357911925996627383795
2531987833490380317243537872117700275292692244412122471850758765196824281265, 6525442752960584541298355899549996168505074569987948814773122566383917043903
72974533405632026155340781200145620364306250174012681213140656314440754597493, 27986950047292326653809904761604442517380546953751105520280233269300217558059
36725092712251830646428000035072443459506113002694147688754049828738724843320, 33844449276012940623200696960283692548908377770580044460833264641300087352089
32782364412391303409881389826492197007501399327952864617787344411320868632581, 47395163892016053742524246850069417300098160681256166712768948958899663806977
8190393368332607410288111919102820228384331068976994885328638242585238967658, 26540466118562234949467304834960288930457340703170790140541619542209211131131
38619925999833567539032738227791606976650952715803068903637296011089434604920, 48431977474716008111157383981692688275294617445293549417431447804364995361440
21276627747545854786480322375586991350537048107856848839827291551196647642570, 61685852387140979376376443430146310262128390306610357447239561860784182510131
57342071309961860575170556800880808110098481339905607427300733590698374673859, 75564305651290822020551348893033395908818620702505751003684265338062187138276
66706812113577329093373869256203606924301099364601218634384004769881228788091, 44209182827329176277490252274668742100991349284091642595525842848302429232823
73574850051056218324008564850269605093778347719640046706303438600933497458716, 30205414783664186218015458565537638520082291694029339750006165955271106633610
50580063532651271157879958333700504887531838272153095540602457348103905108037, 18877554987557409774593900749719190543019209438679737583768726911848811467649
70063552128974541990303406508247100314466417747521010847122869276719282893956, 34268305122069368128777584420377460732702097202543647258687722754046741177321
2249657991941573940992272443469909259673255740461605420222123759650824689482, 17598695960858415750217691871297832999205257836204924191299152730830576481505
37621773518305668308167052725753098001982783627445585953765995189586833389637, 55341330058505500424743550589289336887107265519129060733674450871335912010108
40685111230314844232626619897988421229858455690894439354386426865435288061254, 75078768353891771682045754144432901579520676311225263802432963165057348917129
69812556221342148245827290662963106711797988547722317008351058525292063359599, 54189670797097449803418384603427495521215912013435871902851746779710311291730
63906387678906740086857230786030003338506790278519913798754113389523109386596, 19643804913408497754276796221879308403004825689440705809703484980075757161547
22335632780033364225674303027013994713478615479612864504701987220967209158230, 18515877461978937676528273350294257565307980911961724170176048598564212256471
28187425990419798817044083909101077010746729294383647913943573566903716402454, 60658488194326018829432156745572586564148472925489467311607969546622988663611
25114505810017563012364936227055255921381917769563802901349082063858193025102, 37014049221223196501292737341782038403554329520894312940783285081575014925215
24541368329233820634756048974457424188034795152492443382955444775734953493313, 47055811527943903870460713706450890617593675605929042053323020471613388629643
28203750781458342108661443444983449327858863052854027702711741814668207860665, 56048804447322998386601412436746518599511349944033899900315818108991992090617
18514133596879819855308740896621162488446568418639714683372141659358556841519, 6009274996023751994596109644433265224027397900826328705049694351345421281743
49285338668762547987430562469129808812622239350867255128806853590352177708051, 9375479991230451134497283459740612609396887136737505007146819007690266892138
48610371991758495017133591879133192505455253556692593061752048639644490774756, 69534143452196874530902428859973643902900494112313549586077041351969742840280
39199021014050666571649773544445158530997922054573788697459698539283671812752, 74295973234665963554195838202689166672215290026363041230684997700995912850169
7226224928117389545504592608165247198676453794382296458414174818981242218950, 37847604132214233830933881057747215450494139662111375173877242790082891899689
63199519823468809944646800731961877445052993983903112696035649962112410925201, 40498175977725978935125444024218048493507454289840973820282389692683091533051
73822860856932507632203630598769025957687076734742086605613387278442712111236, 19796268925720801562408706254903228699904886143275279336762827877233397625712
8803579567687980062223458955093859198807271517500721587106723042735637302155, 28573518377186500390434290915543460157020325914743548933171095934869302525654
2637787194073134250096700909284138491331687753085116550347994074318605166185, 40918257683043017033589475110786033495415696541739995085837639492888488957021
10358578596851133503457470773708753400019960465086341686376204388511324772621, 9075164987494040826652563430483862783093867686355338046601232095255953891767
42038014225212351830760479117623648596064162380907184137174427430897843564032, 57453729606824826558408870387976431746416785728723358627219145164669696427227
73136691551131720019024849775207700869158224947188814941157838127129022413453, 27342346398026420459252290211728419503731489847492266810562170293334091440767
76260096790894902973870586542198906770073136367489610861106958163232910375999, 34143328305435565519170848358370037244464694995806804895701573610287368493833
61390967532309438393902216251171817839689213780348216540177534540220441970792, 26347370636153847127575718277750256158120419004595197775626763844444339537921
33866118745632444555956716640468545177081058272681279433627617169424558218992, 9250860873768492980760230714015171445269582592746187772433088447262523598936
18195389706741261656851440735952706379154931005763097181336360260580531979106, 396582467164304504079941316325081017582435848897074031338748252462572501285
41535977429765812195309237752981401231155307817463302994354340227434352332731, 41057926574336183401879975145234866984465289706556261832309618926614586438543
34082289492364563280404292229409212397399708651275761088285378041140413812637, 41408671971317227028834301304151686809287272468539585328765882467445928631139
23202994189270427597651926168723847203603228351333577142652405641114287882491, 45983913672670659493798430032088076840253928837314935772048792337316534843907
42415524255693929644616653223586420425798158093072419762686041497222747494573, 18821211188378909944019926215708505695146274491688062912337939588008964091355
55634017628469714492653868309094582238344676769149908647831702057563450631742, 38565700258045948415580601595816096747715995128589702033763004974691275965956
47997775948150991021826878214555166822965304753043771361217335370890277300920, 51035920129025340952580743287921379460688842985595560956658183006559093278008
59988144469666954301646284797541098743201677519328908334395850938949565200525, 1976126000705559926596522081776826021624804840509216365190571311372271434044
44691863826321360415390907510748231030951689502343985652285198320134774961898, 28933204054050250803410288545820017782831751861428221527919385130095160130032
65308516024488818479361493410098387574024201511802989605205015455921058396260, 20935361533868358383611607068139613341281237706093879054414469923156911231208
8552087856695087142236704888511176597595355933117680530973990355523286234490, 13199723312857728439175222740710322499254257098910267373196684557020669588528
48253097340691689675687734619982510719241966233628809075924739725464640387655, 12382910181274839931023903781283478839265993470642992460696248804267949178979
64827237448004330758723182707102564808717778604404465757617271574608098625541, 4096594331887413590259175679965841048701920283467118628926025946908227003717
63477835577752138394636686004956204485615812138785783774856516848114191115863, 45210981265982108589064691531198080153289815271707979011268699514753550673330
38391034334780864218816178705913002582693728833753126389415497462126508382965, 37712332223355291673111064758844182600394987861315127992239398371764718581027
66272896352899840682388999559346904163717109497514948817222737790699300871026, 30806660671645572151618433368843037486394140445743484895716096058824238935373
75906055138062932337581580988805756183225952839201973326758615687236410771492, 10273908242671642377044031677443892142315617630957578101846625519699267070459
3655235263842693641376600529532420061752074445951881843834216445483515414347, 48770966330217583053258034285537677050991803513278580485537889566374768819587
74518782902117378417720144393097117989180104935656777769429891803453165057762, 51318653941748324404744778949214504030855452519389692642932504543369012399913
76382499118134488784495842359426431816353390009407635292100691056251478112629, 45877905828461109333919519960374266088297038423565220243401808448860118556804
48307154461204333266976981503949114717530651765852066415972379565195483120859, 12029015898500170204657701189092796816439956088905048628251592359344104446747
7186504864946480822681894769614883136706854818729198408806246805854762667625, 31053837930341272163401986471005131648618134962813730864332874489603454825864
6700625055187242395659068788511580821929439902398690641249778126121438466862, 16802451796873531000568427535282391711304623437350367630840122685347056969191
18074236829233537974507660278676367784921047281883759497867868805492446889261, 37314775832398061812223882179362606538030426160685211528449542004706811617191
5565578076265896395643896938203342029704722267729525855024110761033279071717, 7710749672876311348874885874830909253156288713547366300026224253008065012052
64073404450400534138509867916235638229688850803042057246494697782786965433189, 75476444734741989461121695274285264111942986439732476703037724086213120210257
51469666033351553258487928228176721648628610634422596155648561772121345619179, 1337439180867072713749481595880743674461363195787385983886057800778886390960
46909131477273725868027498907209711600094401744402392199159216836998832727317, 29558132243969387873345773991838819461546117399353150231083465319851638167519
47112608408568997260690716519225039626220952699315575769970727026120406426381, 20932989056328079266662481900816761185644641668966249958051394407989312753615
34054720338424310148380352774492138855509630937862610473537416354798088623715, 66869983730987797240222373959680138851092115146634285248025177700361656890957
29559065570772734872535163680544699176108521596832582985063885637544985183335, 13229565741189060734330787573483149485557623455413103717751727001994451527512
68441590439818828981159508883664592226341566283000840330932509369031588159093, 62607358604040657774502612030187398999853748700400003837834056289557549657552
33750038651250997615412432959407911749034111886658607286538791069438722838903, 12744432779401071710450065711668084759844994570897249563410775236837863374300
36982863913444308578162007655654685117375463973354417201164351872513858292278, 47827145513894196361793785801541106997345070338239937722141917812108985990697
57619658251111055798037714575702100283799376397602976218407106208686220517436, 7929463116033349016718129576402299255591001872327402665113129306512204568841
53481586582968056340929556490151469357708837886178697570836647372561073825321, 55867936608512116302207211843343193430595616447432589037868196755747883292985
39490366574591360469629251741806032584546414192953394144623748936319735729135, 59378081398999040729783730451093440277947272347488994711735191049789883599011
10127390333405657470934144787604846925455136643801595364560630208104251403881, 63182893676592623017801332264457648290091151637104869855235081338873510916702
51349083639972239133507132272279931107117288375709532959890221929960322380453, 24471437236208076895666776062498222837358721929219493484965947862657797495106
4354643400608347529718420219653903123899284516395346272188816932848154384982, 120643457679341718645910431063505950522300810449681933511763814934124272958
19852446000866507850967941261574347331454428308155189743817497483744858666618, 57626355338864269118119931620376204794864610619638434047727537979614684067396
46824942552144923025192317661122596128297773735489443449799657428660107275972, 45447488877004062838661812968709913304305272608716028314468167087272008699224
4074621830033812958320106242609509055459374328377269575801220683372503638045, 34524858100761769099103189196245871683732471939790871707247140053473085888092
49411862665166228658949241122310058441856590246778090560691974670036204360404, 68096547062868652941026452823581332495396159875483592363646169654811418137319
66512684457010118378049633106138083381358302219340821938013107983306575390115, 22494173393160874647215938521953582276355991465153806475465687887820532369946
9662545761466309685672954717399857931039090360280946078738953763381252723497, 14755385774500528568671235991061200563726423074647927870296972292020469667477
17123838302454239107606493785716388465774075023544683131837359740583584732226, 24218519019974629996043680682843339949691944019193652327948385655141840357724
72873302746848388414668100318527957021122076258141677408208741046083352327604, 22543682477225083632461912429798133933665573676057485406998581998752880521701
37209743961548352996844881265162836944332918995135838469975645316523331365377, 18900464447836465060208892350474103869055826260479011269234506400750533872551
70012819498240995981383132805844581341822728774628353164924619903709452608667, 68269722586168905967123652094047053159421117650843196733311688942717107755501
62415914080513461455122654584127589164652745588738750881888140938580676331498, 63281249865538360119663913708505227505880904855075955996933051844144501250129
52319995376568829249705570510437774870164045298923499604182289837899298697712, 1858570194839800153522534250526367984756918313218182216278196810969879012767
15868439817495737189167252765199426590991897709411051175787149026341583675981, 43726334964360101840733720400739350287072583524981566902668237695612744670275
18392813530799242085944303246992144994279896188081187590392330454226878852684, 45062683134674952226750202544903696415490597148901464748890441516573500476742
35354137342440706462148505684358033620044698009309386780371793369959096215049, 24992196876048547067454704363352594596749354344705158961848329824584979506026
2490211815314945815372314719650132167377149995180020321605034410321509116038, 30375302504641382043415896555944056433173030849899038803579929587762751115313
52563988664650778375142384885487757599579116102522544318114942426055457517026, 71485815377854743416649044807864290625844499209028927985519639720166938660276
26756988751793599807428704043148162712714766253487359254721717326946083823383, 19383270498883718991846674428975069405017086795507678175931711982372159128171
40905502652821453944521217006913128540759134877795804930916376676061485231444, 53358850477252954237997022264601153786660641290495642635804589294573875887677
27895662362573953146196855017267828089818181374325421354488796015767963293945, 29376423322620841019519896720039790089713154424429766136200450570107168489550
9036309936427620532558607478166483668989007769062788515743921457941692218532, 52387249524309618245447725184502540210659810800211753828163448919077471616610
50153883797726156848183720200394802998719119326076589812512212233122772243764, 8407240725423709685476624052650034049674740262476162467544767050046428529966
8840331835956933700868539554002949383038748562441494215545062867285506898480, 5142783634579554069822041594226287065032066306855966829398490378414265422138
50256285606153478680678791563456156746307682671265179852080032561478123377656, 64013801196410048679799469632848494852663675970288648486426706261352429737350
75567547616497864360250365485194782317227900704384197344516218660322740693371, 55429895150484792892668428486811697605009649785478455773740019230949905114243
33582690961008972711248851403981171337082955062450712147537899246931738785868, 33828991396977906202618172339065193446288151816307167200511615289277533318923
59868580334965463522646376384844462741714168654068830967015929588414795066446, 59573135602641101648934119200635693123783893361312508760713053162462643482797
36894547123316353448793501301662394687767923574071089210871603065537571505704, 28124882473164807041385407702918419250384835158828086102681750322645077622970
50985882399808302817620530505987942189294207582632484247919499455499725937175, 47441741027738895082209673962652675127334560239932127445788130970531755710160
32468212577191033597142899025688864393022636691253555009554500524460438679451, 3239105300544336949229364460339248540600104050333810005459622557610567031993
25737341584150180590613397395100957006310321733834282520106192467994659337118, 37730539668881127723020574112611511427893817523230194105198957586650421130137
59981405035617458629596774627657963151070177634373798334411492239493782482423, 61305924074483123433910923792726580585791031484501963787144412432214147874938
26734650921257356799265102378890772384508235234163071829762413149626662392046, 72454222375075836265647704271120861842624690594604973678801740497236514909562
5714477981780652212184842628596025188648577378795483359444564919753876906490, 52743156400543484870672694144603390254956501032002084682769072838153981048112
66473126352375360482414167226070545353953603321955443752843022365746515929040, 59370756288413864095640461895946062559140272702537285698560368669493081154216
53990809084309063787258206053220308652705854369548879495593630585738238900943, 24790707524146083491819792199908553086657288532981357380114131581360786335932
9438972419580740467833652878208565831987093178518265018759959242388678666485, 35415518245638155680746076969823080257829222241861355221411457075597157217924
40775551137286896324190945230841751620571374088072887386789766185290876267207, 25795398020906863739208835682283472219958400126174240938164233443913975282668
41135685820790358038475678410149505203260555735760660536678955662970480056156, 70032886257540096997654414721016524201527900257816701800549458655251094729027
16035693188293345681325365484049647091774750772835752969513517371478323817096, 27648121623563568193974060573643460533714753799287373913333121602248486123672
10348910992254258492932549613933262099876904632444404986558010386465512871068, 74191863434091589511597301481607910961341379075183397223331802844463713616027
49546648633169813496951017931122481581140210084769787070103763828719825989764, 74199187359213509784043505189967793322539119275836235400955931690540446362439
53875441788775201400971774167732522051781939295535489316236865759337231628913, 51211529230614233199054834435015275151702388359334288511828477545216452516689
23981507877574826869622303671472079632871699582999778998272775243194851279113, 18355635640324647182761192119729959165610994900029309201605682170422531963249
23397213785857752785350367642809084000882334429476418670148696322986572294994, 10162725348308918847243244496136842935608017547218422942632561631154205219535
24802873689350723220778173902441383280772781244226894907609400034190568384710, 4964403310062659121898562066847103630792283669605597980933032964557982757051
73277738518775110022771457703138942105123562647150418483064063447163559108793, 26442218179486145190191713892046772676859391627277798691428099855585335208593
44225668769526490208091666956849092185524510783624875902679417526912589929195, 62689228937203359867160554466141396931341726281010181638298390880069779407119
68063502214569899844231297930449292164701152839504749507179881567479863393074, 16061112771549770831325509007343295745213118779373217820513840170163114325136
64445615968035696305414609178810849444003638987676045419705104938420714795324, 69749319812509180475645138933266169557174160978145831842746846933310237251809
20866004490971034731091645604190756907279511960402278007853101513660047275696, 70758721116962632239670425340861638222939100095533738431618241214012192753778
59196582931176914256315394951035740732083429251603479549466556459275932766823, 74585173999797914480451620459484826039704568948881056516632186266873032678514
7102875113159549730361279317490764994412721886674182053788695803683555352253, 24182482690085789636285910339317614962304836829077818788330832391971925531640
11105395856947474099329268991656844916129571440791704528978523747296546555122, 29990045910649645910402825096536200960666308424316388031225303565627014333834
69827692325362679665160752015365968385330010403727476009206219377143136732831, 68972489874257307901482428034450774897408083432443977455431593765409565339837
40320701663275066343898271599779941910916960371036163253530099718479541624876, 26650077691540790906327529121153322744984156967797716426393476627286229615385
39268793213080750785139474844454723055990878138944371408821237085478941637921, 14541407985219750493893538271275325353085287428817399854967364886573733937625
52006589435406083219757109288879357398057126320402984401862834546689817357866, 24279226991554541766616427367916416960591544296331854976237717091542156840243
14977766741873077674732907443270900695021840240926323674510503611336639126352, 68085390079554649981935166010732231262480640269009180810103350219471739317097
43291324891560287777183239529836243117125428727738767742657374680697187307524, 32582336437351691393675299270797358516498602832268023476605343861007321409718
21734565185654551282348580212076999288265370780553149521591152864158873952442, 73125548263857126590889861418506553638053088097475356179357757860617556342002
4411184437080919978272100042816761613636719556571050178870070378224669707760, 72230592538248739985454569148047834673847379150198060603060630246034751027591
15322954470123763849497355863446847877349365661948175996694585537070922655942, 18173728849757773629453107148861919454509273433536665867202758788939649531372
41404269984524667804991292674579948733441015383885771446340314023144233212788, 68489238230669515270910168234953190253191271573844899411427130705055230601503
54976984536848968786539196134757145043206063742399567084203959125132498873410, 7139209951713025280938037502675452768085939571830015845279797489158122714897
21802661984838977931898473410456301458540995675618502678253550259263747089978, 53426505632411562628910958200478467171662700926733186360029691618066812715572
13780626988061241092182084196684636282895548222914187012127502744703456084522, 14768771211573410698376141169785659350412054951655686502737605535687316624658
6771367601989230450576698413807082158494867329518948968132630370442036178959, 73088610734239530011943523136979118515775766046529733989685720278253860131400
53376460214583393940673962160464151241910706483480480585104413883383366944435, 8768718560382870585500027192414434827400369728117183730974378735186500832698
4459340305008717270482746822611934609102987716596300272623815414500533698189, 43748417414614964661332563293371087611202332828961907052432781802736823954010
20536226302136879392023993044280473258316281978931654869745654862260220153153, 49251956377023157641317366543043835396522466113606886301305971035730997195673
54607062800575997402595136657531351019617164080848742263677114166570592724302, 10387026269932375182138752923511643326163674568034902895794798837352237259517
