Elliptic Curve: brainpoolP256r1
Field Prime: 76884956397045344220809746629001649093037950200943055203735601445031516197751
Base Point: (63243729749562333355292243550312970334778175571054726587095381623627144114786, 38218615093753523893122277964030810387585405539772602581557831887485717997975)
Polynomial Degree: 5
Polynomial Coefficients: [59, 55, 11, 20, 17, 25]
Public Key: (62282206419849660153034517157144481119523231738962076131554228609862344798692, 72494909726388048442942580948051135905933568802487271083137792716530582232367)
62101141539095284628422219858482854898990479635798583647085772945696876900938, 14004180771628561783026020029882728125578848754955024163884671485196481472179
48110981351881430558967426238057285874356156562020162476505444620842034990092, 56577170046853798877915480155316377070530781792702205357232385507089370401653
36240938070661670097937423833860966863697444876009636477804507601442611226058, 17954737438324019647974356062298562412480918591221010902197554724132326593620
43527484294719581345114783563902158302599675729255496124926966461780363378365, 72264739501686691141363858747155150162634576929521277895475667490858254117669
56939920257572006833819840988498077521029165781463463871805225496537390090651, 777554708255821189784349449908646492911185118361270920144590856750740877898
57144983831249945741510620224290873966871216837710771165884791311455320885183, 35015978806019035747230444050292288827716985384294158708954765563009918453037
39878849818009357188638200268785550413535515919326134371627864436650137076615, 60022045921613623395073937022904926846816518475750803274590572093040047295081
64067491022341882974737544101285982342451986696392269213197803494164920399570, 14888972935248302689068724712063883470739129069259250840403560562095331182048
68237716111202113468223738443928098205057504880128428709452438799528115017025, 9676742066425904749279507302076151288775513890900783199392835975688596207720
70822440189455671282467831767358430462377767770225572398756944425004041825245, 55362939615703047519218092080402951817703725885597480245508193716204171742042
45817698894164601866631605202775849670206399989474212226613798461743104591310, 70499508299757336680487563437369311528576970716601185023843240108317719711950
62783566580018031578357643786851616987083535015946514759040689077547456276707, 23959666946282416283996664347945694788099903752155416815544233612806538536804
61623199753869738718210240409930438547912016310088563971372142657061846868761, 43053594475784621883684932149801901457488471056659440080341481787729101066826
18746075637968151672423565027597391160535640985867232115775739759654429230511, 37493470247846068123820579265194310383948260476159953384721637021707548210985
63792664658521244687344747936703067164419633654874985664098123279063292300, 23305008995198233307047288308631263085541472234967699068667314965013698694851
50074683417536815416278428631951517136639710559137852802806825906563400205607, 21837357202162153998166382058784077631623569892502332462392344819199237965715
54380190495553754647868937409810531850277069004636912847620337244358102875400, 69196431050956582575303740903969836508692831233118765109821195309357773160979
27404952223728410142315519885337496828179318150637166482170717229245113117665, 32366532233051344105171367528693774264744837969981948060040304491531373334405
7405711216697478824310605052566718455109379385636189359351215225018382412832, 62882508289436703591663353349477882819571965757677021069615189658596208213329
44701121860920821196268775898349898884024426354994737537671732495730756060539, 76784461747233692648104421853466985106480833713942246565308788069802418471808
1175491165982552651555890284392640515424654012135839177288233638290263819638, 34417697779956854706957764133805092477826477857451605880547481684394688146965
60281857470923751102713925138203399666961864576498231463292123797047355749304, 44567913071411953562405457391699689362216947093827699813537748135056854026307
31563648950260661871600251239688715631415574617464370947844743114546278771326, 35606026155924831981858003753383203983047791783067327232189828145076817340814
36431623246294002181585793958226335168709135208464993882293141421602394842892, 52547676061303333794527142533111959072627345687743759594288541139474836175254
54029345490764670667369518159017547562911085541562952823834055055656615724682, 6766338072010901767699324751748405194811396063441695636787102437309716980012
39828053875083786543851907347429870427242479195680915912252273387043201338994, 21905747221303805652643436040796619571083432065588432368328854498361301808165
42963749468661478302283857622044330332989682985472597949012332363456206256253, 44399947025652639449801175262074444001539994294923421627827618066098175478860
41775595219485685958877742085791236130435077566364922506283495482646328825798, 63835065854673831107139895107378699303635997713793229449055371556402998242455
5523333579761379937324382883808273451582454274200201894105376829513401093274, 59717545325148025654199452334643840018275423511196868518133302658540637530271
30166500862543957856088304437572200640555908332467911316166619438297725690208, 50155263425471901064628307456409920789017101986125701340259455690141708729671
26227233303605365871928237003571280277256826075129282508656939540012631942178, 55038470738054947675260096432069512504615588911423593594090693073428698221433
31437311576174717763081571168464917947626351156444266769553642176023798363554, 45002890861969419640451287149294776210959217150641384233362595113257157680760
26183732721642984367880880845259165945405507855226672241977815696487795168699, 48707190857747628527255869301208779244254836078351749209833306300653244407289
74745233470637977879426148198291255720853594378459333362710991314724121694816, 1307381592324685027502669520224684915272758457739706585488303906366089428554
61287102186287244648150735427479254818791987724497864893597276770356326037907, 44948942538348238332879937779476983844567413246799344999185407005156876656747
32976277765477435097938179843578003924805011786028459266934942596452918853932, 17388946666407291548765142260914085232422943814524805503744396839375371820044
76081831838711675159817180305838642450096679954593279628716142562365608390926, 73305169971305693714534830788371445775853875507019297537906959396208811150536
61919911737325890022625392567214580366749042431933450149399750948177988472751, 26423806623588550703155208189029366752627409492007597536961788052716440084126
22050741514749748103147332027739588397080791725260319778130237620487130892585, 42256135998797547575104271494598041914557214096380085731866861711972793037574
18583932530361537568160937404845139972571385081756236773291163425001615794517, 29670795955360276029229061437881299835084602547046695266404393150016346453052
8755554504411411048880333162545595854949768180757614475132229313887818039030, 62805319215496349532188604141906947230250505584149530696353064048037192672638
115102160441908834946816988126386197859313843403571376289714917734346944552, 39865974716792218468459171656484082976841324260156279837202349079926301748095
73512151647481073799285324538284323190909279974895365613399123228079543147158, 64285224828313744221797921159580989187865536069237592566690763763777221786595
51140335287722707730850651679681369695800872893184108217921755480335236884032, 11742225815309898014457678139530855079183178179025924996503396544161565288417
70422897288267313380431613744039785473657042951582226679668565390063981922683, 74706766147718273207823726704657236993369056044569398634801682752723983425138
9392613130825690534957607017617277985346919390521760400833341931877949059162, 7426502480104634833670248139964908127342637292038376707506094656939109169811
41994697890640403727042046814472127037502133018642092830917468448346295363249, 10052194857737585369367598614939707565572617588329952935547980575050351554705
35411762161608270626519376652235077856565080877999798966844087616404339364461, 66379235874098994073987912742587364214991212712901616618735506982674580168433
45961795901267541838017910590436821591287780775770031344685144218193356548064, 66655906438175926055018407344392894794467315308418829554211150122547116520106
27462100676243295798197944000838343175725468574551409497315678444478484818740, 8749697675695206508640558905534885210396329838439655034573479092604702801360
36924720016361751203780840891182132643813164483442385052627489681851512487750, 3624363388431453071515331402020501352405157593524659155671035118001190046087
60935541825103275842035397367261618928446113307784132890964124258588444886055, 60284579925003926450551586440118192327204120041625935166689704921872211278016
3104173294213600419432922078591086461418010980502189710824955050588303253451, 75090120797354120772301913736019545102768146349346193796671144023099800677815
29864672952201218505131442267411944921105120474043438372017412956035326776572, 35594298440268343398811253700424342796885032442499791783270252721445107115733
11191721118990360665849500814468862006523811217997964049065724397579752511794, 17242003689399549127088613119169387410136566185059300664622067116244505948638
42101270691052676575041532748051420497463701566290980166073056113735981664316, 17677012669846008805922827384557159435819771150433108962214358940624011479957
6050852721143524752891945459750233280509039188502784395627125601205209407877, 75237312133291293581342136295607527150503592070070815068398314466363350963856
61960140742051425543455709043326183048649877652342752064604419731556581639661, 49857508100736350327867155703053211595050277616153819057992969963289173242538
6245981498818968565236685824506347887562567846163753412126085051975461948739, 31960131348518079652698119505355278265765052308824148523458625463524176768810
6744061991869012759334274003572751451723990523455199911308863565536957547296, 45481926305115055169038192287752635680447027556488355973471320630854249314690
55859619197177572113068131567099201323880828169352683515647981404932864011273, 19470105948283134189324359309061887530831134529253829914683076196070299213757
10799508753623572087153005945673723377266700389542120746898640067453475902513, 35381830849752596441356324583484370352277704389300418881704423509196724509584
20804133640345613245758875091929424558854865823003765996172127227241656806646, 15455252929328227402122327936544173322440223809418633753284133494875494400591
39184108691360446375489714165516505324524477127729658395827091678881710240146, 72777259783636215429513856862916846291909483503177224334392607311683643521687
49511306285666372167260264508119701947946194033488557488413541628676355040952, 53583669396395868933927235447402157200561822891932176560093871133952490923370
59995938720095808514387363559698123953366674628461398331652627312826482253765, 60199440733527242170771792131948994044865849031499465577161271147845754965900
37133086093805815343480628341611989879755419074431642012881485005667941745098, 19509761905820582151634801612757173053083464638099930905694537450142024865591
59176191018813245878400196355327199909125496472911671741523712405106070885639, 6748759479826513825708079885286210512826332056909578099219639918798261093892
51149504039270666750533385739302440141046414097229473283467672708107561491690, 65144047521293171112674303950769815340558433130822835793112922003650437997137
43902131142207798165368015461657903841337978946774532000113111160418708177035, 22741391966475497978419253192693601153457287716226126397939577289139454737310
2342176544130767189261013510119488287551028724651991959208097672468397184082, 73132354291710104481296657531799998488634733299691579962898039575148022994661
1124478661860187548514117677259602863069636837915136553241570224952139296742, 16410491299704730850379064102905987826438843179642176752128307237621667351219
35780631876210631347192956231803266766479625917326581645223514525841084293117, 38354799612554513612559388622096403492052034800597116103303837203242689490868
38697201117456370435126483957827253594134530484368221012438165012647002780205, 5758323161734216431594871370471231450245274223537670725377537664103664658600
37326807350835112701312300775204477199903683237655914272808284486752501390869, 34274945336602920561945881961009722743893364239399516440401436531998453544284
41658872202522893190268089085655934701354809630152079709206311807448230043402, 69524953399659097577168460472240674792566465864618297366635465282977458697972
5717585029686674672460033476102047211607036925964553193756953809046071580267, 75633438053985729445405206971179804776741705716857307051460407099955324686603
71631126497218944037809052487146652938421503638038452498935125629677481166439, 16517106486750506135785553726031951506170334781399455711429674646825742614799
74959355046123014549088225550948921807528061277496407105613884953530118906905, 35417057687888075573149011031764091116419026977185536835996062432137356030892
76808225100440425556721776101123023207700043273871823037906811721880172647294, 318424147755823003953203817320090991059868714768554109720790611950114860546
53754334774395394069457794947887038624423014642480837926328284638821472991127, 31559994477762103417434970660224228917987764850257447644534972233082277211875
62269882422865160190607667491110018302367336367824127423145616461118767297578, 7843726387680178401586590897222184282126171172431598096225388178102755708393
11216405801787506752840809196356109350797754138800518423846614559025001108607, 9410952837257848356762909047545869668322586995526752658691079543086944350043
890415658048712166306543650564729454995858759570629486983124791901302488685, 61368060523919642965943002027565366674013895769567248596831837863567176357948
10104766957432747163692337489899877244838158926918845331661471990998891721386, 39254515526526722890586250227871757571000094458097505753943833144658999913051
59701088104847770787258924513119015792106649074035192857853218751246558464909, 76780220791833839859000272098399867087212740182653990426928810968357306983674
72079474857595428579979873528395444096146609238087375320668197717671594362078, 38497109714016495322012195542119210325140960685062859813205272217274374797233
32984068596616647306137013097004178100328146077112009959196048935973671034941, 59626930268333860103816416028475618848011537761273083265146066226123995473180
12673629278375650904749197098680914043351945456639442916521579676226105563810, 47214895646467213463457515735355964168096150209398701563360881002487059084607
47345958031350901372996482095700005439049518393952410899196974907457925619017, 65709368717500954847959144293930233679061638594920487343191606949335681298232
55160855612672690185015933485480368448858900957106239567158394669276441164602, 10619165854596424322879859925016746063825179454171372955447034106586552008321
13239720700499032792875937344482729770394731359945801260635718038284060494860, 50589525365146667650357015382790104844756877930970988703233907300839469673909
8159055843538222721328575159726250566949255872155110946160348007966177500281, 66766643789980456877505144062941351461985918560113471501235592644613447500424
64452422680853522245241533415696099969482971531733696004374704385810759794488, 55183599146078024507546517471276088580817055103612988154022404882710236680893
54412782889025607884965809593868357911590049523359592487726164513375246712727, 20508136705327862510469446981870961883909866219649812449190109715409039260063
64881000624196636634295746071245263232584010202909771941064695045296006877950, 26656659898208748101165218894216564015478216444604144217353386913998531165903
17748271665342559993437176656562475081104356962073104288693083291377997506027, 64191938144190107487946994121522103353771244985075134970092907963609530741041
69161845355555391624250087696712953112306853368376989398373542695772755028554, 7829733921366913589725071916167859333179456605479170392732705779359933527355
32527782946288517624327834041740146623374570939103991870351934617240121532044, 13901903944997983576818396268964383675124342325565834441007296391663318820568
54804688884365541288475841136255043097029513714850975382412802756417744827439, 6105653576304468770250578911623907096986403729455569790074192575695314259827
34626627598585129201864374017830081380706142531121275427508363388856909444175, 49723453042317476394492230879503880111372251641582130193289471156303482197016
55160545363485945235924890606418486753893824074851193227736677841982556612662, 21906306163153793226319206357477691552251671799179735832574860522956704691939
30041996904314263516832013769965350252187068118812318419950238926634555148928, 53078500247628747986586666734284390545907063012479410278017276225068331467510
2720428036911282195986410933575907955755288215015048154886583980275294790852, 45830053243158086656019028597646112308550595649152226119709133964921101258246
13346217185183359041268308257876025930200578230695177851422618391473505219380, 6505488237617178554500997939045697295137418556831965468405045576739493615057
57769037767638250080770503251298455403944534230154684679451182781364302279105, 61792301166560571405948335056789244984527751193821019866283085183082329839028
60579756024430718369926451518884903460921090092423595266830042734318309653819, 62875692035526594704839297119662886553013730423910291762696391655525896614288
3259678321456430826780883698297846036113771937927915669040470608904829727280, 70322520367723883268054348646676347341088372307520680033755871176496589890325
74473995032554617841606773237931532198606479238788912248266877572402999280973, 13789103714873332240328170000667603016504659993178530207957769767592748769772
8198401445353073491845729272524501569052873834972322570877613098873743622285, 47559904489610641210431280036022361303947223612017592282421751740915028228704
11526454129294056378330733103367942349190152583351188298645700693572626295042, 10734922494377358523506656813089855235772999254451133135429742856031292361883
65501115221838432912800722660961825779856491170120908916824179678532848884748, 19829410595257169154531002262347820153218943128784893102926417791861775012446
70810283091958001361724288032221679923846679317241664671682590854347394197997, 30885778990667736072540436801130723232876697125595749439478517917243587927401
18591243153514897235325012126267090756015444743081889684589370772801705594915, 18632344315349508355335889788442765599649454079181460687098844286984983733453
18907975174990115316460774885198257723665116227911811023515650894473180882401, 17733901859096513007657619702282931006685187312133653133171433345712661032942
11534575197601779285297433949479904729171726076945323918196227977273231399002, 40979584509975964671838132916535660472645941969203054426361693894777762052014
42063185017537597019163172631453828385986247066721874089043666844834942926197, 51075956307738223986803932400404448638934234056530358112541585357968435903629
55391181111864043122161715082816461917383738865163928872367955410642160229406, 20353013026897975444979326051988462200056419253465928383139206012822291761583
7879124233653303270930700120069825907432994863100366231414915776260542471314, 45496505568876144322473006067844072763737688922913587635102426444172904141708
76574599184549432662109421298937284099321939489014203627850895063717493208238, 69637323693761341197847814035180487143373546951512541549730316421116234127240
31606556962955228234359962482805494313871352416416898929416274088977106929070, 11599776827888004686454594506393873720428187424710212051536740568374001569682
63043997577030392835083829152890483916618959641888716704893715819573208448135, 14428235219468805432912463102176535445522741604480229933622099299064366353019
46369773491345911936277751395174650170998276923896118396970942889787854036575, 66752305786533353555224517863508022279438315565215057154547137373405638985861
42822030474239908348035528577835477149033224208161104807350403607931283215344, 19719946431276918600114786549705032480846841672098808864537629990255788388560
33533476877374966239981456741424897550757540783084620063831481102273510091251, 50153221994394243350375095500639164732879364945085329553203407899241868203796
24184872194144748666299750921940970831385395646697649509304913222801467903090, 66651602041040755134240628687360800922670883945310075245316746165335328208463
45839773239321400700949245126910201686767443762702465942457645252955181244811, 3450811685364239364769427345250674403365888821119434078071930025477929433155
66351960137783561143405568800361558035452226938555011648532312066657003679456, 6253581363632137511620231781031418896033209847391071726285752027415808130186
44993749323628501889177500118760935543957985929650559566952692629471786574401, 44178114157366725416373280702128411927684371716547200567947304762506893498648
26673218877012183540196124606334427076774790332556787216068241515737672560214, 74725315512725067931462405337738523689098681488602726486632059609019230783501
28323161500851832585090109441778814448714787281927117700101042801205463588726, 22828879145944312070184334271699238313295339482101851820150396658554047624183
18522252581203317813896260015530273765367836739208064694165349881899304487658, 10061499602291264217990223419210451638556365697200855040590938765187867475343
54197844450673470488208327628126872534946050217913197158321201645151444303818, 58057968829305418651019954542695973456337416115579902184545476284572497140465
17664996128288413398846018512165714595964592444076805557835044706904362605786, 64648718747185233020035141367947291655323013526153314069263863075968809271066
5739724275075354276934627361046422451763807071855262043896837745241284290970, 31687891466045961657215175255223391165100117317461449861465988676103021474858
41562886422251512536733104420790397281560566272281515347660937991976062342513, 75107944620561409289450712441490265596704074420540605783698477669867380830770
49332061867358147938584195504680323912998689375494160099421902768716299763806, 71109031853690211858527326189405429412515623546618273406878194152357682060526
61778555653845891435015253171320143686292600647737986111653848432773265238980, 5709264452817354616096033584632035320856870247190590198835597056903078832974
28226758017840033046281436244947012121647632148370862274463751320999978686885, 65313776994061274004517808153615576376742180324230876842891894739096311488527
10578814402106492892377378328257834519353225724367423804227080882002155605475, 4764270508540412658297217023788458358359037834799446937828592460417909003315
43755985999477222308684693526831868055184825907721665285246989153718143286952, 5085202349973207053518424720735253345073361812895176236112412313697809274803
49239392709405244744535309238094096316443684340851468318170889284726278947437, 7016583770704410175313227182776924849414725518400046838717647055465504219196
63565032336937685654306115373779177736059375543591269017468484807476053155163, 52448536268506626043791104576715146785170506982710190618179866148338890117557
2331472730344968645057213618832652658135425639070229322294211712138488266305, 15304452486585923236484187212223820030861044528661807383382486130303349663183
6539432202091232897947688519487774283736651594075410296652681836136927117838, 25867025949341569634767277243866773166836802504631876616853337211537174192816
60308376618670608251103581797976172364715800544082202188728255540011950474852, 47939023032269741283597208489836895949402002493723322580550448315316351852506
31575549686869968374381798199031769108189091927584096112847419417966452993776, 8448621688197505952509484817772134922759899706457032421096492496784588402184
16429555826968589341151045106951645426631710608675843998726628554621263853623, 55116615268176677022364545069260274373401348470695297565116882344995153928722
5744622508041113738394320402819477740026479699765936343143617739682604800497, 29595061617927967772915413637037075416392549038850165983313794336644973459411
26579078524387816118252875482868170050739953718702926953422947934066956591221, 73011158386119585517798235391932941391389051083451821565066552554406706524350
16427030959566499989604262476195384195785081036603278463108698765608199293900, 43003401205706715288927701225347949473930213004939480499862414461000389736711
11525555944049193501479338596669895442884532302278586062782295012235015733475, 12187807094340619448038797708206201341628640492582566022707048214382402415221
58661559255013469773311400085412906730021645301855487074655904990402874428568, 28437803897055392255434171678371233698290407164665504991578079354839911278698
41410455788907604097216400890079601923536244849400831365504781451173496228949, 71730534654252437044441164312508247129973904643558077670569086226789387391564
34377085856886960662998341935539879641277008952093589034435395204876408279004, 23447883395218932334241441101360998899558521365038309388941265535740309171339
19662372260852163389231174733440053717733801045427524297129694371716923747957, 76155208051118602610743489871631549617439449654313675304202182558751254094035
7926111472192099732961793361594574550160873025813398189581960431530365660666, 72033840528282901590398475349489579080838671455927392480713019520846305706289
16746167825447822670989785616353807004928773833527896920842076656225057556045, 53391265110401714209631323929059358969207628013588662845388308677311317945753
74282169795407519387592471419307684610996567898973601289842334994460470836535, 66743905892364484635964474281816126182380975750458483409899318631946657758380
28258816978604281935621856870095330790440338055598692212842001694343783248822, 37260112525328576391605795325529245097309117158808609695332762484546243419580
9389824900829732934736505385579597213905050740667556200218366034833467756898, 70794759731232766287282785777829997718353171208564178763389834825771012179067
61239273600412486576635577744071408415807200795733744036614762565394235483652, 40368809112341452045796279955036665649246712837085325229256191552137622517086
32307095006611607124581991570922458116851900996617086025512360693925995168328, 40320518580160370920361083652235724129503196869887248466071291291189603197609
12227275601496668839558776267273681879149998841980679588064116724580992412543, 46545695691782403003253452095016753525199229918653642700318261740571854032600
63704122020586432180863112364378261238371613140436347240415026064546165770351, 5895671136023291980221116405388010021561890849853464384369711801974032985968
5118526185635340503914808706968235813807830516824819668774266368637080686029, 2603175561365669615787294190055570566495356095136907582377817474487241440871
75069495935233120184269717671559057620243361606777252029900093535870754506021, 71828282190801129382801770867266487647129633159040325916630018951380550685418
66821260831914798407593164520424939409029121028599415918488782605161033399832, 41155000340846782260677658541045770914450108632080289452509910823295419960435
9991907128413865027327918394395878876642765268352812270050775617184805612940, 33848528244566915128164626495447441833798594596932690800817876874484737193558
30842930719496990847849182883274647285548517438009074747211570436756070440850, 44831200547873998083229673988892620952252655942216515555467292276170686130017
53181268374526746385076972539110985554973500898239596104049410816576351596767, 76212909353929500652498956970000058513167585346858419875508661822770610701905
18600814020696617457956462813463894243997167710489986578216175773539474424482, 26202467193116628119678320064503794346088303801597569023763899949746574432021
68470653971671349693144797808942111036022578548070522005776283539015650615522, 19590479020089226112742531794782248467462143786819979702038861561634624952181
28311818891258044627451819078355601583648232904629341051138945030941813416308, 57275363506604698576037288805580298589950553792600027900585794099808094787510
54115478382324113522970186215417162084538800401946982013521926968966256648889, 72021968890395930661297196787390490649014869350427905250697536574925512093656
65324612406422762827897117895792189006513529643973341781215817381553266966972, 43224368657494084323201637141798802869666474361930523836250489599721892275314
74580971376303450132197040488532327729042850345254448943013125115493353591038, 73914918740878222936161077592373918634149714258164921057557208107721136703688
57870968615932171136370022103399389259836571414275783597238449957796601925573, 10480563401753882660654002155587353611483914843708281474995537198536896171486
695517307349525161822489468483973779303491393489237652043594586888860467212, 27435538297600062823834495666782329278172367533719849841191075900189897190753
6707793821355582268369936819121913114215103207774606832367222837412151972837, 44429097104886703482648609440124648566796681027396974859332565927130162835128
47466038280311861709617837371552951821692679623071566309620360934144959370560, 40678820484087985637626232482706517693287462526964202128214361875579533361683
3146367730049135102481068282939496751698701960301006054909810917898191773249, 36599792763224665746494268750084437717936310623991946109799847225737565735809
62264847717487286518898853411320615953853069706772765668296572724786358743519, 70787292505096319509736210692696522253491830932410070897139560624181554603543
16848345762849014269698434767147739714382845005990072736405925776023190929197, 40221463303259845360167980987630679622041059607154286553835563481147467798317
34246521858305283248950377738307573431408859600438666602097899494476194174927, 25789494039753402771694575893557982493261317566532119268561055079492750589477
43738579444602189757417498937332535527744207850497357787447878501560688462080, 48913643814220138743167739538143594980530539580560483717048815119415381463910
24034323402742477152070411471933851023406661402257681964639816264887948259307, 31945537260494073984544543147432430248510461010192009974509654037451443503671
1141966254864766452020768733065670989618342357431142333335010969217171034644, 63289882696628445978389552474084137768774141803452668323293424230793892180354
46493954418114746141378093711059812918189112055820077700002082706922042485605, 53280859608601627061976940366880271637676238742346315334537246258669789811479
2002370196915600119900390590486914213651259724396667490582113244606889884782, 24821789325594555930835477100093850572680470857945047997164303882140364851576
8298530015225472495658158142169415309089409020076788480120032165638382916619, 61351549448981330435904216292337301213776119146192891179845407363340488791937
19246677135704716422789579720109863103980210629501921832238059174245815257089, 16550739397048618829010743527198055069176694310948227430402775837213141768661
5326527940078182256039547335798979482200979755267151823938906122140070732494, 50932699938053209722837632131255722267808751563069989416221638945118607962257
19596925310233108388088968227577467709578447442159557438691307892580474812163, 68994206400438375350890554964614207318491412398103676370107485723675153521819
32019457898212031227764768688488518960788299066556459276362229329723181852706, 38744215845429756087760257389134999035526557742897332172987771082353717790511
54070512437095236199880872197119055286883573493541348679885590448673668014889, 7536640822771800250163350256848258824386960235488708594405316386473074932899
16820957867637202203302626731427520737357058745264947997886844640001906995176, 35394102580349809812823170588462014740378308970849239838874608651426472670187
51432268002725082528083985712791128232886569780431566413479596239329933976440, 41217038649559698390845462259849641726908185208885908501859456638327103585738
13303876804374668214098607201555117009547377808831402294824490044598255906679, 47505882513774888280301875312111817152981541309300496714901484437516291027443
76685334149368190276547209701003192922815745617497189932244352452802018120777, 42139861081322356427683423019060615268394973695473588417238361607909382276639
22771516380608528549326553996290488677779739578954793594321979107372279820195, 75512765181397673239108991840934346823060206602071751201948603847426075774519
53071035636699279914043060552313781696609244574744060902534054663502480751817, 46696944042118417671772299442090059160496135088508791777510395732771544630407
48208530435702720728306439719412441802687009780928062750400007773966099727789, 65042616480593898053452373460554546565726729052866996666317984874339224689436
58152403731524629633015080164933284288821950678563884490391406886653786351852, 24400279428245144018251296841929018927090960031124287953192438768358153657812
29292076457634302269452507373555127710356093496843745840854292642823320299280, 18705423775290485945568394241473798616635395104100109605198011057448016029348
72143768418321794071665789868443390716833278173378958763362107380532241671892, 25692662028312493277243564178439330375802969776465441914930073515798003544268
51822124201366941843384342911654418605045403641558289442622741495689494355308, 27950007998171341754420381986391960348494846204410758050659093027836509968279
37233261195321054469312405485951598102308542080855007200110744557591731421392, 30329195961082437045122996409787172967249129814761835291998596925268011814411
53228092783388104797223624435693336858706635678593808475976696985630758231154, 21491795844600392758469475638915228353981886060822664099047377889980068392160
63278045160038993810966010863856597633383830491578894739898634466926006244708, 12548729032047267708799760398768279988882243660784638598962682832252028474371
51349442317430793737722923307183511247530970545178438588836502710707327605915, 70537197113805429303036054804635138723051069944218490831133166408787082100582
25430451246621362951102490256908444568164078195334344393376185065734870232976, 609702806645155528970181655855269785641381817685801961543695374291725877529
40833193937936757647126060411532819186720979784680959169003678417519807867191, 57694211303919967908045589334768965931662020675238518684362728450078952664379
52377115380487730731775499563744352243895147329993763222477959313611402810437, 13159513617708583337890550511367006779188983800367323552566755894746456887743
67080655726354992484138194272908265666525191523004253082775302309191506715884, 63459629784290480891906108435413580409390918029560852347765632520728752525883
58952015867267248999102164482252586850881350043048308227516696588281938755997, 55835058012209035402808880171473509071943595323328563572883295603013915390308
41206500134833214301016526229315087316290229758266522545745541795805275276536, 19520797916955863416802356238975659215123254978260818012959684791984492707752
56545400178756294005437668328273622675072398127998224770828907981270623437889, 40316506810375113711966424559823357024639213542132521008469972280479698097489
58805476438921874347950172168252354285507216633422082673453819293977804885506, 53537343992386268150919142053370476272431895454329421429319698727174437986539
15673829624006694506217978209181473960573604666951631065014904367293948625122, 27891881531317192783528468247336137842163629979702228898362086439197344307230
70616901010643750614670898865171183203201857567796515397704721022366104675294, 54916167339440683747896706907136470868594910907242425012387085046937104016846
6904457807737342504700211373601223425837059278293086606323089711688004771882, 62502690650805165213407626506679154756937748323968792449580650279610287711161
4384480654830433319429906799344066222326788563663672247618077014170079506340, 70819964361314192503641358982618572169717780863696272593974337843584630344553
30815323877994743239613009802454794769435777797125172627449166551896062042356, 46207702891437751145795068398244984085269345628418918795370475227468466950736
38980731891690272799976478759920831249363472886984636164091250878566033843365, 27038651802124245013152250448667203606024474182918118352990219494604576825955
48799440697377379967896998590926762838999280466670543208838879557473501532783, 24748958218485731614260880883779532216540383831577260146242191711882683692846
12260013313408407295872375377007339784783921724793104250172902445738209477147, 63482617475822872273048995035525747179873380649449229216901177348471875022499
5759965561135753737911449716905727976049393116032764067086735675339208046444, 67857428170158457325853574503353889857971384473127768675049073226371018686526
32758114792633680870159186723885447936700444868843361599322433462103722535158, 12020432640426619706140083236074141583373369320912625945603816263091055023320
47949070150338727782600156054372280594414733816621729549315307216179487689648, 45912768257390359090251624105579209391652203493180909624828981388539229886808
34959325879304692264521341109679625599639642647292651636637767413392847762677, 52782983865516654373411004259780211699406162071446936936445115430877132352830
14467597252865291171468805277248809941383424691563694971201787994214324406563, 58246454677847439826384751551489419501358435087355026025704005908980830495947
48972626711530253095954576761034791944823155716509563981484389938379980277475, 21892383917617373726008848049257253881148707435233433461476495745741125622252
63082594983584932747376966030401746709391057303166357445577821238504735692231, 37994771969828354287943467794004466101194611367866085647053192897857739117543
42667931379174399180766422030292218745112006935216597480248683309251562072849, 28352455362776810041705534015178322264908872865816005950656369864905313913917
60849373574007694692733841971464400685576302652475857029192361770479977280958, 19780797974306737602822305454771447129852088672561684365752003041160835776271
16269284239670734074836933065319297677907770988696747993394907661306429109916, 40687568724191442364928663034059232491056087429210476470517500985506728199644
58608056168717344105847138631353032308756522902350414033131074911515327666031, 67824365995311345385841904728037262601411908958487261966775346785175806382542
73983906323387205172522766527679107089840848827924956222059303517184553020154, 18471533453796784501056314946717494640053577356325842931407049283456809029534
42379953282998815611973823748835032584139787308400432659567017477633702425467, 30167973402550068944223477982396152043668522905778644532039628148972723535085
55947339850721802055501962283364294217616508933430145999430563563023964590764, 70401522415319877581411453116727703630535815838353907235347649299078208955858
28689374570865370893009775335798272213632925822247427729207323165208802172335, 37399099840500844751019418258472966507949889700847002098577643351324698684859
66477146954107683792309703586779577953886213097337038918589521851747036563355, 39318052707721684192595693484851001455933563136372170115635931117030205742264
55381375951281514856302328719020853266624248918536713205893913732674476313997, 44377573295935011230204204192818437193256962789742115875341268323743090202498
25294757161758092642398185723638906047627259592836952509456093260518176731732, 55212773773176880678672654666850404821896724032833036597860192955676925696810
73743565282256079827053389911750411551052398733245872843691373176937893042706, 45767576950207879513501248058629461044496365187692050164961477345362158288514
52960366045564547524021616143640866942576505672159166006061281393608886380490, 6354342136926897752456075688520353789074996928728034415497051605926087318040
3508191327184506827541554069043749886637373651995296631679225134681537119888, 45655780366635590010586966158900812964572027043802677358201474522919019070548
59826670103944934335816952590622332946338491244247090979813744006734535768545, 8855641628794347914445434020466846499290238561418474461902501312837344989131
58909089728712352919839182043047526477140009447656900377754319298395447478541, 74965207683219705924628361030113857339369741567541410491562439938310267420813
21618609876625901028262388137137660837879229727945194022905797324709678362392, 66062347462450707909674707434927026464314300433224621241902837186793257195600
18750549861874141103148935429941837430899361397337916425581833856227393056422, 9109800443534626277252436637329882513352026873066210860999956762127155483375
44393354983269516810570923875760870130973998440221208902155357654606706070877, 71524191264142824560958313169560981434523805312252221677185704106117560323587
40374935859113809566334049245960795137921964517245788579263036465279559167162, 62793352479128930706399228416831310793825697591146990060761208935114148320599
10973889661664026045935753432147531604770164512921253051149647958654073300400, 28291509471936274689166917053809999677712950309796235175249204189824855459779
13291497627043448382770694690093406991929338021837841578258866724046678833159, 63362900688133637551089640238351671159963775487764559134266661388007122831585
62162768261101428010254717315489535001124727695260376927046462109070566708608, 21862991819517597428346514772554972143179122784159171220891463309121808394998
26431633457518776180578237895243726287924911530538746806970505207565709460019, 47682840121574963537033481009686708441433962774817762401703340019938498673360
36642140298103576600110998896692133235584033508317947415937215199743399294342, 14438234594078171136333367161162023507688630749942117845967004903749811119633
56158887004863534984979707548463153060368351455424066782530765615782276566033, 75329506001238546256878323659822514438558531410171391556499476468171863973441
11771654068655877088718656355488536040063860524614829567151194053723745285372, 27069429509580072799037790105217651590312433529979175192880653089342591616012
4002690187257537441412420741256376750225299576467260578067052218791328779355, 63496036117384088682382407587292781403769655578948982844273056594426146503941
62471076789760085071643144827624364018273834699742426477602926188541007061193, 21096320554578240190509109123696592619224037668992540887787246236472999300023
40082893760632396240838123000317058044769707678681835882374005043440195393754, 61154688838278795402624985598326630814320549035196246386315417150452983503539
34733331493710950451378032927257655244383774204010617245707940768147461621586, 70624786297405520424477502110445779844338945479985835511853959406699912635431
16585516148309176741595544773413926766197205065704178534407055314972549558502, 60524830204684344658021784787459775336005470212602280893044167209685693841887
70483715336436710928058356775620679517020788004301563443368630713061526471644, 65407035058470370633738885513454900934572036134153810392744799802766576569359
51285776043766886212798939360675451329783005570744346333105673438815994301916, 6984539872601336362668769979215102145216180562847716900280831693518745364746
56188092207084602109518617277972015786934026226204006673807277029971202924951, 42592487076222710262336616932162954859612700385001895900776859898504460081896
73186444317170200728568959829389526485811773306095311420674444935837707764226, 22897626088277309379519663770317558913870780681115278103523947352783431229775
15933454733495531144746867339631260924180235298155493625211650986516955114119, 1068616719342220634252038232852353413943449380369900135858434466806358799166
69474645708497895940831216442168294056864192901584815869367191660499064035193, 19742946543557898684742385437354408917934666900354424547905086461471189828768
41439580160352751845458920920194561441604690469832379645619472044381827602652, 59643601371340502112096641059731844166300686401955224984616782593308191837293
71665444055240690187576154291381806817446420376025194558573246424679770364201, 3739822604933239547790017869235851266311707970787584289203982829955638125836
37070161171776544305726289036648464725527982689678123420797041848229210580409, 52598404362883761238673617781652898494771927849467708668877258483053700354247
5810779894512926800454240615135035992086936424368992632241744875616986146527, 60115899463517573436796292125179678527575014758415373065526877638248663737381
15782880757047044899646754602769360850290968946215853325504849632020566112878, 37063586338876365021248678869974138567530732244242837294523145502496718748716
58602522730012415895456451680650850407930594811298886969647827723359333197365, 58208928731986844673933185401281651527789857891450724337195304977028379066423
39433703396756613841115494104127397170759445828234844253751575683921346660199, 68410416586939650835789871070290853129288131429573249501971625512924207187384
44174110933266893011979408918927661064326005136558870705324960484945012855132, 4299514117240652519220314253408984840152968376785628460720874662071092645548
74822863221201615728177417496879648295782363690096152355165690114975388114768, 62605334025150156766533474227583041176792519404612668796153767173095834529070
39683038667861570989091240842574949933941443528933089347464085985878980354812, 44582687456896251298085089304636136774681797270498301828400209738312311489807
33342357765993146219916659565341429698330815943590882811125372335654191527109, 56552209940558672906038723591343623667169972861189025877770668489802449347123
20782100883194173027908965173615008744388356285421058894417117622552881945447, 51369513501948661407162659168894859929264950986928100135643413021720383021622
65266740829899284003238615834480950545199642281721295543939964453695500850443, 7054976525382651940805667443041419616221987979527450693142018257382947561901
48199931921814224735524383429970496082466961163678084599247620695409478749857, 48659071852292147894154249736774297123523355520235235102345514472081429440291
7544807457110143776761904494055280406233505194235655414245402031471787420174, 24670993444063682387414926574115750981268298803588651820698666009736080630369
40539962399525948274901938012949784956750998200011402960640006770802979149315, 46302499449208667119516182907116964387656472669490982278269897862837043135629
46755556340612716348456614655994865619425035418309412287533612839303365473181, 23202434085154971260075884175617684146901929326327720767451095722560177837000
20001849013378422785240477212768475037418721960920394675083356629955628704292, 35026006262606785384595108147185981374571364713467152162563619332978366125159
26239655577594105069441030202733113523618372439258065077534121617337060266729, 30731030092164039291180422110690789170609902298068939312920157914558942633676
33392541357786086732922629128708812259725080220468608906753611999206208483302, 57363160660094995021953522902171211065278328310254665772320594804833382138495
73946274950429738594732660662919481566472405868571605354015091870516063792284, 14146794325894372320473430968902442813327543968016461262995643816738129777458
68354226949553378733119796620271278927156352283487743500320637266943315592825, 39066998649639764348630329128405673636188207517580676576017258101637998371652
70131734454735317836071708330591057531283731509839884187977917552904619747970, 41306746664361348189014686116188719524178413069466358431992342303899258048758
4837282328319585382135100456407968203856504516702821744337908452955200527627, 61635988529030043530844026185398663836899895895815627545365834662751487590855
65844938366039511980009397916452412866082842890256095221092039026311338290201, 52117606929933628131198579547567137911031035620175460666311056900975492623035
179206967685818332391637671500740355174207788705446891493037494738801274097, 60302462078671933217995901133009540941599771117578539493135340055746737246331
35444216704308645795658579011671503985015168201474318605312094531614633389390, 63086342804778226471808340165087482799126976365233549895871322507097228095625
66758231195335708490427343655878752849976403145836732344354161788052038883781, 3058666802952614135724355195959264017727650266842648140366333143221910233442
57019081048446722238952496790823737200336444106872541676295140354699594967353, 67902708779654263451635474097395567875654089557347919829003973940047533056094
6117010254458802855665282923999509222410576761460781196679334878868917447079, 32318766102176833167353603448239034964437405529012301368133863208932227718607
29817893896885410070804861435654428171741857565442193823878138586460045926652, 36689131721326918590835162542957057209122172519373983404741289943294013044686
6015429914867381804352649095094775716778895041334886778600896424242264499773, 51920786383054451972847059461929716072178703024841406056341119758011598347930
45166633163305730614570342058921537666195991912821298294308665633353132843539, 37952205354360855938654960739720035256766766206566174677366379345332113502169
28361751249472856289028217130157959173170478890458547413711796062435526091996, 44043897265461552661138928442167716601112455603236522551041901428259347809130
17234738601447530295204598317403912777730818178441275520457219152326324481201, 22810382082495617375735651621936545984804054085688140833758592650795632864152
17728897618177878372690619367877826507494540214845765983970217476195357211189, 31369332847185394148919578026623376886032538410955953253758951999033013180756
14420518818939052426938116041837191167594888340494739895489468098098822908098, 14284042193855177867312757949641823356481894954374971872075555200695051799494
67161425898018653659624764180363679368406165198616598036429134687490857115302, 11457591929053444410909936805281177273307517196447507318799942338538695130264
56867020270430652611440611681472966786632752903771657354710449744017773865016, 23489447261426752735296639618535899494520448979278095953995579391286463144709
57352460470989229313826121843124409466377593293422108454913179429121684525013, 29063942805542903996777521765735361528972598654275498636674887180938781320872
15005453295369053214994917570715165949657457029418168792689794261133940898398, 14670099124204863513550744776470156706370508600611106354304706506742860115551
32897132251276929589754067944715780680872247456814576856340010583963852526116, 31602957925760617510920259190782961577394087148446584111844898891096929920197
71554075004648431803062131558578826555048074770084064364947730684507881300751, 71838739681132194984483225859293387902959526959127879396732666499938626864713
18836530410328292281299489758893303365618344952449371670705008110494712733907, 76258341136385740596350613180893672629659546466212447316004759561804332481636
15176420681665439701229066822020634554755169008184041328969596361167536844843, 7366540752401419064393899771098162919415307225238815546147192866508971719043
22951474814244463501054346196910749784322698253858034091211393722319977297443, 24795696932522983943780845470871632945877155283663734437496519987952953982444
58484997261083247678200936245420179631267804685728461682159352305235517538831, 12781887499309713282570196363321642884245231663533988283937830468573448614190
49038749940546479450669787412639308663273427653383437192059273254580083323555, 7605235972516936600820141511212880980055310678537001461205825928030251493167
34830078254380208455553508746298984102656575425955141703372560167278623439041, 74246060680554904250506926111032260882885672046222299593512113937717029301767
57009594251170349894514081576786080494579842365644333834988543624502401180314, 71417773753787586260094365116506037563251488507493283668687619829034805572615
71330274310131414207310794558542467061898480728584753405985067865158956467327, 38373920907115046643741162301156102500944929104320945766871276101346162491693
54573809831221660390988180888082789403197524415865546365006465731298215456769, 65223247576865035502188511724810095749523966885634731518796470490084090326466
53086772399368422403112698414136104467748143497536839559538327812776118718949, 37628565142460353651282259181214357537661164591560196272930564481915709845411
21639903472549342966944686935664272862938884323402856860604549580961511559869, 47470847581287751988010930834110968074708139471214867055328586668141505820449
60030567137882004287202813021902234347401720513332756449572249958292274041364, 5352556967451027815333135922309519145403700932734999655083336893991123571439
23269354031315188002960987176750676300261185771620590970571278829575965669599, 12463414120590448413781281316734391534436783850928021918773802706417929506571
52768764518717685027285035500554263717380626311539537818582545736450003237264, 27990200845285236694025731295132158793564712769590618930258517647987851843952
26508570594649786903333080158535491413082816262757150364081437097332467692823, 54366599126550938535176998902686823893051250358879224451309145311437046118999
27917183666170290255527393396151522221449343557549666950368010412027211897104, 32712262900432475721963346347732357644785210436725197164329180541098845120312
62504459003731325873930576670057559686156481059180304883596445398083159520656, 34399048330179042428582343360438434684157997750044128824302646721785973174677
3553414202438107961599409995492565565008546616249112468648583288371242314856, 32830412821370123962050748283791393473976231770850274100676897742458380554037
3515082536881124381650393957361183180813433095409926543078395237371443402775, 20694285879998414472038708891417122183662674706420466558922013215348434470323
53491422597389319419505794543262107565510148454334656247723887769581812131156, 63097890483504693439937168067253351502344842035839369105511308654277568200330
28773684337125521561874926441350698540012551679946139429626581677436329896602, 49245579505353674254702716464206758441006806443944069246740704992232785281098
48593315488958466683821424746814883195280370452624452019148976640071505312200, 49319142187318230957513765601633074193045938144656648757821982619735455669245
3763189588682564755215881949721780915553439690298151392437343915429375465130, 74486041957710413920396704327925756632591821370821142747951529081333928809295
17815688816201923335304421506605084610407775519995998947498450647461806552191, 65944506000888934061458463980605915421538743193006559425645417991518037958565
36986622718495613650519711534920997709398829818388563751317639024237293348704, 53190342066664553481030307821087762991650103243539197835069810791803648512982
35080269465761153491441027448986053360170339235643463099952995569447668620274, 67512231896710137623057234080244518518815873831547211793455237690099458644715
29184030110709349654354669506885823929211187890047837730077348951769290951437, 39530456229051841420536622669836652916052990808084967463086418345100727875704
34485307987213931919920444156097627003719479519660000370114404685047826055504, 52793870478300683445964721189741023091407986136042274082979882513769228079181
72152374541903716095490940403863797972146040483112097204004699064313012893171, 13577662050285590354036654670516245140781439634784443058275956797449731079193
29497332748804624820637883603369466727007948641269461512142094975094375898299, 64627587668329933090264593006119342526946520271315534135408727087562663398322
40979211794396720712066747807912219607483637633816335937148056960212181328053, 14759583649432854135748945812719442019267591046179303887191022500117463033499
31959527678644263536336472572122971128727666632935372642710893254112066854800, 24249539428648847852298810251775430991378746678664119722219935023217075086002
57464760642111278702628317270803420884746440868232579654464176216783548267795, 11047120485318344353849863313560002247989608360926862221506576166017195911895
4685412346198705599636251160280793375640525821008700264047279172400106363078, 27715106209027125389575846567308766826019705787797120665841232526440071328556
55927109794644135532467413420684521728327092223958191537023054816770382193490, 44793936210031520577915678661959990945525534718958675727657426594841673632479
60916900929428751543793706405012572133763335222302282636783839699803716858135, 73685394223800076356996817566584095824082394231423483012225062914317700145461
58110181823845851866503121049834102188683595583862783950379300302177423820118, 1265238766040586890946882243695088296725607194935478967795963753411548080613
74880314815286733833414863782059549220595003465702343870613087470495851477266, 30370005408394235476966972381724168346728364472178263863582571382629275115953
10201475348647830106813171298817332834590428352460587275266218370913790102431, 58968536758039263528253998166152366901915367717952227687761179886611210028803
52551229497552015811574991247270808431813251958138097072616047779959531470906, 12135089915261480910321590104272747046405281420390366119737183719484688043048
18047697767026917149611966964208348826478880282289186195199936671804881069569, 26971072493599465692038657491792622901808547588850400478104615577131406922589
38208373824152335646603410451379958002479399841724539565231699957508315827403, 15678051475582361198193860688365772189608456942569044460468489731950443622113
73147593560642797837312489266091393497498711759806886757832095453007733892815, 63781417850245058560356079973519873014083121122951957255152376692635963571155
67108262252888928151356421861993503888271775132600216412658005475209433032812, 76020580714362692905813177812623879468812163034755605810006515010290309770180
46458100704329059278610692911224077552794839606074395674078617633601184616626, 60977293316711198617836350353861528592629807374281670752141152078705178971252
16272790315368965684999334729898515747486998052377944631153068342536969055818, 48961260016326615444238412649244460065124154236901572605980117486416762427084
27084329559666058855415907029091117957233292002278691847089035146708923520176, 47003854837740383018960585778686395704535179105465654366669695472669269966448
9297551863292648233091177620204837352531269615488824897258712289015575365834, 13516081365206605893264409243485663627484591286655973235691385880854002939115
8074401419084342444180143255319101801751436077321580658395848133506151795843, 56696587636597637182167115407044638675241903563059842603552343054340949968167
49456641590936051190647710605560468434783644871776113697461687249728315816701, 56637198527791212036482199625303436152903265358598732589724374412489767238747
6169016021151557268886290629081789092180676177201014560667092406263453578606, 29743666421193023730657915429861015642588112919218567337737643411889081763682
51369015654685491333955796480816794474813337866457136687498592519148860461661, 22022170811024891547705209842863531883084301448605163429928820557814104196152
38522182735275830170307609784433642597317417532389546311217193887424861110671, 41363453572342722306448846763665290264729364132242775014264154460801813345078
74173518599451430187118268963115308222177525327494902730703052745218382990806, 58007038622794006499442840062901849063887646546158476514466119385543503012646
62050148925362739336564497946374230722196486402553743829842372009546869567266, 45485580593569853042350734032576049684555307036562352288278289999739624202752
57851822159195634174867528958849990139523639820189732632013408270610389459969, 2003618070959454277212227309646728873873104581015967063501795254160161150601
48056458721573383054953677584512598744901654004908242030825755681540060445165, 68124756862009278794143115118569481021110366562102517366922543341076806957823
29810168572064751209778574268088984679218733883244187748669311389667318160238, 46803486782584720093146337732415523817626106988128873763876101443997050682518
22185042811267590196969297142067833731999854520200335896380191060309970550818, 55405850128510874661160525638624873364405042202941999975406460886980284249903
66613148815273712552899350284317527247083388085240137761777208203830241376461, 15498063857680442085129247407216835980259190534872722274363536508068017698771
47406231758911817510408606410905250851608422916348099471166989985960941170903, 898170393163260392210196371835518777185721111802476062111805259914782281033
34447260537202668848835594603798306733417913397558225362237114229795833803873, 53137626850441315870723704067848647245077116596183177833572840611940265048968
19788857134085036239437116476871354657901760852524422627588464644824681856083, 4062605898243907872397418213145478653285907889243741983177582390606563751573
34666773703564090563121896619150905803295264231689502781530189996968795969519, 62886418375168757611983249259616978667771171980932683685097588959002694271098
12814978835010574982947016483276792472494678664477580680360669671903559694357, 30437343103794634420444038225076431600099013837767209809437235109970767799286
23812251158521111831579423425843240469751124057790151480010013028119548500345, 17799501269131936809660746358279701245450388787696781809565077378675327725446
72702844515664783639592870557402850221261939115474598553738514813045657341056, 56511730889204587798491677294610349616756752890554433360538727114419864946539
30774753410087304491722001293524411866402599589212374898793282796578270974190, 35963388562910659364440885360600342864612175987932551054755791156914300837337
19894015518736446623864887398856896070418407844853994836884196797454320842536, 37622161689025453880654315942686665038655228613901598701963492452273285708593
4938876594072138603534907370385100240713998191727807233825912298048171101056, 34888628985040878632093710887713231902790936450387135839766041523838795021038
14773605266174820631850213977329438344256912918070267454145750363890320382248, 37796586600278434667651113308527586724278121653658836480523357546911123015302
58092799435484197090246206036793157400812023684781781152403720035092455597573, 2720549548173484045803484164288298540658443108508606919320143991519550166311
39624905388498543694594342683243189607224950092240124094133763809919066179421, 14824489002191211067238991909199661344957426222397040806653535298222393193664
53945711556158807111010475208960043690855635183087856523270312610806277247043, 49943532163375327698270832210236185928044090648545019965415342190661194650494
16643388243037352860663199968640929737951295165695247402528400190245585077816, 63433793889168777290855726309476392597542895951101904825758399365467172176970
36535063532076853665080592309264071720932051688170107014871227971392534321943, 11437503848286972480299634532711051402083497468000751448258343812535648133221
63359480101183775324989561892214701983636160595043349011226240929431208268492, 76457268812784301528227417269864226744185637045282994473253492719179810318410
35723355628995664333698688227345769407859974227462768581226536872734701402829, 74908599646177070596511593242067710233626378547806732091736666311426502259077
58920767852472071436526400694567682775112783750023644380570269369348686045273, 23258932250976774366420193124927926250278942715741853076587537964316125823686
17866996488314321293923514660222916189494139378075846620765615948731851134268, 5178692974201547818167467846028451674327850957861873052648959037018443664537
228200332976139895155309362976992465971095873732003065183358377823261798515, 52068101084563359625728507612803655381313450141774773950756404828023536504104
17433108006350029485251570488713860537166662425895825184039418006548714826916, 42587764088527348505666507204504415979994228256012064760120896637193518569120
34517312322194500979904974623914998062313952246091852119102998768892340875273, 51735634868797144447332242767857390158214962148377190431398185710358267741668
26948756495884260606945814843147445321948319210425490829835757572663091986732, 68256670892001040702127357719231803398300190221284248045366930337157005872896
37454312954160903832578865332615537301589484437983445473997451417087632588961, 74960643317677852748359002111364957989573366504847319977219089935717135968293
52334580188631986098583016661719929966714987164117575958766133148535188054908, 68389883849386415621138980538025391027097918181921966769186818676600939557912
69619681289628050153189084870801634296492362810280220835107175263085015467086, 75495015621010019256890336241811546857548097744274457232793678287127612537844
13019892575362300519722191335911466054890362046236263606974705018693134270487, 33602761991682148510744636019591517245527649842335722802590690517939101600743
43372415794487287335957011796385000019163158179485896950774773820523064559672, 41678623635870264833468083622255786073407776381366881825974154621253677722240
75782859169621987909897074372730826556252623519491396272011989847058698299826, 60424286602365059002765705957379349253102709001006649287001021310912036779840
30529986680875682246189830581318773034383049419115991977025475025094372530911, 1958070486186002335181895529121207686054400650940262917947523143203896297811
8469961572403389440570506852286995275005266036770621879692242312197724787024, 16481309388665982916476582430604116483569913790870144352828924356692308558554
46662071253763163363139822618733512028083349152334050868848075325710075010676, 59241768495710946969275116041891983592198003062328318399612481663699080693064
14001830704526216021641008062348850526014230799426899885002418504148238491619, 10689418838799894811392263870684191373247218055853242838441840768369722336423
16056075439564320398942767923195769896014530923056958416516019084563023047940, 33395966560267684246783814690590397390200551495711581622197128556052821376058
43298023405728715900541252063756925209277075105534804598878132345851446823474, 4288110024061358040985337768694839722895310856450599240997129344149880917341
59527103750531877297752216632261807453958233051482925127711905960527091637868, 23231114483914925289169830955102539843874219538629904885487065987523100207589
73278653905538236273142992633782776134836695615484941559000480078655960641670, 35265662505991330081162567718706194819344755970468147049720385699643149148001
22602273909735690578946372593505972086000638169745403700662894852576321239714, 16574842303784233218888029643205298440525906756577940652515800822912691062749
68746672557721614322136627894441789503169154267306024100942996469083258321801, 21345709893894917725075076629308772071163056901398597236120284835515190487035
71103929864428218689661366271047354450111255643173662102945400254335548767580, 74220358232520754363342257026994542184217500819690814779552434397823338994235
10151987640243671016724922543366064773385305641284124747959910425927121390532, 958376631526704880266648028305858802088242369510775474874314390987649233455
24100782206945245192477337480305783553517215851136991789748739818980193509982, 8030600395591823353177686133725781457751933064125280386585731110581655248681
56187597134208827593631813199558545118949827974243128970667955077710017336446, 17191441047837943183478744032413923012748088113010262634266101428081164052504
51586886036510524323587266336008480006427589719479605383046802321934744958308, 13059184098422736465676208859186643359906470139302546427535886461183961797128
46371590476435535828821934824636054392170010383582046051749895672870964339691, 47862923449400496841621075663780528015547381829186533252563686527299575459095
6999352502029111785976527453312254738252833074820649781481780083869709418469, 21830139448098378572180566935418050317020535282126221196522380477584948906860
38323730846172797955333467751275152355476032187564843724668529741309675377398, 7303327850217987049483423622784087728580135890970479751264983585911429295212
26404692135410736393419581322798445171441838044189974343298228785333321599485, 38947816205880995068993179735628608519793022536354934136840102137365963993734
74247436071757818608831836103693937127327726663658205806222428705104088987019, 55002622325865742829570620565001769542496883910989676628606208444127107648061
57110937224152129462579610043276334842622900492674050475399264045652393240781, 10764546187467122861415871562097891193043660482290510966406343305733983615230
55275067494605819366379576079306198894971613321399644772345416637827165047906, 4890838789511166180930184531014441306780494128072823615789001921096786276428
4807142046828507325617925144991903367528077305808175227842806262819373042754, 50324340603668987295691160196352532149929434318843281922310854820315816431178
23897345447045659783559375258615919088928813207964749159636123461994282740729, 57346386532132815839141346810096334837760090790856241533731255095513163761394
76554912448969076722229871683802206826009262689610289660149302461436725703515, 74800602454702023662928623080629534419951757563639343715349759799848345375277
19302151856964939064159071691748933621320123028713193860480332014942989427809, 22173055733678119216521519168635135220075794250882292216940829687657908166208
29820340690455267167071911875779023181911565997723113762670372699961766121615, 2221187331094287120644871818510283410217403173311571469385522972625468462306
27388853606698120842325685280936082267563975220056416118091474580246775599614, 20443337394394553713751365906580207019971409367334836900585885632574975078071
50853080913327277362107852947406438845004921012084040144303643728107941194608, 71938870550640065829619701331867470879702266024494737563969821999701129131615
73848118720740562012461576890686564422063204631636087933172493726820666898003, 36419686054803401440947988203709323878738942826527016117693741163139426923068
45766389192468138954714092873767452189918317251420618431278478930610428434082, 39329694214371036160356959675594481597028281484249906178007861796893874499648
26969680548228567312061141830630176080758856608484108602851773892431119014506, 34383437884362727645718780546102223617916398982236808185367549273284740215737
62116076666502567777163010675175797859145832901266182590154230181616200052788, 69002634779340126889673935234730136440644527435733904505836912850277455860345
43395321633584289553390307249688428266508572255140840605400589503267546143200, 59416130447665475518176998576226732183388978138477427087579375285412118966655
28477877620555204302076226392950136474854380488390483812738685057827191264941, 48138308512131266175815981853614866115866493651506064454835228055583254876051
62627042841069343069561107686294046507527417094813025146315429547969971562209, 73101520093562388040974814502291126681743366945193731460420739531835552918341
2326377713964628138693561347730121419758075561036170066876651836538847736055, 48706559079908526699554950356249697384574213706679559995283052633991438446146
72370850287122083127295606020825876408597986854733643131633384366243878043957, 63873162725716235440765066205840158223084306138073029688024893688326845999231
20257739157898306879133704198084239818860356672654582117618117358216705366193, 56982554385816772101936792025560694934030155886096040461373270761324998506289
44133630600651559848444216829775100477526178019578542403649480157822689721147, 59747183442327538756860246076675877425160568639308481716766113867291244837144
47691362988161178898025652252045574207820310330382315419132205692287794411835, 58512371385978353687286392031165345629189249122809298930789617700266857246788
68246939539021418733085139398888403824016348659367706747750031436178913513549, 2110259522970597512037120972647718214132708417783100714306356402607973780909
13472607385563842683319263167499613576925244152140375156512216807542802766945, 16258945000407823816850072739986473464888964768142310514558291969819250487416
42038733380735288720913620809138090076610080125529092072374136824238665654184, 58065956873901439498427393775242744806362473601668594284033431546098298958090
8908758343216285364127583913582126619824277676963804949844953734964143438245, 3059426527543690323158779896298624084293270848287763295121704910641562742962
51225789611508445713129022239849350139603324367116104261757688661824124399333, 4105790817556549904416296492893113570931108113219886076384742373105850077418
14209980762677567154947185953632711921864701840632802460682208977453055261547, 2655622638855701799898225834036290992604511003790723100196910132039409528101
18586118374266097912415332003037274015158408260690047277716687466863208325872, 30138924646881950455107006245026654309474716086843238136370411560674927313715
67146523559100239553067092952169424970402299143611113206219885853300791754955, 37980097438662483821094697852230471510826684556846267840987165926701571234601
66268000775364547057743752996168802087438271213514691638946156621865501057781, 22289987013563368071273265279716288840794441542195838187723052922591812411965
4001196412421256005414172526951887391051740961719225462918754530776525405456, 15032434831133728098112390202348792691491764758706444417810870653179949795602
33814334382690174633014864680628486967058267721363667723903252117828352831693, 35750767381873234133954805823574398205012770319472445834573827866215295346519
47221577349404202854965863274725673059604951146195604527434422356641342671434, 68397362883830163036312365310501151371869268713123439847139551879457391659996
34375128870999989929513484766981292396599174309098287688083477054289593366581, 37914027745841371803853604975816724269639171587878782061011576059525332111492
2477079788476099344151599279411456870087991931264571566081369493760022164677, 49386115799294930147059231694452061420016814315793392549115095238575747522438
70867129984460346682017569442117831476595881580703702799257480683675360891234, 46147473486353029385638717076867147978452820750620927630718747160445413251835
76838755891610345739931846171303167684366817491550195641981982455392172307830, 48621012270748667203338531655875064193198914089420153612806307166685303968981
13956129903060873381928834622048273047951366597031277942201878817932633586658, 75380722216556138277031419133836076209597452029748451459848818530385683533295
21240122373614236011043939420478502863584776385793838565415382292877476096520, 63758408863303289999808100913997251000266829172439652274641086596628448603357
64547277212993406629494670797334904444703081797463670381650556613875414481648, 70414723110280481380293377043279856481743829255535029682102818476450058146886
17559218715066036957379296895654052569766113037202493850961071252145226926023, 43274465260301569246229913278647711603522356219380059102278913642130988347412
46308127136497737205313768843776459357857697526810621066412448084116327982259, 63887136308331895779994986038681667580613694119682618571284267387249789375138
45965679334534674195253737036904636676561852419395494787134312506592042771486, 55040660810656292114276969825858537122090787731276725537372537261296766754917
15278984502973827530173323987573885978581750606243453078057121726433392497620, 9407149434081108312618587419955407563054953771298516268517839859352290357879
37213049476200097610939181582476988766991491834226792930675594085415024214394, 31090106852211908741182199412214217703047254618735062337002624808230294596454
52286166492927638211704993137442675809969887034104097475530225874063563325859, 47062684481773256204156064797707091195712074717869426190370018856687751000207
30916782826983894289157351189109369621359741128691352995955984875484961329514, 73846389423613313984134513257655012778015476648943407594822202498093467657051
44464962325250877552193184823828903002103912542057267207351230879002361701414, 48118533986083932374072057892643917076882276112564737995060476403282606715826
57408199634154087675104091546913739580458852393690205147330689422773811979947, 58745887830387094619014800442109798887177781561225143981817937381548808915666
67561638737978102647912433267848404651150531784588743199308799659477461111994, 43863662641264434311796302381016310783917626693671284926311668504824576468391
19941399606046826780952790874706626390577458633424473213163224871947497721574, 71585137266919521001225083540941227349465320658060591543925658205046534814835
18813219224356488978030201982180301953898976615954060526822737957752716816187, 55012819192835165380493111126142435751963434370305835075718875967683422094789
44830157691923085788099433575146868283309437552629221357056429879569411883842, 29553639032168807123624656794626061610659961620709170573247858389914446530412
6236019784575008496257325511995644903058281960243105836325321362340122345116, 13364666138158791659936346173498784213972914175271780080650405913019787296599
27257034112963339391901027140732235527897249382593552719040086144355201739976, 4221487758400185598362218733249183259715757970153830311110065210715064282817
51167631385397473238140659216191867602688695161142944600515810413117104692196, 54782022264474508572760216827980214414395472725795501119133444277155966812328
58084056967332024725060203683074933611939461131654442574516333457301063630169, 27597174580725383305260952661929384066401069900083517416629140195219804085103
53240229471286299383625715476464483339368685539627799424077574310634679053345, 30623169176289208251487010726713103991030261772415630557955628104041620091862
24536055081445585001395072828467900730035962690465942724623940021550123060503, 29095892807088036108481507527718771970508512695739149735991073552788480402011
55951691941225127100423117803671609327040875335805148993271339620560241334941, 26257344508656236223443894622893309317538079721453433382556290938404838190890
57702268012091739811224452932467868252256274968549927468766300488471605567866, 37033736039400352908104812609155036322579057448223193932524392060326958721247
76298742434181478675262409232894853319441737664501742154632739554886177054060, 58928326570149619916418188582170418584734233947911893814271755855577702490260
4438343101101747634841830316008288938404384369758894182568543937086739717411, 41086262913876781207548535096832649398998418050237793795061852814585048718130
15186592009607240245371905868029487500140712380629747848916439454326414892826, 3843588987792615922172616984666875684403832507391693898536819397348568615871
10570005640720086445028363112936498478911792118157579517828996920886377042985, 74972625105215648105935011413891340925432952800615291391085215187603964699185
45414740104575309906254412574344802764283464435583495873284907409375976760843, 66150838608194621535412134496203043750101007858913768453285857228933547809639
66056178654753291393379898685706781572527355916629882428307319660325581382249, 57270746115164928834366267899631602529274362705280872385639086522405033692875
50022686867955522815239174989039822721752161316880706410458353286033840266410, 75424607899605651752427334200227693831435440177827933833787102489542502013332
45624939459839318351057240024761845781579040727352864456206667023067051912174, 50884093151434395074285189820986218089718415214349357130313876393914013247873
24372062549541103950989834043858127599844963840222480517509107356310875098484, 36572218159254127430154548426598315698658628120268002965364700179221070855435
74023393474403150110834403134947120641301368546225481798110345333637179575477, 515035353968872677609742180637809619230595658840489987988547886978324412032
49763809267825257385352125520819264691738963681322218242608927752794730990879, 4048073387717739514069147003966646781467785806535047869545452558235440473305
25941948794440290584346394872701591249448660472725450523978242052085935764352, 19812691369342111775072220542321696213046029474705863959992235553060903932928
55084977999301804435474953775602062949875579348812327631554066590710188855542, 40151918558690603996200022717623534955164291432783900287399663021004988722724
74496187556111845722402922730968227281658659842261468585461748198703878965134, 21759838260337813016435108730880112149192798643257240023024563213076929417862
27321477075312337890920574156518994858610516438059040950975386698998726709825, 71744951453769258925126952834749275883895486264644472912561896189808791633211
27007300318015337755723566427772936744770862025111745499647777160365215118661, 57115234094872905418535302552739586792327502342412740687492080796571120429221
22031105976420992795727754599083354102744084388353647477368017001699750005241, 73339972540519385966956392280064477036254584441334373891784037591531166229546
45173575157900710606847393950479227851430220461587741009273255766012837802550, 37224210453244938780676442445550774584415428994153429660914731759503825937034
40552448085142501065661046928514326700245972471787900924199047003607626356674, 5251713374506283672206833910481414236473472335209226246931120569896216106176
4021458078930821674530880496228305212802277040300977676849090764091076382800, 55384132260435035951401329790950924018956495812221829262205149541392969976269
16983186313671209838776803657843760172574050893117067196227740150760887516285, 17759135099747019358047221862622519450389094613177208066501367348826386859667
17600983954731155710606980766746279113870587948250490459241157543417323449304, 5170916330476917409271101605395264030250483252963153051952632455480439432748
6339195520077152569661711785770956069492231664042726189457380188302756850157, 40994207424884143917679267891842402139708214970008803311113258391969486123366
3681603040424932848849542510078257407708260973244851400251687603559604220330, 14485336742185683445518023489508298645567514785595494297906143851446241900793
73830113111728799714243285291499045824553478959532691099864480878618432092039, 70675110676709936866857685236378215833949212569580446494106583647945156786888
10848594475492985471878709553507997585036701220436648591971014329401309051223, 21824126999459515267881076697121706640733004030540823356322580686194170004479
38219946339717386379697433926631022275596706345554489156007573209230408814274, 16304832033977972538457909640189856073810284469874422321983067939807282986576
39752068002675370646996089274143384303537278122785211232239224435645889473073, 73533603060141243666366698289829648635112977847892784043529852130627983995105
351364863670219536021020447459374108824699072458161512753669124817202505809, 67807400955187490187024684282166130925176766768858696431817212976527023927977
51772111949865554923252561640789305702719337821259806640598544039177676394745, 60668941989797480255283402717189238218483814288431333015815364315792478494026
32291505970518234239534902672101642914620143342414565383649057397392008272866, 32862421053542878222808833564311559203836486517007896247313684828482941393061
7288258939499470482863709241799149776512024039798034185942608016753914763670, 3853920129312276089642519898640606055744532419086319634244824391704846801655
65287974197176530498582196422506094970225141879836169172811857493771510296758, 75255191978684826414707396667533774274823563410163128324707988564481079115230
39079453236157580547023965271825119231211661883634806204437878931233347083573, 18198041143552486234925772088161667650512973925049146332939351050082275666977
38806816009076001984881214408151696459010633530844944027542619982253084080859, 39022546645254539946681448476885420437282581179367251879154396322248548068984
45328496450555415111441853851899712432840492293591742628625178794326434434938, 22233967701296771342455796364619734381388627296823846174533033266995750751636
50636898776443151998629701313417394139892602851410082924572720687073879123761, 11365436470263828420097077735036266061521502695093046908243233982738892732509
8307619680431242377538062758361217857874885325260822027572572298657873267589, 54352524042421316523111896230612245708960743151932348537087948167460669960455
53171092537463540474118203583809826787706803427476453873927385875044029974582, 22655522989340008695743309668337980273686215564476933199983487706484504212134
7700585939374823130401046813080109664093440753835196033005514188697017088942, 33059689917257127246487223000090888734368712245087555736226983760471812939023
49210362607711437000826513725886059406833127498397932177002356711583308585439, 4387811041272451748193887011060138670656669498516152610595724806547465275262
6917005025980721477922738158055957755725328821089107487326521276369521976957, 24099819321041524789597511539445414381228568450444542823116786212805045170735
61062141307794149149525837198062227284018076779036110898972993585606870989541, 68178313890955100338675410201665407889938800542153807906161598114468522598953
55471297905866449217894950111981416484871636096785365785413638388499579614950, 10296162403625387023149702086297988358799645356442164413534949645324882651842
64067045602877225229801222404744030096518621452477628594582342762812250400177, 56629963678254259321662284196207767877819103562818381932114068535601220483913
19333863476938150478006572050223894082520581923252368224316801484482280857330, 69136360270097328920021891784051115393019628673094520775345107411596182838095
14916980362502933192496544513427275426499470801031844396234263502257883211068, 9020345467701452316873466315026094271948291465333862548204441384405187000025
27357745487608491069877973387008964959228386566242921730515940142848254385739, 4858365273239120539382129956663417117277365382581777525115186896548709396974
74283322644021779910477314396630135751108091296992493595705008900589589707381, 49261486952326328867495001501007334137961793963459050462903058741770550000914
75331596064284496983484123002232431477226295801460498947358975988897548332055, 4627366454478157941156080499141871721430229914811512069640409919008355892889
75635196071984085664348022727083944173946763377497096495440424190969086330697, 40258863983689541347115815753018620425523207071995506933262168909348329618320
15548823189766420921401074986501323571354107439313279451636923612029891505735, 16516730161312530110019877678434079796929706187404634069167198541947075566718
27165924467030932549135987813251467462909739887978985718991102303166756909405, 22940219412700794795869544258457689914603943565693481409017623633618352854964
30085120419557500572421457027497097951166818875390962644243814124101212302652, 51269275831403532543581968119462040896830034911612695891078972852854559701111
28480297585785536206558083922276273605055211349600624701318471997544068278671, 32676484880932379540717362730450433844923430179797691542708865757565685693985
18973926269007570211012893658199387162499742851027941560065726861410658307292, 42662584462558043083498674419019404725719901463033558945233893709686469325404
28264972556484313928620690827348539748037801061372640527776568201841163420243, 61039614076393372260393638243667041780010254185697129384640250799817103220595
59755999676365190109983585961730398453140620758253095889835476694645233387661, 50986939536910353324460184057249660039993811157862264697900251988411951139137
63132229340612762514340259329674237683957462561768146212342150491271480684466, 26948704456372668673732022485422864383647825953232353798842372822637130012843
38078402408914120727152364867010949049160039322304223363138357424589880031378, 45642143187881882775026545791369131099694687691133940542720483557730295302419
38473738628766820201230312146814022403769108534140271143966965472271395194412, 3454180735086418061495937543417329679906792454185972274336777034270091986691
57391804624528559620879216296328361909555766772844245604719731794465026941408, 49703342613708991729816529769248115419625471398021751324072694193963893850304
75868044730432693095600547388571927264448130370012318596915952124760022657638, 13910298105204321229553660776765498917450339542002114426606918640288754671468
34821912979899352891658452869805405242414998485669780439444649918070713157030, 72908005226566603148403493182709195158535033473965215700790862772826685243249
32088287561666404408101721117559494781109302604572987153669036409938281981362, 24345310354647422362710848324065977704049308775372139445430998003128998355417
33456753134538080119323037203349245909151587849300258612694619955317525390419, 40732911217267961083135851558967519263630837299225378175923341183692903872425
5180779089583798103897851921178903101008938379182060399412027638432176176934, 3528488330525990377410801349608209993200788111926797229113504492685847914330
7714261704864473486831236214506931298966869724784998352018865111743509422330, 22283535073470266546092925481985917305187812428603540568203175261333413886978
9459136836830137277401466828077009535253564962377857261374626821085561793680, 71384453348641577809822556251929083929516304913291090962116192859372422055401
74503510461060396781533646876821506896890920076438502451812947421313798619604, 34298542079839099018765430963578656494500446062788296498920633218077419067455
33796754285230115109147815637439726704234075145976542683462586293711079858745, 34355240341504583385669729126325007954989671624647424552899122954951161403913
5033035239809618175413439058722463607057392343896340089989701663192015169952, 15245753679183563860167803681985891105550486701767721659341369570433453458730
74832552801947009541451411651904740549156699190832895805616121494852503349992, 58827116721885529235047573943339743948791624547256981321037050172199017758357
67700080289035045025704620362008742516619436225273207705295456636749834500440, 53174345254907555268479252846804076840892759053767819949744885250467127560095
70395505591066020675148609638857392289864632492567319872237504953826318501913, 19864970427474728915096215271365590484510006935889872152644696605232318286184
36851762659771098719629142899826861823226795556328708081600036852142084572855, 58939772139315907287669246832655032906821212823082335069613128653205554944758
60075381540797005829481512135883191763432260075897596842824569666018486273818, 5902068678000247260867454720899121576956121540189420044628480979985997570306
6774579329375026228300765664922690671795222628134905205360388315477800471024, 6719491957132615441827536219582332906706425203447396387290741800898545773252
12090335120299883096669940367636782047992887180120597520199609926277397507394, 6715613559607159881825503209096078096926789044178346683749319841598291613920
59107133923648661461241347552650585397102492576174550545636541585652230861517, 62051888127982965960826997647182515403591835515511612440854128497570056527260
17153168647865001852381104416627698462911528757126562627501500225030230523124, 62452575875007122418832283839538703234614639506391410254372434897092361637995
930663862157696437081077502081616051607252818443144003535306373674586251260, 15004890652118228355751949792817442138323289672827664240762205337785982867823
75649202846086781456093979312884716308231444894166305879736159288820758273557, 37242132290938325183573930152983319706210844897199020637307995592504278951440
74280171335611972332774625656224773144737190634694039465628561131933777295942, 33043916688578981740279842897830396517590886634881490293952758322221979815279
47061560791378619960431875744389599794428096750626332414610795335159248377080, 39083751807727299606142948572212099861265982828952919401117800659003318665814
39789155732750789588242316787972385372262673902994908776331305130703055795382, 29142888156388939057577229799254671866901090218798988911570716061433628403804
32597831313242120189156255093441647601880612371900889267177394086014594706362, 74014415713034367001809470153577930604685067003716295599599443484180669504312
2265685953562832549626333866228245762034395758763228761731342824368171471426, 23040761675436660883498201259734126769002845554189021321770750034264513132846
67473529311981653693401565640476332672768356330935962790603437774835220877119, 57105802462582712772444502312382814573562945652717435301568142069422784057012
43266273819634625701492848145044430295635176021117380673941613179562962384456, 46437195571516852192205263368388102892924169502431639310249672168804209988768
38797304534080937884633930735385895278779452334292675743849039312925432515474, 508645095771710995345806668667501303664768498570753994630559525904007159666
71698606590708088114313511621711462319401878096646294790935115246438260995203, 58333983251250241383263377216355224013816538457932832124079172799567063732984
765150387377389737523566999181073153053422397641291270859254092742175587579, 32925626532181562572985607733850446516501962221421493480816189100366113548723
32422870449924668705288888516369597676836772435491104414534185653444840952362, 70579510209634948352113144495958449250610598504128482508994467783507964340844
35166735021785588354626394965207921044394740961013876438902219802579395776719, 24527088509057419943424336054292452589781281597955210809192264701317953591724
68573498360205263287523011050194038300775435957390241518756927469426596368508, 5272757244182759492403064990608277224530621398755061105632031410971850347998
60705683492903880381710140277943535898023717661799770051494114384476947234677, 33042943727000667240801933118594656787204594100868776550402786078389944353064
19225574299064916976499976220375972570573897456191080952903068525070472167233, 20366443931802595833634524235470471793067506779172747861766432499274836794303
13249729690397143729952595752894857304592433300636513084561876406835468348953, 22681120384662107824955177447655503882730759334065896448686620858839360798362
46768319568046836280657282743360894445427877673144101873618785822971314629334, 48667605286679346672002887134112634136810877730428076498625682762341918170647
6775065142148225035216524232532554178478520743771407621012981328709124365463, 51968380582354026483595795064438517432395227229357125990535249145960111130859
4087392184418983952236700624247402272565887012557515401241258585121489297658, 55034734015442607544692466090155179342006157186829238716755297131262142886979
47368270542883801178763642671308160276802512199746205955681557824763056877699, 48316663803241585016599824154587618731283438099581185311600911858632254538053
31844562727905165931295683411786313299914664890209380100794409495913708820363, 22184425496041149109265061673468448786418054568304991137508070170347208778575
22166082562092787643109618989141580717597470795400745028884163405045152894242, 75319013589504524869894539347496840546955055162325396573280012231313720652282
27538103405520582920683777399043688666705032060858005370269976898629527926509, 28534770525360680044067018513872983965171139547939914430523228733279706964071
16528810309871710198203406944383234294274463323002784613338036399537703050232, 17522494854240074296431480421725530871699438885041045418919162904044262378076
65705954694585634161578878343040222257460431710156792416088147322177549717164, 49877753347894261237567530200873385369154335596116794593693389768780271490022
63436085504214259876520162928713257657119540566398267181402752493326216891887, 53533397843698974810673190285134164512503589926327269740106923136706184667810
13770181395940064487808178538858481064881486040375754424160992797135039788037, 3762206602278258616265198391353147661999027826386490899620481952015256248962
75637113711677254960947785151048689668295222019761694427677581477078386963560, 59752297942647736565896099210488340135332811981052356717314049448177559276569
55808142982401230908871765010146407741110187590450644801567286427626099363775, 29198341575073458231198413805072244034578724229312005793993167800385334217049
39445781231426440044844984063349007029335887871070315405260730192935347434356, 13862331149393362997841914273786702403945559461267385036144971649223489157611
24800485093819848199202373191302603218230218387092266142039830324001068415690, 60873912346436611588316605064673879433955703117225971790469201013278128370521
6573313496529541052874243071446623241629356046558583830008681037522477078557, 23898648382187107147309833723400382865126687583761309333503984507160780367975
40994937900133479457509915825239002751094754389092753830368777362368275165536, 33022067079423294028507817239358642748141767471929094769506098271510690855687
76621743481280647423447284324760965023857328667920337319897925199266158787872, 72388456814097802672558812532861410996335255660926898666022464267365000404913
28966406594533235118843608875731272158232984675416838820795608354427986683066, 12432346842074263394410273269597146145071559919205516239633042272318093240049
68271222662130940621999602405871030667262052191512441286218804509772774559512, 61805061306141057855236153486432538170100680592428735474665478094090489072909
68456826910124494648719968596609522089993460463637096346881599858724276911352, 7875607668631137527100103945401233000219768567795982319455715886779846388550
52206580058074061561279418307444437422283788614975761142293437930618939724748, 8054665609943668068092681851036231004241427357877381289578354916998537696358
57395204824956175516017381790990821033869508750717189081777069285924300488647, 36295322577134784888200504499774370495286233234241199319355992233219723732770
75713512549020465338918941195780561184996344914923882899904292030918000953594, 71337485172028097257811187142194647661670223622483210990980363733018064043099
45471898537809617469646821132392731825267299510256241885188312827811058867358, 58958596742005352589027645277639482243379504935026423846462852040656190172812
17130729860580602299535384093544879042026808578749758129013484278012697364198, 26334961745153941165760632519908076749809536996319494248721952086546961447967
70837321581770252614552717539684663039118283613148694678575779809362619629107, 59944300693673284347365474662345922580771338725635910916183673231275031745147
26274789048533494484996671759624693746383541171411635519456889915031685458936, 48160308376307684188634582653692787885728857525247175784095273672487578653415
4202681033734722133365459836531286011597143474735532475390187740266152646681, 3851320741104687520481853736299829454683959914892011498102808534346636770007
28255945791725859740497404658452396012765117683020613918225385694596090955818, 50188909044117986175066537554148691324628725536237401656469828100682447209488
50586630183605454223837929500104811448627568149138516558752080146709684315667, 43234749029530952625941944997175701727583067377330822099028188239549502374050
55715959446983936196571727790050654886601675436048069634759051525291668742674, 24505823404137624338292411530691359688700151737551116419910857201093126606643
17883058453500898463668884467275126131444715842865501017339589212538391700591, 73032381144864927771281767235321154946395274852467171126389212325866882515281
68977848423214420312078223763353280568407131492640229937732228306954609000059, 35166577665570297479929394599976728197752016376888247601770299854064092382180
15927769740991256095548902599225930984496993072370512541503376111382489566557, 22486108221473272714382667820710955333748128432927405534174572275716650353368
75038190844671487530211534372513395318286870015171981993921036239673078579748, 64580616554429959653649432715400130414336664961227327217642915981806046795283
42278847598323461164803146277509645935155884547635850831248247173079639931973, 31111594974963138526955828429459791982789470335975039903925684645179770029802
51489624549467457963234462446136288666945047437096496099508777160200875460958, 76844283962691268381149520127745502753643082040831678943567304440795469907105
1613067547165184980603687006422307700607649329457490522761121296613273162377, 61757251832172476155803481311981522780000503332419220384573562581689033714125
75738409031704993802620291005657469834810288886382351291312585684378772786222, 58943538483462117815327767841923971565100747060924659196143859131486320933690
46939416688107981413117919764392014656963185672091265904735966302797971083545, 23240424313593232375663183706605681868197456181019285578806013224394393063161
25361099643741371041612164706059023518621344380844881366405615720856800147580, 65457084068183169662003289674132105735855676220594601429407211178958496455125
231966017700170016926411494315394681716490871323139477073059407347486463095, 53282140057766229672717361718010358243155852070150091140291147025446125024836
55217178667714431345424488950819672641982556270880423261302273375460884885997, 13115499825512722989153804754009396224754598364613283923151027837832245961409
16166333926590771261365140644445321770779367783305886585463389533519237541726, 3918877270650122919913319602476737686528465054144289751640321175301715478146
30724006274583818813336326479055150616341480405488668296186422602185277148011, 37675800520167197282283648557182575660860406018141833185158788532769902125466
50202059371269073567196069009100584283331513816443887256103568380624487704762, 48543664278813447802570635373689207143312449001426069089350542798711408917595
49440916948020464261866273163926522828876924724224603534510131926226352117932, 2170944764310250997630972924232027442394138613037339143049061403312851322201
72494153480134627535597859887761344290640503412848009782306153492648697970402, 10542659178476134896917125812699970951248413688757465344123552838215507810436
66786706371289393070380964742342103319867189170532539904419585854569769999693, 59313462882639433419961002321899831062560766200670336352636083557321888317310
60151262772571853171589011952781246774494467316587585764721292242430793217853, 9184928780268174064448449923150364596966694351069306817154059628461580185943
38557453174661940316200926312921436336568938542315702176473063952961607925314, 70557902687443109699464767899257968046063394678885935807000508971366105568440
14950552418805773124118420963153577304608882088476000508115548962476993480821, 43462176265489972948570299678849982641085672784617621909500213405029856422618
17445632312957226674720916001574690234842564861899318473142096307004051292375, 75162581077780184646624806361119575654294977037336645480289943850233297404054
24070024595295228662347342730859281866777185250335941674055827996183489061768, 13130228658090539725568750586062164878244280262046714651043637166500687869115
13507153084964835854878290993188453752841152798223096750185950838139701508741, 15053379878325836940973427278619535747021760634272162675093954324970095913338
14366457712786195601192335814670848949495558306772985025385106570269553571922, 38228261509510276316487090863389813979606632628409446687756309484525327957517
33556730386802778691779422853116769713420499564000495188415033117581493838514, 22397020603122010323270483883977014817331816931422687938579702485126153558234
15368026155270840438687168836773873856942229826794152932500718934287856393232, 46270842087371515962132572446432163025068220267737101957410119859354294423139
28211931673412496348430802060029474984382092950251090596392207789597003299150, 75509283146715277978297097268668036316839318844155156449976049045766543879115
52541926821951714691397002203604062242718921794445782767747407620602245675244, 7651813987316556252026486811666680987044775388454074156787698126225747101840
40549988964634195166247665150404665928593608499962061197766498371020970681584, 7713846862649529580429870090943078097928378061409419310144015194281763974143
31339525730814453519079789965070178916590405926235849666921237123711967545931, 41808820063680144050318157386232831719347413780167818364330439479068046675629
64774305430270330168660429196688175974146936338314409512694766023852580627234, 54984566358451881608810079146572164803369068758565048650398894882783591038205
19654643926115080709761549244133304879681527912895744642431977788984686493438, 6284597596345694553375553323043032680690577474443600140926055967103846185975
72515991044914930776315317836895688772168595773524565027877561393044684426001, 52326156574731188549419001676725921804873751089700419589800834574108644404121
74712954946146722064441294920797627052933519222371446778087949799809617759517, 42113126890223892679076344172427656138152414092912536651057600617140796125637
43054331485305218116311341159524155715384413560417913059760677993527667409067, 15506161395814459245153724648883986081966471196018433032521980164513345906903
20577041473713325361945451832282316825851810812637133979883293217695778249304, 26464584074011697207379923286464256670586025279073170565170770782038058142003
31669534671272434591564782240272734451736279781022632283570461578169305155487, 43069527444200180288276225674716653578439604480250733389103861704697927098627
63548391690186083601575993155935296597254261191783590235856373112006955258994, 4168476197851249948800515213199981214975391540415310220211403650905365496882
32864853397670958403587607023098096606045493022986369487320083749217898122825, 51741309656249533814970858928097206116468733303089889220136419250808724616938
1016369708551534863380014700604646533656789775984578693178998852781429489213, 63528975082077083571543926371903759153514886354298627667631555611387869282195
36663020247823295740316170862544566034633154193216996042663685651942261706257, 4082254973873995513916598830570246277944035701222300271862808440881692210504
69410722460829343522480969145590689329139793278151016296512752256728236005304, 46430216737045445160784673604696379970353512501658735806987694575671312638296
68238693588247191448589558840829216658735794849783596268739207439602389330535, 53299396789112893542056586658969565101138526638511190283465783910762186251514
75473391271027422832203612781577232012441043787161505413304699298327285156, 36756244263385724408343722531081230888826717827618434530922507298198687800083
74347598979998873600766832784661583863987399082974656587661758480256118702360, 26131273688563424033522350803293645725333940888698374800071438668674407867982
55436681685029605889220640936386594456637426519641077309619527404680398993267, 68009558338158100415089662069963636295787567635944577062364986368065498939958
47738275153571657925282388188664524161640695974087412266899576331429476402244, 34208074009018266630601428080795296650215110304469108087294557571639168505964
40588990591582530616301911009342867296744189270328873720913762282583422760362, 58811494976519864979646980742931062943092615116730576143037487071281205523128
30321673799100091853240022127126061224741175794387773586681760450382515813571, 40650928713409681418952847790514129909927858221289097554479799426593843548316
19880016706724178430526706077002441340742205457289175432231537939108766381378, 55259639255006400589321032685178465713893973699322577516865563466780523763993
70528694084207462235061171967240099954544331068746903666084080817468889837139, 73886322269704283754943727509702751904931628415765968953765370328407090007152
32202834315915116277904522976418038163106340727480141673364211160747223136349, 60428108868129999550666826929634107199838827500577622437075260429424425493032
47841940984033027489110667356580598171010574880118957696327996661341685218145, 35621080706716638765390681399567557966117127107505426382664384189693042463911
7887809670667666516118814414093925844285874419296641778658763107611599317410, 69466101008225341398722853887043887371985127511927398319783046472386653100834
575861793148592924893825632187161068948563107995615924537239413217804853575, 60538695737417360581179589006683611609639214584716942165616346913560223281056
75305638050824195191554148002125889647470814569774779914901217629121839168196, 18596317410996235899919652439708475685311586547020437504114242252094365556060
21719087510547910641538785991813927632712396118372864710078598251093785122133, 46625168728492839825034706317992544209788418079074671237478239370114074746510
20207586494457995343948820406324717865456610620211776493346069125825661569294, 15506043146957024717213870604045418725686850342015207064014111432496101999679
34879164213809702843361618257404745014460065704952122042025342971846392827818, 75782009860209836372418862309093582753203885762641516258751646462251001201841
8735065471842065348125287812153836001933011607815447693324475831671455231314, 56808557641089165232458277314207157676394346113578716845114980656478100554544
20168436335596276749810269987879880810529102368526127570620791165919125344434, 23715577348595034690443197452932835537244865981150806150518503596970066264742
18269652318634777396515715080650783557282365519439491307883796521762346596108, 12381535400831650994141776428656547269153720018412447405501246396179165510646
16690759031140116484266943332457301275132004773766623721815542161228128985607, 32339963142924454568084178878336724636459966199005198461633728911728334138779
21567619353313921582830838431893797712874105697796038327331411648486762891513, 21059059088416025919711154723384832330104655540673020915996941377350595062525
20399625603434038974514402535783472794500161195039253394162651383282988602094, 44081243804369250675385211054221118088857602167682780324006207239648028931417
40291589601137278144102733277388017595300603733109027297614807484682600509891, 3168911378493636644777540641723006462111103447392006948114955254560266134046
36016292977940950027018409887911441516426443249200684531778775420326842492866, 75788769328386251275312635610014751206877339731035840531235442151053852943513
47742094988536892445359250102650463440489553850677333882210743390339116731461, 1190050157503046365906007750794628406670440626279221297798843527483826679730
53765999265404741705919857574220329322711728263745750498605525381302436071064, 35622977395678439056282542960836090675756941783599000977517872392885371309946
30768257263816970725759021190895125945884146453134503375893915463459447008000, 27738731088823297972787173181462818835059643881046839582628870412819756239940
45671719766146940936453082159206089901882082718075748732282373215935751957857, 65168857241023816803564191047073431075121297576712320994932637514747988724095
13584966088243990689558368312717634767645450057126853656160462856893990903179, 39581673635851938813585990796322271798263577306993793853884283580952203620261
13931667223125874817316813948799190421977284941833064481277565563304628337809, 49565936678665369453958242259610979064698774904565431784238776029497975477086
43335552058164423260966305426977779776169774348083296271946346077110160189196, 10287682087712788164163457871464755646368096152613131456663648266985415989584
62214681364944832792893731124894928537248400642347321722792540018116962792499, 17087768014806392309637776181750849082762222996209179457266972265445177580396
66616603271265892338946887970937507686985764186414064999718648627543424179644, 52476245223436922176523742920757929467841873093263975366238229182502288809490
38209945082496961924376088764477804468217696009322728958311054922780836794497, 29081929333083985282308875019297675354379260289291144741698613020276006064971
9615971159847349274089957567391258921510723902801435856539339639316276654229, 66451762633850848022030831345745903393488590895978520852551980135398057919642
52322533879819695378357136258215048404050723086964649556408241508937101174300, 2975999053229792469309787580039108365307169479061981041120144127134896000492
30147956403829177750281924459767155174926459204124934672580919267887744928086, 30933506436461209032712987677071308202104032849566417302983918227689049699038
19958750501382671960619172305825851368591433756114044849333070126753865988187, 41432413522757204519781936683929308990381400850832953425854307357521880144417
28034564936266000403514903926867445504229669004948945972913953386245841063378, 51348033651313025556514613454807827284206015682158043021592914939928598184951
35856005953616690714900317536188615293736568638201147832859272848640993797398, 22171415090940855985479377331888162032312848522039834462791557500233750233141
13018027735502374733116486043027981447739921733009792488703691981708015339555, 36592472501349774865588439807477135200326256661744460830552170663437714063949
15480457964634248031736103887936976203282396478681666429020728047079407962944, 38775916672695210323991983985825310922100233528994071588087980018341081769052
72890211998081224377517661937590808823693734823730142585825125748531818141643, 35417835191055130279184449304683004421323212081813109530202131294956084863705
43513089372645563124313432042134302851875404794179196222233530907477918675715, 68982538793001526014246914503806139710436623817151721232715487895089122147704
58865132264124742194831312102194595293016348908836586790997033265116882593583, 72267299670477614492976090177178757973532379785756366537491378206952576527120
12626703622004038578043689118383760451506100224787159931452219489698513053241, 23199269146828461268744970201736182296154303765044402846327907475747184073320
71294916825393306005463135079938183028119395064540917323546625000444217629107, 16412802645828385714493545944694213453834029983949829471767641395708644229582
45142034573895402029246263618715089680722589733266995688691110521235483992562, 56314208958812800953832925154353002225266846550507179520134364398667479481659
46909762379153380198189807791634020105887483840975872976235167375783397557207, 30271196230146055749179071763052426265949194888095304840475127084768481295167
11144009251083183336330100392422492675057344231426014747877911035144988248516, 60850716857378212490479700396689923077934481317717387996294359824518971202703
36943636404868580917173681569609513323943559988141271315948073635180526259400, 67798456268515742274230759037044131137138247864367576053123402744217647197030
28365139347956895334482652552840081203410567668170050277441804133794410016395, 3613557319706638917906628680084474146292476492324010694556933236475793444205
13994278751820987837486945645022518508725041750714979329655721236305110250753, 19953796488447774562566892308539555660719610467550116408747257769669883375312
35716150899646097468746052144393827125276337051241012161500232704505297147327, 12882330794067504571754241341940944111937786951927702381006604999913475939719
395698748100999254324101613448492720082028112158405472307562529406712981360, 47012466199328067058915763298058497167358383316628702508275379857162639719711
15439750118263759441808979149985785881304326250046868416426403494186153230386, 33844689976299752799241335632334180549769321052398383908064696856973224537108
56982532493816126700756345170108123591412126390231891149351189192243887871155, 44898090072476333728504697680851537369402553097434444666028420667034920479900
14865910079117431746284142913639931369785400767426944929823748043077667379470, 37052667110519183589042558874292684096544156955372514969686286093453597611423
42130634188301521491957260139345017937764425877150559315013166127239607692861, 47443074613210698404024039017937979317769917160349150352917866383420245800998
20145708928128311107619480410748721153718187784870147803968412906429256161062, 56693531299435260091018356795542574056019579536616919686116145919418562573005
52592904085594327495937924150576196355138617186381885217931107527709054701332, 47735973754949366390001899831860368742908417494601996240402008362450240488569
38196129627805298571611610604351514051289692914347570033721250827703129831061, 9754387908486950878734388905768177742831387221826872190844082466800573884410
28314256736745962507080289290168723079924463473607767285350294996094726498896, 16453163105553007757545119998884913621922879447233423950243643318307748123816
21994420419794023693921383505464630879440895095293501970139631039764627467226, 52333444245185811983032264855132935725353142210807384108276075773218823232658
27130469098902298787386239256351850833918991630871576858173748515154586482142, 12953645058325873577280015478151952116312458660150521392477409401435505126040
32215626985931022206474682514705561881726706147677885749769319735214777590377, 17826421376607156503219242311022455113381317792194334680529995161008764149010
9339371636029580373052564604530697684425681534069754970711693854227224651195, 74600656913686282979343501224896888991023273044010328511420882581742134460864
20038284649978920229398764895006849230030791965818031337908451293151856703184, 72319641399373926574162593021947761546595065446545143610801887427936519343044
50885645584859386045856422806579169531931414375423246964243176573997073732209, 5800028387540565004351016468716876868977499944395860168032842250682779217605
31900021843402921239147901962327686159147178373202646541619827470880231992402, 71564506315016289928195011742437505548637809318924688361198545180873252981837
64082697534933192838298849260975774145326212229524238268040642379362476101764, 27893730784488929683895690481210631269819584002959941818823981575143944908703
