Elliptic Curve: brainpoolP256r1
Field Prime: 76884956397045344220809746629001649093037950200943055203735601445031516197751
Base Point: (63243729749562333355292243550312970334778175571054726587095381623627144114786, 38218615093753523893122277964030810387585405539772602581557831887485717997975)
Polynomial Degree: 6
Polynomial Coefficients: [53, 61, 10, 61, 28, 61, 21]
Public Key: (75009021326711455496869718670680925473159846695518223180967634540374139834669, 54312852679164019432078748523199353925438339015041108715653421896600995602141)
4367404311025275708802632173410758670666129654986740001112662982372521230272, 28113773299976283847022849869032674758137411285765856598609309630023887973801
4753298263461811952221718957879372095216944335530720250165005885199531550176, 76865574158798214954696875133049011983009074714475960379763177742872499921428
661566575057288840166735762013100513085195912536490031173376552983387355917, 41371992599805682085863420200191101170017076816407069073973634107613146608407
14641143444149274500275629535112749659204786912746875495392759070745678744557, 56413469094181256405627788467150798686082981889510417914390957240193515794871
40357477263770590897640303999638184632502357474421193614162506008285837214935, 47675121623322688954201125792336981113635676824751529824925428165441818348191
46126374436261389725662675224462104976408093433316507670678301957913831375765, 44397394176518996975905013910829051676440726344454697516870939582653149967027
6772162700794255808678279615375151505188984898519860907969711086998007471862, 46156754833057056915273099436113826174975756475463697869713068497231349436450
1201637679960979397609606995471764497625729289287369414858793540421261770075, 49637701275864803525352269208570622527900701692599245318802253599074026895101
44667184617527165374042979462588640453438503069043435149026025251360679693943, 31953548711790067055113351069227816931950936901520270092252264401475765503907
46327871814871532326978564466699678409892634499151448493736479822268502220784, 55287980697182741008600643570062633289452023145429836408031204916565014815215
25457654418226333081865483927843254647696340500791013807259988771332713534517, 27515419534193843614322826387773649474241047451692073735750144074406881312636
59412188026654536203924617316241152781431390994879377022073910992415530435728, 13874056923191270752591496944242626134847635909191472222394575837962968969683
67453867325693776297417659323767773240166966778852609945416131674453453812408, 50730083709208786352806570139651859193289283400970607836588661982307868957374
73697694816003880763050547056025006553542321335787827412684806623991819739748, 3352253357775301237052214105175096750155849045395629169693329809249764424517
17153442380840019843057866264647403093034439389117845129009597257177434260189, 4686260292527719993247489896194876959552400089760012633699079438459728077911
42783805756652555855122263074124334237383396450081736837058034056231014771074, 21053310891046100161747106574576184519353277789059101115209248341335493096877
34171756466361443235870176916199211738544508467188130568870734982880391607128, 57634301269047950009741681952647139729856731394698877328276878677047751033691
47906222873891158825874722956442787980882694211283712547383681519006811633900, 42481866160465608159282405005834959277200636165742628018574387520682683970680
37404369648378905089250630082859373766481973813002825954434072631069805224120, 19470678518237852182561953835715011121252152412812979886739401485570337431291
44647419284361964994849916484105553610705456560496243845409664211519716831532, 65041761309285424758933613341148579300659796454278767971212164269436903171173
10001613226439559418844513870668552103413031100533071526734089852740265837248, 8262040117276431501594870880669928023753664099543380982165943515899459334729
50326806857417754744737010401308566429574101475058331440422926156867262647543, 3948471096480310872253137688553487152937063671440401043455229456801619947011
706584512850818678072491447423809414146878163376708034046391165901374779399, 5564700930223392504494702259240701014384064205669001458792416231365429735636
25308320330821816815783478828503321878248853376862522793446126985714736869153, 69508592336552300334400297699300107114354296990968240405906585520488418866640
20994530640817998461019999058891463243534038908270504815600734262156085221695, 51492654866747604461926809019439654023365232852612009451447762129310930689332
11834606316465952211492356355291342707567128662636609003343761853452918902462, 15560989661642810001292176778407302787903158236533176219880291074794664256558
54022097262720543004976919776563781527112108537571047370473817595479474091148, 70386148597038850968264575817773584988061392929839331033760247351740705559490
29125666562070355357228331246389996628099426057020800948357433179486790283079, 19765279381263803515151249543291163548501528362286654259192416665245279430857
49363270075983590676338116163738074255857904750114409837269820970668099274664, 24034437517159985772860097401291312950317037072009974711655534489987661030620
5618556155503690140351831329890387402087684496743599155895795312314090263954, 45984059612345637480408020662902687091233979333346809367770570306322973965564
60824087374578419849482940711875252763812281797537296155310983780514942911594, 56131476789334891692060009683051463056204421108962433208638626343120513377621
7024820936074966997649739940744670333258841996030179777596909730457966182242, 29793627854696471086728086795485744280410621515276651004239792660316370205019
6138017214579336451517249772809992879256928383515316462557547345398295743254, 51157831571416333913296703066632943372767568029112755768591549693577101277659
65305845727899342771149896456746739097788638057321564022382685845278398862519, 59092230571046919994771352252083924720007056878931335500551604938429365335180
9180005909271200841699645605229035418993883041179710102924059158195736198298, 20543845668443216436670060367622606255092948599499272243651763546497157116792
40727248098005705311987219598574317818658778126337700591118788042111872120483, 36376237032600819470147468802296714335020162900458909149207460813318028546595
59734817195499674775832087698582181447310511302639144579314223133627092012681, 23516985213634556270360566768268990187907739319730660981713879821726505077775
33026428838303833905459949356324800478703096661069600755566139188304737754344, 10298756383919341629115364614055150192712537586788545405943452314920786761880
37176263699469702475603982538474342898675750041786211850983407720434766149121, 17416308258209811626867564681024090568008896230006501428974003870639884282040
61126929473731234840666571740022968301894118716285118548360202350130113788639, 54439494515897798454537810134976977963375638278469887282729395367025904387651
70737886518866855704757389843982837516570445796181926776096507189546835324770, 17911213729797731164193936517140052083041126879360106275956667456062550283645
48307960175130515454282833098207436515069277940353329514705976685581790246487, 37403994944928998297812263114954007997116589196995611385064587244470240641064
71967871608766502226764134641237302477807858873873384035905067100513162476655, 25931886980238524028887090469879139326986037520024163329165651030995072405353
56875087960612857285147700210402213677501136221039900505054443102845136408024, 7994100322213457807255310160888139753428933197857461691730185143776094663011
52629252726950971138584106636390847999454185476255208196193700754236344593716, 57539476660496085869304934466962811540332579040953789889871224194407645008639
39472729404981421091065535421256770259793083870059984061915877053632361804352, 71182563235003665502351482784165415322085065495987176156009136431862973890025
57949125902213343565409288465118399641469610125591283715448127755188583737964, 6461935010700376674115814877352179513063058143162522555458375365492205284302
76458142527084412677778771997055778823289774283911438257736756793643593615683, 57173182310182190096432170304710133165495979719255376334932046976661052274584
71174281884151023507302492323212372913778209858153639333102354945338662813677, 56147125749271269424535017513341252708361415037836379384454857181081694765036
57836861802253607261096350996024585913236766513890306933273883097537478715044, 64803561252911315724613337410419776737890523189410391484320976493835587308576
30828519968912066659251127519458014741618711195814561811316581072982416233381, 910340592764537402796225139482560746621053741797007158852004061644142052691
8244147452059898071959370926763463646691045461180217290633917764725926117355, 62647918439061165862987184348897961089857998886386687291752192721756840140187
62106436139022258399353615980086829786909803847541630772463165883558448893372, 22836268071938394017777132998030619500035573814061202133449569956739453272258
33260002270692229338748905002629720814013915453294652802959979569273368807424, 62025337952328393966034071645235510132607708063118865626246158699840910736923
12073143409634974171253145137358607144859255360417605634242274311760329101139, 30577739728903304389299746520496293805644151401778567150417056606741466988157
40270003745870736947782466394402517993990503921502258503950952711501095056438, 17902523455077973589966942797878839051568903675186288573897695103376686973750
61366051332227639698580184099200509873017897855802868157562346414857160796402, 36959465505389592183334609560325857124815745784691740406467804018354109181607
68050708233629373774397912568683595025951383561942821054530355437785296145396, 69657452324429516668129358278776471781286883282917663366434623179165408682777
68396838773868180281194889021514622494370251046309941322718246739907489964171, 11612568616066812752129912218076504942819855210274030466631115615272231090538
43725845324544510207367206746632631640926284192091138996328236885273961263259, 6175733963534653629680242837868249992996568142375578377083640716891674238538
48229500437946210199002528698869964970402193359641098742359582308036862472375, 39684304783267454947814391376661683929224563720625980010550878152639789725051
55230402218084812802924990063988980019111808698922920456080644376072253717727, 28095316997048082928052188542462491273550135470444767141046384587268063699224
32070111207276843205632451302680071617840905479167774479550317535188915523933, 25885800673290964471114403957942955137110134011555283591832838158087383151953
55281055943103725649523442524099650885215066499381068724769887853263722964426, 52533087363359532267501721571551610045228486481808677976382492360246181679634
60580437755908073299667537966896685572660574869959105441257623849448613794382, 7165021303957993127013934740282309961812100731400831269545171363959951744649
71000790438701464469267058925800536259486320004927179822197909650707874965340, 66610072800901672856741088825992965063425991398800434022329741574501995532490
60949746675043622512468550085771159888132436246503882914536211742966154202073, 30328473667032198729519317404483664212023040604933319566972749168025560734914
26261094192603912680213118506506088976243678766024246933596256308637642425173, 11223804098325858286975842189262552428627372417044550523956531569075338549268
25068666205518358612331493058634727248279276445114975806527786130092296101144, 16034755208541561668032578019944219304465198639769565800313330972894283962151
33631528973953658124357061556153365027720634655754680819525299094245377459930, 11834969091482275855925492183884608930870452021809288615146105520881127949317
72445332949515211615982839563389441155105809138066834306172809838705415237196, 65619530093618329328297549653881307771829639473624272268890871603727221768704
64575900017984696881540010495747917005921072964463282003061519629746081931326, 5588623704656393272530000040270809331259414548991690794109028563934616723898
46033771573483566541174551096417547375240856830221195806800679567543147172175, 70586850930417572129764622329403558779605834588124326567651594956338994648491
32645455999762724782097059820264550374929609159925391446654810584376364531368, 56927253189073809107910908856182062453535596454870480137107921512407630391126
9196888761588550220073288056718645168363921101565789350737496467745096762741, 51192082368017447406654658413534915111492195313955254245853334952176727508762
24567494098050873326612865897688359716652512489523334622481382813549518034735, 23074313278867761277525717423140942866085563451785816076114349296958248849174
71102312422486181707601130783271779615053180487197765039747385840386784074841, 26714872312871744033820344374790670460870304835759956263003276194812618809775
46886492481322616311387659210445437223353499500211649631751991966813409678834, 62003804366506444253772520594874777320811704436181441827361506321060860412534
19505741948050537087210201317916985555555778220638212386260461803142808409158, 984720551847182816541357877462591063081039187989264851518683391697296228584
48381521382585614079050952982092998541099192340619124174510813777942990512883, 47406694931362138191047831848602226154515634082349662005804235304335441200578
56188699718475467712120555327945017491532183976478779002483876759664453949560, 46949855651757570893799721299145917935247106807220735474860140618093171108480
69371820943831683840367072567050312225531319525923272751135067706353289032417, 64190303091349378244099387677963586739202088650510633794983680291473187950056
58357816831267266907778425384961291957187878534189935239620679176014226471879, 18432738600262007880514056966963389609559171283384237422326191912281620208859
5697562375639879476365888755559425640671672089946935208175053673541597761983, 38089679392655041164014745232086479520574893609985762000755868825540974030905
31517316772040748555138753215826284557480141681200903900117202975276371314747, 72155681772136343775256791420120566199635455170454953095273531715345330217932
56212030319106890049215350032672443055461689642153574180708210047122947871846, 68413431158470930820877845495572639900583009666395945993697701589700881450714
48340491678192124006648148324591304969908033302265104719456892388071549547949, 45463441790261671388584841497961113120935413302639931981165285442846876923959
39959397594529024937281146959388517500229719464235332347982320324289857737194, 8290495262449654449388726091803512693634429316379526398404485839893788850603
43516833290549295292760331296728031646636013275042451428721191067238213111932, 6281447079779167670469931186471756361765021341036448446110799784380962849883
51682066877546031903902413384330102925018479234972847581462864477339589122810, 10564499585621574531554710446220756404616011202170027110985174088311425012896
1827187904249307169691329805717429746961998640740580723818372074409281436856, 51017851270273225863933949182379724822617180127310013515219731345860435091606
38850400245047458442820151510891732475514338907980456622553568453637081126831, 72251046344792352124658129763944039640836291639744062660946096527096831384270
66070870587512293640711905381328904046017107105259092910268382093973953821273, 27089936667214350226285430995964055240082566160676158129837902588647422539242
13315072811442493903705014664463376447004263940400164007317096621848041488872, 15661692492298069510204420128255621344990580285261339962015556394897737157492
4913726133490905765612279969361317980782790941872241705240640452318551034755, 24251722171226357020129595171664757493370562073711506901350469860819413977656
922797237861101663287446670622516909637162463901736785878170074984313500755, 14675871872425776553271734777638558319567930822766978908055866189806317543081
12546010368069318538224111616805538417692920459790206908912155198750375925958, 20147825492286915121130154573236511009917015265624177156057455162394954742355
57375258187162163209259983920091046421949884132089730269483042059251658439566, 47379206589389643652262951735402675300153434436550852520944648820884419032530
10525417143500464015027081755452793771355811516784348178889447874666743847615, 14297661154703520911492699318796414260929888511830413458277329189140762490782
68037765821280236851213630878371650823095086266181314327335077377501166951471, 24296304400806878908631972725783027625709173194920681149567046483446018051141
2325099110745493338378924842861936174332207480890271055961246641790883141749, 55984481218959578015876348596205400984480888901337893277174357754679160920378
67815782210954030401039296488969101800148335956155499606864276377953329899574, 33735889131791816753661497261988711918117880428970904702222022980489502082998
56936384125241500446259954474501101733035334545721001841462186845681520331120, 41870533653694038357673929782840229197562625934224800872698484411916302766603
50738848523062624594086422974352619210754333633474699010040179140530402637496, 22976395425816067761841834303650863906495361486218323227655904937934218569752
34170832318963908624433489726215813886170241957390781439226507227186409218607, 62134649495080939798848692282987631826067618161479179225960448246316575227289
34554323520417466766862653673152668051739922998881137490188568871748979208129, 33718963455835873178333009396809393681250623176531563216171688541103453529220
70810283091958001361724288032221679923846679317241664671682590854347394197997, 28637568412307919051237298426539149918701008044702973580608112613082745166119
46881650201422908504897342803285284535745405640181394834314790349115830144078, 1901738364252309896830626485343774071653516162925150893718321764591093930893
25568738367901822106796041627843583340321708721860166552595076040213070851339, 28423728837656686290181067666132513032878920420951843219006050353199108297771
23979411360330749390282331263243604418890742108822489781542117171754482806531, 43804612945262709462646300017092057556138833780342719622740064812331651469299
2510852217699866434887286633673503650939129963232271543450359651136901492404, 35468666535999036625880328078375898004887419075208357481756873092700160065659
10566144574053317788501830759218480677119591114779145635796869598006915709687, 50450392476078204220825181693426720472812275316798988267894820769269336810298
62872397558589040902552378555224325274484246600568266113133256376192157510797, 10194521728963876187050857413473731662210717756814648704469661804695957922427
58393317736871385100790858017081192695498214928892353165828379594069062595752, 47487318478220577794969753247505535171581353186313347410470276583427370142629
9516079636355883318596795088500444670634515818193197161270637434892068000285, 4402297154477995481359833556928041248302708046423636037229117454444199027753
55384151951695005664780508832932027969122938568499576464242113816529791613198, 67177871453599998790585134385046099251127967468033919442911398037718414813868
17623491518435754835609814679547628183581393522740491465241930024006718169395, 33312523822192040569834393849128944292158851920272427124051081869146768152205
14926679737675215850798411141696625452677428783534410795649754157942251810894, 9909627411511828250377127276441830915735958409588967847865650926560160940892
24659337942587309529923693567391098094445577835514589081830763345311865665521, 39742739042987578037513770337033790074285461604120108826552239925302842988059
1392757845269908256570680362543835099745773690295984903422002741391681998791, 34857386482532176462428420838588250784976672775605071614658309901992953111309
60109092099346365877348234514657567892393127359071551415254921648443797002824, 54174207765936946464519795866555071709787263140822798021737255707457928833666
32668016990968747336658306120039328990958616127395358495252649526675216452736, 541024415651968842199629324737838033225755202082420659305727311376808083071
26801808346820272593457457692806710462976326108242234099003367949885296895042, 8450778468258582836095341489299768888332751838631627921734121950477419088624
63928307012089142171742159266329231644951715541131417116567732331131694849265, 57164333891695290584703527778606005381222480935431391609849967772669312800801
72536488691459856675853378305853025937696263112643603678941700308865985245644, 34884927336222757991339116258894731739626422815160292427793304875218166131833
17116661137608809110469709313465557392525851566943092722453539013630590542244, 52939427716204152473454774086883822267863869621785455786330194442165399481046
31227382183865988223531868309372782346765481335498587267449893502859266977602, 30571581265396842219743947711033968136072429633993732595028917801626836970347
71198539616646533071203436030692025542621872603734717604548554524805001458328, 50036337742063922054910446713505218713565331674395777986457111239543138844880
33814319410489028667016565069073334351571103896499414219760356478556182421316, 63962527328303474342888948332127705002641509865551284910737597871014767598667
33208104482127779616154900674276939776732441497873889265012392750156389891645, 48479149867845469405978339349606982370729930562448378224168713884978814031028
7154994559546422844031968227692122174880158930638523905000618146313255368754, 33381966498224877217166555870166381811643790502700436865987476846090545121184
28529000060917091891647911256589658578417299444256877548769520090244826299801, 47961058912983009609809090877912599394785554102276755905238439828707244108165
37563103955240869040795273412957257290936350006091675165902372570546213519582, 40016113641172887530601857223287146215587092303957431530454402016251340425539
25562683158311661858780552857530655890940794028452779195394202456108844513871, 33903211562899632888666398456544195616262515334629905613557847780849036750492
58825141462002903848139193594607874758584157126020138793898632175040039584216, 13426060439730681905060121944107163488653387152306613484706537072055502530569
36505528155029409529064841095475716834875127876891775169421936941116929997106, 74847844887736142137018966280230947626296149259161359088922865101822311690064
71606286228941487670447701032737117916420486920780790455430331414447155815164, 37229540950458204533555527471739236430301904530360819275549535311315619507360
37549203846040100362133237011655517214018248677041223580442211369346949168494, 10754214691017629913475218233757312806415234762258711747012996679686348329315
24989029898738096788014675117647607966987198829397264705164722459700233672724, 47808779535403923421908230195006263181243266908302842378172583086282128639526
70056934488065834962274690724480647304084461656401777771115475909068308142862, 58185866237198242690981849568859766153176566323663250067588831210435279461946
33005333914111911462437671122632836892668759579232799727695630451166853808401, 41371894575698715303354218387834639155774131492226905597841075555030675411994
24830240954788038928026596821847649437054218509771966690937337435538957196387, 24107454636105208861268152215952731355946136768279535233641245762606189679700
68182211027186472618079641976235451128477578706388029747170157675422206483495, 75600012028706981392898804344745261076108568014431534041863560132246188371842
44031553798136339770432343953005324250482704345300293619107561488429433758017, 31988239416960382862607904574922802599638002954331334391220406715456025553195
51312195634193047618860344223892245888466868257700379709138490574646898553921, 42947662680918364810533954272929161917375655026444794626067841305933818931249
68705333020611112563914156668169387314835996858153577900434372795723718249043, 64286180235033663166902898925681531197006843009511081216940667017620720910517
47552994441320540642623006366042101533523102369446246699474483107631194075284, 33572534582871601288062804560106192372806632068827001197464222321543800019324
34347654280034826563354942880430353897658969742378164495046279548475377710647, 18322963650132177695166663838569813362344143625959830618305249392112480165932
57006160275280149384684202074377849121713957166476861424318218911262086366672, 29059366352304950131528756506801968355416777662909296532558461645201546444359
73598103373357685474686811614334366353899470215707603904945522162665392113173, 23184870919770113780741271717323383111230321557363619369107987759315794302034
26787984710210267943304105718545331914286589544842642430694982467590075109731, 40099041643818698887799494553228556189581370107122868171025558817970477541255
13293227089580690345261484144851910697271922365704755195902127190503585364184, 29599898915507894066044606647034619579688734340765195715472340338612631584824
75238143339435919185593472778922979156751977085059451931576628166356434377089, 37314890871105183220974902260493771170633514059308023134678220133054629171195
17656974013827569831242539513506642458397092848297115712049787003566288351820, 50189851042031089411751961390981640047545230288072575668505100615638204082427
17330049757330941586844428912648056839571790159656144164706586994275686542954, 44522749236176675734997600014851737281411318007919834038830771219156265180480
11403649788964387905056739009148519124673893700330378461067461020101528595622, 37083417206894211742060536688654210999964031204268125851947390269796642635762
70185083184997449017684113402598162345808573218963056733189129785762780041246, 37370396968645026788221399675429001339621806940167621487565661210417290773488
12558374121322559020194035172663079850009358322000477080668122222649539822728, 75683697423652273710492989553764687380946339711239381831506392103821058308707
44428764796651315395599439381334930762559737094577199447856677405678104677457, 70512777755167274691224547396078781202404366642368367456688731663813295050490
52660060256970551738754463650807555818604782947292654208434235169500048433270, 50005191375071010832409411584718221664311068602768984001257213190284959744313
25622148542302892061867241824229588110910463747387220618035023206988189229935, 15375918319149891394094924716417704032579342375405196706827953018951311859950
27615943957088385670053625970427812553202935068455951207435401620986355211643, 38473899289174628930184378085243957732024938973468034558601656191640820460568
64385247795214327626671990819220427802045960862577801989460938819319784075595, 62463820371458319339246195181006973011487681737752744321310048015166954429095
67824971953491050828284687318846249844555665590201427233424483749706532391855, 10900241876207679372559035005749858788003329456370137399126249542699900942489
35924203923748095586565195324152187009674093983333551959507828840167067906499, 61637511596853855727828682953210175293397511013332917227996089531470362056188
5030229759646813232956468915629430230256607042087023268473113985538986307827, 10502479246960510178939255934301375390164741884902908032330564960641946163970
9400014187189216937059949521238233031607902235161246947467073750825132317969, 71674696896199711388143227858481624437376920764606958641330726434168121709213
75073211823486110499208345722820308476500022971275135656437011062088898155418, 55944449666536367817653493021680660658577045098359506205648035998228402741934
11016931593666345482093138696846748721705793651031487514939962536094513159013, 67420378731937958372778082532244005392936996895579924027016071574825209328194
60911137311547705382083360313174778547343135598768180105845521485548517129822, 52112575408167266276383636508136304638149105005740944050768971214001266996121
45282749912507844931666915266254103451735666410656254730259151990772914049614, 64391925626328769893972223532154586937034012397412564455216025836464899043004
23596227179343059191404338819026138393687364604818456634885679583668398711041, 65810229529952557325426305427904043085018730421572588127079804037558219079913
38721730410255427487171043126612840648818260112340294440886181673036892407662, 51716819168699099014945769387290732174403593535069349769387199448760589199383
69990627042463793025738916536235232331092737170073346105289980368725172922565, 20205001339779532674794960551696625594330769347784793926454865936458474132107
26400805691516489522275525816609110857044682635657937940954231461787022489331, 29763132048294276932187148499590741531745388267742436118151577518466328807056
67084041785813907151968838291482439999327399740693464909378672587762830781715, 52212382925598133997202655734747422797488704795151172333816185403093948727469
4673258362622175446118711530795840881900718211260725067363116027389946244260, 56828511861780252335609195408530985079948904055366101043369014575492557876174
30746936079497458325390658335274149067502998720962495991973815387364956489444, 9518197687701345710620226098746571675914835700863894490618537591959286718761
75412780315171288065022723456977612111810587786198123883234786159017473681888, 64040148173782765219820457744264163587093098947613355713362119173041352710829
40980715792309852069495931842199522644445285975269232467654336047980704281461, 28593926024887960481165511236398329730774111655962775389609660075436532300105
62810283253430712253248163585093459077109848482108934881082400341536068637995, 16702486394612320505410674086095216390050878797066269116633030781963738781154
55829090016833315342053576805984446230575637966965215026277415045827773131333, 13976795623416591399176233273980435496021641395213904341511687096970394141478
9401867879454324206317484884706307973016903805141318893682676199272216327748, 17018760605850936257646944734160293111208305048523684503368563466864517034613
17753869569615289153638693957176939924101402216084090566265999891103684038138, 37834494085951024606605226355778841225056158063189658803484903932072797539012
61407329302206417823700795601904906777767663921011993044373804906523938744048, 69171996761155809593784212556695518166471653486088665914492758012262246432299
12963699580305873076131477299116775929950126186100958598269323737227255725944, 11695100713980309955266483289572096214640203682006392725519669015958313843668
65480696915617920812628423791752277250381174719688156484775074765005148477872, 13535684784888117624227091440371004377221691150196501994834357236758271833635
27778007349784794395320714645563400943450923941543543530571142149708616794580, 44490958368134596804609614362314003441118494580140539490535280350434232723186
46645029756348615490131485580820134352194671945257575976787782876098109167874, 49587911606302502510257670796405397237467642187323042251232279345877514991809
72841592044163378126710184680887603627103145395377103014052380365659703862049, 69765502945630770553646906432462347014856211443579247858039701580077872061661
17934648690243408620007968142118183214659736751810625836296568716153243618598, 36081811684443736312206675439314205237749169899206523435186640840808124075178
24969409411385203610367890308194243151427032119157007040459498812046773289195, 40444158729290977366505998785005951326385172237944759003734632502297500136240
31783822239216069022002540587603087326398951565133412209123396180860180821784, 1844443181915031386098810246181493724607136323037550939196717539700375976903
1591079899249821762704455626574058322635639872238269410868668588550619817325, 60425304622112704640043551456006518877093916759556356064239702543743144840296
62105559639607234258326809752125935828592611432540904226788107739598540024358, 34816961871494399205397100982796351722009539459629978044288969226650063964543
65587304072325368116175164782964448743596344595880867657825433707436851978182, 16970960102525766621430941829566809818594300916882876536079636669363292105832
31783094342314599742577499881979212713841581495903280775483048668115726872920, 75226156778822474455294414988640011943691180157486919025646176761242796782437
18444937577556170193166025076987506011680894910924923018967576489945773830796, 43486869741535515238020565719985205126621218375224492629399466024256916689148
42713315071611386315967362303280757761796654379245376402799218709620274013154, 76143347014761963131754988172389542707245885935392911460040683780571965632040
69296943530794710953524879464789514219322922808711392909988185715860720445131, 3409293490369243134769977752818650673399034014807237121684584274735304990170
12376767808881594116466400914717166386074953992120143106157239127267044050382, 2787843429673337416332879105889790906039263448071292302017190886860707102960
45642031754851549442298911712426308926601420548176957140204202202689447917704, 46854309754016128828038977115566863249053850863748073306757040424783522740461
66948413950827330183506373040068338915006304332484705227866160815955943040666, 52910963391277576612857964805150398152884077349658822673231470343935756223247
68495079237313803288229838096968082993062037779316710703174600309389819409229, 31633153394458589929392780656945225808044037655181050745328365405368156690182
55586397790952411643723423109270839401395002014406504893557516201893473248413, 10323219792654771006112541721935439095708836963728180631774845636501538688535
68188264013183133207945555450982536676681684066195617780214886966380617185187, 38428954691373891029377822284999807749242511863975444115377332791510970337161
32492358461242935233166278680305278955600384385412794696896658502302602472586, 36708008940598781454034000838513777952746628652004586081513662179190039850097
32080214308837676168951832422987340079349718107986814123788998610642044055848, 5146267481653213568487441077442944562371157191988415773881191296640247378314
65908293084299039615496918775156547860780123401499767459327141786558346226071, 26925021904130051033533564901949045618787395682483802035952491691739142414665
45516225126943217304854304286664722883792999522960217094910484924324119735257, 76511018900835256959431117153264451232073900261272760064167608513086989836500
76228438135165151988577571953462173907639870274190055800608618843111902383341, 27970987007041962103738196294854068325174132880604198243134821383821401954786
75503992469961999001868048990423807195144438221922614528921852058822503226720, 34795796133307343669228143008023956311322851641687551943318046002510024865784
32480143883244001583698018775182034693224990529160700553148310671350665210616, 52171152737367779450108185715005775907373404876182168294526640153866850578155
69946479728119475635535133954418421881109477336871099415080025005650054702059, 62269066371721749484196973644688573963549269755640410455543983596246215979721
41569437706598046285251924651934766625151054653700992756639964177567288754405, 11489258180884473746739358500144298391750367271367671179695435382038268180873
75827774116774910669486878577196047398081873525062267350969523410786256138419, 27206412637700541952120752058601477650458396826256447091460224433192924335522
55069777009891942765329501132322679690253201836135978537787437266715150624534, 49160774673730224823180035204449048498416125890046115356287104659152365577103
24735958144434236904895051996813540077299574134105964711612831680045327990763, 12913189209232857414456849810300756059871799929853840056451680716446969940412
54177771852334349106953562440391961223422459700590232953146067020360112553012, 9001723928647252846192488601274075344962739709361173945758613620521283770403
18145364569131220101353260857808470518275907021904376026734929286424507108557, 48397362412889998877325686474352102551715796388874046458871312922112645220581
43016574770622912825448834430217972205610885937408141587286403549147989403998, 56675168023736386966404423206981487375958389925217191270256158392046455725934
52902304152539223306763181769004374880759872164371195917781375775998879822741, 7833901938941837494710536264916201990334007219136933048071052336909144693436
7973144204227027908630334764570587700598093414953710085614318836784860956415, 59740342541008881549958317141259401126580409608381373949234939137757116969251
14949703454615868432678526347667581148186653638146081331374610983346316347961, 22443133037107374499641212391237357126689298887771984095946299125415386896422
50028306391075830778881003322357391464849903716905423903351392558737695305821, 23942757155161410142370233050294625739515279539434276069067267705983768541448
63936925799768030492804570855689194572812273789993040377318968768073786178009, 34502049469411359509279962583915167199772391214577752404139899543513535200302
47939400745663404006340056101512230088164598769885210840143029452569885772683, 66762328613453945641686824285276163009601814549416138639921157742401660009943
4849028812913884189929398252379975745845082548159240730712224547589529325375, 69097977575169238682622846589837318521834841963787293158972611245459707534865
12235037094458679192490961489298293524500660727698351175282879341684180518214, 20120501182120802374337317375505846977573308972259573749484927992528758138480
53022726374413397866886310354921910379815768292643598393436827120252278674662, 38475918495582369843085444339806749201258297361861444685847029603000911922884
67617427063744425391317093796366808326072124719404244273140628293250525816260, 8877912808465465629646703705068882753615956992606601986265665840682334681836
8274261920442099616447322841623469146214449509336371681380606223174118298845, 75445956083333723126640772185589474373081293624323256613728249174464157602008
23357294178297107804254942887994442537504449121595052194933975924593975584112, 41978985233411838755661972164569092042528066228111489086758329052100055913131
34391843349040750179262563346935742731268261744805712780263140964560475476538, 30850194147639573178235634971909092659624319314814170552912528874264663497760
68055259503791221690238217971326905949983174641762164928750070647619285755446, 35801756262120791835910964343730183514667496508018821225171345869859475217255
67299124882481825186248468580735745060506318520602172553136822655821033307064, 41727553192513799535758154971714294816555534922824617190003193753464323518118
22350525350978591566159484486082425387188056196705059359636905351491935380301, 30900991874055629838707943717386902363860089159629569531125603352032460069660
29533314166658892716296245373820962557103296695334447321230063129435506945520, 11024971014282707840332443197495448400180453652222112032176064351383713887238
12899027017315721561003411676267920843053783577866777462472790105097224335852, 26281879193350437134093390818336694962243768726813467799677605847290026849817
44735986021119838306397875011206256632117098093441073474549165297008592844341, 34936914269015897156938213598803093846453217027239861753435713577037727639513
47581611729310277403998419194158539677912147312211255489602343550311024423374, 52438831022564664809911758337682072195906291744960782503008192846235350041400
47577550263598198835052110525733577296284241022703620646602188105199093172990, 13669929400589230505469062030128927049994145205266892815317276734758084184350
63407298130474235642714906474486972410491910760440437651235916643226994252465, 57044691439472457575189411524224017346701312198163197605567851934813320965850
64170176664549010618026962397104223640419400369095046436468097991152061906257, 72993199389307028262633635937253567274403986662116058706156781216654544027323
40009755454057482108926823935661960630678990746571497104963443073848012253079, 34992618496181791715260906903751475458202567428358278201322648266283489045085
6621251571396887386487906065297735423571182079779148749200866298511664625141, 59154043540214829602400299792169315561042247041716845862104605892096765340557
17217817629945115422047460999523955011876184457687759668961470001182176547062, 75589492246246632588688913480635040786822910096616945372116150622172207679064
38847410442209501999986924654690341003606881085339825615913568766209307721162, 41659601339783499661312501659193013031641580762663386710694240024923991762751
40665052836880973760101188659661148298909126147774473303861089351418794424773, 880591350306686473431365664863222483265320200024681117062944486773698573630
15723849331043695996996383812558133012543086615924658594098627561107042454218, 27397271389170947871422730318898551414257242743641934938685054112167230689441
39766079190309622596576272087085035158673576314143944243415075730788669485375, 12385854348835512547185809634309627615821997526971579320383952778081131835578
1637812288474043685926827979227958018135022816622192554176163954672444509904, 40610823832214990905224579541928905966788458547426067396140683820572706834302
48150250103132704918545190092811781709435050644603256722309928348203086772708, 66871875303187103232264838852128356421320324229566480003198715105064421656705
18181413536720419393554647251969567498979415097579865124160757433719287377952, 37941706234334587425470506520640171083385036011872528436069120997914406870551
55792895211393515807326577884753917451481870686767481685856281203572097186851, 6081380153546208575676976782955624653161363715237036817769410966453630901646
1086784841170573646790803760701667945074589807862261341321095849508671708195, 51978210624820049075200117230365540218057770510762817882815444632922985014541
3774185668988603122245088553618119677117575773372893765208091846686654548513, 10441305960173740281150821032134999029229434476585819262517232485806587093402
28861433300323214035937043459991585809250642346520098276166248202284050241068, 50773880863084654976112228329390943432804196776174945219763496245475710519153
123509692730109321742654101826157125307781476924816903033994979046519313815, 72384751244047254828350647722603565458645639700123994181204866842179752230309
47179738046203275728045624883479826714534602107547889931597327004084437837286, 7761301372200028825875896526463370137317381161806487059498139120351690500119
55941220196045371271464977938918263859601849860532858029127634121856220118803, 67950607949234082849842484585730542798028112852993594066244176579811630637194
71543538048281805155029306367449825356204709757813927960849890141334150049006, 23431560727391499154822524573898990793042661555222181464280403013606539757567
30053069321689899291880552090094235801158405561882677712175524027693028631034, 42875312676350677912507329325439343798654473968910106150399042918492707522054
69649171984071600589052942566673177591274947932955042006328981670946381939856, 73494668417580312649829363667155453972796012406758264641582002737965231750321
54532606362337118295216525529764166961015801793809619358895165171102981002850, 70735863005781422313910833274933162216669980226655533628397071438670233471578
14968947074576211757874097534806334950314429342716717631424034199800776562195, 41200475894582061889873984813976194474407912270440992771154892989738992635536
5048388238858437020658345983940311369512467271235425899095956192528670460106, 64376512590364158978377932445555961203129716413718018582940124485151957349440
51483743289367840847284765919027766988300264987373012613839172089947581313044, 62808472547890667457194790609264839065555895121269613206774394542226206212862
48454966111929309385828538694153583886633223710337533040154405494212735290153, 16689453781213214639149487822871634601797525665080715109274431229173880131773
32879853143152318809821814911323996127973817705440847723154680086173151956014, 63499081820535842814259641062751324675614498111466749121406726585016983783914
37910733427798296268157665318455185325762577199024455912042338276083735582659, 18264358496610832855482853846538333682246263192561766379143008689033456323340
28037261478860107056866946061535761805464989191772286211169096408299313836611, 70760308376891497584443267383360206943390106124972520982633161886615577668075
71549759715535696925620951647524337578516181099364543703997957959731180598321, 12811426744212173219658335934605149204456778580441124271253312627755429594843
15765041979655189026504967383278393456322247838509581976874414203525889101129, 18960857510145547965239555636693074363265473917921738536219293511719846459477
14185434908325060999599270425846675281498454460490172270179196287346747022778, 47732473313206660645193910711073549018257345023513294171803353534141987508652
64121158378682142413140961487766737876082877218978232126940884542345537994889, 54372701194726608563728236492335539528614307897741399403887842229650123671452
47812081981558852424903454889621325922565931836860401472140013755306752243321, 16423369576902995545651742696053412934513313619883488925140166679428749243146
11503772594267305552618259900662766221004335301346088489604672067211408390006, 58457796769515949509180900838235749775622028279467062147838714511368778973826
73829524770984240941167919549942348542236911140424205148037696824924593219842, 69536082158642942102265819260606654170228626955325555423265529018970051171746
36427662761438290196818593896728168871631951737656379937991267743021535927661, 27104169946153146782356312969453701579849552262547736953100834520872637948680
8275563154723176383681976706852936340477742998357068326889851590102555694901, 37904134990459928874724908551552844581942843142868094425491392258292860534420
57373584118620253773270472543604768809459877204128423612244367772524587227316, 65337879766485997809962139354713827290506804551105351267608147425994003633313
32081375608574103539352062061567497160577450851574158899778399028073837731976, 50061218482525094364899453465625789612535795218422620835968266575519227656983
53853895186057648928943942553101098752712746801848406837236401125372531543768, 50588879397272258320353945324310104936520857322062427798088972870556936153031
31950084195936162656204682450612328908650586601754039337440439683566378103405, 1423326124571608388905878126447397947889207186771801100252141431534834465701
36904365895424826023861624364371796857247392310872336509619520952078146081965, 49129638274255036425197253763758959254708564953448972073800865726091543016000
49171956686373320648770874732344738774120428708712547902483995669596687898150, 16328529436390208729391452935782826709724926547185572998734864280457787245462
31646760497525925143675892821372492935850683388568096444066815405267429138268, 41633194174251290279353880949728475678018313083445542750821435169754659925658
49865821020814091455021871993988238039689323692112740174527739448965695741532, 22755607372621448612769319086870085254231992288454702469370769343902647824125
25267230565088870128167678231277737242514971912017153559272914639819761244965, 65973675267015363829422594700214691227572452527500979453767153425934646269993
47134352401141995416830989243975674784718246695437245881132422547869160789659, 73776390734779667159086119496367588920804803229100706788211116360818424203706
74732914370299222907809710098758798003768270086799919145794735170954778600125, 60626864002397684977640654274143211454480319476699679535401482344538339931969
46424879880140599024757194801046702030775465981321221513513389041184492474871, 19490855634518095989426269758447528837860461878230056284989547128912433566773
20558378898077804204313308247068822591323287184946457984607716872764067736160, 918191684147066472048286407513181500060693537982598103652059241822254508658
28529061984299149199225805489891260246568507187964865556667834867381199655211, 25888573749927254036119327457170172659098751380045292253244885973488265059650
35363186134450416829244464411748747537081622579984827285039192975592131610950, 72439699583120833292717390100753568747421060864827625426812751642469800900431
33228866135457730389375141776172111038961851725699146936746594671954863078105, 45786892047595774000310010729162557607062371783073000397233169729995612851812
58052783705797952907051165806444260487965025709983353173213341389750400409157, 30338877185825151279560454147286728993479646938419510709824823874896689825281
6234041241319467432799315505814397200541790905455651626001198039144789898119, 8366725182852809354245755627778366618898540330554427265534521785796593454338
71251254526989949024683566857588772014898473178494461868226576634064893029448, 862947603827930065620312922542500576937909357953582478838105201275226836704
39451205789862982199764237608060529564815021130832405669018768409050954185504, 60653177189201150023945907846307962668602274183045298135777160883530170691522
10250279114822562121488875919167077714104472441278645662583490831579566489068, 30956229287338964190081122101748389278222701666966619119737110131002379178229
4116603424238873446336097051110574740129257508880711511379728057070503331101, 62418772374379043977027346351780867530576203764071938349757730882174831287839
55917692261390833377942672032672125977128492776760404414306506227167754134997, 13814559600445170805121752312744392206777109963005495523839938157669858584726
9071140530294177299547026188381526908859214841271253605632894140581361747547, 6412151001356237441474366514764817085744237046155958305980679728401634684628
38495000083233993640223730762149966506929402755037972443191842989654883230061, 39140503696692366911714560342596366106538670433394066196421745269406027263984
23542757195892643244859594202707697491729502184647520283560751040822271544885, 74959273909789001454340799488258510967743414273643683254209414590448980924912
30082790956856694114222965952826194281222080935149679679541546647948595098730, 56659569901777662739452177102014083850131227541787446019077470293215446421466
21987556993682592899273197720158454360010312269134848989290677087812869095700, 31751871222631539308299428853203262436041384939310223728497396430462950010768
37683471003220317020283750428574371268232621214174087848069844631427966704675, 48341738204415637550276418801159106593661632946109221491388504703834971798318
16390626956689200630184716434400646956091078286158466151027406696077093026238, 22950996549032048389894794624427196329073529310716710206317120155991187778853
30148816558485812418554398950647626141182250237123019013594528645329195938111, 69584514230837216064402827584582349849673785348864032479023069730901806925106
23550550573172842209028841408282083354746583303856170246549625758873427576200, 62718015460732302722854974545416115959594007008971567904389853476601587630611
62485156320674335527798474929932507868395496477538035489411075108416406450701, 47521916917325486078847371366064132469916026243376116991473814713555034290667
7485555218029688762615033199092079916714558775512980663399770371952391809814, 73973619776337774067787511751278949270762978665029191235361731029656569153447
54496611066272083360114273807973684899403669754527301883647955350602549862708, 32469117544359433638625706667075539663311775834919368106226295790608305407991
17392879039098373449110653653274829652718566020159408206698266235511318632233, 54816546052649414876170508875776324305195587514159424214613304448814246803958
4802769161301186879867433528049980476701195945489747851908021835286977956565, 50254549940965357225695641460998452525370704699035353525877626429603515719352
44084745519908077104439288104118223747171413662973219086199399537078481768638, 19828513074845584814741223783871615333779661470499800986632780639708913180872
7444724704657991576102601411009647309180995144134866764889120434133984738226, 55337761534651067706467420068751559668262432792317965385040710735955022394348
46767535973633497932145834104787987738502932113442262503001748900705961319612, 56103580859224426757347177797105005522304277999039992750390399144344124490455
20826635075865070220411339401106047191548430774418614936084245437924470447851, 54509628945110103664895917157461833226691920771880989393772438308386969249007
76063720835902390825171241602021748545642166010620428272279159824847390856539, 5764146466644679053550019428176127253293728022112742065664645266304837883607
2786800809744588995419691432786695655058123436573884145049747594999903821638, 48553211169626162569157623899365918793083756883598271192071527346605220660120
26217254579238517098152401184995791488745828729128180156263453071185273050892, 4840836957130081019661546225583388543792102137359575421610690816537459940661
12311556774038060741394149954419085233799664764234959355899351949420978147408, 18945451801013471770246007203049738933009949927199438746536583010855949648735
23248586669548189244445117717557500915549712775070993669168296574330387878744, 64417257915394132068609157127943558696169852967656829906173085149024604508882
66314298447509437599125596792179551494183868729628178747813346624496374586450, 33161811879824919906089406478342216652210582330290735661889985627291109684533
39624005909698160202888481831488447570968152707923906072279874411702106492978, 873426195842644451336498195917957313224181259666357395307635146856342339558
59293367112626694194524526250925661418009484174965053040307579312453443032267, 4383158728003162286510026459211926139575250992958472793564452786437474170103
13654374702286133584495454427423795573157167038061361274542958337641282734156, 9204973501292740429888687199190985500399758374312351214275162163551546572984
74169840928383682989172376542203041924748532156883808923810630460673223074886, 29317600760380563299333281883662524485330217744454287293266792072072841400833
29017745008120403137496855886567489283113182931056875764478714836134753084899, 52366817715449529988602213284807684336497799367250414435963320028354120240818
58747247651269365643239802806362002982426137264014392325463069852335893545121, 20152261453346212321170060304257145529179728854992269682085942595840152011889
2801102494467824551801002058568686267856762050100715425585732834170260893325, 25301701166016006788709367903210803769113204838085438849689500943799598984866
49272077437563092054801247733195086032417268325772290895079017663998139220688, 47022803763117582552412099344204215945070191887362675879940997446118064395196
56357733415651171794188675433749528036056898715813564466692112663800203950739, 69317331618488923990002704437105665987542963488537953174372292043513376550616
1314542056529320555410367165247970744589720649073110340953331842860046917090, 25680091304617175136513805565911373398969847950552114177091625484725093469070
44923904425508013109649298836997884321613699271887661113526841173385850931184, 15317787275394458811867028813429655091852923534421453535625808344026736605046
382011263632121799932156735924097148331937662173538931527673279308836235203, 6545917714204412955343048703977040355824649388865824033162619555754478648151
28682196425556766944523196252278986739365117696876147626273145331628054959396, 7362041511998320742117299678439756409044484730850081620850924628311825965820
30347213908599750779139839406473200834118506165656692568158437989107720588950, 33340512254373558068646273734862585485631830076293673059081328111173533090649
62098757616718089804923525529783663378243474273746885744180745282766386454807, 35922616277233522786095081272080305294321542550629554936857912091944166968445
30562785830199631102164123087683346232221149520122843416839561408402688956884, 13555578056638509952348034982179971608178669997108249301659612981469025611371
45160609450353048835259525224124063230302221708343547017493521168374569928369, 56072860962367030233444468928621591368894328078389534476035642345102097554135
57586457683382836845233762842765213853021813461588823842649794245400330531717, 34862238704668605645615926195599898724906189110368815563408661521752119394681
20883769010120100642955789659723991690292992185372646331269246113589527881658, 69760190837792308705448599991834002442357935954416209268926650256559163837415
61289744700090970914206799005759825323030799915811515554142953768119567714599, 71254222767741357818240342525851393896216894661136329266354319084301162020168
23895708033992363633500843574318976034376194243000226516295313057163073154549, 7749679720788235372766481872804075348470087928910736412467611412394159574347
72967727114021271584331489044804907484023291735449288383940418118537023099886, 72597712040611813848231920252539182817540031385147880531173947036438165323942
30881215816443210614455472422060477167198423076229110833268610235043933349778, 36489965649602201393309243418297287897279011207425212726285676925361971855597
57156207875122952262373143866723350097632754595827869939751073872543656473057, 25974167225157521226967652604181516214561517904745831339357346647787492328642
35423281141567424891902376719704488023253828074667965862948336711684503098474, 2808943212623873462453787650856119009105502447280851256066437430219745761315
600605251886068965037213642761983564232024470070850612960254823804563292352, 76480885666267828636297191240941465942992716587459733257505204742896965968144
42334275325946627248813318871598865822653765069505796469247706014851524988889, 70976754244844138122268365345467193745632035513014972793873971910331750657992
49898011311854072493115621988107102179371528633897571231715791771201865765188, 41266609723255516042714575141221676405418026626009864399602545855388417866351
66143571411912444998816652112928935514366806690933566720220046911475652530919, 1530719677402161298511782875511652500942308784646609576788345348439318445456
39765434759575229721669473842897951686823419608282651492811149742217093130142, 70716045908918995083917280239704348565189366210420649676354593936977970243865
69176373084051939770650912603902618990554713591851347586469319993370632670698, 33740414998225350258130047258872661641202047341235585798769705062378283903563
75316783353594647762162724077137266919100253323198115493905039588366647968555, 74160989446824003196263005227703475554212861098291076639900358350041894265100
6924481217215184884102983609287264338986482211810376162202066696660980222335, 35589823771862070084989194544957040163551199117939317408739109614504157422864
1159188572501702707079893967586387766861087617902970201223917896031999808906, 31715046692443064371550790593199734706529234615644836376416556032360328192503
19825530436901084898520156250473267484390216215485925341933803594244452454988, 55051833407081155868258119821102351150500558878123133044579518200215892385402
15378132367368850596258934024948377992790847452573460986012544850192107333535, 64731380056601591428300258475222269476094571065577817704222390085401298488715
24231588308922665840616413294484610624876004543020622666005665537939086091074, 23757987016820713325346560156759173978487745985335030643679358412285344554872
36018663743283949349940847625119414715598850789273442477501310938736932445706, 73639768884351797442546183494028494036120703451484331345188341101490111860134
59305908150255195747250734091607714808525729129703306541147792679724414488737, 37841308649694642478242260363339092669836989877721275758528446094002344147882
12451894421809776480729799223800655775862926823535276343467394576265076484137, 28625484586945654864771756931083320589374873700804648724517252681958326641543
32806127701704966031525206060336032070071737925777802185556865930557733211320, 51305271220649665446045922874926276392399139015403161492346048652878430949394
32407798478327310939165742780167735961515372492661242898292678099409851330319, 41048049928422508732857868991911342725219770702358820767176469970400537525604
7773590237412617399572759296812417646078661972496487117427610970931431920313, 65084990276261721746432662030679522575244109125743383508890522321759848901968
4597603687784512715777265218504203614003096185794274343864566053556756497973, 12568528867955407532137556473622519867503913264188301626059509965018797579683
59741707089851764714436921071388884749618533956256691411862081920360813954640, 20760218173920495052542759272517381208056472793605205810785372025954804323250
16986529930018299975107760887898585522276491501095591156194165531394186227888, 72855198975875199141186176132682557014392617101146358194988300175207149622247
41859928702715539143635988451263140759430561061948237805295430695871828681526, 30624182270819630266141015449878082984760689338420141466443094885715223190667
71468420247514714093741364083668258698750792256535995837765693437450572871088, 61159529879485498168906655661765571408960211362766883249689891977527616935977
17955192446189998573089526897449687644593322934184902634493759392290449373876, 10962820513354267916274914583776568703322637328454995442743469693226471542683
30183982011748705872669733582680008098919827531536111201482252291609149682302, 60511992397282520883390972142849993022438920903464700166916382082165102444603
70529003505474718387000740655984482702235637482209151113453154975593048766524, 60465585942956064242762795706858036161834374661502918563826913456946388121850
61180357900059794377934601690954352442198542000822639049557781347910343281662, 21219247462648257676937255976226485658783105426130124934473063603074980643970
37084119849043456442634338436733672379571573752054419242032072200388386916021, 71575931201480786895617556206572856088426307807566413657641628123299233753207
49099218247957058178294874868961971205570363932522909051122417412816917789795, 60472377723445274000478363019100309662561538290137394008103788686396167742376
18810657352522647141455597356277419460853391605981709357393670647256086783446, 10101043929665967608948600703289916444554654041595335581929477307488623380721
75939440093184631901530848374641348813738970883221510019190390401399339098363, 75232105203179535792323375692798509632266793501180049922563790687416309489680
43514670539894309608150303308557395037588325726045375376563996862281626524818, 62888220227113278614976734693878450123845948437859892455553347456493971431324
52613498844859322356698971134987328315472165924573869077447664981319271934569, 9018672824947402641037042221578867017093891335379922159467530585456036000503
27959078121967715236431513045573632494791694749631270927507532579555752678151, 22067281381426771697522803268005054708170021561017601124569564803549712277768
33948506772197004266024177770143328287589361060646762211929961444912300759142, 54051696997448264349557425760565810788864333628899244878488273160608247053745
7647168310378690995145826471509391092466530074129897294791981899609378811355, 72767846413607279021364967271300897757993203115943359502564185867588221608287
42813125491435060468576100573465207188611090662644300350702759169273385737900, 16923947751427642420409262606524831184119086305674854270827048288554704145817
18808647334463220458318358526941547471182941492185501736389625917003451422296, 13273368515031124310285890156406931282301123522458641009622387552104595067501
53542247982064958142747777869261677652567839746708156767882419785038910565734, 15874612007866772135743284614880695055156180156797603228950570774100521311986
40041243837366543311171538490088920210281509079391761506211589976937564533516, 14464195689960316597265986186486007740682107397435055363527154138713262872608
26739516133280482469843296952246054916917716572988608224202035231494572979460, 73486758290000844815988048466777475673749107606247888472511864152835646571064
2232621495708927267410026834567522447247242176762189566723050156279202775997, 22122935121162507763391704035857537140999069220284333871623316091490152186302
33079290047400023632988124370279792505878731982647945379039971451701871653329, 64696262681414006267080562816075023256656955464161906195920577923242704699673
35285764175569326920835639631731824926891331909814109635488865040802511482523, 18182823772216985326934679618149526524422951285301912619482866441489252459373
43815721780727403571603039091370022888598888620503023624882675470246390949198, 21559412303387427929834559452211507727020850633275666763432760297890672946453
60861542357642457640603064031271340557326540130927662602123905774909929994104, 70111627468656150293049678752881550891137317792190492517976751440489185167114
39622774856246276223105190188627952613136164605905721756993126918244946616037, 29576543008287097480629433609605377975596616674865609886871834876421463474411
39941981385511131703138798886114380830906106115841422744957118986029070898429, 69521075999854644003582125557232098859121854374989239500151840706105478162665
60751156508706772403942159784885121016162115896098845345025732609912863091839, 24589571901208655341505415245698060793344041931547577478818402476862648764231
39407427059499681657070557346495125919616152733414437353120533806248059720092, 49397543167261005369154983864111643483904162436917005875216319184011823591956
69514329476937882600294648998604205834810284689906228124556945199564409547582, 30595851514860261646695738635893508987304860676956079441378343477688188207896
34595607996519611369091969313261837292833446152897604021190813632050837710423, 8547913297634758010402457660904553237108951171991371923112973109658236020008
45764956555310441275016914598473756675153736664392964546380581363698933207950, 16920737998533170396799383840844372967108101755733748144001076020069266288158
13301906996497000684387563713720678452171907177153617439803794048755826374548, 5149115377799147257344318310560882684325488393463414659025042446061780530004
32465836594006149311984414600335712373546383694504244846808917390626270868540, 13617094148147985595359247373670182516172504971214981758463920918291014555780
42592174212811666346987635055567252163922089163800542313079546333401163674494, 70592830222997288211112355629240540701850797306625905191940444769350282388382
68854672144865259072346977404558105918186040570296244194807710917677656539425, 31960362778067235267159050710379362291113122675239863650118901719542717120293
62621390176850992301659835528025592930716944340209649584242990618440880987085, 16206053575322554471236560807347713818326221116415717355140416270586363027606
56786042890433586001806783754101106860700733333483759017541124537952066529976, 5384062246222875775225110229476517499084704655554162812401790417576239881011
65000754748505309106819106205517479686262067424000912815129325905392754888859, 72143016885263912499461209526403922509776476810412608700775958569525896576046
18101978983173617980980146591915413308179616059391654204303519446862503109862, 72398752336893677518452811649466419557790361280998442352373853431966016718717
33099224337205846989961564451043077962527604387696099541139218846206547803558, 25157157808099894848731764792513728189940516586679659420834082389152248096637
72609231418032268863934497952514829100980753670059493374951421055108614811921, 37221316138654389726627609938058198350701395221736069993274611507740497619854
57574000376276108632030754921368878937861789155406078331833254999572967246936, 66813413662479413345822154398814884570520789022458426596117140142019969406730
27051522601352118495393292490394364361695025673931720721456241948234114118825, 53631774563196525263442626984969029722183770987199882365815972626303640334114
16712050424843361180708884313774957092172898856875766252950044079194202331318, 14286658934912765925657574842474584813944247073646620613522608944154601600928
22779387523854215135143431100741628446033764825664189166642609437836915391980, 65979524733270705252648293847457278065237168744928937159857050661206223987512
10810254776345781014907261874413435193454723049722349215625827309812040133299, 37523454277401698473368657653878127082438135437377030683144659378676969987542
43940922811459263363659178179799441845073107539524802390569313499790969705347, 48227388443211512495219649992961888074809781940395294698635651045817089492432
48633915466437479330004678254358441766684306814944704973744325752245308659749, 33371070626838940257569863695394266607083540604619808896631320354389489744361
26177026250565982949136880426032430484477790724045639071877105804060585201781, 67004365537914429605027942658566304033642976801847356611340501074643166701315
62662419131141621904078509138093031699943525405196577555544880805576421174997, 57920555486198946110759281183425685447931958053870710586323101439611507497019
11042070692524208223460204551105281212482556922758206008735199189167207254763, 61847700953442873536517924760992411438291098233677180878244521463814749491982
58993880659637502957927312721903590275797205840801285541745848029172774088017, 44568678150453828875321227286889918815341260011411080946501728425323548972175
1989242892251286118814241566605860154074824748500336271180935776697561995621, 17664073314122605658277807094031515215065016015815446716071190480813979522409
1548533073976643210360141712300036390470761315719452693635493413878315758808, 43527786856738799321053248773604288308991580112776815672393765564604637431800
65581289373966789607786267535361905807581450799908044638066877372274347125662, 39128679921294422596827575511962242836748229998255692546898683117810747528801
57266357312889543268889530550235934462677895207571507191661916971574978366003, 68180745279316917523765420915032880227833705856557012783811881827411795447338
69351305119259462739741711817433666905074231172077413028493320916168420933992, 61960848425905592113617535408109647992658378018094419298409060100338675535774
6179838614609023953608607125768743079447999203360448958554950744648554793961, 4610685692817719834440283516175057769994671842720839337833106292804340450326
20359506550259940975176273108101767078304119751988583427022836018148188081267, 46836164098647638252620449731377433770264143640414458466587550901489466428316
1228994510343091306175327083723849251840101852761462510258306817773104465594, 50499603323530209056818488941349879934021599129961161513609710168254245091973
55892913486908049609664927512295026262466412120847965851819711818687201260397, 60478102399192969137486815507459490689049868607430239065709885382029855472599
40610563258841799950412991476585847721101236904228716636343757840235308162561, 21959242502061643521733704845485815120472926400659885115050941918492784523303
26875497983144160960078341563949280425793882836019897809823925898220188006369, 52693618403253452211093817810412630868765869791626040163350194887066281454600
34897655465785990868527313394440932347511779245497386784521041538700534703614, 39766729471943663995261197338110622419684475047482150524097634835780419332358
39623947881576505263306121104702524608303776199021352185568972698978509408513, 31805907451951132338386892199505389652569415696956646756183111148986901694170
67661654509459485863928369713019480920682546898115808747771614849976259801816, 55297818937857509960291463248371642248395000609736596898981865342286518442393
27650891654691736813525404604697305086215506554896246851006348497928073621343, 65125960597002488559271948463839251833535199925838954700057970124483376763046
53393837944029203716858741771412249521665649215615443257692544172252286592358, 47725298342118714023468747232318453224596673162672977660474254232412741086801
53475022396949883608675471725702097287439080771926393423346193766720815420560, 30632804647004954584784786722490828334360552294721389013075048585707911448052
69871149791555355878330875949872178439344499698591793392866464924524884289644, 9094254455213599484947256281852712395588175003657442964816274934087816864771
63479353561388600340520267307127357632925310309050458182671323586687950934702, 39321426242969980052398728073560333353208685900229215079276620518850361429676
53753060125261127094342192540142471654894525593377158133734108747449533645120, 49093780545252896207025629416141186902224656893624438712189400550580404059985
69706917476505118560505705734960118052150560353203915622548231951345171020201, 16115792722322998799569675621618571177106400833163879846095708855303777124685
237813423473222076751372573519016746083916031953809023932204773065385653772, 31045780596078089126953925988718847697094787853598341675133742868013254422260
2178904501156676373143825046641624741495534599260200952656740022196896215879, 53801771103673456493207945565462643160176567212060264591456497134655451588310
51594697473216931413009987722749645393073379586878619862802144389320951822131, 25907328456849633727825235201031455975408840093852759503505739260410240167863
56187995580318248993850752212484027238628010703899840736658360279052868432537, 76788038801895640297934547765693652651118302745236773658169318909253833007238
26734946053881724530058585568856645689616274265797386363381193362790049297159, 43878461366409793097621322247873185118552002081274770884141434267011687435164
55740339545430477572686971780751572947112149683751915920873004674604350398353, 53333055380218237689998886389801068647458814784742186533101998410224111937989
22436459426703869920917009275871766985418278364213631557290750330832802247390, 18750396482244316330288681343622276204258851456759209844630198755682056095181
43423015675281905313132615737511639809614542330973185518454104377481245071968, 59928288146158036281705859897968708827572222640906887008111517390961444032403
66416153107855658559634153360481207378183099821155928838149164022914437847879, 52658221786176020413605816851726135422541819238923174998497248024799302137206
64418511870533510425084288345188521960838855825779890376757314579967637961815, 43999721965095989438714657164245889654287594392267736122356877437951316013311
63424371806968868905296702160918493615365524558249417908635356705943725221558, 36397421531765066792217570872653501615704593363104135415709399860280021756702
56080673060083720391437346783715246341009313669364872443249608184923590016788, 71380065752665299827893432354287783106591737733056609404291835874904859774
34363925631317159672325473531011067324173929840618069767336356225179625421691, 1962457034618746831120636812533603332052189299716857922836028702112966089370
53670521504215129218900174982122684649966278026205813438550873934442294169732, 63539404616817723163173082598630127704390867015193555537884794092311547132881
33641241925253518632024930780517312440033093094677899845991484201421502989927, 70458347728520523891467380279743078954574994146887218958564561015471802137668
38676810632465374546839087589288503563142743598469220147500395764529523959933, 9061478380821126605163421382707400596407463811474246063417530142176304304567
44371560676742965730374173578328513335543662560480850331910946864260929912445, 70070546273444716475415468735052610108109233274409509522941524847363068528960
48557022457934232645946497811031968418360121232508272515526850213401067809084, 40162287470009873260236155336579990488492432844221373250713256373225374635976
71152075790632141154258837556641988211077474117257932681825328429020214458538, 46313026558350135048276140628069150779040452288609637089187854830494358521148
19578674331746975153436100267917064279166370422901429028214778734267270222440, 20157807492739794929852167329359313098312836462154773336757018697158896144000
27464164647755084577482579005289164203822412068938094174122959698161629552342, 12852309217779004634462638350748950819805440293083231615358433487171717883234
26492880390862614526631650467487729599383216082119539980729845269510622627262, 30779816288783607013279049268204652508386050878078743417278958619899972143855
13836696216523861362715060525809838166357616458798705862843213091550329294665, 18968772009572033466472652226242003513856779054935461296089207957313112407360
42440055899955149816614478749941656394472681294001596356409369312729877736565, 15148929793068866901796524702214152297176107248512554942641463922208349176139
47370337798557469323167576557168915181250123785359890524760239739472046598862, 75829768408664983313633818602294667072340357159884685214558394008521615436984
37936944199375094166345311153772044940225538134702691750676261679448065842825, 29359272039772032712652745964992221226811003404264306425789710412571513817683
75045340598171778848267428237379735437738455815102950453993309403750611338122, 70714695367286097278352545125529879232414118953507250246119120815464595174495
50196969066414347586630004565716081919807275082671238538413026510554866884484, 40910293492277441694529069870888442381877889875278693979235877728654060425665
11410354219503195612204356397483204794629466475292705386468444734625230079288, 9256383766780320450315248097437799438062211843954850817983615186603018445590
50213859704784224163300009347790778389655576665760200174204447954707408785596, 3597643694765883808775306930141967058760114934937064823781515540898727913821
65448281309530976100741236329417802859397366745558255692998625204691062340124, 11932799032631016807169562527644457640358181169818100236815651559470914404405
8054170855973784236214407640053020890110482512197274973386265649562712129276, 35997389023787962095827523041079048549165896165798844913956614958003852279437
32886729297776338042607638640451078409795051296908911833039089517728166112310, 59379351327132534192309500180408120837155623365486711402272695171349140826470
43982886872932341244745707392880253531533020180232063347216173041532986119684, 28780077033589696201101750651306911858319990950200522490161125435236276255634
71500472348530644100876971224241545375451721715120772526356815221905148098730, 20264115953301627620054811176063990710697209196231505286486374921674422260404
63516777607458939634847876546340357666233868970669605510928557740333258502080, 52477306406423593695745271143692161407413231768792700221412654891956736969841
48131970882878471554734583001306628703916124232511993072828670271984951624256, 59660447429633420202967554567547074597560637502010682449936721765423173775226
65590531144672218095965447558825600066096076235240841373318936833541270432713, 68451266137176420905851233664606533303103433899923813178197425203289325294772
6301214532137778821840371702452676748735982572488588453099059694157047522591, 6791881573072937507100453936561721868357615049483543584000886807709606809419
17307209308707386725788137617752437347425884337230971189525941654014566653378, 63020050874824762101460509452033353256793738466189629565431914061580846389814
9522440933239950988361248652255001819048406090547375273940214487600336386737, 30874080276671118990203362990510348529366338299841240183210721853396232293616
47972428807652507024314618881270390007746163043314883456184005264065434922599, 53293648066762597994584525210398808919000381304558821874159462675886989866534
13825637966073915633739218707272329166386593013996328956255379452000330985722, 38637776535857741019707412407854727051105242765268930401974552350646608950941
22442719339962526315254602444262304162612363248147588262728931438468080168172, 39806327291774539502064871692569496773312980961053865553691356276125279555757
23470310357331190312599235980843583657839693243362305140310994019198243339563, 4660496874141741878434577771669107253946732093395255699414626910940138566429
72794561627254633163842244608657434190212782179608077994759756139227174290730, 16168680213013481999146637482515640009463882965799810320830324317406592596264
21712604741157465708201269299208887995436702687994674092050834429841127320120, 29041447475776097803868993860899255098139201321799511227754024391119988940164
3105242763908907637417640548971709713916798814533248127358137627702355658080, 16866507348175665507914968199598665853749978643104313136402325016772988193628
37928316381790513094568169531774343411178497440235007410548293969000380137226, 25389852253634642800789681900310179071458948698550360923660030166033734192363
60955547008343344451600607228603185599015189658003737752312223286650593491625, 57707312754913874296375382549364463438062367402091845859495222565223989041599
52746499280812293755968980462814146651321295125231145867284581582217265177205, 50399092841278783343014325764966792164534209290040827840194703118772103786562
19956656752021115126945609945337932459048069127975753233750191135567631555350, 22918332000471086438727734233667271283220971735617664471293102319707991515766
76714346184257416724119415066388374344870475396945029289527779846507943699771, 19714093510153075805217928599810331237955879454602428730544354986083982216460
39811792704482686618400639743673228621187937148737254493110591556729056383199, 72387996037475840000657441987670101222420441311709863874543546808098509824408
45913461875841088692944418781952937416125451830203575344540249408958903219505, 42999925410694547131146824661244174187535248101345616671249027641148417133015
61007264194985394397257025993372436225917408708225116735829568885566059438914, 31681404175757573076902409005548885337285734713472090571589766763412906131808
15076651691147520217044856331384129824688912551628134201098283963764302927259, 31755872661563381182409528553765066847268588524554385612910690588121956595655
17678113138214497943198668431643905429954003041414881073059707493176438809941, 19524413532381893634432338886663723155024338297577341038675682558413339445202
8839573298048502811090546348064528156569565494381490147217498707877457551461, 33086995890186210858219620318702459706979098920925167007078915250304965828485
1449688668100099901425395487079661290352089886544010375043519943406548734054, 35058585123798110053100243492841229868440852015207923487396914005746763942437
41902013486692693890774968244881855993451731644831880666816410703348140821326, 63929691941591068608526364325471395559622033589295744528401426637246903064079
37974869388985328845133045750074863546527614390518574801449976061704319404166, 12902695806383339177604566320442002891191877357006910020104376367408255042297
12593912561064563884898756159410833002203363845744054859031992790353770672286, 50388528640943075401072775293095280857706742727762338987701450464452447390902
15416326564217582725386145899395012840548278086851747840716541168770918421292, 10553408008000067521143093086700289766759955470499740841776793287373196553694
21386217811639780105928657930336207813555628457124176816509190821584117575947, 52835641578524216953050091024024907820089166880018920387795026056008464740371
6625909593370176604366749833744920095023980000398866565145763496866446126250, 70278042753325811935003562658743714448540590776128726009126874255938728077596
56119708615277570640811315086274471800536600359490696582345329663629579387621, 30665270172800120709299544880567855004607417421493200294946307914540880997081
9081631367891710881839883084529555992901051738287020198297491718548207748078, 12035116365167343394025637024486056969557826051643483557166520832882309741262
39093873322134213459078360988361569537377626906441958540862718402427871220943, 74227386301354820992966347369845890540970205821500159489395249047702051964151
11146360210672107576666083608046611769463978574205632403454467610633935503869, 71788382846301603819145286546033052124867436196163174361213112286621333388248
8317431449918793937127424017381994772327978515357227630812811596088857217590, 46683782123579108215467044449516997348725009276542417293924963477713568769689
50549076304544163958469662305592256568612084808631567572588795132721969889497, 67022924354884326804377598780664102335580388088044613811982968861057052916452
24414028593052920031730114226470743686474899190851083909302619401870591869211, 39233171140009991449734597389014929862033111399254880245714303130191565144749
42463553098699894986317180594004801282926151851922987276627357437493465417345, 26569485311317118040720582713026208647961527451179588935734450775615680390805
20706129067695271542018819104302223799948553102443864825305747834516720037826, 2601190038494515527410922419013833628157200881101645247935606810155973101484
45420230763692781359770155647790535729959464893600948009968683355419794262444, 36558132933597872364490875394940957886422626318790942203490950170324928838441
37507119772283769024131758982702283996785386210046744843094672950990885439979, 29529580714139447758808982413720744190979986260902141025574260882800210408958
38314165192769910951553184173420846188554902900140724618387324766533365360659, 72839451000467786806541463933373089355018142754016943464078329306304768028240
49673370270138610900786400441708491262992483687875379274257629567715936133974, 60303498439110127572234615987269530773703800357137731165191010181270963083760
25360524107426329468136430544340667655483129527884204471239661112199987369795, 26404416325966411836396822705819400967529759568104153458116862000700995564793
1393717349814277910373909926634823876777805774539815524427370484784920429205, 1977254176266438769305863026474571218573054958417806880767254149474750995574
73631633950855997857542471122824592528259069365392160553714607303408941360970, 54134981608119778988368921593839861516919377090643198495319964615226970131974
14351523725756778113402541544437049899419716746954861954076354837449929473219, 25319459842295724843559331838294924049256719830473637751520843661968726832610
55597758016142544397001387889034225522643525912633515780766110045317657149742, 8077928800572161563432401744471227534355348276208870124106819973749517514078
39406248418769337110764370538399969421657308839005101506566839897950233200917, 54572294865109646295070384175558620582185790355576776513452586941405179413792
72442891414077058494319616253400266932080325515259401513171501601442238610696, 72025815663608903229255419293407743562036149656450622980376961134594927520803
4728196243786908987887230194127722733056104554314960240277720318867851187656, 73923006943017653906439145136535528963356073106395954682396483655436880845903
45181158049920519506350381697182360722069636949391917944661592655162716265493, 48171585837643942919418949957074325401086269590580435215906702370466295030549
70783970764373740494737472740997088252580407856948036207017749543991978103240, 58148468757762387381642117508821029008278552701991728448186780727578685445969
27714498939835414229473854875684897092585238921646392672543047918207125017630, 16073712637246585326538196939235961726164907485154787436959368248352674079838
31545930502327230030382077129301512929773017705221904492752190678864502688491, 55964268470559319222807956550155787082856319574423448198710494127461574349481
174139801610664640354769543909993644000340978265615921524634047799329288682, 559231939699221460939786018757078451153471024417817110425586651001770816740
9238841464923176205663735606551099384996844708177215530127538858162772854151, 70462783679614154950143570966571119165762794394943437312889469531802132313814
22503842833044298428014584310304161141329118674226752663848383808617678648249, 54607004267951723928841820344372527111294906346017029544213995922265346380216
44607044527663702238174687145688579629674985742202571632811792273716447986438, 27057777046534325810518100262955769780331001667513020395553660085417310277010
28314384521325046335585969078232045741430752230656714999709063617263516845307, 72662336188968952153114815358084139444877757420846604436113125043825933467955
24552747283318319045215914906296573026220615211228617850670231394120950234543, 66830998506487440956209875305513627671986990077082775239520258701946549033075
16763463966329774296546180289733574701581042512141690825974390676234788646176, 4874953653106622317598612108845147889000228668135215491737037605445580224396
48707512566631800825035980820287070936936228729391631416578070219399155815656, 57750323347566345829473628181945549280949045985827680899905079023419067045987
74646805461437756624400965631549344273493727035901684367033373541014520572128, 37611779405086194720769040024887337078890960095476605668841983821796904330366
28815414667613379031210824232232838326036027219460458788968319561583230454926, 40865608329826729544509275755927967041768860742021101045581109928305731681021
65299004776086635785324741670186395323096369166859558463161794531413922419992, 63444498363107688602817737211865108700540839574550011207979145007207405502950
42524493366369619591866740781911145626913804139149500247900263250531724651792, 49393238468181488679211378204526502103412126099419515852544167370247915046425
56251088571164821924146547737841879331221376874262150133428933949208480979231, 19443582129695028584755066247091286125787431602342519756776031917686677261834
7484634132787635619560489364143566539647852947114718941081593311470800782470, 20891952950862118827533472484995905272197937100207944864024596262506027632846
17178316507716714220901564466403281538791180031391794770392617884188840893917, 19648909915742398447225047023843720145817443162843011794626473501689574369230
14672443405741454281466941286526412623601899128546357208337473405062485727081, 1360460334529542440567805346322104685681390544490208669623409254337531555834
71062579521631882913111425358619891707954213509071401458490358587721149380988, 60142502089737332101990376735983028602728653991564980041430316459069997566385
39812935394182764288688211647820752881844618680097611228255397347469250430298, 53803036826304148022345985031066539248229854400858298725431530626170054882792
56942138180057287826399386058424945531226053061049389079743990713675952024885, 48792151301807349950212096822612075863306802768260919513394604085107278022768
22821299619880279462301112154247816173324991621900404063264233541165820049083, 36865374845794296644455225842624943433728385804117373564175048462769423069311
68631052775824985602798746871286544970383235038930871280147443842011595782272, 59148346179625114959401763315309293827576540331840979005200155732044794954610
35601759636485626327163628822246299128793876243163300380059066219710058388746, 3665228144446525887334424557718061600632909697002193574436679360804960383252
39580237095661065709629834677933841919158906533612685346014323863185378187618, 28768724115515755956467909542434558245189856667037069022546212124034645988551
30803844339970741097383736341853247354305873272535315309112386622510559201736, 25200432704491137509828816669124627546903898874626678654154853544475364030262
65352484550212082609475204184662113234398888245950672046128462852327528450581, 43553103802556862655644522694984487882161125540165659990476347498987692942093
60673250362955899688865013229940409369192408221391583983199810551103765509726, 23640903867743875620377118395817090795283198155377277765353367280804876473218
375816455757358497997960392628956511150092067869749928921325820704569919090, 9808012071811202443183848905273385100685524246949834681486373757130030539204
67399998931051259707037545040842036024734479851664853800216396801070650174139, 68918893878556196105764372520151562570472414714940130678353507072360401693755
57515658085916180747725365114069163445567823749464952502989603043884535504828, 44907843034347152345281307225656369496425448916476609365285098858309752049732
34949431981225394577640897131084696129258706268717233332055509243729072536049, 51716818620277176888560067102579881261303366624678240050968892167596130948197
67557176055777786372968781891336887033118436663020570549437378944554642982873, 60555122899067180709868020503912801824184232988746450628074189730331024584635
22073885465465017951657993037507127155313044111108209615450248996470234962053, 9749897556544241542956014845214348866481615304017736162236110696375387998843
75476454342763629749087015703439956554668508547467395538235495405743823374866, 2944374920167370170266087886468885497934649349045950824344712793076046534112
75711280640631559958880507456115134749007080243717337264089105493520788201979, 67664475940352992814049192843753236216876946981513721653602724464512383046650
60611130829748080545806674815658527179447264162532825673164234065757620773472, 9628131780270590962584723288691417228809100460295777425269259906626870702298
25753586629220493803816449526052411082199427618016683427858226311677839176803, 66319805669721875101849022567769570156900880809833036352125630399644313306061
74346591623229723718490979915503079856979021922811004466387229009426998911526, 20300430736667399871495680540960281439597277028887172225275148425104496703617
63788519143498808032233884808008205722665913050420578484904742878678326324236, 13216007455702227491612085934387131430871396275349025095932283506665652288328
59471425494675727523467324184593581854587649151624767051135903678289112630106, 12851538264037556232858451765792875214053762266494781371588986294724156733739
29912730652894999645123722992733933091739545863613675858365559669212518412453, 24748718545834651106201978532509475044523478762434587360957190870283904273421
71549953207480061351481203436678697326602588263345943611186097121342438015840, 51900403808478155072119229500577770798973472614874770501903258973681219480921
30878435786669697285657455362834440032539851737226764172599753324978372724811, 50569054439429738506693467824244102343994725684057938895937420104256177975275
45803072666845291545252482348329527329671242904184281211766303094486446829588, 18115012226546219939201874411155326346134836470492151103773940297339662411633
55029593508264217478379735621004033400846472351511013923739513592724714495069, 42698925636862715061369929658846419916886273625400937319283906694624332180505
66507051200833949824758911559593498309332718962517817301628693029007811419275, 12404607112178548111145374721140553086982279946645858389005441165695579496823
47166468337520020360967101114445814996175095487065740109714886624136019042097, 51216271805605716064481531459793753646937265837700901762202508581671632067826
6222421890500728346619426389210937812708206230402581708293494191700204707322, 76273586125455375120085310797390407774085925463093430990898533512562216425955
26145128461716405305291299465177243923277594788268554516726522923187146619891, 27010117628434031380928415978069384428087278658204456111779633177907626232027
56617610503303318346854950808201895963305198601757764738534576068928663804416, 28210190947291828631845004828754549552998828418282876411204719549277666709178
20748784366716924177453202618800594324270161803373002903760546403966786469448, 70791861628392821198379953756308741389719550970002357778277644988365285261522
40721405744895448572401870604925810687355536885356566722216062614894896451349, 29638285212691397322074030121458643637203341685195422253631796107241800029588
33147592308884061736436017229615151955911599290037218571799497796887094313335, 64852858206554302348540474787287753479326119025446051889773179172116733391891
56871513098290563372912696882201135363955535969279442627436803116456602791607, 19534364201103994392112104838743543462926283829378568974908659316042275311538
47817456631965479247125391299205022034717170350533709403298638386979377566430, 46742399014980746638348086101322303749409460648077638948001620666700852447281
37185283432521045680898442010363714536101147503709006321488936578899076147597, 49062581331056263896922243212929133806745333271698382955417179632766059806066
5734484462030011830212359148595757191663466945069535128604174419137154607207, 47502077188431195095415605495925486744459393237989061684362201860216899184755
4936033562082424063954724052717734750405299947482034387250472330309872287196, 36416962388944363238296985884151465449185151762370374477069511883083983205471
35677539189135819756361148904980201909679240379804885209317098808632733123845, 63646509535143318914020911544787487186587558091060109650120936001802778853509
26780702562974018196842764754948677482380577570523046135438490479951823414431, 49082138953053191163860843329041904372810082492069442504045872870275832740045
12029354214493774597659036366612506368580316656905859064147322519190083295518, 26881884910444685632109430805215483964733717177067176374679890646201667561946
62330790055100984205708741669149149803421059718948270912862601125297791322998, 75237310475763843090847956609749057596874467279383921088783660634626212739828
4970576470797568427168996271305375353193923493259857180963726698749812354933, 28427524996888379699110211601701909610084976426225420186351720221387804291489
32184907395118416933767198695569402445170714634543311040558322193343988563070, 29125804642210040315762578268013507380123965434535124081687777333991197854553
38841082465053189063142216382431112811177448496692153348276680991434712792470, 52734568909730755218212326046119985994248313072569488049437438036380060023072
59756736197736248589345355617435252424609660500780467041726836600598653449783, 10005961256190681792281690542518385730916989709750657342020207057078268401479
48979560416912760367513716566794603905994977983874847599093343725977423326296, 50136551575079924176242086224851449933060173432939109560089022610439615319646
47758561438911569208855121788870436628579048764440284743625732979154222575672, 34150490778645484570643197854878732103897213480234865935518040805762041823395
1628337226677076577341101423825702546492088598705620827544448395161371086874, 57019716694748766467152748756785974905804214476361682107234140294042996316243
64541618967214604182172785983593168982560590114422254528929160598269142149932, 40366165187824703527204182382634163535350520196026638566066731646728378736335
71130115817328784457170015816448064229783935522475290941479355722619115188941, 36403132097462755629208199532684599532478690772303241304173024555023279736015
25716239783197608425907105009178498478105115643494806190935551125725047657942, 30844572502985219681900313873826802584513462613875356536580828653188883506974
39112671770616249684536959901937130038997891277091882473607583973137488267830, 66492826545349216417968209839336134097185112107405327272915173307211869679774
70516458171557162339351361287716623544089067015880682019384248519737320290303, 34229894149786619635359064088740396605067050906400569736063121596917631667477
32165128802709067846598008585301290120668671916867253987571455315453420024303, 35883635470844201037508423864182374817279397794085105664825166458308365092055
59980363530537991071834965907741444352638428193889222116565632648682531130325, 8333758063177577668284371396449975929471478483292772679781847442690139921122
48928817403158257627083324648510909344231202208016679952086538106089063189019, 8354113178971087573446268887170750664649235524097057079594932206720697688470
45508745645097120364696102242218433069219221776900643158600686492137539660893, 72141928143818380728267292855098955578765837169538253061052204165808801805199
8864412855492590346032122550998966996510318169787512703360566852948470940640, 15675007884948694732140008524665389235077497550482807474975481908712312294177
24647380930287947802877363106757006805740119887866933520985260595184575417220, 45579758722531282884040580069333150282202910362718986133308751917066023242387
24338230651193957071914917376035154632875150358981108677582996116517978305528, 30873332017258758258697444887869739778137085920427040337657369882213395301487
29800687664483280606883286384865338419094225060291671386933479534386892744932, 21127941852925540701210574347612115962795123502620573699267004864615421411835
15789317353344855516033451825517287226012628373318886968401613639355328056474, 52785195316025531911672614250368196551642985579740744845840089133704492458499
38645939737485707304928986374974336123296849959880639907717108721156521946669, 44040286723215850445211079913270027066693599253740506290788772991271604201340
4487636237004695929622402112883629737215020143160223824172206067653700225575, 20106903314119736061100983942850998133623301542117761153138517117430846873182
59171268234013851303329664422135080411228823472333273187958443000490620117389, 55893302527132738663387840783862697114584279886288331389746049432518254351425
24334225314445385676687085846343884157471197698985252843939911015897925431352, 32480173274230833432696036510545821102290729182105030845310003301044818232774
40518717286492089409217149028203910299682137300110735301974805893355480290587, 31833337328255817082957313942256379620561660462512727557578284064718224193673
33348825694202284718871000172213428558134058840907563479042143172297924879786, 37203790385586814171042970558528051091592279435181486391650981283935813688988
25731552515289929543859716379397457607837414300672778823893350427335585890419, 27522716530781056979432964777573563149280403733522102754699633677259837619388
14158087549799722432650465136598035058814707617719396040541676064859371985851, 20695273299883338121098885474518813336887964428218251225707606854377781087811
51244620016305843149722678651956873395364298138455062274792954984517719340971, 29471728545623160878660620921558434062837407246405230854485947857361679452288
2242081928000215066732854613364795973646633572815545086954783882337387781436, 4028555898549517492799598323811494206582749095274108221056444057727221201409
58474319803971628213677096706371505492963695134082562144319940308375835489037, 60105172381585441883089253188603703976801361592561171873860214707194999102748
53750627958620981643205737413899537347015146561044456001212694768705930610075, 58101970474196499318259437822881906745074708598254306918093031722058386480480
66582369458559117140729497549493941859241510898395166696020528768484136911572, 23263788549415537482278788561564508998911773174598760352493793859530558787247
17081542257032471389338789430045435606728848972073037368638734875734986949733, 1228252876613036852692428803824579122839360928918301665802805101150914135497
47650891989141934979312920491772944983328747320111074846786065951713295659035, 75661410027959777194010966253719691006593944844514055456055658582696493390354
11975624896409296755759269586851616282909484213828204663253934422741514379350, 54786525448623189993433176995160210597046501648372854519659408817859857374551
39643205655659213840300142386532364744816389485212557475477263966373070047618, 8379315321160116767768111220890149330520038331329408757881172093030164306685
46086011708801480539814944363508245481821440362675682100805982790764788292341, 47913210289673919852047599026286814976164152485012321759577071632760274846508
4033530476931800355078268856234043226584019573655899804572514154964491700330, 49717266001859631666029671536835102095653127261211729398278758566407742738418
7231790060028496266432516227931583507667200831951412094780705048767730047250, 58062620702570877229445441338747825669116893815625052155753906965823105909261
61287270602933871797651602033850151405147099089397469769502824165518602051386, 10270377126415546627404084757352013420932817770560372635253817273962022505854
13841624996738802872927925106254095895348167685872666925091713683687736645660, 19351125363899572847793936047358142034078232356845669707221059318598254012955
48071640289407494484866037626322407337620436867967409757288330662571995791279, 72790984283659830280524997485745712090775448996150847537460490077102406120115
50368207482666513998259445335125574827875582497719083907106989423118207028316, 56158986949403220889436485140679914663188933040977951545655837906607832059995
19009451034984312536066727302355515743797716376148981058082877511520949149389, 43977589198300228343392866523453983581086787284140982658927198653646671396996
28776550843589058428393643695459670742424275405504881324039066117886115817738, 37072466529997058964606570837513798289034683502104506777743929467501002690608
41038513843942074883242060320196089934937054775238856075084095025687315574508, 53742151060733417875403735119954885521685141170972142839987200625683538366706
9922987379870126575367338683251091226888881984344801599631370747018074126897, 24276826535306483107092931114049594989534578754669990761210770718609126336921
67202258282927183275906503950012379751307092812421704950664201883151409577138, 36710882266174231278198185073666130983129946543692816757287912790565090162515
12774749666139613041928604875188329799047855144270590619694369611723784382369, 51725090054968960413460461448325078395407384903604766812087089703932701855260
31948034490159820947443312552477566051501670523954770075357169655803525524756, 51609713363253389904425201889229121317144552009305889149762224543677335799071
29145567682926017234172287284773279249559168676305119313870825037675261027599, 60010188135706367439612061393232909228964335128938956349021157827341162606102
67469183197491506222604823318218323869595491836602398514399907562854462787892, 35252773529892754563417969229435477313717521433939944809947212738604906249256
40131938148714439605752657490984178551037591969616959416113887084410558371953, 6913323928033074358452209704728279648585385541321042811453839714186072182078
69713047880889466570563111288486707980875479588542795380453537132788305528206, 11092504356523729581528684573145697071772508469858885146092581464865496571971
20315284364900205758822614706187036745283596553294164129727422543573496081143, 43505613706030555362555357343305176510513530163401417731882366589829688290554
1233541009894889990923133041371170294129127514167187858554564394217199641508, 5919200690447769617706330349323173602739906202791401351694634786574938204597
2203428193417092233131759856074860124055117879828970795537946841831707631016, 43635125929502340910221691460034669935390478481094622390150192839809392147535
4765466149657162632099502310193478953254445485140779099808795318068195743112, 51811020570173921472338379928848020619999226099891253183206137522976267366710
22340204391706767023029155411360843043753805367728802958638703477443090783014, 19076304108628517814467142023977960317866697215870577727422975171501530588042
35510635785071783256018334311897708136466370437955583736515220934063783841039, 63469120435149159180656172586254465506535302375827503502229163599923822395405
42556347875450366471942535317676300524657112321180634771040184017979864934932, 41708862373945299391220471184527505328764024721088724698417811609366702891383
11847095592797977173475718143452658283870504919892853280923159454331974644438, 22121701327545145570134579518964828891695078718347619617606940465053630171929
25659616183834202121251743895376295392059077026596102888821747915748713000205, 46903795810448908975464948330366025229125819227120083046679337545766905868918
1555468168735947235665968678371788637883488599095990391119513834760166891579, 49434087146132481290163852191392425753755468112169286585107728727513389007736
64215660485452324358133411308491677155707633546438944030860819947085688913388, 62250993772080243486484474834038451915451261572828234397471517640702358971725
66921400404394887409607400404183355103653649408509832778464391455993904496351, 18924481739358603133103780253554988151665592764768599592242012312674806924577
24894237403845176695585438449002535342147989800097941966495763707303124012953, 15141806606644857325957010717822023895343265818302053790717274656166586312375
75276907745326159821101893801776059086446014801503288522183501162262063422919, 41048218985970016568526855805277933149136610770984427691553866620465819847757
28740953687282377191937348935560957441143980525726117367595744847369391621861, 70044222731859642517683702099387864819441424335101600762135202010640313295870
39517356903039636607196966068370065270631667572565433738548655867183753194658, 55218928250230656401644264398770271116655219851034368155411851611042734078913
51921064662520947559244006631288808838891716596492365368948940329676081067067, 55623389419238515997379453190885365354449889437939679578245031660033824706157
21113359450642119832133940660007117774255417473241695242904629447733543786554, 38634064228799680223262867988776145033668070531169394314246218750625591607980
64511705082056773557797479811148970886972678320978308943452256021810124143354, 48898283548826998004977393945025856556601743949050283588426255619353752862012
38110832205130736039185854629526403718343358581124194587726565301773141320475, 28239457089435656401384416177143524865814306796229682452131475284121533095807
3644107400455417108800509683066216100937073030798436485817364953358631578572, 32766461222011284484060815169939770612628229300022681235984240489900992664995
29266826482478980034238119119798822943851624856212505745246577917440270323638, 46006225455091928893553664316585906604773821314253004325975709264722683238391
18309695014412393084241403816426179831596621954044955540263560919369256028038, 36505607490664104871345084800756903332234679711005500423428058637497065359777
14917721762388552419228903850081169066626212182240197905333372944567452988440, 17460160154317730909317506563030130738723684777995344644315439780881761839577
29543701721038364403360530931937948280581638014747231206114481473487992666075, 3385092761966442337327691677052866461058578835472228244744240364033889950085
15129816934825275128135159415610222161539462284544007294149974805366828511017, 20018517317966243988213347276810741238536559042744872511966526874003519069858
41963367539575065583001013798297681065530317230751732797128981787232509157935, 24414772430448215671913018592397765637057698826358617980798007775965481315339
20115832874728464048743880499356197250011866230956193903295603523050422151535, 1240183085406929570443120360459981709286965923823360188701133499299986581441
68891114951872625372546379921532934708895333216831177329038800764023721656472, 48114139095444344450572154321971903979485792934598241204595231505581413473754
17339914040457228983861736001210770805336663731863136500807006395688199472501, 75577289790935778264867536316965495527457342149376741799172118933314850339059
14189006456055501485327797193456565607907953192121593939700222413591531716992, 5168533145859628147707801193116885027010163301149032479883305134282663697563
7873409512883920730355606304370472890739203246048831571282243993129458902894, 3192045493966309865844189939925977288713077123158335460702485803602836512672
23396263214139782917117651888607650908877046116921927072911903905315461359118, 72655302763193643075404177109012912612293514422545713562259610927280052428875
14593230194238628965279758364698436114917492444961896111049797224975016525070, 35983067470486795870656866204310890876541289428087389455673930942833953360973
20191930298972778571501943965831920897757350730764689758179604860467079323022, 41930135864071098889787805468108543845887069092572564767138356333944907137785
22032019357205181352130468295644179156380617763276334698084327019332001883217, 35784132855474910969541494653103340692901216054619219723837065109027713930786
69658903485032712807581007426263656767632109945800872474979305416399459250273, 47401169798832268175374105785053440675956765090280071895320411343787542929632
31938795707732325268961851704080451170657364696882148619627128758522993568621, 9068155443218196902878334263860709374112756449824145818194593179502875886513
14795792809817201776539513477052559661521212337222645916470976212026315677034, 48459638804520016367383143570622158915940826098289529287590345633960915523636
43254130411781196712980433892352247633292022113721652245762309960995811183146, 50204483851196325030749829533279927562639132343886763307878535284870649981192
20525975012564311725406321918618899940457945458069851715835119789140585188172, 6520169854362695071396956296401066843189300682543877767028583894883462170528
24580517462291391644505261742388870020459347464957912644318893081822607951236, 56650209495708665701772192833240085925296512877612752588522924212196361528016
51898906817571266021431902193167346623802479428975749448211266459174934696797, 60481774481788932110693018482721228425735479820999904243049288481176866484087
6893073222728998268552688150555066335360025887907705015038260684725169960965, 13962655397645751482726766261932999049506109353983429185668046263431253792275
7936142076833280776617197306493148322333823480531480369341258576424464557569, 6793061348534375802811198848692292824041578725771111470296302466736786514177
69588360623814120402793325809013950297259943422780925836537326292541151261889, 9106837333226149395082187390110600710384341888562605041802653068255622517123
63234915832700515607247770851417815822433261604888230723399527217501237097061, 18135774976212556291940911194603788622789065278634247100465856447259918784301
9709152148733760379728107954378554372612255207725175195613549540421011449311, 61340822540123442074040933214485691854370905252817036308082915102016121798094
63591037989361795188125957612166451219079467872121503986208196179304916876587, 24236130198255240597049611007439978633188053995700668715587404887753896344095
68063691440462204424539429724208362344393249086189301234521611280756972280352, 69803379586686524049351887855483798950556301926166535865163678546970678173495
37867786552451611628101470775669725120304252371134420174423452913174042041657, 3167536377073564933708036717003955710190912915976336958972284862754769048711
68067583104804849582080114702049820855059602335126714839638866546078515887423, 60351079234786672580572127372995586804450209753328199682851228809902416860891
52910938051906036809935919479073393633661367194635612498711418797798821007479, 12582176715557999617715711946442987231724740356101451831244769828006821953656
55160611956140222803500048087650315036736549135632634229285866143381207778467, 38309938943793814909619913591223852110424048911071656249608015190936986858428
52638454130284514913185329448583651691164151968560815560367295416858086407672, 72183566723794792963989015084941044294424874469542625153576675304614796214207
59998017243906612535433992099440137857660583130800938085485646256964773741679, 71382058560518944786618346588626118627231911700277684920932524669347084443349
52024640712322415022492945157755019566204398887416728911746067269686499212658, 48367812694505208797831489980194128853778909728201111675353756859703779722573
5161010812015623512687122794580838991175895180475942815333569664924653648226, 32430179809073686499822070726704701414299115497239583845208546263428541102630
68252193113715495190848029880040266401976775110737854123352140333557864134035, 32593301403876490592687571315013451016937176391049191494191502581995796629778
9397951640631003439586221313763556969909942604891696473716001575320340201377, 65666119361939909374120329190388472359142781816877005562203876366926342180436
28304142265415489835758517454773109084486153543477791901457156866616271492010, 74594252279812312898541286867231863707397077155626088476361701439585248140799
37301753537526718284058639206914633689353478597285780576162451607165306097171, 58073554074249953940707359618095125718291885818686105216995021737978356229672
21168022500349297201404132745882202569398665898283058614324177967359318655695, 67982249677685422370093706800257681052456678810592026715927646438419651605073
37554077478095845466872418831306090441958441947402268703371930552606804322717, 747740477468766400567086682963912607635953288939463663113972593989715605869
20862633656419776797242294990103013940894586758533549318806151412251926434329, 69322943553095428533670534696455078854517412090750683603969053299491640770052
19952992126660160055598816742643854114685563330904200010714178419548976836866, 11621596243025720909662815160093719734584170742371813519062357730048475216500
20043229321428517108248983765913035293293800109570540037392471259085727676817, 43063781761352862778579594364203763528799057192894949921922444736387136717146
72353883677748335096565783592527913435979928805761512291379989319456792458923, 14867712277022799246679656065338108750930121741037431653542951853341227931398
69437759560834791352944689572198142932647890712905948765963953569801132081543, 41595771249147003685078010476251821040829303672078481739413805725365494907801
27428691195125800162642195074423138432245649617248857414774557567990813542935, 65725082557635428879919355898902422772891477130860532764804820808360855450678
69117576435197532940480734776383945214029688054673541462228223466486594703895, 59391847598956381792259541011386175869974401276368030602461847836164144350701
55534928207423946761713269537240329281901358740219387070180930210956459376576, 12361324557012905782657559978251572708477400512035168060787997648911658947095
60453044420922250593367074693456633153094746656240782262167461568892532455915, 43496976954645361048690572323606452101362401527991916749010823681991703565272
31409256233448236065963661104010702203119821160456354945893935908692610395995, 11434461248750276339065606960166599446620065461075220887271685729528380638371
52939208023730734341385518921657932140758676130313166033613633362862748742445, 11730657952692877818126969523005164930168490477542748810440937453281433885374
71081238985402774033398802013999472592322442028230888241609296636437071750485, 38195206738798795422768674468775193334072163563274461912678197365972222037785
