Elliptic Curve: brainpoolP256r1
Field Prime: 76884956397045344220809746629001649093037950200943055203735601445031516197751
Base Point: (63243729749562333355292243550312970334778175571054726587095381623627144114786, 38218615093753523893122277964030810387585405539772602581557831887485717997975)
Polynomial Degree: 11
Polynomial Coefficients: [31, 35, 41, 17, 60, 28, 31, 21, 63, 10, 37, 19]
Public Key: (59752138027187745347674737848704445643229712956450623742596199432629492786187, 1485131427312415599326088994949739953045776513341441536856485957351768105115)
20587757551231487809786957474288114278027168647360553990381523378943619182167, 29024586702687966383612166387894372868875519560000713285513302095344560401246
76717662809002234342858363428579511000554652752946063926987825755573839983491, 71393204780968996791128216501523502501247991780010026257926980463970046954406
70139363477287909787857097771474505300423163470552254028017442174629981654514, 58187768673628977342796210956839631737963504966904372584771836840178185767107
6772162700794255808678279615375151505188984898519860907969711086998007471862, 74044010066770579831011778940053583484597236101147528980621084127261288372076
74512342325531979195003986286639624217907717925878083452524826989841320948553, 48123787370574169139924462970546469506496927055774319569433898855201968648704
41918019662041655482293448412781349643986213309601213118360749695564061618717, 26204506437272880283362391269649349590785235129009193364550760498437099221682
1706186589645980764957160443940501507529906744778289402163234453550463194916, 62085127652316740718334451646531282955775672285787179132991734412960976260694
10942885603063721694949828852178234016199265673735447842559691092187998003518, 75775212197012952327240678101627041496900273049089579405888399125869878064151
62876261087681237496700378000968823130874867366929942572981716623121757288896, 40098897622345367271107264220681993316555049388257839640624616769799793529044
27404952223728410142315519885337496828179318150637166482170717229245113117665, 39455801082376307404888852635885541578316477278509881594469492337352231143449
33933096850098291969294380176301102584689367187905627080169385881446577689196, 25609005721630689768201636436665350289465280996405248126153116005445905692259
6272831933472767533359786763899816104004403167371753634358835268281278969074, 76749121090310686103974363604958461592333233124085255240516531099353973508876
25457844130305782316468032727087039510780449105735113056075404420988879521332, 24608978988344200422169391331223675067077919356458522567287735210735703061263
1965678708948181099897950190773074897230893460540141494634525052697659005275, 30522514479975692035446781605872752927907464406779425978546852352648188716076
68332010632120579016272951895443179163329898224548346775814346659242788619634, 60575833477117580508452197757554922592342291657162772274133776686259078568530
72933104029854087694177759565301419750943749884851497603308891110588048036479, 40250410124002266798026029702445081899555494925311043418073267718686808443936
38026088207597778036093230671045433382806554270574394317000324384874151431340, 37904127422589364854740345023600756066136690190000820103086004933982446982992
1733037467602388124397429297507152161370603738001726583051330989631712941561, 70721343406893873198397497755844722746691352339287899781693771412766478638299
25155180510164939464467516435542197764264467810131698227384132376351663176850, 5526632903700352435206390542679611905354971745672812402801450375281228644181
36921130769307313471182725972607712553819290284494965167588551993243255091071, 33224774801618210367963851662445853555432098115568680643576829415972165209794
46601322052356729905141105218662540121919712735867216471519381128926784994403, 15892705118174194522433084538401660764473058046762596693212328614989941299123
61847176771589031040319046633831746779071235136381521786340788967790679873332, 29024412058971401534987989112482221053530439908101887039218274874722129046535
20193425385001004867002427887928800601981347399796705910806224760406051971320, 44115246211946256903529173060416354033020450489568493389112843903303284500683
10604273891638984550551643877434888308285739761453024567405485299898950872536, 56594153341538962280902424263751012171640252698662294070590853535288987832554
62445267355586746094325699887173856333677297595262027850279267694564727864447, 6614207331899506940324578833806816406135673503185959863418849851210082710555
47259014029266888732131273902914181500064111660265737737914414216293411211114, 14549094234711371648283655199453498875926368807759973561213951470575103059800
74042727452275923113887598228842789724496731111076094185225577522188980975394, 13332139856546645124626189540490437442505339331612215938847245539055690213882
63749897072428571428956955156628670428287747529142297626156958404430551629956, 11488255292053536463515071063077602017660884875164505205448647451792700918019
6476624766549967336937797086810435091058981001126201395675350949364904878560, 11695802662078204277480937385083785965973919457237825088590427073825133661091
7003861369997687973457677496030723943901730219133503878914376748972258058689, 62957767591503328531646912452364333788992709281005134235992644841869283483907
54732051299127494618159669009769834250664375234075564855430529274447236547784, 59413192220669481976990905895614043586957689359506173829918970940385923234712
27190438657350931090040366363543913892063171021170072549410064331995420466103, 391076498795744173987728529014095708203572317244881410856127649497480017662
57470414485610379089036297560076143465409261339585542255593066187775463095912, 28330028458922626764117206914788831334389638136718360492762524416634873407629
48785232397109498576267206255017519660635497034176052351992894399332819673765, 10739318096902669155209034151684516802679304534085141322663880597117202120488
61600835895656536972763854815257118169900265937488749854649939059265881355069, 55234101582516439681288364354990080213687200602046243863715008689279604541124
60077541155735719093265751079491827374490033346811102236597165866460627347969, 14163553699112571614818044075533595972507265836225474400465572589832092233494
12402375611414998273945204438212367261587181407907647893282087242971401906761, 27060325727636157839264700916901464577039504517623337574518116602926827312033
46269122812384247922716787049243823642759658723044963241755878530554173769990, 59656137569776569908614021009248378943133663912306890732428872705428767479452
40156007167648855188634393805768727413314810711521399326979219138374311749210, 43866413428256933992780027166206386863512710855025467127626478420377912837177
27264107854465566105377367853755615364646605775104495985515592881278475854677, 38789859017099063410542863410856248168023235751769044317806474604235116048858
75202197159415868470835100097414481857265349048924964181822134048987619021198, 16051794378018310055919217806298836265701316278456089136941849229166098435762
59840779428363320638073755872901176570049794452500253790113920935199417850127, 37516888842126790097351529305413503680840794493007067467915638949974138837362
8397928629053951314140461820242143292565643655025669915696052984663362270500, 66888097065549202222078201181056858398535830097272573587974849855735377954273
12776366103505694576999699686398491957110140328469011259492641110269518191588, 44957340418228776352363782395917339287720745056896551388635379339583232336454
55624322204932662904672540230607441963478243484363452392209223625287336183333, 58355373954434045084479129006064594145254901479554439090415783895766337565114
59199700692303656499313210539149811817209371497690773671798130957497872726801, 20685995663130020863387215724893134759560471807913601270248196475209783611723
74880454656420710437917238757941339366796620870624941525361531048772725204391, 38548034629667111407752197046974506860768916087539367022716042104757619434448
40641121013223839130144930271913460297958995659112801023869403086837259187681, 36370977479215859441046275711136540809252105596394700317503349866029014951277
48955676226061800894872374491255414570318779942721327588675882631183700369233, 30827635361626149290545139486054836865201256232061256678650776462180464492908
70243212715546047192897466487216661584126917100549482808578064599346276317772, 33481403506847317921161141647232410679278899593439250510279972686197745926056
72539610453767806462595781540111661598117007400081359145720801477300064922569, 60394092896968780233765196029738409485629809685719982992579235670342696689262
41480857967942239485050980374064699827938100053927877063519169550401728291440, 4527824168463730352100520091422507686053740517151818057422228776576087111993
48187158842893491738316088928091918329283115717308539362880819760757454477010, 62030871346433377532094544547845955471437201599271904335123470890034183770666
66129581245535721193177561096972879653063428096077128762315850544952212669233, 25533062462561358654232503007461948682489697489536267739950886625188327306252
1588859825428850869355610782323521422443728469106480706017718715447886764052, 21687657197527640356998644577135782952935599183989212017689910467888387317519
56489604253038731920367324961521995282411951046810333743348836119658493581713, 19493582575193087938661391085421814459082677485177706477727294982369050154425
67356355374521531057432131756367726483767873314480363303156784594132744778526, 63316150957167914742029442525536418291793954526049769429946453504287229667369
16315175032331175154246025539243798824694263869114870540402471122910534545427, 53995757862716929035658172659915548602434990379985083057211731061250121524130
69921350194230359878356444364269433606970238283209350914859957396416042710540, 22616622806181914006262917502179748385748945927910168367447199636381739998157
69378195298538196222438062711180521106885903330924225046462698725187882506777, 35198943522870270996024970235355369326102553440261888895670933543135604602982
14545942365742458435829405726034228146437394886892549840790444154011338546557, 25115584727102014181059015122549946128582761711291282196460496404665907645336
30818457067030423787255237462623341936095672936668688244722955231317977188343, 40032884027805999574437363804073317374997009961977062710194520621829546936300
60322067001655401018695315818012467566973360319005571196901626793853647804961, 57258912158825373324848210403325849112498203184897933313956151592710740382210
55914911452098835810348834830475145561736157917731728548318042492811920322428, 52954740727834347300782836983455507529710146048545199225768754510393565147097
67107180107815092323671646350891144642729096224100511749013639373307849063765, 18215030893706547600099960921573005678154266217756479055089269306454073187707
21045223413018189874485475157711913878277194668198682929167932147006099507421, 38537679411963685417045291033418022375676567971766636383644076520286153614220
54807917212683351419005124377585592765142983800380344692746177851252643214917, 4385865586947783155229862337087796745004420095274867484269785835776021120433
34865685534547484849068356791520068444762718626509139060079939384061523493154, 24049303765460792929666791332345845434125929133713832325936931786158288855044
22793628163394879665836151385400402156267843223581718925276531428483630322914, 74482872991605798469875262253375925578398113851788806532350221742108701436786
72805698599178608213566496738377184257107660616326843643366921992421445581992, 51517081446268090267961050175197213914278890504301802699966678320998563510380
53810297380700602497174202526682905987474261881841979911827474104288654825809, 10591946551736764270114494393483716909740498391786393048828965853564206975602
15520675573266150097856158901244191901771924474079200488160764967257896315906, 10305928375871502326421867764573575015812566361004060885391166089670529182030
6497315434803623146480067735766957885798712402805784976479466450809325587716, 61453354471599445558927695573719198320143299598545498241653135358815044754502
18800149869917661199761618212247038665194616939869418609733873903763675281027, 50248296578012076940895600621657734009071405814499296643248626595396476839600
22736170230230839223395137086421641682105835139456497466532873563801500683641, 57798768431518053339737398107722135104246290094878073262276233528944567461741
47050322360390141231978655347915642734836941598506540385898852007113722955771, 34206913903909905706155310167674547378045716645147570661003710533358163111289
23558189628756925091927204783508772926731749706767850425027726887150597338868, 8568035259988581384020544910257636743399514797319513577115345429773041230308
37028452444337761956000347666941669554418178395641290953007398607126625828594, 50641004450588326283784149012903147652517655483588597452500066107821650822239
21950877685327479234061949653605076266597976672653639515072744840146629755909, 76613027779812148327643276064669018477205822191113090758374232221259575412147
40073647146623558381299406827661079316843018868910344559193066193610172850062, 51307062021412466460613847017020989158913602168978868333397639968803145481776
47357239287081543116432742993671739884452047269118656233819038841219663065279, 51319939349420830833490101909583629791489591542421983901614826149230521479036
5046120045084930717905240307383438773155973028723200518929694769595012336458, 39766434847503619598239975284648565043176448058485593712188967326288398293214
74338041725342923715645072523945857041380282966638420666309306381022330628336, 27781532836437153781740634221903005731646059624487110907409004515711191162924
29823729266945977720654054071671663256812658409121074077036317462541725079027, 26838033406947086954581567341345553503453412184679529319183836907160447441039
64576983558841517376774070383626408122090422820275479668809692239414149000335, 1036591968157314300887379677619531375551084568303751930324392496297096799634
43209883275941532896894648525156086067601567200810816312543182695348108370997, 37041407142823407385038149165613460733098914130609926234142685479083125164115
35447623552867858720128194383135622946656386748307067255754691005463247853186, 58773736471086057320190350545888796211163869683516578986769788951088041166455
44597863557071301454779929369835027332468411721836444960244236232146991358254, 46595251028728906874133878782868571647938438313312433490666600948320393222295
39101663940012409674301984518687863012893170543441299393448712043236752265441, 63399221414727275522833493251326355513537301970192137187254864905711004104936
8159055843538222721328575159726250566949255872155110946160348007966177500281, 42656240692309652573584200094816810906322322003653053321488034935180108037010
33306730701519300538278645221798141165195306291794603692929616161542825547517, 23890912653744648004224269448116987389934710983835085729525080880068992220077
36425472052805263776861170458512848056141325301604614770434218224555972406363, 25651491899092842900263966018547433895503320766696835300248252159917314966171
9572950885749623965281783177930003904921071214685047910444420328251100600330, 65277122584951208402642522033941104858171027184572814412668852735904592157215
22574226872736010051008727197203014482270965883354184747829155716903793840117, 33424616604089819206209540961012503131603013277889310006995168565611873243761
30710253646066117028611549884365301318125484436755095582494570730759369788178, 37161556370779430482030217259324324168585989760696569636359208331126847466543
35038873681851987332110631501879947092092850926638501775919865720338799062894, 52322055347527052795021902197735664047756190201495680680907542598153504786848
24280175696745608263658729704335667224291725834822186083496260740463387581839, 39897913043783603094523408312123739917448292385206465191586393162617457012864
48216554593456694619272823181981433934564576666026139489516923965492222240135, 50092191450447371475484571019020513218870296077126977495066198366231683017885
60818255527068211790698618649488436187177814544302372714258819193327845882682, 53035394718910260622860477823749549287823217177673833749464988940753114410666
74384377470644635317386558394016173299536623277557347187913029877058174897998, 1216828398664445905722052319781719493241839313288090045600584813540889595783
54610308518060636859943824593967525883132494113307396624745991923226293241196, 31744191412769700720309169514459201566674868366581131947131660071860653129111
39298045174701356469153296790349347699905615859533404659143907234302823805803, 49667708134920505267553676693433213698692372858025400315686011080018567801235
61098583504166496704875300961266845528310823126388165512108408945098127530984, 33460677639640695330333274328755650365410652200398892079776502457965521101583
15629788662766085042492845780665103817582574370605875826828280573329125892980, 44533779225036066496001930893647815817452698356998636495763192620103422374827
60959519104344092509679334534765419756468072067585285051636020061211098054169, 31585681997309859607843211269581897878439467040961549315251785800012983959037
58342087163126959097699004460045954988639132554016201068055028142992696161867, 33760642679564331683975754337407118890976762999387927059058490431723709640877
59872972804824906994444182029583728473897405456477189047485613032493514295431, 2730468517776812332264816190667269218217168010669182145468551920253547298886
24389015487128065771619910331494526039951515342405779979965156868079356130468, 45707600386455846918637572763237691660864617711132943144604641423863194011462
27848167087576551076029536018455217307907611171934103472878516902053465527453, 1671339830867788081874466685468430573996159131821417733513483320518168807543
26634626598941361397769512156833361011871852401325646554984764407163070389957, 32212066591801091408977588877131575621810925639076282857798954822937868015906
72584685127693907923069670039295517849491562401970961058491700183229389772551, 56267712962250969352190730872485972473875613353610563880893948296778558442140
15024733768680128162132979597433138737601861098208601390903688680525083816947, 25853887395789838963282055916191091019303483520477461068084523083315582350251
34607673569685361197568535820021498639253906615683844155282622931462458755057, 47232876060956786013160104182967979962536336392112500388850903709556435155340
17222771110707279491146986720983011490369200718681328470061480975555793666283, 60449546310347087727492620110262366206021157380577219450112990490657642184300
50668776887748787738476761729842280971846273821084693682084006114258003773517, 72962956500308325561418815269172982914631179878820609033110072245154736249533
46308062542425518604885284210180729673556943890589996171439767144073522739393, 45943994197333459722987557322677319993945648950222258269485689782436962359874
31575076470512572188455243866135655365192869948534544022448702820061222355560, 44315376396084880451483847564014582497547305096457547003068234322782366560208
61422692540296715425320878043357781819437623835817689172296678819547415622841, 1409064116541935914261555302567263532499221321158068794322058157138241775688
40673749398951914027941915816479061181696772336603151614300809758265066721370, 37009221545264052111008848022353600660362438075158331159836814351374787285403
36978995042394309128863973123659299919475765745334830737467021990286304432470, 61760634451554360379334977317308312991616865089670647149616947651645917512896
23204553051279169029218153505915623743580715748914411342397432276973739754861, 66274752732069879817428998213063257723443984505862989506578739939532622912037
64884998495194996821764683560495373658247861360066980595774909305186115950785, 56391692715093120080070243420711216110643665238006624345406690618848491844764
23029947171024769250643725324489856761852204765973698219874888002252174282457, 11977409050979939265867210637664709121570051999299251780490385830294044764022
55480307383442210845340675578718204163298896924064753361635232513487974012332, 3129402032098974921768715072772567195740768552476997061722803898183457910265
69590438360125356842437469728005236797959523511104709075969703629801230354164, 66537907791329548334223255994331681902917375430229384944346938669255750647273
74274694193667491817032102465613018479362736935028089294320308599190006602947, 7018081722147193208827369105214506771135838541820064298184124841982132395776
42947272879737285173906761049496671054876554832166818010689449115423955486591, 69517483146040146100865854848917281847809743345546595222319375387976346316468
72280395454654508106905941850489747695865203272177490691965105768810679037685, 52447845509139704030697029178195648767867705552913522431937786215708892423859
44030616975335206072733688404404858511107483062162448440526306548868195462013, 42743451872594984532236027156236598708254737484876911502374809014561540571553
65310596017941825029991668353499886321966811002542867601170489412533838181215, 12173663240904283260136860165514357261261802810677787121404752030303817863256
34755160656282967931730807077224182612538976752127402901596968588594345539813, 30539979171443184231982346831979660531216450371210537575568653053494872584151
15338436187390159506823112723761387356095506508501682633115322991380241868543, 33254113608086769241454273699295172614326864524617858879205443340287134690636
67207724503743495736450472247955409715421540118518329501832293063291167018588, 62300009823161557548425847367042153882550171466935278632545360465357709491264
45217918463309315392663840399178628727294873533625650311229784312039189595247, 46704974640901182255277321901460306081274300265994450622875146592252516629899
18825037937812199776044164464340296452841625364898933534927295591576669828152, 34193630243598649827346924635750885409700501467826727759439876525882069071228
59932412012503090055094955031747098213555352813274175876173544015051308304968, 68157376838896543598114123528554384772337207233886749963433447909314047944313
27196635563939358728088892856374037171650374751309472939136747411921939375108, 34996940926018388717680838972660755718695546748298613912881303418722767078211
74684167236419169991423234661136760271374062088463176873619078054083110003029, 66631453323087921216690186490478515231660812950052396608790911783751160557265
27457713818422275961778899551226531803337855564328035713397061143429441966517, 62545274806009433242037397967833209493454227482260620756410908593508865367103
63652954776885768323580382160435055022512455171559962799114577314578589726747, 24798740662949495175896436691121140085108645497349035496245379374451785585138
41592237681366228372395990403729523196010015660842687859654212139157822792683, 70656498317489641743193420843875654566033591843439377023977439782880758604990
68453660540862088441577342567126842602808874426750626739529751107812534651115, 73760315816774805803490482774234736966325466998085810242823334645088595774682
6041912770247122931635508411081426654344150810615496667642565207531452253173, 39566240359426600263700195873994734213269797667196492283483230556647949539386
26551234942085151203426751546199222874006322723525729977718573151003070969655, 7220393006876100921218579130457493531383379378841374043034701516617227726815
72467239319881652898809629195665022297961058516122643158355176778284430473555, 16721697418532350434501723936251572572712506907893737392145738767309049841860
69393926978458230998210376236115273249179476469598920954971361430013356643846, 33560849001515472766851613843732972308077536755376177566166803149051114615022
61649903684859281751690047946359754628492624325913537516716089579046866240755, 14736246962127012945259562784821580112323271829647168694017072906106063768782
19157789716210210586300542077121213167118097554159190283116781600662194758029, 9425516755832125850303485397041627366448807005811542883230085228282773190794
60158857388101815882380373612723784130283648864575797328653954264236652019141, 72545866259311348094684138407599137502835055326198064537360156196507362262619
45900446294287979290931766239546347615186809708886646736022200410782371343279, 35640504110982625387482748901668537029835385268956092972270964222672571048791
62174901697054414877525190361052447914582436200919039839858496542681235554183, 16966306152838951671913916438162118194126659449553764587011267767948183600102
49711946609898287709543486993920124082457845632465783024734322013131487717880, 32684597796044183244929437684147184142272614692830667075324748683364990554146
37746343742133618389439528018726675178406120577611765339217523357881506950935, 40255238144829135391071637131054501682640892046078990412831032547269338688613
46342451386357109464607878375322699863583568187078485531904027999355370486113, 17924529518743369316303045574162414400271782950127129747533640198694861646667
65581908814187778718516132549929921311049937056206813360436845871926680236833, 51900161780790452083710051819975803763266380698358676126103093157477721653351
50911299692997570922167679870549208986777465192758883331869237720459039569608, 16262231938469350254656478998452097414128850612995983752632074697254915358259
49184479908771642030158420355216488870463877271749988849330731051313987496582, 5984675840244033479786188894245299948833547388786718185176519605599616681578
69253183203513776554227828176858019949005242710365057610847255271080253790398, 48285877690909381531358463350132228450925653107634279645389562772106082968621
52598417331010344627130892835011097115515805139459661801443838131275122579908, 36436664037677251028232186420685664358751684754093830708828271078301805776051
49247914284617178562508546523015770591733817623162189831812326045368217616993, 26330463675487499620936380891759185648439125397300623138907581410221107107949
23721513574127411239661986630058517288120922211915345142159991842599027385519, 54717109116235667996377089797038532680753325792037781360135045440165569813527
25704632896733166679405657055236798929719278279813534964005963691816645509629, 8547347035467784231680215920755062946297282504130727522614583687834946709240
13559253445822092022045401950265800063529588922918950600521755489562989163832, 60823194798334794490774132168164085349304233843203969834855174294801416345044
63225454182710982021607503753942556243351698497873250300096504281333262285630, 66895245957001617899005626717110935933528349844909131809670251681202634819943
66062870075880391600412527201451524711579147521064769407022874671489250453533, 49721191551951444419480370764379226961851591370072110322314750308290126415897
43769791231407337275737269925476999874712878958493340209260784218721815371028, 7008679282745688378455140112842273568251419675832047223051154563520845803004
58491602214787161726193535014060811298715070724150441973304499849435251435251, 45053364746268380870726649327518327187478182424985082783373850642614302516243
72556085341347345359711072563946038679839002218998667396304225980673963822486, 5356486124632888710478238740334590643907550330824773374354064918183893631804
66270712649999803639727078275600756502328833070944709290532834996624820951042, 33788285456093438705266555430751165464936351060875537589888711231364540982815
33257680493986675959720413454963235939688010924337840197901675917417934420034, 38368960189939882514288255242320962917730270101157044090911235157587486441780
64358530769270398549778575639313751216789640232254623937195334425888711444707, 29286997346538135524353661087925452071875510260297264194740127401536224620859
21320828435948568202151729018271232564423227410491032299467649350167221383515, 7447067547536364322253738335355255646559563895091021421457686398650448681751
33327436641485576346798759319268127427413910826645261028130398166813659863902, 75176815386515374057499173230376143972900509828979227185252278441518600652926
44080894876561035466531788565796087432298336754412226860350193428551840809179, 22283955889954982117704444363993370243084181245392941950751398951372568607205
26753936066102518436163414219471253609033808549106378496185799862681442048351, 44959796188009530915449325434590099928959634517110703855910478231809530893322
73018619945001664057638426684972934936782971668204214798454408798031309524512, 12109025291086771588743011896759227047813264612027610220674595204799443946329
8146457995341055405429040674222646857453652471826800088689159529041052978261, 57312092377337823861448991110800094459671682982880390227572158723015183853028
25169866662568774757762855109123870042603045135561448071186319856676836250166, 59454594762774909313821673872468617144942041229772743184818559864111569119877
45531932094135020400838020003504216092456732446618591340381964999731251860302, 68194927499526984250456630868336343937249521310894032826267405907601767620879
37875274648476437255098535231937147861927105483325102862230035029222271677521, 20894811820808318610486918881475595893214434688318503359412277446035226408556
34843317575563373658310054028457464002374888212402083494854041196144596241691, 59415592289578438209317744688918462731535854872738473473783455084230720183513
39013851369014649602554047917320476693124037020283883838237597271822597483806, 5782558099113510384654989867528481104287405285251867282732451244634374951511
53260854848087435161776412003777395415891929271760332988454683080816423344057, 31412533955820959069127453811067894526318792617837774862833792552710299194231
22340136339897774425720011320914908394489665941664200335739984432110604261772, 8481504169852746110420909043462874619428672190051612614868824503053775363216
3623656291264302116998959761178439515625049704799031372668954751255746420615, 42695297543156427644677873021946344278095544918248324693309926186734142274820
58115009046646095962451861004133997951934906779639416565455073786074306490877, 14511817700145656714930094451611722337642389392482001087239542888676406433664
65538302009031820115680173662456867859888234427221725417033178771361095248771, 38626862178148687408917792685040837418367142065512391532498446819114404328026
22501769613563942276075902835631467853942826160984133338412968727606238729913, 6988633305639007156182995182175128152082746620425323033404576448783107433790
7501881727293524331245039818288782139516141981912275018800246803035992661830, 74429545560906939934125999347140476558131188098369682301142780137301809419442
17278554662958564417886690136702101324817335058948783959635661386544068262831, 67590464656455941289017341916073417319006188953746306171966234196516498420629
15475791334212411142525782639177805410717207031181765478776379004708809750854, 38326564617883257931310150250521177502574526223022476218097337390596018599467
46027364561837719132534316786095841621729897977857975240928545105557628597189, 74615601045055120755853914920322348454241575671515008379250707137058754131609
58481483614207680860923458324582896072267934465605830157791135406907007134085, 45896985797826458269616910257380212916698295249237818840403188047509426013559
3734849922462277463698600897169153440884060597048958737969067883067836270524, 59890580247473073362141744907081205954774026591110187134325906411778774251793
11680483115328658600548602901917871918426833521319620794718743925405289024491, 75523878667447850025956036771803583531191561375017164031047445585232563533927
67032412598598382939415640314759646802550278877381145374412480614286675938868, 48408268668640387926295971272885151667499065732344824593148125374829357409374
13262131214618725658417524045270510119324683828223864456579984369793904795267, 3909633165770229221923201922266598329357872314827156072075734070602990665227
54138722119333916317260002761114419022891818904975743116906597396028558421553, 48615020210459825319178664865036587351245785813697017322727173939210546586923
7778457604875464388351267064812915032587444706977122818951231757640767648664, 70507603808546391451211656490421159327478822636717162209204285879663310094439
1000101653049293232807215609875211416630953381559636839175614684187912230508, 71966767145010152836379374076775213357510242216489352883926605451314311117452
34507727651417501818207721507396889406998413425767316996349735852775091493540, 3341070803716937725913314729707695942283703124750577868080146541586536419914
43905407021067676258935526759364517788909687366578397840015110640907963407033, 3446801503973851192208386202116056005161328771868176607015770962785870873762
43016175011367790137373032566619369528247619560716515544608088446492396588706, 17553542807306802814273246140042477406401161747897292426081207956788558454843
37421847524009090199201821691688986477645448642220841051281631898397986603915, 16099682225402659045332431086515701042039142474601869549196998094171569516245
24482092029270107942548990271404921770465227320554919063986451554435741104643, 28557710713600327931905903074486511758658835558050561330801919870300463194991
66238007100853577937882102701221309213141852484078142040742670200260856554424, 1429302191447994787635651546385113211983634264071415659889905355519838068007
25953760576397733897547997124660684650340304540388784251895202015679270939633, 8779530402267141550365435345656764376278842623713674525015601550767566646219
5881348980551759937117867821534626745323478743763276523658902204913182802587, 14261740712875855460800637118222290102285566854820918416408785741219707799050
11875148446015110663195491711359127087800921374757374875985327232093844524812, 68777446515387303580079951677953299310552635314949019855935556509716303453365
10533922691797756293594749364042996376295381786953955899939816759387529185925, 41587406386340355292778555949613681200666750696157983167574139210243210194069
2873638612259434236838367185181984481174906516932086009934831836092800890969, 65919576167177289084888305542992067355028116041575859414942958555771964938862
6694005549226228238023233284095351764136136750262555691857535540841117278667, 20199765320645714905172618267938024441551686439885738339533001172189658779325
62365042409762451838533771748779412778884760098043300223793741020719898181359, 25388029240410501087171607527663624204132439597384019697652038218383864082555
47189391292135412365124710786023659433210260403095957325719875564792124311380, 32276471990339293013483628405219491806333570250355193283697774088778746074885
35482589590964738258461816978998670048407960461160167493455045433622704612912, 51156095768859133693174502538156397777649400987102373027112245720244485805114
71886302705343541886741153379603961132297908113451658857904422199118647885271, 25951031612217343578453697863832392713011473029026685598361160421858542810291
72407149345469711243024685548169113146212565144793848048508092641937860424345, 22309476726886448089719475920118936008839013445130903947216351726014727998321
66853480897708091779526395588223318495176043974634506738545975976394661569909, 36457908585432974337207546952991035656587052888862228624980159586704462534240
66988471251939110647732543229546561573766252866872821609155894963336918172484, 5716149577199617005008408339422876077480627227812502099187152895072974549221
59223859323708200145666647240064435816436893515938694554534048679711467615857, 40726076055095923072904029502745990037993279074579274048134294921425639384298
40356136948340877886714926228672237253856730378099288524223752514058075857803, 24729160827562737323348027127782939101516197811394077470816615679942375561977
23060085491322775712213890266240453044990975846019542349963385412874417082226, 69776378505980072592880777405501468800822601074221073284660197870040822072704
75049199043439400418214846323054545059180392664842120028230115908855357695868, 33189988487442609296749669523813395660873567001052669035156869367275504824721
50380892411972390575034058919884083818152144165498669416178181015664988102228, 74832008205858297798760054063822013449495577105025979297672724469493909342645
67631234672411317875311861263875577373850683662199233244307580330560634312086, 54613076637038801223814446491142859335171271842570656469276775874790661309035
50355359709512724904634222674591464490791354640750817301554365613771335264629, 70396638304207268436163159521522879989254003076953970025923344140670761652321
15569346036510061300249575042377992633914821157777441683004360680634110276190, 18158093377637584453465243096169963650638563899817782703557200395824302688076
31766696570806753264110133386088261639960365354311289752931109890758541786905, 44225161797309777252226509237855775421624046934066806717589793816892531301853
63550081624896041175883261224832137306840443776529522335823402249092642009702, 32319208080275336519520250562701343353300584360763702254285023423209985349157
156467698177775829576756331197179326219388742747463807727865153135115996158, 8459686695249486044219119036258021833217619185999557195477974013826078235307
75963567043592850617852819817211815254094481860265560593599991046935160837187, 62306188106210968060231893199124845453677880580212726805956957526646194017349
1975138398258270886401465819104683209484718321297711088336744440510606190872, 18460471269741713720060343194570235690010023809218257838718280817029342794545
25129672112390950363063499762114992148488786966995144430060257553154648884839, 34849311004266892453023168832806571819583780025166541040457405075604858408806
59819812920115916853398662308405508490371699311313961418538852442712103484710, 22013846272255381493651759491064197680705390088396783266054755070231310903461
74935835675238440887107904917384125864851581341948911581316566449156371855905, 51193499379650368666119621913999566508762715977102973700321919039576245726577
57976603824023429644290629465405639602591047922000841387941391358787083044727, 14312507977611449847283674811872810495537644214950077299875726187986241298371
11065674855732721419660141924014757180514900909807627244960051506685581294763, 42269803229929738175259404040225319297381411961551573864310623264994612856006
41344309135970488615703783860561599787795842129684652956893340794014400065579, 41339914247219095932227114681159478389928129637730037678240249009420967289174
9716019745238652159258102676076551636990244952047594833049506345802474494949, 31322975797659978510854639588390713507726431855367155443878458623933637235785
28317338500818666430835673254973815026668638273228817471355948586760675056741, 76724133652267644148855095511641488221593319780235409446560476655111435205038
16049549708042411775857275166813504748716710672648122241494281448593682724371, 11957017402785235928543643142307276682970283033225078867099815064281449893373
74216234121584272672434836102377791366916053321745189163271055676291909757759, 13798402916745150289436019805048197549206124621146645194861286422669141659383
9394443550487143098915385514346405056166604332318539996577017979750498957605, 9154861708313670629608389202636496000252670645703309052021064799381894845039
18456895510496279244281266294610425808754553086208365581702569018693529595068, 55748599976350423456750933060286118468940905440508485163664159890454833373027
71705861370456424197392533682061415734700307111640431767749322298457329287311, 72629533794385788049733390978195795529108861138420387501524332806121271808113
9043196676913267147340383430564275969977886247931902845494760446706795134258, 42158348450751182388138521848081455960245177101941821447754277598629275968615
63670654988673082897098946540227287274933697854522944742182404559292838696510, 67755480620964561844654607542807258959063560539171322436463375432756405346038
72570593861996267430268998903811525309914611617932425888787688142911760026995, 40961921178713338342049989144555747643131998484964080333552351441777234179775
66898296763186241771121737372383404836939130921936101105472707226443276061390, 59945247405854241032219944342284761108174768180902707222699769762673346480714
73139147211548849717305502711069071260022067531723850185715779889151769192971, 40247837425870536494847665450122394186388099833274903902590150752234975930216
3394622558830318814570806866573484357431999258192412144386536322403199559228, 1101745394172576732300096482448004629665661154768359422886389255451330887777
3265351134096561589576228019568004740484010824844913052596192256696539717265, 1278476706617057978607580445803590920448908114718728362025069809405136643005
32375796688760745445049281917631729753426914881607537017275807660489727267787, 2548275617679081378384689839128589876030755251394700544357588505750461441290
57298661182755481384428626707535619755613896050696770672455894062526072172187, 8815669193255631742624148180087660836292541363282112170522608449614554725023
43937256280848315728985306974581811812571840448175895845436987020617551861440, 55323575888399523181110428287980017256740241754639330186091828983880229756081
67329720715836767714854933408638658009194200706111624642036339626383205173526, 63942104345065840902995701542336043838239407037166428912361457120892205770041
59430492659201470699752647837786299389291738828677395911307490823623775682853, 26162630023967054735411873325423034232619857365983028031549189154883328913468
19842118763801023561068973888657810103800324499023633592689915517103703685777, 2055440962057553099707237992572279837996992917844990395343033413279224857118
15279175989161214752181080998297351444699932123615139155533615483429257478514, 37278115140517012761927639559463573375004514772639295763997735497670043445720
65279022257886129960518024968478980985076761970143438646043660613273333292667, 52101592118188346948963796382776627776181139146617871541143167686946533905309
46096707079492744995872439213266418093096620085919650658874787553798529440416, 46954082629174448275193368125558506592983581293331672768693977258931149231329
76456358470678353405262091582478327636949671473550086336246257835074521252749, 55404486991378649630707242995786028982898351781228519619705579843606296491624
45019292135230460163893595686932961159581136839641873202475792162791298317473, 33436697656737801878490454335622856190200860795388313983566907492786245913623
34565149545735648471078266083710757928627469269547822796093853400448036925247, 34530565618162144298973566026223157052011050368880551150953917487757239924022
28402729650864687053095896016331637995134178968136788002175709981501547389223, 74970300847715005347190311618283880405232358306928441550098076309206192868920
34989862699890336330873024113694659012876141969559702389691477336939545708058, 3642341238239353973500210704110923963731114102942501067479188489049040586417
10649401824595647851664784768877236281402429601814139855768789702820420282559, 68507482334481052878085720237788590265592386239490832139735427051695630445709
26239036503593374927094302712564911960052522972339392596989652924222421779321, 69425030174471778296849143868474027189442227932391435686633905374767559019032
3642507451299414139333846252383583320866263144393462087540490690092839874220, 29737795684881924295927570742980768182045476115940925073355463897465910040079
45979638380319940672213531376448173147450225001613955964793787644194052271954, 10115101125570087337045497537977233160489175798230947138785745339651173583529
61891064969992490571877724646898722920332254488478475389590693297185801155113, 3096451249654861767120853224803524229920454070472668781176201006868927939369
47611552763445182092290591973276125645398794394488077988065232689443153079251, 48521608054339660493478277769912661548697416972430974915224866947266762899727
36126179138693196913824878785922847608701322675920896341633922956358925446626, 25371200948882246152155809932192462508294823425657030994141278271841191964244
5432770737939040437447544059407972694401080347487507379436730459749635574013, 72161540560462305514202225304703199571711119766642161897748982566038084353337
62911116197652231751978087564287211541421359471742805210988686435937310157412, 30239883874827346629550648131500955733531005253575215849678795227900719174374
75982217728772654981750586528678614710146695477635435501298362677338620578455, 59240577537433334805251098070577258266929933787996103247669768078974021116649
41325603191814861602273932990330033556243268184907454653973069104026437297742, 68060669660797237922614575202976028764227663462965565054508338775107043260648
69042481776336490419140281711990890708558782515577973101296637572028992339618, 58885193870131225306384792451199287690492321234491230014918306755418955347538
46751024995437753117299617494109019120581922762644543686596111194906533923185, 20318274319707919651811378337677620357775661534088983663257364520192090019275
61124413807149797603300816170202623915591192107910528188642966519660144974090, 54425902918453940611450061003067271640087537199406667021519067416743319205152
46397270678828055547078850313069628550099496140208372240865613145674998835510, 5007132879531813487759131923571858442500395608054206635738345805500311374173
43437054084073343348306862683290040206368129152550961862323603118144525579358, 11451110860783242017812714102372164644241966258709222336382265804199633234193
41732144090189840280026573465693216168245646699616402447013366207844718501274, 16456561699661176325369019862386715527025864817972236245828865147770805240794
58368032748256794252782844049429942191680947563928181331622951873953760527039, 60752696187044347549328821582123556631607262219642288387649915933392976166746
33750708436849256172830233695357250405878280210866975630621830587839721607740, 27863899087864216468787987772285574000969581432140629217915073552846386953820
53975964183535366266798608529129689321976959894255091666263686547933129581868, 25360757477699708542658912258986814489958545654127115990914959704267225423012
68757321004595758181413051698057258058228101341458895702663838801568780430835, 18123756728537781442981225191885157320261105256563705107618651885429571056957
49876281855356621055149708917550510269253939667200844921308974860185694275376, 51062620026767496662098205681914650922178972214004806453881155571760310806531
5265710161011105338532045043964659880306655953364329365717424363749773944743, 591913734971844581473058050632890746535741956528568961371579813726415576331
55311717810192138154258611823939232305789958272934750567372363850846407261275, 10999049351138176633441702749671320304669825251391392649527671278264172648454
24049795994261749666263446726705216890045963197012903306513460550040962761602, 21403368215176612493477256226004267109067915684078584384567338154997272295187
24823547404562388543988852109689077507285656809274313123006787622520818093839, 45713339608945569617062015425810124080901694337958150370748102710168717389678
58911362414016728440823818564470410635420242302571835990979347228152492626047, 19114167194923353732349313963310822160403295446421228787627477808403460050631
61302898597064323527575196777185977911802621575265859136954301806256406716461, 17044258104165892908858995601945516685499445681128213353314694455827568134510
13919374308977612420456576926560742445706736947431067085952836290805840044963, 17617525349125557963328037777770989031674475226558402117239770712505629271399
67314270015382320456526373737882502824203249526779256277851061021909585776953, 12410791787396983371796103424033510480268654328631763035078200481293056161890
33187656117024569345729750126819991885104064099868063103062289199521087043167, 25864243449653190443170083668476690968283879851522908545882708953850194999272
10772046051079763724274807150093034319209106790871586962582304952392696838931, 14411222735888420029457213929132924610780820470328941211685172924357681485767
68662989565373111594106627718336886988360997141203959925636569578808915104038, 53245085974366486587086750077469440455124801648030136618787651866323723063529
54795590424251524576775027521498623414740284344292596189172415422778676791210, 72781605864966600721305874986602944021492031936174959465517795064402514523193
44754445246281309285617941915162528837754857250682094806050006761775554165831, 42290230932379035137704746858596973807119650221591123655633536542312118320645
47358048024057343548022850270288823088663361452659995444935641025878396233529, 47818472826445335858716873032424964612183279023345244249734824942878550992237
27024452128712478805944862411013880667697547614639630142192896175931192161323, 2671903085579434193515170199239256203561807343355749355223862855002998718906
2592207313576024469623716407570196631917543381847339988295218221946989100950, 46027615762026318134760475789028492377734562715932082806940147306819217010431
8001946105429597096890400564501188423703566610244945556943877510355933022022, 13498195867708097910579221377899340070822090390604522930822769243010272801848
72554208614312645163466165229650829018929041500967797530229845378767141324888, 69270682370407882582870176217247053372040853472837013330914295463701619709942
67295250156948448920391334498225864865369481446557314852037873187170875656094, 68915115530309853840375527721262820505654391010513627098669954603294916995052
45659306718578230282339337876847377266934931766663377747505100489427643495740, 39766692772625159910103513897417839937056033137702297957295250162060738752228
47994604027567614086037967863095856675993133859557100102397253976744797389355, 7138872157233426107847510153304200419263797450696034238972901577594831450337
26223412388093649190819665954149578774816566618116209809293594394837057022578, 60643421367622793474792343453356296651193538226156066423429274467898602574830
41708574999984042934388807689591506371556444165132839127986235971845580914634, 33598627756531740953979078269381951349333835649500146152106402766997381674919
52005896663646371788067360439416361647793605694364846896773366883669477524530, 39021691926593563910323849864743665240422426064789821922456557549169299176978
60150241244603421976172474733904541345525808010027535072760981404796135822136, 31509381345775182585177287127924982492743594457699491320928015186222788824747
71517521017596635842551656112544560579942331470666055335161006000197893392538, 8068313712371992223755184296991980065883261379545217429342693284066340963163
3653920101404712340050316872204355869339966562431149960851223716159038372637, 69520564202173521515304499794764185225395992946852552897331569690744496241465
43787253623907869923681805468215022334979305509389205662776085190916192394500, 11447048650874918439326342617375908246966753342373618115484544848955979262059
13170032822839648808376763553004139335267990974153098474681658316525335465641, 593900650558359253391576668790188550268356919131968082772795470520120505652
3958933304771132910327083630082216617238018196470336598275464239783576213642, 62284654573822652242853503921993490308871725293997161990919560427660014424169
21004602868786525477795143502193698674811048781384692761482285113740149466375, 53974837978396895248773005310238616397099005402862014433031655725127166117859
74452951923063844337436181301142358602504413511437299078918888192127128566010, 54978751340695343441976757606001141065132717892763954455178399640625627995095
46217340556663340363740635931554905437467222718848131879198447813911233050792, 9832358358746156901915052794953857415394172297554674998958663450214070238618
21347805333204496619204173728531084786577414470236293151680804553246573501001, 29454206282816615983675678906146426707741587208216430147803877993115400066285
27636313688253468549973978541728541147706469232455528500751076869300053439337, 3516188887312276838845468324788992079912912933920224882526177516480376817433
23468711016039019770159744619956452909734406220411746928120230299856715075235, 31023657467518493250711799501076906913521065227524180276081921263753345916516
20629839938947199166738203786224845219681138693243739180420727814285173477690, 25408486657070072174162098657925751568895825277826708567562355282784281395160
22811687801525816464171055544461476640221217037219389532117459223441490852698, 32799958714891455508856629908026966418574314256907832440016176863551283389843
52516692534063851442146674610923314785189230610620594880295724788735898501856, 4448768921202287799238356621295031337920163956922805528998108776907210468922
4519635312009336221539792075555341846124715802578422878998252536333418420857, 62341010236544186324555776300529077522618527094171510216544478695747535032351
41159855880711286214667580087909085655339823106947008146487710487111941296780, 11628385722804012852120000577265041308476694486873331224911842796499127870761
37481601287717305870245046701171192949272340353603414872267049280257477292549, 48899584903201228882023459915592007683398000301225483560678729645743004642013
47725085463542165335213239292920619474043696918325311962160697806820818658366, 46477037996377900587301879864693227453073015321081714126987311226609513358880
47091416540994705862121104274587944515651903440003002308618572443869610634885, 69318542378583692078338216948382252122939717754049330662031397114743406786869
31755069131671309093831969891644829909943263611065021901622923103048600969264, 76047396233682875780651733620626227512298284261844566526079887079368553022500
49754140655656331548576535653357416345775233407069936207371137151135044027319, 43505142286496928381394460922097411497239474412024194391834086737691824027471
14975314458440213496478447668004528837426789192478798696333637613562513493687, 12779760230187847508127558396591706178866993361686139751866922213835559365869
1049924970743974916080297422392339300451423471509113180514576440819632495838, 36521039762068004126139538529877292159297231101784547582836030594164251711408
25103668518920800974286752603450516268824708346184530667467668199409945461532, 58284713079739988218422019293308697058096430819118799887859973602820449044699
28533899790251601140719628731582652745196745260839488535227005364887071148006, 54457265293732975858777614234914451879705533791781909735170199077064087070191
36690414795022342997296062687671612801233831801837928952935759973760969950887, 271586692680056479923349128553141672339040074738813525470489405941299419520
37223308986297726178902952581236916043545121841577877503883016899121977686000, 74158963344057189519087016763368120950818033937719937074946078340218653571532
66995676771375738147727316757473159345086269506727124871956426566435172671735, 40639972586601762388952118654348567281277401843376803349612065580226495331853
51705337834013687309069266104090822173989425025684968725606778076526332398351, 33196982174616625433198481759615538457998507741208589498768741971511257018526
4561633627597702751671571291825157301676426709163312906437085305243999689694, 40782406324487748056653145667789094938063721335756250486708490993134409205204
29389439091544660274982625583170289752455452350156772271449303629433377549239, 24723020773270110889135994063025032114111511656003186153002074413827483928829
60524398060361497994604568012064654516260530936948229616207477644750325273035, 8070484542766931010149904768505538509958369992938831206473720979399397436960
46433765666678954098827339714604999539201895504476412828738664079874389237624, 62363377821228871109842544640873210579249886553830690449886421947052145340295
26322506630458040837925006737574897107674708822606925591860426332872201383730, 74031549484821598540813268327658062696240376938775924827481099530817334017346
67130079369570184383240104801656017806010366919457745625840617965615785896750, 75447393870522508014569743424362534805689054252535808799548007160450032928141
33971184258941197290479924978045786015466424392748897839849452670740046054249, 44858108663825105462783814960455529065253060854897288084341274472783055702995
15980860530336344070250661474617171801065252443261659364520075265762983624232, 3173688908924172410667122679023943332069168520335097744380110727162925614888
13291578301511701066704996479797576671026598164273598138293774451790377519343, 41843022147937084594603173585931752011084797952238081148396797368675560905445
31578176449740731936643432223875702963899664831968509528800875220242451993259, 32301815274385381177599513612599037717790577099275198785764856359888981861848
47468356261846922807678209338640722913291810525601687773550850571117385719897, 1361994556323640661235237307304657220003530901372310623171649635575602500423
33255443680623999062376615412073436935286068357033130532071163139996773152599, 60562587791425333339486140514911434091211152493443223430140069708605985029623
57396052879978882384572544619199247450958115551355462254784791641457443495233, 35749913243383918758435432128072642360520151749454253990372531504922557864343
24964099651125257554714112290104517268891910598019870015398340830764291180138, 26418786811986407624703594038774475060223513438694439048447571959617485245871
54973615817128868886932706746117652683373248388497575913546931438760077228435, 11511440593738737433666044660627435016899762090436790025152666554067845088064
26081352197462776333337328056131110041002385145645389757922104288805761494451, 28835372875588953860829769777487136138519934713149484976710232287906508304521
15238569348358170758018119706644789222106325494535004964305473352908573076497, 17822820949629970966945608069065892832588662108765767346988585393535081765645
20420770306386983897100311562937959242792107209677039366508614134935526188513, 44238546163924568002423654614921126884640740142678261266770963377797616946398
61575127466752972440436263218718810312912844631516628612145598636396602611724, 10533290995185065358504813144573516336935042215727199881896289572288467322596
60326618174133744019184615546689910534826352163096166683831782084897875547473, 49162703821372191695453656080376979432957515855592909555498542110592904150983
46086430725386662737609282938574313241361667042940390028322868527529757774716, 65130511485959578508718048259249731418241106115435033412792310404063729874789
14763073033842292397321477229565410172288281775678690467824416454870108994180, 36986787311346037303743061783632681706049566785712264165072570997462490547554
25856595722408135217705758452015353383018009298396260097769983603532255355791, 29835525023158135097341960212939911258840582420222340865826320041770128577670
20561157181033488712002678377632140030818550484105342480911989982967876602884, 8869631973691388749055945700747364661792885769659471486113156158878126399089
69685905125838987579153960315389364749492498822851822227733402116141702013359, 19229688737591189675709325244733833948679496319213523736947071364845349679481
16189414719383488756540031971680671583055959431366255914578606228307429319637, 7566373992875509512829717024423433044628992177492899049671972799268677161686
22174619703366753349874700855368550377525590791966356214675547290593409900433, 55577664681776599344960240251413258029043546861755203211196145257480842909286
55863669854273670957506647102276460828588747357014003582539931691426148309666, 1003923194019319863502328365041105607907148546394132550292998308957753253426
15142901625099366731289850631767224899185348464649740115210248480351870041064, 14944768044629092473771018676427682884934925258448857512531022011321701018253
40712170482746146016795826892832080841550739200839630957774789809585885513787, 64942063570153954501479430961853483826373998262122516988936259831907839751509
30981214234614367811920939681259091852017406331605972040450878945874080244648, 41407613352883143121585377745950454039339200670816982710070364402782273419727
70251700441890324556377464680126377123231424307203121378074187489781207996130, 36347902341354314138175471799997762266877502800133625322596330628440681452833
35142677256479861145404063587481323332909268696317781092615895929484844186392, 14864885538873043874887419724509652867957101137477608341111341262077393434207
22911032139969393562397529830456043905012952050975265532366764514167320194839, 38065161347298831026480262374948823546933524034062101204415074925408587538899
58005577697850691478008785434551747808911749156308229691525090197762578121800, 75239724838767170983517014619738843508352750349982503309475370698662668424617
50927820579133895851933100720335672775194134007957454300113236698196297789276, 48042646304143717043683368336393445146737610008320104466326316587793377625136
24045056125948087031047784285184365244383648144736513041524029654526297850233, 43470694032490858550675549503184528106326554940275614855706611462265208403148
14279339687570713393323914234181369008671646388369584487179774503411157613326, 64689497168610792294478930498689150021184082033589460723281703651187532596688
10764383469885265248381036443863118361295574566921810287478001307439851582164, 15189447720263612565476264916608866248892142795364022964968142413736983397577
18678833002679602255415143786210795630259487732747356426826387508221632815148, 73182602790328120715422714144590471320037143106289464235099593934032255201345
19507057530868769426025708353500720951565413737921427676035259822158664557565, 23121060880936597979927477772724024859118690027666247246934552850645865719987
75106687438751680595740987893956224151941842668396285376733672936106277633117, 8242722740786274164125187419989059588821825762121701244752170212989722648974
45224469332424698857343196285238119265690853550792543562469601696246886105639, 22529037990954935847485978667134193473665082323047012053339338846640655498712
54493371325662855531437516237371069560856352280647745916165891408789430009947, 53317032630683251973037284677353251995315672505459766891174898009331514750031
4504548570722081897916764985618716620126835345992338732022665940845844586635, 52594849941625164508253809818213044433360313401770835516467426036412937422535
20079077099215793338926192053434485239619503719458359316852432597243580167118, 1947175634951567874087814844155963649571975170951430126717652310206537795446
6669039598845633118877862673710684283658699586794560691638692111762248895187, 4331445307318350147821476349809110774183684701401686627894340703842450271454
73111659515595210882029957450795292979499833733796913158069069671534643243755, 4872433733766706625317898824282921306609220611874026766783956642412375121018
4448394722350465182609655825740223562916618856530048992382596634631660557518, 11667299387718822091691652822113331838892322797036592262890198691128186034358
75213546082351519150869468111705074797452387265857068612962348782642168243137, 72419497596722517227109311975459160791422040247786109990610468790680113124240
6565491885403801409803438519510493239633335899874065985975125923505636570660, 53685512011336900255880242623343925309111152373880047406176044113594341652150
18579131025568324358128351809081985077386016271819355745614627234962885760480, 25747895885823502747926110132023265246845499295145170653535296222275417668744
54860307141907847094941143260758151338076686646159332552753445809998106968515, 58846104441444917999301473645872171202365698026456552707671365040534224616847
30982511515614124706375280980922463613274582020434407207333719736732836621004, 69216379573668833142644910113095857159400599300849775038995984620532398895884
8613153791908791076330973120633324805316315742307840376397645225665696332267, 56219935660228090071562029640315894011155689310421588248719957760019322362263
7269283200982178316418360246600215664493814357353862579992795652214318930093, 20970900782543606262719448610135109922969869259023983086570341479094591984940
41876973680787894986965073899167017759993894896972062318291611736833995772392, 18543236954600822067411759253343734641683278546269757463610708638542656786958
2917481044917040684710458247533572794497712761686350593350057238519725323263, 35549461100967623733695380911434662236029759940894097135938745131003081605866
60055719072831497270968822614384681343641021604159119386858091090871681690889, 75884376152495309284084241796475667847467641786944282378193291548387351394902
74089870695344651999413282783707613514987011315646375818452958346742233335000, 26585290590693402054195793123865701007891913376681335292336859632943381420410
63778250150866094203301518451008443365970504371912595823834522416818259113181, 4832914888367770114628934851369718417329768613831617243595385658869767458588
54913187725804486086806782754874916887169300633585606684409534167401542963987, 73503762898605680374216780008167975985038353260264557353144948796881788110995
21237598594636364609562611516710579025899631268733683725728542975211639230822, 67807105668553627779865872327517361334465730036602146154938754999332423203358
14875587161659185166237273434373853947919695661927640729283081767050170145648, 1465693096885779763805675527232741411121273914720888063629742779640588883186
57581908996592496225807331102897222424757601687146619671743156154978011600102, 73757243118626522680927366571067158816109290132849073798122942300388845968824
2961615819391640122281186944461395517675735009211000767235403297242421689889, 24077850755618877565136368863837352007370475901347152463033225326082098793293
45405950354031763704894325532175268462832692156439797230098963070460702989273, 67247814828346326416741637843451625390984570593784584605135209243146880659363
10136772708424749414719556923987927799742336723197589510814667990124158006334, 62511974472720904090394672191578780565767367752123223689806573230048084388825
25403911572598876281226188528406705210807473487581140987563940728417280416897, 67561696848314610497860403642630096365973875706096309094873040701012644268511
58528783160687794656932969381370300643096670795861577907518726730334665335221, 43495564778702921762239874397206574549781292525112491058183331273602576042900
54336449235091062551188649637055453577905350929167149542772541857841194919410, 18933905984465944525288881725913181629147554639701541109048861686461337287502
56889940815211387643881991613850080583738840821245239439284288475739795499201, 10613282230423980971404564556494706484757888584305080718878466587895740462091
59974038261704116063307351520629474552250534648778940582276517652859450604942, 13075252426175268577475183365842265314784715886419341092514800612914345479766
1113938282768206227379364220262526482192837957621863992978628952918967198504, 73553102931900602219390104171078059296243888331220850544504867054324559106941
7478171259959203408238058038053152934691305098064231341644686245302283864751, 64047324715685431725121733250629536015359596161534672993179869817543058260476
46757920827109811644057595538838285375841384980212283569044513622669524943686, 11414603882544737514263966548637964574020834206887691062093016127314260737924
44083810240621745977795728993552062799847179802307443315057947443252284645211, 57192929328407418714529600215549056323419391940707861873324365224915450098434
246499978180046395321987694034172502201085480785853942585238524266358136133, 38994455649204893040321025438723610611525211320158140011348483546908371698988
1538242393835933494030729596895117947983876212863842591485393132778995956877, 76794077261805600375075116864535819534954760217154727472704677021531519223799
30798793540649319528887464872727844026519879127861501503013044675634643640145, 10712036086400376541517185335944561315089826709772957850090989237711722202305
35218159887989326572616452021881932621554430634033439847491707346157918181647, 70612339782223049572988752235439934907091621433580352667546852157351420073604
24412062500641081093547647176186487339582717010091195994322813913558984763372, 5449298431031677754215190464555430854545736734103133367453447666688967194966
70341095102041696529860159780909674961647330601757308756441948655215366059202, 59629721737230016468643425205260034858438906216002556654823586836754359345436
61862640003851274126631020396997530189956671500419241744734161176039722822119, 43775743793412519360185788590813007447634336269001662427981261622822272735965
23684446772142739116189424635333014460033246724709603974720793235235569190788, 66823136696617875744443645803467565103895914146728410283903794307619823328436
72305490118493946497325461989432893323484851149767330383896414331030135420633, 59282112625556315258069761186083535086825217774370157594686089957691192053192
76349235340323273911089226053495445863126720481229508643536981488823931113563, 65889634343408692949887412180111828904347472867578951535598741932797114290165
16226112342405651705473541537249685107012463663027066532360664879027988134012, 38498442037706184098509587612186754127826081140427238195112193487145456741969
7651710439381375925835785147892708355560996749805214332217531865850587024757, 6605579356139637264378138230698186818043054521914077934175374135224392769917
63665327381882633973288160536873454697612349645913288428136561576411591742869, 40732652761046544072576152187607829955830108487125262404441838976831962045428
20216473139577262711797424609177820825689487776568342395966487567142706409561, 63465208022703530087743129659113811843110064287492891304687825801850056491143
5624196688569513416275751151544783295085518698934825619835847528939388512745, 22399758354891642958575459050769490192356178202929060898142024101475811381267
6133316217215935824523157680582588352168109573538201187149435551786071057381, 35490254719042191494204997210183993037112624984319953646303215536731313345072
44654208898623035213459797769444621892033368047013651696798593614826947261515, 8428874459155936210997594381662307073072517558029928111820285066224294875510
66512722507658761471458528589868530418471745946496450027634573535081151830285, 49557899893303810605743532989276058909882136677879921582767553418701139549922
53411708444678072352013696463280782543732050573634370003041749567361259499749, 1959646625335837730724127084592869455608347083655205776048693676279827944473
21260507415227778637075292804001805124069800606530778965053902955980388930943, 16057215415891213351621355906001523575489553602816666703561221718151705493230
71442964210238976685432629066768305723166206238056230614530598562435271724228, 22832841258192403285599978983087467873821026618320900287527146927807858388520
8897117802082247778765540823874025593586536425984668147782611639949197157484, 52463804017546273482815606114497465709010096111983885899811527121194783294209
72465949903913000406315641991315569948623698823380162632050242722691242373562, 71839316881186190748719145961946998207736368921558047492420373011932969490807
35443602961027670109379127527122519890529935756270825962590716669491539327516, 2008888764630467522804845158113253626678365451855763881704198510546455040588
25437343801668873341843567567353181214827320740279189340244524773710501055797, 21140202470834663290005242255083275723681207007732069982288581237935331631471
12945394857427522918676723508412974812430991591324395796716802679702877652481, 25294337481174817743304738001276524992559022502227421656993625142415374440235
66698120834972678894966598801190929028844385136936837673082516796951954266453, 71315399394472575938981342519423457759833006137794560051330942944812041038357
69298827538763866137360459087648157792808877605234891776190873876091590901654, 55496180187900024546567935836454811503255845551736407195987671608262871416539
60478103464078949734223728062916131285708127518137736681490197016445046416552, 44497530307218747783888226240948800590222914298699717511247618937314914282942
14724491672240533217080517463744500113270242595483135432254393643579989393849, 67283231578036984633070433856876544298924841798980131536945071191304254680067
59802066540976548285148420913630143141386467849699217082312698358755293115809, 29038093596757942893447945473612299595195307516489646992056800268242923979390
65476836736753777934066559767919590843673021878184680490498072225977921445681, 48828905174611964000786075851641206710802445270338467537520668691574693638094
13573420442996466763080919642050541407159320160473966547534273315295378898830, 13129234742408892424635640346521707373005011617381252865952718309319261264902
61826041073924513983959691757978639130876229687361711675320972477471526626446, 18433861091993238132204245614360652189742214668140646479456600676744350349072
70009453835548666024349216269220796775872095341457431571346009219599546378813, 48921783076600555625896672154060025716914957241092987688169158800112558991117
49148286886070479227163598281937911534757466063106002546527511841206857468525, 22504794403659322689091523739447509966461284021507574845559067965839315521304
54745119808067953873770536191324644746708972729226590527667103777043742409006, 43521568804939921038511582911732395757248250944349578881412658092497615951472
57704337797858444567325471174659419665977383334784812114211477811333317488277, 33912077631690144250863924788530120428290657574258529737749485570161528702433
2625390925422006046420494081767128079909398211289732531911688330453797533853, 62828043768994793320013462719064550137235696571123467323756113511341309903226
74601090709124471809579840367512579598286991129055126185603838244873509696346, 26820933953368693938485623073997047147647943786652764271293363576789638569442
58379855796359906104490016879452581947059705492090513195857285588000379555587, 27996680142166830831062842055284754547115937707650771651228817658339420748260
3606721701328659258145594559949360256349404585235254065500889049878590180194, 68779770548018856697252876260193217985148072536609838412622017390749613930584
18247355904485063550191563411153557828687413612315176738026491454140410966365, 70009192156407810973441430723893254723296346465892476192166629659998743756535
24493114168512180785234689711280579943747293252099423591579234473271391572652, 8228644725215985672065621136318275230623439091068635157386674136187132300609
54627547441139141937037934090185090736505792449792748606636842454791571547675, 44879929138122974218846754348026208060683978151366463457457302105662903671377
36552237036662150358476152287266021638089178470503493515348711495449929579519, 20757657144785994936692626260732104854075947512029854838889772793081032951097
36723897575876470427838321947939143497669369363867145448054639759550194334368, 26957215152770056865632088123240456155232424009553142698454447264133613922389
20957048919307904331545751834386624464642927181285143747908942520616071746017, 39034105661961572212836310224516622182838408429207724224502100186840734853536
58707864171338522016285061345314542453914805528932163216696760510858626621161, 9880711068606441296917660967119139334752475382799248553425126997083223451647
48473210675514966379812800013362389214072396604395838186105118067148071493829, 57587542614342488076221852608724460601068378159919882356983519613611130305339
5984056796062739364252601770335533273072264319157688755073940856041196709175, 4064757904568095667051564503665257001119175505334534109605170933778941311596
29049411272307778364280050172365410265531303803937895698747359059526454468519, 14280179694275106368287848366868540344760743990148343029147668522773595357699
68761729317212927640398520260539712668603579266488170666920602992409413748280, 48297308500117638940776485968069128145629449585746349982577301335321701273571
72918766242837053648043834637808629288445833531989083879345730801683016912362, 29421883856421532159517760329445898385938686449775701587744760437462761773501
6740130362894011609396893759153442568781078161223574921059258680750816800723, 10465779425248452724013166463028274057223910602933248813383685909470415940137
24387428610294197101282002413705221009901296911632859218338594590567581483189, 18728304786563818385748508503545275417114118978904893154953355638913471169171
67839915452212102922637923525267001232415627066688704717559782593595115729448, 44905998352064349901791625431085731451191218006557828756294280263606547625185
55458188625013085398113338203942194747394327781091003438544346218342695419441, 39537784754769416499618704146624685983558758311070374003773294158839290755282
10894142879222255650061850556923547953705790055397983259957512413268190192473, 49419856378693025544322332583358180073186389707803062834494277381669452486382
5304528480230941015838145730694143296564345983733466130843247262844250635271, 48306191865632433320509527996952372836092507763864761665219208615583563215039
39031252735781462124321858107621204426852334283509966892584462253024032245070, 35775677105184045521101533264047898457070721746595874428490396317046060412083
31366577256831228090527959224832903259813756628859953102588133324188240419819, 58464043526541658582337251338433159042883181399756883926714517187480731082999
17771157215465301862786647047526424448653124341861274818487018956134040069162, 49432264924704278001335949702859078884033221840668378401059687883264885567761
75443330663969305572789800641876597922042980354676779729696945831868214612205, 69363955554780131897954483751363325560980195492207342728144236326318401289730
1063875951784153389039212198144487778617811982785827805109384251991875981631, 64551088932275330062563156095435970747016092461502916789827716567601571426893
8313056433501860997407405858449296781155479526548029497807538404104561027607, 53005028108199666653469942377003472514934453693002949401092424356585072408738
57075097354775260612608137173618691415946525371991282999872528788126374558775, 63668801985230964046811666436863566305075681452260148494175240370461927076161
37915122355461047178432367443764785121666106239989109667979922354490408692729, 23742915322003175148577489629793706246690860944303018225294776212611113240553
18906249253081590571964432074551182685902495203974564865593488320052274113541, 8059480134307277921708826268328476930881942064971165157628816392591221593837
24528522405190416773443253276536864170193990065479373915597986842690491783049, 18373869391610560862161901928263165548738615859645821084319122434136796739312
29839566921733183390233861107925467298535282580173109344919190158254171572917, 61393291551033526908439959504365848356944746783471176765714696703888435632043
64895355815138814852240680256069261877936902074925339232775480869290941980451, 58059138352971827397887242402855620992055473554747306352817937756046794544860
2637413319513798806515333619241144479387034311561800196621941518306468950511, 54494116940041897597887433517846567539901022942650525123752130706053309867830
22129569962209905036338690408200526516977163520823373998957091309257746813505, 3469058250972464306820575261612268983904302794825942584709257235083918368997
73916974067985380538286931791982780567866918502425092649190893249804128610904, 5395772747166315969134503752939620108828412916991601196345608297266729712934
63026962141608669892545927089832843928581056373620333739341697804638603714523, 55431961282814888040247217000967450766348902482048688426170593928541738917575
17468818880285319313787523498477936971462589941213834548368592264701488376690, 46690127385681670793910231887435745561209433468887510205811054751660006728781
19559196955805126311046539255440022393370208080903978059853322685028059548321, 728863091837619591107682097111647244055837676018869619750996026890780489175
70429108904242041517861204871443641452490399128672152010754430195604737946331, 6654400201130919313359965611793486266468464112482125228924360530231665372661
56263548254792401737304497970299151915542073357524095673601004604684086002528, 2963970037924895080293240073045312736082131712423971276852452824045005482708
13150158668236069377810814208350099546332614612741935216990144187495118618215, 46965163683947843854914587622453488330494003221700771739682747652687085804733
4813996380713329405862973040834737529791607826831501324801974005879631848965, 6501572115981933729231418702273169824762305536886287895528531665824567345962
64371203429502988186980049541613561275246438020232161592650970429705675857883, 72064714527212048014351698771211052511352477870890263634049495573592510774500
19889002717505944091838420806639497575553676893911984499643831937332411277618, 39007458053385993017382189287547155729259323148102432512069091940326447456394
17830147139939833855349355893700686707521715462017687402727908325864291131699, 32975355697156172837115963097245013759352409529994084832872023240840538233276
25303075520587206575269156916159289207599443658236895051117360548231889721485, 10164521308157731013211024601560408176191446506515281861807722514556715757447
38363957125545966938267857248327247721393871885067577965569144031484497144086, 10341824015801641997645761231735968521311640227652068562409470783863789443105
59511337738564305705344165204345824700522355137306188447261795685098258481423, 32630532197384019582381122092383739463815676776564373566699447716368434673759
76274208176660240379373330325311077007591169997236768577603545747114781901067, 50671683837279311402583693834954860686885233697262958194704723879130420463657
16877340478266851176374080772612238328474882833794677611274732457077854531937, 22846466291530646593349467337597850648591135268643171776168535692263608020592
29425763050061103760850407061159274464089995537313573123603266864066114691134, 45957261568063958470375460132635613421175768112710142476462709259777238586719
35486685224283321531450571721912450036412301119233091627407497626835978284692, 66473381645990423860165452607613616386188141142161007709664742652195195286283
65961908870981343054446672429708594534992601234063121593131708579834655548879, 41590680075001901099280471110889195318072188455807474573279664223470530561056
73626560473660430757313853152097709486717610039867107648038705461538378115203, 61165837955298439681652527938837338239707670852002556945547242200803693376169
76620044623403802895233165244639872203381855075183035271445818082179655971514, 57217196284282304838119058326267581512107243743512594444579995820188060330034
24153671322108209187107838060540123491433215634442125519750295668214365727873, 58076889333704607981736568987322822246330260945949042657147979803048861408996
46196034081374205273284887199536601639294658689161752809666967319115999696520, 31301181008857614565652567763770090401925560684532923889946129749416529412222
39374716959326906452837967790325439891860230081028916247847396317970495103319, 26674559524733644894048806160961739763184029595245517619205777980186963367371
18487948022568409038050050787143965370094752513317201527304587712642543854672, 8827901938244583319397960457971512145663324671574863409544434117170658990042
40554990918198702231723212501969584662296764947803217711670133610590964797717, 16346304932981724202994468604507691989535517572726830290378519617977906298707
43012084404585731023911172656859342748421305764135686618847999256710938942120, 12615874984012118698069614473350697776202210420142672599148930133423274205608
51172977867586475376901567999165187417645025180897574167961909151998013224791, 48097830266312750551640670726975449090101461843185362328420914629185311647503
71847172046407791272926480333743263800375612118710035370328515270833563313552, 19674843634435390682351999759180641897180977305433811252050238289085131625981
68791489215906561496738900889135805065452331749947607887336321302491103229616, 62804156255980746625665977840362580207590193233467948642323255625204839720131
20648656027093504899255453563101150381579820610889129865998991003221450702609, 75050835182017434958576423970916415318559769847324604630208382979621072761703
33803432351854619462315215357481080528697823484633056489112477127398461056665, 8137290540346427420219912264020581788420573502251674181130703696172800615027
4013417662550653068932952586673397445243476176073133686842247033029575401547, 22529714522944969193677743616556150438733649118608990497961345787663395334645
48385273506063927086870040186314762227361281778295200232244311249393905860508, 9038550011986140875078795119667242142916073998105761561661989415869708722519
76203769138928026130958281411564875726382686014071935803937736404466436647290, 36791352218076373655480361912729285920341052530247150759650515966669236679196
3690124210891418014359013438293111382130595117974059282515604850657004785243, 63668126907949160468032091682401994563362113887570616571112679490130306389300
44942060248344709510071810883928268707221511274760578657670962164926371257388, 69991901433700238275216932438563507447980091496367713871355771262328401412007
37596601292827620481948466282792674699673408388538874141127185456939561229527, 40978686247605025842745268848633517589470488264953625571465734327239918246964
68175399894865296313454605892193795347603421868318068312968295528924701021760, 15189076276825310416251765002902170402240212378611613008083298626967493002507
22249405748118613639026842314083504430716252037257247606436818180515603266349, 9859738327168342396953417347300444595490047126134198390831544072237007820547
33390996608050998888842203326230876427927365725098217809123505580110920267615, 35186272921309366044926531717849850049407197686807392612047735601139213913331
8409175365593935443099327490127329275517509979406401486297908225669454042148, 76023529841255874814560734782959089019704205603600270115791833845558889730736
69239703987935115638345735787955019513155730217616444754190976235247049983413, 1429533951572476628005098110346635369296367246474687078013028619566601654189
39198950901490446711054381827404230446841277015058843182492701468539584374313, 14853438133673301609152145920502470184390936778663117463033083665667733593793
9416891230992313844049481898380982170642748530004670277952769443377068375235, 61224319816725804361442779540202531729370487243736053548346607505516271385159
17419872182211166718910455575250421494470015785610755579828909797632715446104, 46264791531956894620928299396026891101674724614225367924828953843244656306973
25660402537781965147008036917579342478937689622207848157950999736125773981596, 64150908811458794378325965504671105146702072996749146515587922383098716985450
6428253228938775505338537376630141170767145958757430160478907989928112132307, 15681222305350288685853137466901347944920679399604961113172823454322005623952
22970270351523979581540086564844742427889168723759932028871542602676027815655, 76075238645076524584310115736849886262930699017366366435269774120423663576273
19078719930508363286215510752853821857874864766667700707989577734313615913433, 33848650620031583603922515270891148141083725293634155470181131706051993230173
12668817320380699476563569593717108472163474778348210653559843239696409793433, 51899896283743810674339382802256041748849261621127727675065212884139703301498
9812322046772539252478963388400143276418986351650849862884611512398669574207, 70744646891368632409975293398336933124749156755531426980198174566739408567054
12330596986623941355887939521418316990883179246498195782693495900729935794576, 42814707610848304303379934558482531201712125974554222309060884308728717049810
45018405800042197205900150977047767907711360406409686167424286424120677392630, 29251095998084685724741553789743447963865861607042417444826364745781745764134
56394048166873102894116747916780128752950726563384877365408781084272636563952, 7406244573254415635561122664437308909013480312574260638407104607672524986090
43448305915315244569643362246473480583282110074748024814251696618753648657796, 74594892032387872848626209261078391025966144153298628482827930756488654043975
42638677383612248707640075734832799426160286469895167388278638409967350749272, 39328135739791025218870342705878809034063621934850575249910732556274971202698
58733005082849068264918743428429376406941798754143145434718237844736308420838, 7533858617737297398219664082092300180907795513540668312905379089755841476751
69895662405587920255858058809709569269987941589159429187609201954920557907356, 22789354709176969888456850957678078403020106891117070214125334158554073183076
56560211548862387221432911277409122181139794499107563387638726957393478914667, 40053209305743831167868576339623748691009958680382338892548429462810959988526
18565510738212000145136221103039204845464726350907657728827332914272119433601, 15391468409652545832033611353395317008920775011273493610177067524070442826085
21836777104083751805789155387418870879991970436527559838356662943263353258420, 43563691889116627130567747937169162661743441968951370160459106980391735171794
58050773307775520721686497721611130034282189814789421604674561001739532965292, 27300843286312261127807217356203115936411684398770423450847649034272005588530
69451825137393152453094210046515287362544714427235970005916660212294288479128, 30298729996693283768518885039959148064924866550186407246277183039984789647414
22998915532160663298328963697475806740770624380324107374003935769213202474103, 75183822038610390883030084243165635173192756726142515958586484043246494631711
46458151969029422716903986604944669917784911170681633230128349378322970586603, 32659247713544455392903798604428457605423701949296560762044951983573578374101
20618618866967835725344318872535336780875881898289620287685075246899210087981, 63770262633005008340904569189902691176651749988712622967546381031711656234624
8330952901085507595899565211721784649960509117774952086231274196730681099536, 70668750767839333626118206730345349461279569289287682482134476906927706877431
70912228058422058503010512453644799512101899621905849678242414536789786625439, 18585140890819764940431622361968840749758826935449730328857804019142047083204
40754135510149759261798113977008196817104269839013822493217466482221048756660, 33239015266495864341708777060996544131820579420296402417366664456832741020678
42932339918281563092068601091083996622515837559120338071845357481421077178757, 4655303689831361433201851999722856136663009333547767365201056730803148250166
327090693908046849787928330858184750323581574375550738186891496051143850339, 57848579258199326486852356919312260505332144441298315486987727818702233208535
71749118926386772695235562571755688460710723322972908208665763485361083619627, 49488604825447450610137456383490597733773151812262434138717678029581544217487
50564150487890109375843741422685432703614766578928937358480618205651270653831, 7823101979771667769663395765504641033454906995262945948414528138763898195683
51990411679509293753052365482066404095273774149312287179088512323158188972331, 23924799708586231213435314587594314666553133764393856602562710364209018730779
46160400496624382062657703072282190788776932686619476822383446953438630516317, 18823687931607122469130575768900509238799809243029045505188209439609772062492
47579507250989242940911361915559005263749735323261308801925422745442012125139, 31928416388753574307044982497927332553412535865100960872586044745794147967574
38809926148084431167292902215249072566736868529495388737656558217422918964647, 52655049022771584821671816404005128722300200425604761099301695820141410855608
75127251756642957177218573369962037245846010391340502330144916111055300665045, 35381106266286301005784673190796894559676241879012308195442941347638268423329
55157025608984383094574904947948580388016769864793736795373680766250243029823, 12074246384098491265693039030938663840709395785466765777710185046946372114877
25220682731277927707181330700745884432689348453352288167426085880409168489769, 55108312871391457670774755270802787958505585482652412765409559518747978055422
22817451854878148705846232220903807974655463402068738310955413460045308202172, 57776220428132856880355041634645424141291598487911846124568539998194394090647
45525625429219526105403919400109768632890890184611400629460082442583889870306, 27391100933934387472245182887290908102688343260523057015997612577411406994204
31777741678813271521397885511866244121629917214967611220943823243830513664721, 26390132359663898955809882914615918920512526874578363801697052361236374588861
26694011035936355037877186658927820911013442580933342890132277140260215383249, 18219578766018926221069522058204306161383478004366971277514520864079391237713
30127567175546052621051843181140139973503415076376908400783649970486500896121, 48202031094462159544394662440356910293287541488453543765656449814949065831101
34538267774967407265500634331579103848158886969997942378729797908799332834806, 1367209168041909340227903020483703176288543246791870383428719441994331632788
46434105530028484675477514322584423028902928267897281689702576583633976111802, 23668174321739573121627947661625225632028529133989310494613143277066144908535
10557899489728315824366335436143856560541597445281975795528277407996167155584, 69773663392179448155810050299691556933627871058123248096450528671878206300927
35443088907507725242845558500823306904138697500892017580462469670945384804151, 517376857655558204821759585564233856499319844125126962898138713502777912603
12426074176072223193823504344602479021999244417517956618859917280151192812361, 3901301205001168007694197658756230691106854592517341697202529537054460361631
75100609411517614283970939538813243944924221684089658005453539868929488388443, 76611270886538050799263405001534070078098154567292791254497502589289605183135
18812747654547472912285870848085788169383093389695154136859476415584706484307, 7518369553110511734430338732312810186261985842495000387765619727176194874296
17193722281812647141223872176227110613206245664217111036729494945433016083774, 41035631032812160252647264719786875333194397408286874047035895728280129086113
37882471704412319415520446778957595560819267801832171028011777547029216696709, 15821720925186575017880940744865200054560298285879414511049620110312895952486
6486412157842677885417753693782043341813708745281208036410434467569350640083, 58342472145108411474131245407037050386746521145948602854564792188322467613676
58262004387158513995922358554635979718119824439874551672198475936344351383520, 43950461449685911059723192342476375104135588438993523487530269857609341930100
46307746423910863806379624994511000728513441978482314382275876613268343064326, 52839522287503198892318761646642145093774573246317728009026289367562248532960
41091727749379404897973431153100835362717713325276962633641206447300230571350, 66151220243298240656202443111559949602631805574535831496989396481729392486072
17447473862924603168990388090834608128618465884105406152257787777040372691303, 5937766137893724447849801206086907324347177945461582722089501859093145489825
68684956352558200038391737970300430036205400699054842184385445548916037151297, 30617205656492898028333559103891007076801393716022213981033296436287393074191
47737411736446274677758249274009957366724105852180759785939417941250863681940, 20063473426119536166620049340222512560451004785902601825313161495392972395797
9849495384199230811477792175341519636597226496149189255883639783042810731643, 8775950771447092965518587931572279095100538959974356059400132210337611367980
20063012443740460347702804010782553108028122156671120783393922461731368228394, 57113605684428631495750391979587454655899368200655813716107370330643104488229
19163396377859686821996829901215025348045264255615179983923389237204080566237, 50871579966005021815436634610641641683138080235795467112245223476527703796252
10293097118254605864118485725892265003962289219262677394660152865283594307006, 66709290961745783949738085761663580664777282266423152060682500465216008426192
21739953678804214926247418294508223731993982549275883339265324647105983169842, 74000469645786029442729697122213359745814280965371600223753174608663570449995
66078588516120617335207319279519711509034271040485555931746730895671791267610, 42691021601400887588644525306758795516767036379423604782791838700982164432910
63571968541219829065011925507127279413254908940610717469232131434097608635886, 13523061475852720615188757282299978444072180303015352890622507570776797193362
72448053082670451362361321969526504696001854967506048376230046784907205778251, 71156486238460875175061331225223530416139975250624133338072497133957977031806
48015859178754465659905881396825936045286752495726224257852699648133402777057, 54854529856272593141062890281124472048535631713620304551236978817654608614429
2535318032110047337563401251632607193341891992019163508749520035520864530671, 949744764686334322439984551046654908927661684722775916259623921700916728669
36305257596668771102289881846662819913052514114345212125914488441449000236220, 17327683117147179129364007131085366050470635502008880086450506607590682290084
40125693054075547768130127093721494002757266168137996953133364898987639764067, 61958761050885044253356843551277621335302989313665848580498144212181811711266
24547350756153539233674234610588569936232268622428212111850710837234963274843, 16031275916497546364596286781753664118658384319381102772807085162327151921177
58474223050631463031501654917900823658516767797324901473238096537490564744979, 44749019956102623383217054291271020769729271427272738601922957902227350772971
33052088465044275494160404988734745741471383146519193100675979044822216185002, 45916668864184453592259576420470031484108888800058327169058094718139057843940
19187910384660905282637383433914208950368312947120772072684064997938897575827, 43076396820234703480397610347485914971783934931154592364079029424785363085471
8645197875065319496087561751026663139701512124634059848077234216582511770806, 50265574809664580526642212137774452558414369673051575666882742227912811318827
62683039760754126719759547967711351272912352726274358950088068154255165380913, 26156200333690174905433340134867744468950129672370241249124095227291364977308
51763432552471818792159226165786334394510207918307013004402154334579148523889, 70635975169587960570264760708398212626485270191407118551646705434566978012300
48009143677943845962144054978076839713169896818132708026051908312160952368109, 22280152082871782045678694154899134866366085405038278543233066077299917926552
17924943903396814641822497338519337286472899662237260281497885404326196370303, 15582498884449056050975782358578592435339970215217604252228381963924128374485
40332685687478008764962349179583685163865121635163002197516220885442841666059, 9555407436031686982112932468700536525061501878739100203497995741140181291223
63710166415535069934929481059932924765122405810716198720621823995558320405103, 27263178398378703922850188506182958884589061445941507944690692179259959122588
31484125815071405916541253592634849817391331133943069580711666178990587156237, 58086590859020142132254379226843635253194781745395953815682683619808356267567
24511269079132844112069875717296463052762099609722196032107821596043519101755, 25303351259909339658066295785015119126376767904500318251846512208193678093667
41763445113327047082449281109263789808404265176760192482371219543791870702266, 17138658535819803380631670091977369476781241201164089650848624633960971177255
4648761291175792151107692930631594051408361936234598695111716147105360651846, 43635015300132601123543110049464387236843046842698034034774793711762984518021
57219802113460151689433315469551872707096622488155178582749291708810391848189, 11552376131922441775099583665394263244969219406953760381305447218364012589290
62709752107722719583289395783853077681984212791396210622355810568109174555577, 47038390896754448788769324162337748529945681496689642676105340634173375457391
63055749620204582721253670905364462605567007112526055578842228373804413121548, 44362775401224464484759498576364112128104586956125070824160395748981058526649
19729385360731720572438394681132206514031941148538382951316212417749483551066, 35891238876693549251508391854883164103657829876849721904682442409049133063772
42831802069086079582285923535684893605440983095431057305527329049455831412271, 2853943255831387054593889795314923755095730396018412381001738665820997362093
23232344905680788733464833882979689572506306508264200813553174554776038747611, 32320233630058004381607550254680264099041505346671702967779056724364332965889
34317254802684638649173210021564755039124137907656226036989483097016035832788, 54321633145927273716144156901923693623742985155787241320146606755193434455051
7776428509042021833101163577016417072149209704155772687433631626048872162187, 24252081913410941227835860457176071476593698993349316152269719452659817746911
24071049107452773529924265798630587893651810454270376778751608059559790388751, 48569227503305923531147640671365249950972730553975595004988673080535510001607
66131598123073730295668418059483074512087015516988916332598005902680343084160, 9952180761377796712187621128390126338090900062138718060640354982640180141759
15613591439865770736338291234931935470365241631499596872928272426377395081566, 40723426647697393569711217189291793340624913780068079109797658251587115813195
9876543888631792556956863254555265570805442075293769046367017113750170117624, 12208341498379021799730925628116552304842192073304275283482351364777457813225
46668196906259550223171396417831757158205278075678553995371089335098130493506, 50431536770585516568703378477578500192384343889120389448435463775179836284604
31906608228836075425910051278409533613462278789797767576148708727535932512228, 56686381638147572906849142709489388114306673036665326545393919742902618775048
53674454872299886691543883166314698111655671730080179867403106938898259939683, 26968739829941074860950895741566860546758652130169751995319759320569810331873
44180043410845881673161544717326200607780922896001041965069036797327296879235, 43037241749482398435019251005760300028405816773828532972451950724646356036334
5125330757308852679659022111682049932714312493305118986336982170126803453597, 13655444660488040349268390432690868078304667441308772831100310029333608674415
54289666177406708582718494722644058542687549726636571263920485169094020545674, 72631082673702882183064237693308653506081513053658399333364061418894375250933
24401541578867032607523846772980384962135631876544251884356362647541261685797, 37713605102349053824027531005439357874601540276843878007047017010514636156925
74657244903762111725172090337772246583610344986107705524017220537304211238322, 23960807388382022817156976494193985374211882549610707546203339934528537086718
67756307430258406071189648592376866340083945376407420290157368902523290392967, 19333868582105354222828228427839254091743038062285486364474824167750291266525
68310613702016289550921868685781568499075838721558529536232970931914045807507, 34679701861167086741794449736180567234747252788364810827970186387968928824250
15752946256750638263981733475938318563243334541485384110118307033595117173315, 71774557131923605272866437754007889946782483499444608692492214637215327120265
15567680746732994213520664706853226250723037866239865318394362009381543655620, 58366004733291436817229943830700239875511725812147022248612260115672793684884
2713761794382962336360562536670126236257336919956682691085155082166085837750, 12240087296651275060349003217115147902829496712961169043899606494183061578315
5781491045757188676486627559276931581654966181541770681460163348283603870685, 21329572650239514730951569063320879509336188605044587605072848898712003692947
7578173303438628875454185386231399725836916191682150811389654805623386375301, 32132535462381613644982632698556491695271154514354565029949634923008597501094
1982901020382721517068608340874732340407936898149688849094545011332112218486, 33747958400796114181112816829477554094710945665046640714901115692567543716458
59205983077971491776281001779114217551642422204002478048091748125799893913501, 52079123109392979955472682473926230161675026912830799533063404717454818826156
3446742776395176554554362338294248796817659740499548057789698875040590422910, 20378252467249812110494291542688140600042784555169069089647080338806059818334
26440439902124637857471193990123306919573187074987536592354069782978702970696, 13762291241052170035428461566792436977104206731920120626152583796317078363444
73702310796426585647472656953965423841918992441521108360292062205835206036695, 55323851232949918495404197650409777040729372179609519572934949959644784106480
36759179625648018706408484462173113624526732889386279623417314958922023613252, 25949555212595811749840710579455057863271266762839169919197641064718223047569
18765436892103764496006611134638793459304597703415438640113529712525581820249, 18196961305221728657507693249409436555995218061667083037802193830096331760956
37569737810052775168962122378300634738845184411656187911182135058698112501928, 639490566553619367609458257978982719249397731484696997769246406419003718556
64377153012931975124205623582380787059103617278077168745831015980861822591018, 27764730451413334061918631548772803188311957426009410396632686059608218810968
30940027964689682189138709223004164888980273506872861903493334602960894110346, 39205774025937871116376644511885492732654760612973734377595026586097801919058
20105380424012818428334465971778296324316215624106119928513518696847170612717, 28001742060279045613137506167826149611992144632727113195906968619148240738086
52972281951465706716585185885917940581144866866300743895482049404619184257092, 57931805346032847621409477186964901092190183325754466239689452355987317785900
60341551228630296826617877616130473265530530003579842590986693602405466071535, 52442248171554195592364451515733329580581161817335913647777247606965040262930
15868547417377381022835907459092574871947252257337995769482622547628406205126, 71152935040219266844059756481623654373400704366444871647588286435149385942901
17308038888225644423607300964960636061878087427124425188434843533297501769206, 42742506443667934575077496820424656501339152016173839018533855856003217948613
54093588916308480600993168240295166283905717595017748969010056560917984733576, 33342711936820374800148316390364863167327174058729481271743417529157057293108
34026784093481231871568658684883461404742416389328148372208685946591680369448, 8950101201120696462401021409353968479478998218432910103050570707500317716748
71663034754511834386127000672831984812911894191342553614769951351229484228979, 46538804027905366604963531415587616401713813506113309800608885886901731651836
12800307708128923936560819610343318607842069818738930085259061409343778227226, 47625326619246443905890513295183756426705701771151976169519256997804378552747
14176429720136858852195353864149401804496039647818651288717577858673405653268, 64489459681153130392265535940430940887705815306331107795490792028202917855732
76052890947951772626623955741180509786640889173814623668112929807182452803006, 57316523838523951998057847468147814766840694441577522686848090564588916564902
48022181784628424994736925627443190363357601097808584769171772042648783599707, 70878413662131993307269081515605025219950879863964600361017245358604665626321
55435389354464798119571290458301468611328239909986184919582287496333101508617, 47353269882356322061142332112600993058507170351679641217948671894425440385636
23911166642787653084104915818658599756875109021410614041115665307099833803611, 9632422706024807335097290045493831505286375247227017030672693457800226945576
29460063798899428138613807871705936879245777622623293243359577838244615885824, 59109950450212544205932057205047363578051524672177063606924099305576625850108
9278976219168204561235430236716838934824074792673145335648839703732712882587, 68965768727899285556220355902164071810057655945460093241479338268219844036099
22937466937479882671341992999412290163220068787824728686880156714310192750839, 67731327193549021555790782013833584640998310367784261163787418313264142790765
30085621312766141265379991122608282170354890323996959165113564916378424752051, 40511567043027762750441992668845506703561475056376410220792246989304221503023
27016531073674818728275263367243645292305032924958748024211552349996838466338, 69408589762045934953620932550197542695075433031764531986136393863633908212520
32359493455084303826593269714897321267142611375904251001121518439171674113157, 39951100024117246516912419684521280355180395475329174678898101341147986872771
65785156627424696100351060980415138131996293521296305802863280366606030704029, 17785046880916452687780927400574766667567706080441726695075180433317254612393
4626411045273628470633820451219855925005421628611603114576826417059436547392, 51205739274730796504605483289673005951453163139623799197704742055740489751483
15061824033103709407655676905290460422170609244281361792212666114317255572847, 56634891097989008857022069177972268257798270248013183490595595502710408302411
58878530752082858863250856723689914853207072221594997338283659864199189216551, 19311489231978534605376222606671528144580278780907106843933170486103642269751
22797071029301940994588825083702323351010401342367366147428312942335367703176, 48688366753194755741187077573684573755612507990164284798507621373398342305846
26878566098311247603154292526426797916775637382444556433950763602572997195385, 58237025084255986101079565629869594926187123289090462295457744335913835042697
19524290746241280862077258678468687279463473581702242316213544625880727504355, 63165292169037998329613395329263184051620623412192758076652747716219190641700
21014441692025223560153695542600722764652310656127930153905757714125083598875, 69842542940428777835891045510661250819976726403829013634919809153492977106581
16754654846128300641477490532244606674406921289034947481015990319019799649834, 50091017031817515711712927631225462183625537406767284621042848520070605456674
53868070979408123824395853251486408837764839761568475088016025221616947386736, 11195638918069868580886106403236895812833690710187952439966818429935707692411
4041608018690206710861764456535811173198288982694706277954931679652641306669, 21234349612517778418781032955302072255617490200437096938185841764133366658490
