Elliptic Curve: brainpoolP256r1
Field Prime: 76884956397045344220809746629001649093037950200943055203735601445031516197751
Base Point: (63243729749562333355292243550312970334778175571054726587095381623627144114786, 38218615093753523893122277964030810387585405539772602581557831887485717997975)
Polynomial Degree: 10
Polynomial Coefficients: [61, 10, 54, 21, 43, 33, 25, 61, 16, 45, 61]
Public Key: (37086777445753624116729305317777380321707193567445178499831708162882862264776, 15009058588786822964563552721397447566435488235654489678086318779597720541057)
32369427951462813609514283420159075896669188582506609604736351025722162063537, 36129883042506156424205433100416615183808101315531325231354536919249346480288
14990147762139628899633911970552421934821535408461637054237436752149941047864, 56750220552935512691683402474338068674394218310415857116905904784338846853185
57442434370309101877187167132010568937788017086473758797634811308761115303183, 21877358140990140406652037950258194863618507406677167881937027247795485024855
13309379449039453679503297549683813336548731340396468879360485160443401478750, 19746425104957617631108858753503893010177957430850771008851334634136585621894
45057584673672171923512071214875040950187757294627969619673729047684291886868, 59750924990880768642381990584799873633812574962120419868040567226528112432127
49866623015629825778590569196439159047547418317110457292781679722367918248069, 75598011629092723323037074625080488801286121152296176577443057418092828451955
25642631507767815422288347577740463263868978386816620796539913688662890928663, 6108239133153262849670508808309023651515522653800395077598175230091644193881
64972947916318511451752967312809252555824584524825336425240505906282875627763, 69871312763703085462392338675275623060658001671210309987983731920551351473443
7264289635215712048212897061451223421198290527804476338412016492643292190338, 21328604975688450561713059065758742736509683310199528212453107835588701876354
24635303510699384195848703719079098090757497134762705977730452428336941516422, 41927564103354610075322407380688552511925249445390352355987738874078906694859
33528946478747919990784900863655503297720552520235677114312325468134189225916, 16080833037166214362454535434064501462970006298165239438885969671507063586459
8354780695309945280393813549927594123924047424495820511950043151166698622911, 33713055321396335579799286549343761540535854977566073564974709094298346665645
59603219478024674700462182235718759347446201671981445718864444980330047951660, 7143523801606412555952270073137184905491676051780402644929681016913588818091
67035386549293647288699231375175283774831400323108847363430050177892409655528, 23499417883579899617829873486108463074189205742918748363085761858735939254337
39221827609565704794335154683861345831720969898325588685296539109515962014771, 9488310889171470125213703655103184584035448842802895955810836980851176846667
67905660281080881947071330508876574825355614013834727294438096526519394147700, 56105463679091902111492802759454435034867647768680895587032839332341913120700
3923587873750897351327757588202070580321176259450668771323126016763039395233, 76512343321489339702600314792555926413029083815881399655774868943264189452371
72176323439665700105618016543443339096768277716377138947741896815293883002868, 33420899187057436836808560629308713008551023316407443812107475257691980245031
62285063916269201284671509528756009653102330952810535472670945944624954358086, 22707575412380769601332658632611857827252981377370981798801509365414601981726
36084213411961677544296740714304817324058611585273392932228486939248958302855, 25985749638566710902544389691994748207725284109106795101786741397396061757981
47079047748420663158788446106682551201427284414704545156487820406860498281822, 29109877286588129390365886841215492801579001965118333587524295011967100753600
71826322524146019855305764677764624075011342832087346749786930439731448684087, 28595501456371642139795619926207824350639203270588404009607741557741289743041
51030369779796867828352892457065028836886476045091111467904641520003330378118, 25797839753072892164220466629118274249913464975623795309048779109540956572623
24664020683201206877123453035197966793136547709156915387205952071784116361279, 8257422647353542644434957745364544649564256199710075911186036345930679826512
63136703074589115208543578575575425907401371581162376868188277503538104235152, 25135125441402702673273031871164315594194982304102917480311064380932521232789
68953484502398882127972252585907724306271091857463738175257964889383219933058, 76570476404446330109324401297070106931229092863931731245482228909805132190413
51269242093911487364628833077678753938073468683865115515160892923069133914764, 60120727721890411377556492310731068641309403941279287407995360042720413334896
69509215790340121435498880722958703232624831122021008172813225120785850766239, 66360714181573522893834015162854375687219461288296542806979001369078582698873
6986032232885820478692461535891188794816935186767797121787672434320195746321, 50840629811460776196435558874214600456289450521622633760011064037059464754277
47880556819946767773311882574113706995712729057835026449478002879930623422212, 27241791682321687160684855898770939552155153318663164766133058167075118681021
57709982534251079050132927394457544329420365496522261852606790539019709407541, 52068245301091367445222120526680833656926659640530185309953092817147099474491
25383005781142363267311406260177303441902526951594987760158069255497476669814, 18893521039453765633873434997420059003542311186822859494181847665146750128608
36196681345925613411367337265081024128334716232459784020409957652589095422575, 8947736521492628985792581860917378719921736240459019810639707976362074466215
4912425062495924021728684631487366400196643424804352110577034878636066165853, 28253581949810309811202627609518057053482202606976201353300216449342935054077
7968269511646599876775161929729728878243886228223530976979890370318598934797, 64156459802565347662346537088691262711735798705365298857185051384405488403204
18966203264479743763498600583081232993584195846427112791681833516123585038905, 49371748055100172777069972825077451520887378484798280677755161681947924231180
51607707709353462599401897184663576596739562240755063584888171414679666977680, 29998831824377291049248867390556025658802841203632859033483843809584106832547
3300741705142958799538865032592850898102116006712765275346966104363795979404, 38265595520835544702344144007769032045167458298345852512043558074149888300264
26038106352645827772141803307626315733551960125326128029063170036777831728986, 32904102380427932512717914383737419269164821318120150011284058759182436685381
5945912501622393041084350653625943668971178906806772782904942132670146284269, 32681106282187692200672824944535320051021985193014760862701709266824737618059
13040736156518571962054219442110787639487287085687930255254044526672188895831, 31028171395421041845679911990665605835545876968143417607218551610748457585167
4611662704930113436345175922696512709761166744493582000794040894185248400199, 69934406820492003169900252641581383726472888065995155741398788037306503112301
8417563976363951667061658589551548326011310374758713084039267377463298049224, 71364011042834322265482488368660700831122632778319943515329033523781156149876
42151516465965316217086513389327288000852743125235345806496417669762071642784, 52056779000319090010940593882309169422514949736114690180033555091527206278580
50440974320203782224522231663758026633291629965952558381510852345592899993946, 5578662626385776206505109446064460241766359007438583200876667533317264650136
48297286316323839141337160472668648417701410870994489193861379834447744373789, 17016466878966194690883892103841196033025877910043064619146067964088167428511
3520525584753652385334148377187890193979767388418842731145994292575429453823, 22362641085499682175067539790418093760247666976097294419225438354420249788320
62440618973650069017925273982339753408595594066944903362137139504582686549321, 67269445129116962406676654069573225450052010923608737864528374811072226739439
36196831536448489105607986873324747072569920482118574708737721866879414450696, 47438171512601731598125909733298581640535451432576377921860813088077601342715
11720321199951126951360735163640635974384432122081723661836490310011982876651, 54393195484987847323712407609475767518201876281305954335514592373922208428292
56585969477732891167289444051592370940017758276812443021825384659223317859330, 45957489034900866891880795441094351691946483312583112256812028258946276688830
71967871608766502226764134641237302477807858873873384035905067100513162476655, 37935167247291772243458285200718001474389342552795449775760137855713131656231
8230975280161666233007531663780144058575494946360026871427111504658382995518, 73864462260506448498142684185432117236235284799986172986414963496535114038090
34015966730683971313262051961871651171957471058282671962521588477029555223162, 63282682466980117044581248730216931731230512897419231018669949949208156337789
7088500512026443598081424554870627380883576713575501675769037644740269777913, 5338568720383833627737885275435011629962304795159674975004171290778010675465
47053457679196579072952606094473909320708364845539508961424180197329446196011, 24449346719651121256334904253024787345148755894877295427193178045642629531554
4249615570312982930676534452784188159112954419394006329895221880973598761877, 50065501490193116044333671381050743262548993569256527711055762347079548831323
17469979047592520128892989891498674028502906082017828547829021507865394808945, 21387269122366788759635814842428055694008809734716681664494336013352422448053
74017295420276580641143622333465107156704635123314022809392749628851073381286, 35380106448177775707700012892908474244898269439000734112188532977698914151768
56326548447340305052906556860715051639801003921034082299422450457693687509631, 20804010953732214775728006927655374188477225904128190964838389692150491550952
74702791567606837882980122174407466248968548357469664728810999409813562283435, 2568588726403971583031965473057279160780618923997148353890085925645995247661
60935541825103275842035397367261618928446113307784132890964124258588444886055, 59310666934367730366224213735460532921385747578984227949702362277658196059549
35031564254245241680183308300440358546973260250561841033759069292794182160814, 5231588921876854642402146499095729864403146767999490907663018648083224592586
48139930598650889664467253129152354784230247923770107520217650502783085015165, 22137971293184788669995664343393683547377504503680121646851534428894604003049
27089477005535271580275747836935629513650021257984236490795731789647433349851, 35902913543477421230638574049533597565266378457335781312673579346939798837411
61592016274434568207822073269812871244828895835146842967254610762978170353275, 65677314538766652258372095602535499707492358559667637288441204413979013879302
22004248055820531197875067263841385984475116923141468775871250239021415135485, 710182276621083410998828313576110253740588004308457945876051937049133758872
93527464613918043934298195108031773258907887627345602939522943943771445919, 49329446760703880576981606342671178296199575616886697078548545344965710509717
23665690074272062552824677364035731203363157066658288395622007686707052980882, 47667998431733051069249148796305635457173216570015215731446158051149663198912
40731462822634968766404368745128244417023021484609554041369105553426672672864, 54187734333814217741881787906109798739264917734987874154225280976602765661585
7557247885208567240670947794049488254909374841912668201500501185255142810602, 54093436072774539555009142250575436851864703983125372688431554982900726105241
32896679212574402021170254727799333845525409752935602795022179560239804779357, 65763030310805453696920378665408404177081495298931016517752503001747447967081
50217706815074297415600384034410845801095092655874637557558698444223244774345, 60124591502450069847557976897800698433964921606403777851619477818984981385918
45115088099263434815386590269825772722638196098409364202363696739287845400636, 32639343683816859521538752702181291151422775070371961473511972047062741545009
36564215982576962655927680965272839886955039719256566963780254018676409374687, 71451000504244587781950272504277732985970659198374585358398726323486790975272
59199700692303656499313210539149811817209371497690773671798130957497872726801, 70225785597555566120097965540075061288799870618935799354680634959753415382121
65033754513580312178950676959236195529630526076513491034955120801644486046007, 40626355107750441829336587830042878137391183964777762773153723165512681958976
50400429629059695335502465654820253258415280383825935386529932049170509829993, 52162925108463797351316784174249047203650033887965869473090760869038482964444
21368726482794021709928832793724434519521602107744638053415882836276251313582, 41521055340078335233552195780644078323231421088123266747878999292052223366796
39599186724203246398409938342247216928868621059531683559636524926260388705521, 60705087869815837010697573941738544755055494143121109135091186672976012155988
67366913417787360249202852524696654216772069130398173120890158337499072868048, 1101325337626471435763833360702399225435338806483679989456355390864795173783
17502131635504554408231516412715637250784384344941280545310926348527732772806, 52842227772648392783169020210087165455453084503939678448779865121778179770364
13087920140373776358624926732549309172775592765947253850621281503772020360908, 52553872315175054285580882316787743758928184224932911808665574551362841479014
74554750746102179009301044263073460098379030028946281898917249072957111550605, 25826860482926687939965963064891495571915120870151193098271268403623575060302
46380613271575486532805569895025745759533211592078124408767193069141939636885, 70356187280866218362629109020111710979581244524485770671842517696220266974770
12783528167691598143434015905315571666143815521714308785093942739410189498900, 62228477413264991091621063397343729097746026385465800204020844870334211950139
1267396039579679871689186964020226202731036148954892143281857568145686903181, 28325503777766889425327160648764036580579652943004775310208835433824406157958
9037787101946850749332813090155446874770959097529461333543267704026849503823, 12313877149713334246507751594639350333786642226244551791947136613093403137212
29978445846822173524760429623252738121679764125677292081459970991533069944205, 41882386521056132554926696460878476855371554491699768869506632560514701991805
11046444753866232209913871674949821237014857126521321708207109912289907434824, 30004973232028308958994081698552467869807103768399594468750465912291553848315
61613207522212635044788313118941570896283883322219033302454026599651382008180, 9225066070833460478545864938104834352440588104513592387386021970253260382957
15226615019155241446731329485038783239912942145017865323097058813696980887760, 16280641986069642833769245914824149543319840318448910030382300972900409903885
46776847677622889687241704803749658153721834467397845646811134119639173427705, 68062528155098868884678313040379498960077061457494843382795012568723130417977
44631185492549490599244175377919369387194648618240486281259111727369589448109, 61874458264468077810683715273386352181307026811240580738841399925271991610402
46880333205861954706875780606627928378292969304940513970651973944390678900852, 43952560322311837213391335006317402572931237761694443943069954208682867610759
40116613408064133973753852175982623122797004105364578471527901290756757752024, 1252119750505690799014124803017947156487178327255209244152962869723528356237
30397412190038014239021319482992598963993330683463866115299166960622060296634, 31340479881130458705454231301042954188952339682365571705101762635758253506222
10696842623348902720210287722527921339746210751033223536059387222526107485317, 63924271577414329652147043182040022893840149187286783778441916433941799444451
66174172545658297817873216048229735107415163550321721908076946770642429926274, 65663388169167077276475642133509085135484088043829347949734183840901660292417
69291235317462027504762670054911472506164658303713084326029860938042951249884, 43765433424025370142160143934699032992881468692563966794407744188883743222968
55247218126214668254778840024440280773935575733814545731818675291021515880072, 24206555751851290937329670414312619522948615645702800932939170704598306509468
64135638364545912884997463682681650297322346057075325575983945757447830339832, 15122726642476462091645434649035672719375840454874562387038844037073620671006
75820065269210476481166015002679581382991238047017323535145499568376326848049, 20763139971307337068502087862303214228200054259530693299295404023863183191119
61061170812031590433995989660501942519813212646836335635163735207136746773243, 54434264011295385100344011181291246241712247139556269925812751235757634366506
65224064833458611705945745194243194957723813748112086123644170354884683421680, 50217600486352056985874755826075052862726456969021486141503427846571163238560
43824964968112858755106435567980223754749080254657501481892042039896985268213, 71068420800983610684869275619703459181479164220464440982869370290170587512667
24766698145641680144386434469771645872251205889261778835063482479848260055021, 29616929548968531689115372398580155157536982761856821602371524238654062242260
36234178912301913610245460915706231083664481726729788744147672919721770307357, 18109351869165379083597790428973080143102471490953571257114014226280354735870
61518199818012559782265797919357546827532646523083399264241942576663529151794, 47193085241290614856278596357532230180404103502582899158678607220985569628123
6156029951659457838337437472275185661614907303876816527898649263248370477472, 30120649857854143630817771758692852767569502649762681073788729980974579975703
46794851893417043394617544007901613124143089558854154656228905608848041483831, 70104255156448523676581244117373982486919038177737524158082979624914991192321
7745169176806804369428140548408975769760721515463382131475450471100382904743, 76264404885269331410569204516533439554824046919832221232950571159595614614182
55974344417564445789793183648256398774848561532031538094188183114693657297372, 57927946824115520388380842033443960240826321424293041180060707723477030985227
18626288774633231916030971325377332710475144668713612730275189504034048294951, 25247185854178433690613035056233129453910499988982437583241322651066692325847
4055634013509571329592579647919157193521932679823466637568329889675852726154, 1073131487397835173425379723412895357334883374591151104707356410606254353056
21726778780852148257735807097762537424018875416955563301276563602343021823716, 67040860220750998592925466120989567488842094383696041643477811817929977228230
73134916643192207647590117848889927055407946351840591199340794346619074222351, 18795199641952032513637599695037518614384000786088344979936178303831266891312
20967188982168645028891469429576339618396012346963044111557021491202141505933, 18142629196621493512730854491338544392580785713647975652196972617763024600536
40799101703458227546952034504618214089015973758330005774529138454706976565505, 57402988663784743275862488846432529713594156903762757388762311484972918907032
8878523854774236380024587957747223611045053493083969902342489881237874568607, 28607634874178408210759461681609921573450711121535375396234208239506333860660
34034913136803779285369246737643996039880786078778129760762403150151299519287, 75772810222978313772950382554028572856721928917219425989885683827715822609490
21829479741397894673005508444472647067760700107128811265061435805186039425435, 62432488474652013378920222805840718330899249995591844441866894993994011678579
67469404319271812810700812130373213718842481261715536237901608680584227145672, 31299779662017326290383723055840019622699374808247257291696211374577500144741
7839765611347539306463965445767764238908918019493770976910597009760811846646, 51106340469109246329354678515958012653370286487696539456997778995854478282084
76011974267271211524791200386102539852544202873286890738711019891161332361962, 22580169219657053565078224322628397459520327238063825790266147405546039063531
62839211223647834097413052681086113168343267441900037293221653369729678409803, 25957500199048591647789779806215722543678547365936414871983170171070678461901
6957270810938535634455989239305508387046772349953369632326712038312939221559, 15547020468620225916891980747343290846444477726120722916109340662846057358064
21250985901671566091935534418280034919891243171864277474053905173474196266184, 40011342435019696163160733446040199754997123156480275521659255889629525814296
48943050930807685051769943589969188645696623478664472183104798350568958175960, 53022140999759411110139062013686435511957095808710836295484283190628270471735
43141495469337273042964435946052834091038100963142458128993388894547216302880, 45083384211323791388429229359266242459687687501208135441063816124408473542291
48421767892093711370065513218209312825860007390360243928522535936067238809999, 56511736344008384580318115721548338117604274649010192217382691241649024761237
33462571234055755319125535337149847029761785463191064169488506689509587290239, 29827946992662041749627882488337994676085085327079565426259906140846738696863
13301214853417255059571147836257045715456330602204907482318319529404501965348, 6423979242430980373763520597777792774433092546858861989262357306812670949656
3278147973567784823045327062335668824790032470304323165052314568444877781101, 62393608982226177021892904594442115847930266382457316681918092077986409178648
33509600127170561189761636726014752867891889236063721974482290455430504306041, 56576473611236152367092629956232765952358646862582533892446395650426139913249
39306380047000494763986161055951980177751923322376406990811974831368312326549, 72881734508817262476614127814513395912825858255765833187585237030990769801905
60707896576186442062634022273008460865753156074911300232231387420525929580031, 44733260023978702775124866235514163490012390689569664873860497064637354591387
25628529657423912860198685025483173286666788511419406133033569625059957206425, 61162054800422604683553626847759621630410943715801923986454917777370125039696
20209371285811771356356614245838083465312946797121335906408657775565320297685, 30022633480433973204660511307362309004976511420417085717307513312073466713641
43425712649083610266359014644657798127378354115992657500690209071766994261181, 4336983165918672781584988579965824943074082654064078030101422625447767362245
58863639410588289574290314385099752732147797305810156278444570605869508881216, 59473580188206243333786586112181459840805226809742125893576356737056152052940
66738980533904119493068878529710439883071325727921171456334051685986885054248, 45655283631973566239066724104604227491002859264255943353930014987711276524440
23368102017931577624686488693399060828076910786651310189647184874711868062493, 23016424984148641728077074393106219764454635415770568386494904233875358097761
48644958437040061112974935604197293658817632765132022512167709815939890509289, 69153775589923735740773258822946436908643309598845614731287614998757276595027
55153057266388280675687677999298610651254845629785611548719887969022754290400, 1517618055126928639723351867944433827808106575358365952053745926796211117595
65677740352995524030772857599322899247800886924250450267900687861299195791104, 39511199644317782225518051458152445304085404270881513531816191585026041296763
64698157799303136510026961369425337131429686161907009892013514770378850463316, 43958662734967199548773836708051313629569996120948049428957326779217435670649
38205883305897872024827271253922149087298117444599594981820496961529564984308, 46810423695738886394525746802948324759277036037669820861069234569945808096436
70993352795969076588985934885735641037920763977189137952024064007201299499965, 1123732550923492689836091229001728551787822810360156999194515698443163651086
24402071635748855212801822551304838529673254830789733778419224328679219417994, 13268334747409266477911208492571390886708571577109133724585651411848108466374
28043518633631343534829652780800262844964243802661212042449841556118333981112, 66826655514596203307980228052593676357008563717095577654036754940997494789595
25554269351414758360297256667190673178076225777818422136567295023855915277194, 30769811661522200537132007631775723049909042339810269164609945910327747350537
22442331542719699550907450573831368687052076944029963676347372360678416881924, 38645771941336946653341016604749251317585280715585271507644959845937585486664
1501896400281903382684752802313388717640640132370343744648422870870157510276, 70897211115960852469835925911416241930497710498644308340759886241739367292118
12996512592927519237893212258158497943939331806420098041174435511038500073619, 51091198526942399093997458366333965403194217964619494063933656756404817025538
9961215420941185078569687056368032897715860770920536645851427933624761057900, 66030446312892651492937908321264515400677793491485497546160975039069022063208
71785841599268238523858864244678237876821665283661602149540260074150389349805, 54495073903990299911146218421153970529604321428473331557979816960968628254693
36157930162809488062374564027049770539170244648963191989578425386321094954217, 50524734598475344539550705923232367463141878331911851988103814086559573915238
57645193102031658022491247954086697183595211047475948435581272890094819893271, 76714942358180276285590865970674247241158921637361948837469749622516747872392
3905081819391823035532289663663055467628668436331982288641901541835362932414, 60890968674439313227513577475471154076410416954627788987422703656220063244851
59355440242432152770018899467029769739466502875937014631985439796394245246142, 23716531374776157278908260578580312179884315835709645956106501707693830340065
45721764737882308363941815491160947645925110022976109760435897075074584183171, 58110839825843443553860147865047991756970604368372875336036920001354361402334
13540606364222341982852524810330088503773168364499838588076966972494717887807, 20579817945770486184085834446207746012812055270276953210247555250357322414583
41803817364446840756971353437730629831619175270368805409151223645216886312777, 64359072078918623654848399738050706540671961806162118348463517047633300667144
27314995173244436808552537034098983865056954525205799983440491212785678380261, 34677752487393434516410210909221325276293625203545311885004481246334864955358
30195254009757449774772104504368276419127838225115563648275971183404328979194, 14844520070315385358843604139114080892977895229447320047695083259788376035739
29156605223921849787156402368052898826051905501951933841160962301622079670702, 46359871098332494117111790297219746981916887924030874622282239357818834300570
60000787701976631449292942587216514717565846608011457272662910987817844133788, 23336104643048779586033148108787641434078698589573934202273664134235150947401
71213138443805823486854501568670666906827641800504330104020683901112197012949, 22234965410025074804142687788066698701684681320806081027289076106294459442987
17423096842868721865811792223245141382941380688024049932298581014486978114246, 66631502709049174121623146235788496373722294984640841776109830192548441225821
15133711185030590854797278628194194944049145220446437664827220550253650186784, 26163740386521366056681086125450514808504126018974891897230473154671240062861
48545231366802787068562906428558212507134241344573347288903528062404262675473, 60419163380052461808504529240690102101857975014216737319978776579869978683670
66476146159830960031093080294371235318335537500903683702096435744048628671192, 29004791786706323152155445716047617611002587327102232099868596126361234494345
34216038720277919156930094719518374068674284992934524829741913810816430893417, 70851388260179142978028119016943072984290494180091517128062994058855617769784
19207372442292348347810051338457814174724860916373741366529521696480201262869, 25580778811779892309040801932227250383777946486799088638367759871515273608035
57516794128270406743812278399683297746564279936618882782432052710680680353187, 64581781408331695657291733719614950403510269254624594934479298238771509747623
56111819852735292385552918533258327435119504159446436468700495830566695748526, 39448966003599525049347323936557077449959617203851075576800417003568030088214
45753080332708405170576074528677948456803414110282464665156945948566258430693, 67850543375297014669708504122005269267577028873808833140003222515760198776367
39033304333503591124295770628294474019125280537744109550500976909334513271183, 41318920711041579574596358829360297870015117391086797083273831050943091630131
42294465973286524882394382353608373041540577704130295609504909324893394567472, 56927588925162116254938463291445197413179102206887131402743935532568444954840
40549966396036795573192865681719563762988323220043566950886633662522603609934, 32677215199759919400306149357572202117045289930416352314180515913071256290353
6881611968955549200854182967706689428133120494093243734961722674567446688417, 62141825320693805996290709138720319900892492695924662184305451879512366757609
43420334190287157337171971345255715988469311824060090177742303994060270567903, 5945910714361719142637915954182917027860628645942203813954028186469163859216
27335211600555402814855699431534813494992650935312933075112311097888157986366, 62565838018679734350151912443169206531031190553807509129789903927928938006357
27667502973554289680207351402903453787456656672929226410318537159275458624373, 12985605297755905568244891160787231843142785793809677123256250204267108519177
18681967369810684770031832625758707121884872574512184098089458897983907901948, 25177890837581269939326432958466431496744828331675496952660940932168637289212
3621740208569143947381383419784998200889520594266390806503490816668464291845, 69751998783700801813246515579389525179265156085424912446859721855675160680574
59008532561976947681120611525670793837747017614086628166399597362626098649399, 44371658134833726140908258162941735447419762136997774816309818951757908795895
11591271414269602311640124422991879841525321323272168712611612933234012862722, 65333936325629064502102346800007245636360320870389825222083796149444138416911
13761513046827926917211060975693607998870595645330489395132372454098867284729, 32606599594475463820506580570455741614844411565940392762071776292962475547047
25064467416660854366880869952538018813821340842507090414317588374184822045683, 52683158613465517467435254555002200796440815180152857487831580396707503944882
30114793373469026580644541415481412190719841606724172308752895466182092910478, 1785040185124864849608004241532207313699098645382156029793794028039923036686
49722251581283472868138782891244845851465042719947802690075849701344701332254, 47097624655811165650930731901256372249785813228566658715857261804067926070356
21770383114855279563583954013078712304115368790132591472084411519638925410883, 36045532918585386007052496027696452248763910317609459984875212205261086503543
34963496065570880576135185197055433838280567437435216053208265398522636466425, 40811684001135998846764940516055968209166698452703548634689545206664882583447
11710806489756956179245752868545461879236398602299903573346673854135111190683, 956907719251380625564804889662060202483435517477136101487599938275761442934
2504324301576952225983567923221353536797092745089490251299223271154758892640, 37579882600636883491671992714825892068033186934773254003930921282656427821184
28580863471417192263862518508860292517296737688324805522423662101121788602465, 56648968575477474443813225919088247242999859193919410801510412884669973903513
68899305459295933279532576163054524758030774765672601902811281886204471898909, 42965101261242889266054587497003895590282009172071947377125077282751791802381
43725561082541471505038200759634976372945050258233534661296126262460712111051, 40959801495000563036307421235942858425324166769599076971627383149463825695068
68980563090553649157313891387089135583581400297419046826491744938109821536369, 42019485931764045368082478418780491898507855591648783925934749840306837397990
57738623361282089073142784395474406982409284203146231064130802313038907494269, 22184400614525028959096185897785968411106555232433110347184402073938891272607
27742471563897601652646241448961351362673652345272462351926884998518499681982, 74011297298307832113920605904476291629549792615382588137966371156693642717129
29341607875883925448804640832835226866351760631962670471612798538405426389133, 24027789536584456244316169644853499819027382766861469839614047163846398642097
35403528807345106426545635003210931725255397545934483625844061972490784081988, 58696065432646993751144250763709538890459739352345626780899929816541683075735
18353940712770573299516500025124812582826533530144840213529739973838506771239, 73128202483091040489383848622344880248126677607279889411008383678265669726427
51477911576117698591360332860697193196541435559381552406553492045879684842597, 30880176164195570717548343406477042468314793504752582870524516050719424209
62968002787362125612587087566664539291129452684199118190261237501200172485444, 61953036007955423652337575457968656576415582782848788369738007631841756687790
11766873908546125051851025826368897396370395060511004185946164206582451820027, 61599833765454056758266413152688182713093071871845468456838637651143653963169
69846335396771387361204659212808150490670473076619674937703415099796879540962, 73978770010575330216698546443634934983092636038866361811335173000310872209169
26742582211557031933784077387222498837779106747270978382964125470651059262473, 64422514457279729877938282094057397343684954330362517850222945719389316734513
39862662312982880371104602586273316520108008721931829528824854156911133726084, 63487326051179577561708189616045814167251074900034506119706508933168282159578
54882841386769727903796744066312973520534973063574177502123745820944335255401, 63213345985080411856756746612858651722334122944217132439178861917922561375804
19287375378996247520927334573888052750027049310787194745335914892885431619696, 36582097161383734347570617786974275855348754726952969884299663840376865547315
42970265734190509209975828662371275220519315010183882114244194301589027089884, 49823166841723884697634247033469504994570011707132176148713413043320633790969
45399723798506007586454053615471619929627227300672667321129897115045925758039, 12846621981561146751648048894970555078782214675676307279084486511291544189752
37161331495888308601554088479030710752260438833222369207619856879881158169043, 64799834448936736352119904543488531935239848191175312387806466125981447908022
58389274545532787562588939662385606423250461855644447562542748834540716510384, 69092622232021389323823027006645084816051971506029983615006521061548873043140
56943278981655906396857407568337633742305180122448017555454887302754946650960, 41036995147949765053052886080822320624455446196393783465620683904966590989583
26500050516940483168206738834396053793070503679800520280408408737836954233032, 10429885933967894930533116893391613229863708424406737072846672087817848641682
207525106213841479966289573455588579660726658372094067810982170318427401675, 52808012933388917561412067550499786053374009614769175289964880407304528411443
19037014790773639380382855073281507998873883122645644657222637393065709379848, 66654441745145213206233980265744315176277978529912035804781028322640814236554
4252831694678597215026710365696859433268336083951232286862309440078028669965, 35503157468607328220979650223664596519422511091820943469952918355826027074730
37284962294409576887941777995933982174341065744100377133643700461206852478854, 36347502854496193890769915247602767892872903825462747032299189591519907437436
49401527326465962515804836639383811575925259287140648218873851960302620764008, 30801677888837214701115473467914726347325872629991046565311877687888054520235
27596916721772297723862147058813749437807758196183234279814694060246971096359, 46888697192893232795419287193916956513340737729713453524894146172231932547511
11814991453274740934305419509019923984420646349613697222218060285696371932964, 69507989210819241776579744258226906005839316715587858422008732810482506107661
40133058505685868652555214038875234670792897310715947135715564956630203916855, 38445309216525311493452017666979620041241287809913840300623266667804107483192
817131421034229493377334494165378629399242499152159728562557898285036703075, 13924953351877981554007817911348671829938427099904650196132674066658823264492
39155957276627887344552464403439014245442259140520294056312853531961149295837, 61428948096178802421487988720822602800349738027336151725874742008048668857427
36408095796622329588942638804316482321721441772865484882873846896943201869939, 46343051746714220333951325222447789703433788261856064965662418971000113413745
45622695575965830783993101140466195244861122652371145079404227926006782084588, 22736753494159965161968377086870015889153181330829631603820070761995252456492
46156783263897481705703072010564139565591848054809895610400367340750824912588, 26724647330941971870195607483898753088644593891595224413592032726146056324234
31790047235755875994039400659365923400897276658029379522207840514139952652824, 65872804086858467146729758469429694387457466962080815688083178847601545795169
34514298184959563455196811617979656635048228904326946112712430991968405681971, 54478344188490213717865372043482713088636211864847296751179238601538588130360
15878606614548158789067144642916999615909162085034411441451551519164784012547, 70867758507413837351168876119564138699023824658775497167448932626443462952485
43020853161959585458675310287674794482617994409434967709487754683942936827912, 61817745333474962604960933952693903080646780794349481064738820385551710451098
55972198765077979823213527182140743490592787610651307487961095376808802950373, 900809584328992779745243511785514492929936790491850289163848234736328634004
53747335531319296634520651788962587513653214612712255713009193733992444350176, 26403378744841926687163358437332923815272595632603145876839407978977560226095
40791287832051499199916806137838895218048979210126751068531683837849902907166, 45371220290768105520683348471139476119317010510590266795538410164722754758781
62356059042916227661686976298520378385485408797665696645122754094281770095169, 55612669854006145924353114611535411428265246486761964998062387469378098929847
76182401575544242825042204519919744930689304880951830672884112279279818126340, 73687342198527796444430713543403224604269987544850606192990352861365798285565
18456201889181116121703286546909217897035085715427871451831872375164435132236, 8713680023832371846979896756083902178960218713906307116098145737146066416250
7124666732402576543740533951474536251654079624413329858190525944393757997428, 56042344627575344634454282570070997520277239788629498205121258763806353914386
14616089928574649082812296099833339407490711766742951900925708641910144500059, 57186556773133448012280319300818732132645002911818390644914065306848593207708
67245020536907066541946606715087012158993443051752467372307136382132537728196, 54757031882225787214794492956292894739205691642328750919906455691375763159232
10071363779684951612737299843205344164227426119104870206849991818920785670596, 51397727321285610249541447917581478708054740150700846798582353728644381515087
36899771738036353573006591596524156725529550176737753753974789856726203892628, 67893276116188086183772754541485166784688583034478299869141699524386361723398
18345344068325346260368325757643900467387432297703051127539676713875907753790, 37644813261361851199307806778699683333526934873462243234592906246666868709998
75453621190866484686986610260076031451380999371652193909892527739958057615364, 26707791133646964774216312235971982344363049192825429652054025406738281324596
66370448409701518578235101516635203560908031112750971111705795986918790880326, 67796272892336858391239778115457885160784703603101952026040604821817270266657
35002032176147398227318444029481969781327108674646588727561810364868196077781, 3181330556246538512425760237783726007196698908012637003833410157005647206260
59046384690793543357534949612142469178735733575255576519827900124718198905351, 22868488603080384383664923396222391863548797036170573687562167179820656547433
62910180364766184695874108858613580843295712923284567647705189733967974840755, 17224465573956980769369002877197368572559539209692781406002896798982138397811
54616175567138064475583302470766185734704222554298918967115478612478271481992, 6564352036710885512290125187886462431919180916097978381183316046356479374102
53845455740771830597399348583239035715165761309355569600563659330049439822375, 68606694258287314472360113657964040702546814969933485335789124859214911989101
60255257855349053117339535799692613542318324741453688200587724625475345706719, 45787826028428593038987171628273993660148548208986024743663907686269999940797
29156107208211609840437050659838110863018318280223877862387737718856152431665, 62431066129441649265966335899530529757928696414230547808818438523520779268584
23507898431124229798251569457767626369104312782895618995864692364873017794731, 50365656616708717175975085492157702818915275262196806162069864999810047747789
65882740976310524631320514726699745596370606210176655868587968845534591275954, 10407394552744009597973006350256422442245682495584891288032344242450879311641
14481331868583154201908970901837755854711535028671087397078886900909325930122, 76621084950171028449916387148052760617785533386567443183340133058132649432600
2999428151534593897105020975307965542066916051250347846402610966405344520886, 50243726609244694881124321681396079100857697123024078323852281681501741548885
59096145601874027985446852772113595195647442030918907663374863380752658936190, 66217774506505787791182714515317165335123253806049167038160349177764160056041
1580181629319279021119423141599954624770805693681479470564536901506042502729, 15176570688174754906678158463101213182330813068873284231011238702351272304548
72567394448414779344168485781815791096100131349386434335781197820089845641802, 61337276931113012858761690556444742918967985676262268384753857186350783365011
14403291358451680816357047517291735445769733132185895330263857660735219559457, 73584810916027606671474533560774660293212475435352517636604658703197378001999
46788054211280660049012040173308811279439127168799782977668980158113778693278, 74849436414617326784551324350647712947732418034558095879635944570717358991660
15122118208892458150546155574822034260243873384253354235935056801052196971442, 52972545644464346026687686485024003737370174588787362320664484042333014490843
21605425307213554527414800755838848703761875229516962646169314970424463085045, 51779811935437747875900429630219173874153945672715437472429170753553070043632
43111629229579079904117697085516228251658545764103365753570571311992876395231, 75699786059864708951953339869385817276753365423532443185119115142543209917547
45614875127639844954644755515524034355055831179832601469965498126541421217862, 36528241615994896733349871950518005227294965535663677880131587594594085618728
50525284244762073376239616607750062051505814397852178370627136704138048857150, 4437012764122897453885544617132302809838050530296264453674210496892848715142
64879029160341485816061599256076902316188095644000129050308614395086574566093, 16398781871459200466613720669147062477716066318858333875518046610201078651115
28641165765885590096417233773297820138354023391640987526932817403838294572185, 31945026505097523110448184724060732557560396377347493303182159542022309922303
33722193725096856900966692291875179073340993198352092809478897170204239930531, 73896332655914927574740208563583805074675834187625746287990343823643719972679
15146067211042733479446886421130912317251305144940570821025360782235627688139, 70534068018615614790962642845801582578629565673137053962964420417635411503674
3620100474726857813553309363681957891521780612977632685310461489830716395743, 13327055709921468684290004029159757281423812395025113432101929517946523718617
46660067296184336910899414652136903928581282165506149499425995104277958978750, 37504280295815214027304028688440229585970382909951217491322524514364845156995
17913280664431258552007663114669480078328660456996841094953546908376094178653, 21738526124804365638581695240283278986128051801069811404339072699346394526151
67847695789634162412615333901928580282411299207420474777983290311141071728958, 38048431970337298470380173592305948541878830468282170999615111860781929228371
25552895445822940000614289968720075296812480303074289489079589552247754199245, 50566043028722627762523163903418428175984761271481395558921645438257139237023
42404814527155332328110682590944863990794607127604535342995308483991266985315, 378195200110966953043971674853544166201401602971113222278109983596035342034
39179071873413420770429141043480046037291332581301128986303944814225144234383, 15714799873985453282744077087582750754252709433092425696893258861604400935983
44501555751116033475030532521309816866263802603802139010868819350042447360701, 63280035520144753149721999626863690515706464815832667518808846957171107121736
56379519752157110607302088429688501869737431368511810636545878502875624920662, 28642203138886862142380240608644177601711599475765744366737357373679305699110
26619052499935633734874778101980217023458964089275947584594708425119042443740, 49037743504546148084192031283743112022285966244439235504742457158972859453440
5513664654806404666435445400791315418576628893766243639108869120159408231945, 51332775002804327414844666674331461963732811358889832354191364140592799902039
40602469817045738823336424124225351534067348305088372684923681161865274862607, 21484004154695985109543668931753972535578399155574875617504485817481850865282
35713008255784854060213205375320625514163761236464695608637188748088669112256, 18512201748799595780483518517387498637248662391044786503457086971315891034426
16619631374767921565803112878801569861216574092974720610033004440523030912896, 18904468322620997212838260062539875134155836597499689539771469192706847507986
7150714529604257614859288326794473457400551665091681823465079970134596792278, 58647543955779564787875168195829156745897490324113773534115605360534329754529
50977877146596319562045739667066030950250471577150107528241078923015759468610, 7991727806300481920360085519851399763893182732000887595359863220074693340081
71492408627106863472576285085604582432179334583613273644353757965461564089738, 42280601693312677109629952401444433861902503717693894615747244482959281053314
40998455010270439139409189901305326044970896196480941202508278146800723610513, 5377003925733377019676429321533011545610408181126775939666325480267186048268
60843645175364782494831991424132218021493876754320564019247592093019973171162, 34116526068637861779565169558765725871728837077156763220326277158836201329734
8446774248409052777286352310980456238402541113628057419285802298639028940917, 52171630001196396568828442382186337809303072955376593834708038738405916747371
70606696266715779424833232568547635423121314028682754191065379856113424532726, 46299327929710232926563213982631758356101019124137327796799260990823714941962
26267108936792627781757890218496429845286227371037835794891349034321595853071, 63213371467296008970467973205289649272830605181867273347489469160722109942465
58001138632826599469174737116666841682704949320576150741498332768595986569116, 39321372268177680877587302906351679587539933561997772681890868388139353565841
8749307027161187657462008496382617896370940237082208343988168252631308015422, 534224131152682684389111929226255137755243801112658907408220566884300356817
31783575497186234753459350236341134102431281323315202358788047846912124209383, 40262603674034014923967615978164425300929774561947794331793352043593146369174
44142422708666473633028111037764116755167772708194199414179807215899200456798, 17789423776929002346629360367612647402128035093251121626276546171844338378308
65552624761386822016626383034688357710189250038930715920056886433710561648673, 4806862250948833368468156344861135525989608291211040485279931178949292096039
42836552041600444331692385467896146888740326209372030623567512422221799433315, 25900686347891654701130155762876060559146404076877845784462750340433124614978
65267825123094459164569056134410348059130614880675382773144262180010159013780, 29807573754043481627833457212551373076755895614682650732257897660700337184178
67355934411220868714015818063338146515376198482914636511413933301532203342783, 71911130177185886030696488139435615023887320449466268575197569089090735361308
65654615790817377183869507609133847928575115751237617706395650273910223669236, 2460752341887934331846894018000603230014237067384886587594767563937768899597
16892232272308011425456428985916259803949437606040065289806013820248532149466, 71905817989114295440784950330858990454415066630560917123858988852661688472361
31155497631427575801456495279062585540392215905832328614838367321759825772637, 57241859240269239955607859325579278963411372931102271096407010001450602441822
76026791268256558357792289003163360711890991235464828276011032345561246111587, 1235802332063281093209336442048834503407942719581513187526934014624396034482
73613974149256685745497576457868435614599580149104571488459860985073694200947, 55851233729935571600566390442212207213915321399931349777158995588575129463198
19481242621569557994962627182279847718666694831955174291389927969904118915136, 40966933040744835910615239382709694926087775253493119895357999831923777631834
9790246087418598268709021769963522342806758219258764543503480418244157937893, 61000113501233458490146771969499890294681526150493540519957723126860778382917
22846118886204975343805951650078610116341730130464308701734765563549682893845, 7778322556871484377051245937000985597616099994542051999381904560010591800817
69457610573210030053012777787522811790735530446727715061188485002734069658186, 40105985174135439254486141875032652598255397538971979187039083076983001662138
35968827896598728804621244537232098947423111828830364912824366654159747846711, 73596745933759035861366868108090801592918051525682451423251901914451777992613
60376903382508449144844604640221009702840795988780362029775622148584605893554, 41016428411161853254565587522734125842618761131599762686432534112091318162777
25539060738894309371018533945379969264836478148708875442251449264846749304381, 8046774108458091142254736240380752503141087343439620484884795630271026799304
17284173757127533475278420258677853533124494785161290040073876251278548555309, 20421698333464779896151929608274393256616014002370260173595282122859990394721
29200129727892258279211014451850001939817905208254144237033049383705206655111, 51873345029893952144363748709105916257366493025272299314090510628262606424721
22101444141541249456561654541851955478545256638646191581968367806393391215522, 38683260563447553047938700306401105107939227267094215207937287806528757302213
67506785244678723101409383744380362204935397556083691780801744483816948570128, 62894453098324341346662960984013054272119172946222234548879500820534093894133
59911643460005917895699441731695269049637956281342401386405664523144453362417, 57331505787335913959740118517337561950040950180494721826860855926201256667139
36579213008100814466822484098986685085160869301984161275437400673448865777200, 70125223520289841113708865972992714361814523712388478007893771557986060563337
60912007988165997591218700266177296939519815440969983539345120085290768713849, 19161867411077434826065801326505378931432323408888959616887629303470389311049
58442179756890595632379700087512190914411858204056897725261468691073107998601, 15320093234100959795200189601014975630655233622363001558249789008200503145873
43830694839784300472091399535457385787691106227774778790566305580034460620663, 69266902471504958335691109673952807780579414513132697597686393587658172089026
3368903586855524198364139999472813620597129628393655115173161031375177839332, 41493534653318470441313940130516574989826612100069370449905736046206342128602
50869640093944960690763146152364347918362999731103837344243360218520801581214, 53977065300655562491487544756075390987067966014285783663188852013866615443903
11359805519814640192511485688974390016525188722394135226508576372288453619545, 18268101679842369772360086669611207454547042228594087171142728367728067553962
69237337860998395469247603540814059991155110495675514261746154950320441808332, 35705336384646234679885138253258936911458925568559672614986569710484982503820
21407542408337269141052582874925685103939926466763765124390450958544902959623, 74390338234147102544872075303333958073153853654744658831413001823292036920040
48099569059024033158143277271047799793934100094833304633432960954926577040274, 3456747929646845419763490447388909146977583273154003470880638733971865675746
31659254992816750750536028539237674501957882949088748443209063013746028245646, 27332463619158451449737924420477327226766262383897599773858594087252293508563
14902382711211064217724975799046747021923304911750678752942036834903280217111, 38779241344957641567483859076116170016587799829994991940669606239068953502633
16876450588502821121146489409156147084897793546768532566729455787864427174366, 50921454606190524181352931366436921020807415374389088322670592624002092125545
16317466953795252825586473492863900597811546769739716657874234068732727361290, 52411539284013086661076662543319549639317611728186826242251533474750155024210
39362891865544288610761062143335691252105696013744824796301963013333466529423, 42804449216617484985939130297590589870446263245391355421853286624642937767971
26439688655400572303890493467865651491049790541429897340588760292752943290629, 37333513996511970897734427196079108171871702667109126841214635796374127894668
71498011038564792147355726950580999007961145760813689440053824872039714619016, 51547844952061882848782830539469883232098600192992540778080114084559051056507
63701642335143391930806295513453199838083404618496156555875693104171324417635, 52115448390408007337308555831431120724062791750217072924544114815773788896115
14052519376080343494604083742634633229152759305776434745313820806838470517411, 66782771185780593200246084445876709319591488610133841674987613064488531005030
22994594546411650694141646416098983889328794060600808274411009772312920247789, 55665259678352993304512949962576280415717766064559898256207709624274446788077
734161683865150386187665082735601840449412446715809763069900034468928957567, 9664855082361749958278464798579507629073421166610792442315166794110845805400
75071339044536113018182246601545545940054656276875742476955294784380786604242, 24977801073563643246768720817154730327809741383999986564334574590810902224893
55211005896593116115099998570964718280897737297991752735702511630278301669316, 18805765732688817698338953420638201997060203187951089849833181221347425675893
60363296866180315525390774001560922540391777239385734062671352868161042082728, 49876066020322701839235711789118801162293831913515916905105414427345433982645
55127005505112317138112632611251508972002811178424030320942442030073754893561, 6098987590908592906098652256612438844632938270530094175253358102594026844927
71129681217453257429948245694703764832832336808845188405577748464308492716959, 54806886318491388047825352256314231948422886834237583071155007775448255184011
67975520581152187324328486206117286773473286444564339317446822895186317654822, 73232277298862118111447853901628200088463131103281425837424957678843353595673
3026683245124970066254883594347415060795269919119174141063910320658448727703, 32205487123778580810586437036907982350748084668018794906095646862034495671981
65113556889304002245520630714375938951595275257334010234189056383222665562176, 6464002604267238453457791545487523223157778004984874957764958674151321706403
35300391828303063158591742310332437480315449633155530304270875585943578566356, 1170402439762285195525864242304279987183716862173646403732270986005045781358
38097590230292576412836956464194476550581916080671927955307766029351749929537, 16143580524217054004633796064707596107182504496972812390909616036892824313924
16300684343929511829284668800724501239490731441048400647158422104894473811799, 66364689385290916684809897591260229443303308991761163719788899933984427655951
50136220999919306879768088186927395108237261453311760231343975081218635648141, 74920424828627616578972147055386397984673251624723606891064928426466726022252
18831288282739482982420812035520302798165708876267535429770501471898402399454, 52163608635644403625208329342316953938765435604768906200118673748893633351038
4099812003896845303650855855243635330261073911172195429602420457175171369529, 16495158377231350003566500080027964348456333312120592684955866141684204997290
23415814155813308751367537219541385242720956747214288252811767298032863446932, 34854442781327832506222403693897502130887964785035779711842462986508264306582
13805624068685600318532418208597849179581299365807983360525916493423962977597, 13270954622331802667486151190079410819423588681486878761676065351338643818123
76818679461244253010308786947735656811039631739517895669488038133836583369040, 68132452794437404388694351050936029616453418942489121323794173019865704478340
30722692291632274856559872013623862146910787726185349806630124286347972297497, 56636083418202102961357090266492400280649823507185575008385514033811630051678
5724277401940798905901844555633718318714116454336221966183827832717234190349, 49673854238759016633538810397486144838945207607946341105821582493795567556249
49966434164450909220280277318805532397346070774721953250931138251534322436281, 60834595125322395297371257153063050455609093471620142066240990236906844173240
13882803368891829991943222647057710758528585687682675021033439100664734898555, 49604852735512233943213651046331483248247627773417824830935828393184406163415
16674984001961808687264765007840937281876169103573877934503198925789642478839, 12685940622397242505689605639835867058935556097190833384840643046632787215529
21531570346052948416369332829946102067002118110252930102990167135707162758928, 21191625611631597236023272059763018563074969717947194539737579234879964988397
27538966429613141164702159328440260876272441942582657668062520303530817117503, 50361151743938159471876541795959829976444902344058474253278916969424458928169
69864400214001215856242438940184103665401115276398587339127293547669107617426, 20523695655165143240404928503950722095936257565260269327644043328294243758247
60204329566433287191092332414625279315682637571862732206568271708789797794015, 60347921951239707544333290349967259288363396355064825963668276930769874302375
31854501321819173876676351681282107058632906746505488075678929921611113542125, 52008360313587233270778989197658046542470180850370511049998989601755423225639
76566970523410464877671298493186538466127966652348039882714585423353541834871, 48408689841403991899215394513701734877718140097847957353481237706851957488637
22902171685652368746467966219375025840114607159672870170820625449249401134225, 45699294549106574232518444304208563290190162541482325995420078115555655541155
46207180919401792780015923470619360373942314096949314631738905201930018948318, 53168796797148295131908253223396221202171380925463377573921982446436647010892
4922003114420521628022233942592061648134870999078672771818529539160492609415, 67141146678815437069081374696985775497708189833621314609462755177802815985004
31139680753067328983429069625445603533437124981224132566814651926827726127559, 1538401014213225997947622111560885467462832067733934305454980265495626412127
27995270429193627361156635485572673023196671137113382291129675753374006659614, 66638681611651797258247626808063053622728806299622925096552930053349626520008
19322042389496359617103340195545730129882477476029219256250633768110062627316, 14530520419111746856055343120295225423128614635891083910908839281293424429388
73980176874489012681450355423465396848900497716586011153186361930514326732121, 58697333565633073826051070986764836791166869636006096473790978799897687511789
37231838307223339675656343788131380526012704324010922414347328169267912014528, 18908214076448733750876960852760340917163235242051387307081983713093254720827
72484846713666365981038268623960962746167397782048305620589302501123526914048, 24064545388952027423085723466083636446352789584945211165731564268300005369341
30685026500499737015301341319768707880507482798715310887331703921346865374659, 8289398775648575538049273758984164655530918795769269535502681761912206716949
28359735067595690619773015710859021114435776501935177539139989803416565850724, 41829096157449303373801129489493358026545443997740636119633593472128843423249
15794868772214972104337852953392419586170338007200035446883189890134239636062, 27546159133904390046945996204345587389996712840624802868447404660458916876470
9569305635123040252725474726334100722927938297227619234529480082946707661138, 75561063410320471853258527019385725951689445335701875038405113693415745548362
66458952733073209147503980312813917973070350800638552879101469003712584765844, 12135846539303042507458548404028451059666599576362021988803871574801855307832
52178222906282526766503248434208725121151786031941225476340407559481795889312, 72902266190314709764193980825230499852413550523671272892180555387158013333445
4945177089394637126854411546321742605585457745417977606621786006558133665479, 33541961858892600639884599189223898142000023556183522533386868851009134161012
51908823477029042755596257325884471645386328821708435073866384446979996371660, 25957322592045455390802566639633855847750171426529762696555901056706772793162
59424690778416940456044026831603444639620340394684272645458229744381926720650, 10180996461607267854916789300410022273827840079136941652584937199495354883435
35558622329124434538383873421046000337050725089877212014729297843548543976317, 65712642471057164674096462303046780594062246648358418667469871276526753368637
4304625052698171480890138685533778241823188999022659006950110524550983938492, 37354283073314542867773696990848192658490380595936536099200830442557360619824
36930981869305634934157625240727281144662984150329170086526810157010178529989, 73005009787942555395665890969044612693739154894676291224734748701021581775961
61371899944866307612793352378526268442469494761588376382253246494996550409007, 56539683969713502656636050036856773071862479325913798503008436778419464401079
76657256310858128321382723543187936201216384812969926774471765419969463909696, 72473086693465954533493328823329791868660679242084484992415873572279329432913
33879168977987597205994755115213567654994327991348925280472212458534177271448, 55810145340714708311360984186154388459954585525448840319643542607788404010024
31573582324294002542104365047262419570011725686339833707609795158235717921711, 1030621621758068882293683171577052051076562621340682836232693070017356879633
39171282203465322519977096905392158565010431813484530041491586658159066297376, 76302878406822205120705516885513844428999579518389329606797447269190578855761
23429043565637465198706440516213888576555906428844861125838857373140016911749, 72269568117243116147249868241870722527626153058427612434711846957086802896085
17945148631039356555078594794966337198855325167370860159056572784516262511597, 72169059067835825958393634686035465841795160622483625744250758374612678790765
30008425006695653291980675396624708921820062305957207478292803349486553373939, 2368159733451405187699747496886855971316887748104607952177980951947952167613
41617263557526945240240640886310671660442778436375092496902055722558291340856, 63163518302307800588547620043992450695068298849024359694372835741742953218497
50611548298983153700882745071409371264614717595307741577856863980195837946805, 73865498643401258819238659826769811845264900903009480055190021025646167164131
27109222147683813814020466080744781270697291672130717295033246969050133280723, 60525611130938552273909432117701277387654260744265279368893474738020646653134
37766251483523468520146498210272206153151322459088791838395083015774728802041, 22149661114991561625916784585411821029942816474801495367731341283926021522624
53034622608668080459194419503277278899326134193044807743302510102077349274562, 25325757932834812325692022559597721011490019288961095373569915380185026673385
66852943315503554195139462761645638711810206796823416433597854958792198422010, 2251251525325115477348075797233616122858971464476649135677203878762398177677
32078235107406542518557949988201483545348871130796606667000613087907729080147, 74848455461223932806106738818631687117919563981725176269889471455863063875997
74508124597476966646355273474352137345580319829947343265334910310393227663028, 42434256543081566502710577794380323966914418134659943040331510137904859669849
60580006465957641838029207545150862753979248372191032978227514963712182512824, 73834256395733065905835084264823240040812881418329671545055432390560586512512
50874918475502275848343884437227659703056330204008063372204551969912850869496, 67718908081555548972591076422223721883274661874547185910446599544115887399235
71007371110985367936457582999436598466967738265116271021559416785187613504128, 63978899267955978886256890184011182342931698982297353708863952680239988711055
24984440493073690448807358206466638424346363446514272904287154075782163792218, 25024921225049358158474380240382646931442704896020452608362170734984935146104
8499669110859818686622329208689976619848225333972054153998464001523298421359, 12921214910846089456289053989786813400958401081573468228312076816801336547283
76730823265778210857690294734297579427580171601054879592829385697756582907927, 20930523847756553633064134956284339830430674482894173832595981643061407069831
32328386893258240912997651938484868449460074727266093712195557725169918358498, 70301795008698292928933107187049051409143832264696219442992466026830455290843
35300599860232726122349196503131569790306552027418178733198818921425897462871, 68839918136827678621126252933356971341686904738657609698861626850418903571103
37085444266855214945101945655675275832188822911594319741260266317823832249247, 54886108591136954298280110681696648757422089456980734296059498963741060211210
14413522227918450345133072583748676925872854870844989070167313665767707015872, 22544834404152225532441672174004671475865837830622391100110988689850515812160
6972093587883785182327349732425642275445932166335428616530531326443048443231, 65985700497747089426982220348727780969298475679955763674841803283857908763568
52035336465055254363787303036822980181073714452533175262802104109420306159690, 43366100480841549057106190510252903086293070883730840850139952188155275477662
10285544197070280730804475101222555829291536279297809206183376182656584825494, 46424678179130060359156623771646930214534565399899732558207599326350491485999
50802996880340144782987374491875644053261243043121287849605806774095158293661, 74314211900205774865712497815974942066332204489400595232310537359306553319285
49237642350131970196874699220410617844737809881576762025509515646342316754606, 31767118088827185773590945465849515078389234370043380873723825736546124521604
36398578680650468555349631390009955405441316046378006794933047576905830379190, 22108578092712505323589761760165929554253182660821194417865876914832700969206
59362088611575540066009869661250932608298056918798822782837166175551716419497, 36139200101596406206029048194010895491607600687139125791889502592254178306134
75133596197670511910627958566724560103441626310843630479170780478824597909892, 59562354865895497846583539438637212257982933696925126559963128557047383531150
40546747259039258649462554430311260531448344718963879950266685981456277985317, 26299443962358898389723586085379154985354263340305738788460831742455125448139
63826235904541494399796652932852617095102396161268826844815407996528663112062, 22811649275426680678552887662245562548683834384895699594641301324958925477512
60605287237634013286806601695253631793744283101088183298995795967249945431477, 46721733083707358177949069506462561212308957508145740134195972075325630330606
72583575538810559841868956524129353771379528515275773209636993245784548268396, 27966276423293542870976528729040724704399771166075848598056187469913491828292
35463438225866017518125981938528749861574094310786705180089637962870713237239, 14487585435531830389478442104239486785639826956249800605996926162495177242763
50184887807556128789366489721159676237796456258366772532404997101170261911484, 17666622077274274037577706729653958972895849151163991550180174460812926283014
24616916649449073382122037847472647712256572912027735466409390898927199875320, 53348686763714803185639182719653274125239748198905612573804442127280832465519
41767793204266613053797591682479022326668758828291907097689089676120763305383, 52872778873780597770822476633205517234861576907054399260486643401654955652170
21303603015916139185417274424304669635309867187498055201746146508027761327290, 20372990702945145566804311520699084250155324800509146725761748246490682417103
60020052295545137336040385866392763470912916653303941885060700131825832530961, 1192432101227503403476905107850444242763836136734660579074961958761317299167
72615955457061707566389540362448262511062399830275978817359158599611848325482, 12308832031416050390122012372042055193120453997947325725413253010454330932768
55903031665856286400057863816697721525213933917777991968673336872648911291945, 2474229826876411132475491944830944787738886280195100963540836964598585852670
73947127709154628798783095970999462856248916617678320267363208871583179076336, 17556651641036884723096343887794714906123684997961957232058076407143382889814
70244002634844744015447922160603563833502832649371224755790795413119451371280, 52671174802451980411690723119535316557277562901709815722146145387476949704995
16925835473009359118114625855714229120491834014812473917465563560520124388570, 38634684220213534436241375726550921627873000672301695993801574824098717199962
32853861279376902884378987840328372673174062441171961563970603306691380132865, 33166635743740260854248348079193175999764479940034967855146001528492411688222
74128822629446006449712897686211520401110447249356094806410349333719313046095, 42512975024124054744736448835063588712697836587108664457642488902338564109254
19620491888233006233240896326463757919442526122778087505021724768579275286093, 36089621414956888072555524581408853888047268489118483364886991137816665267668
7888456770927930315036979549083558626704828521599771202166013184365204419929, 68844294139315012559598526177401821947957628005461306988756720742858580027526
19138452615529316720923602066779972006819825231409532229332057036462373128491, 31185053295447534664606496474883866755272619570096905076838494486595528045606
36446591840300007392169334648105345425471686666289286718817003433500753072082, 10714166725876570273410693844417473895892833689431473641529228443425157882370
41726787818063112722397683454952728699111527271070217767392405012057301735910, 28640011717092100405506483526126585729361211177942817906746251896103516731591
36412306610052431458455390407264547972854386891585417201299902314319752835556, 66796650503991657157929963210413382640020099855323456684963431815644744861318
39259043881150088972080988863556264660086975034606547522606060748359232439139, 58927936241949876673471560087712746121759927725627985526689626622973456876786
59451141031091795157082893989992108928556920088749454832190539765370496728082, 50038774158986522891975463050786388680965319458468939460018965768271419558198
65262238903669309707402276439370030879344519776992965425527309656220652532613, 46957989210359708736661914026634381361309822414300136884264433030978972625006
59725416100145906712763003700247986595547222741213476756500004198603602412633, 27308940090158215507285314654279613808938907026967412840085899069028522648568
65667963564630666585649957751868370295235846706393899218700879000150208224505, 28656591919287374914257830650448934831361320441661004153502905501189544961815
14348564778613096028703887942466168511603189991937561855998973224400662039443, 19195946889960254146513740189926978613083244323676959255884654915198267530885
54501580297385075758160810150656687183374717394462709139347879646188534552436, 33239476464770677468000591822194761995420681588209340960634880278791922798596
51979853155530193335373001975913422778022055939665732971161022907190909637987, 38235340006965825172873883513981473505766494956441178533855718831322840116910
70691482738898283327951247879635381617537617099927712354729944785983544128273, 29246344455840550813987338911339803787001571568786318045677051207397319501823
21042941292400608565103722460720126744453148620240280577047457372541234053672, 39656393744463074927551037844460473831652945945881914734804354374050053243441
48742233255756622107134473537231995349968193811381855479116325623789112069369, 7432040968995811971115352335265652099874909505951386200165572414961425571418
9822784148693914958647676592663705486625376583115539870336121147164560927381, 23133325807079692611326878918738462741866498219208085558363944861122360193630
62483388363793034645822229190402793816966114972372180061970373573455748344785, 10788966842677356906021243211785102732753783842492381136250712798901384064656
8299726270209679126745035073440438166899793973238553679277812896055684565632, 43202532719669104413989645890586107796200112701799986567542888131025222744259
68724445477428283890356229085732877688340829310866648872209493277907926866018, 37116148999982026946828239960198880002979067275934285556155688140770838043455
64921448835363453849946205414830780649517545271701220511564172608440185181323, 35039240862429979857466943475231873917356101582877693161377972639588363900707
42661411908758574354509398333974925370327864836911548958155555652711980543669, 38994314226092500388092303738809626226499017771813956905949571429857163247342
33390247712398556744460522229761149874989737579433816550926449628085462165363, 60871361836174912617103608825508095858099316009056125392690889653402114440635
36553954552858144520224701697099530293508793663187520012554747377560839279627, 48938165835825412422681132476843705388756041120754076432802084413035924250089
69862905366914284506549128093787720077174333077931329140857133389330488736077, 2535791046286994915223326651826083179268922339643782489701721516559615204717
64250169547299672095251099372315900095999538393560435842188829873994540550597, 67675266847578394905344316735372555513192580553961838747521257318778403699837
66034649723574302688661803708642737040865781410471621251830694419158831482779, 3418989442142157109716032305502415259446189301918617071979942077165961999750
52838986025766863385179259761015796963440022590907282701650929370516287840869, 42841821181214145181554004411412166807081390501566406376097420339455661902429
16390994769612557483017348168972855350628675034956912698144701618545941552841, 32322760525885405051820305871057905037694415543432180574948050400554545822672
62419841437870410380366886088437638328903430477843466015093829831992351754710, 53980942397309951113929044901732909578908238022515202632186393575475128306055
49688177103554497614849223352371238048301380107526071279753358805700720873892, 65290169163507882789693497341452162023901994175534686734730961046249816099528
42046355225038102151911584491981507712056659176296762112788976744087625805743, 914652153842656534342982544350853423497198136315919954402061357870050513904
7528312786714362664767824131791804859686093343834042248289065150822034885385, 67877178640848268165247503589607800594574193114265099266910107447918095714935
68359903250723072089439654766413356568151261643367883378254145618467539861839, 33156596012973477964631992900963743208539840057796375956703702750816563639512
36486954077822921686383645595674046692749891822125497398604043533349801109746, 53177183417053888373007381304293786260408294468386845314028307591703558209587
32698219974307592688756378135882376361994475676624712066925353416548061229127, 39344491985356574702123277829338137309918591122906163102915741781723137341434
47575639977074998383157507615787495420264847168502501443840569544081199967515, 74294879752260839629441437662393456287519173144467949671199703659409814421221
51178295842193949590420702644193760740823719078418925298592804697011390640326, 65391271783249476800728163102894879093547425745353690989846480237423668622431
43390271756808982247491128641876360157207470594872026749542168770595977211521, 67032199096001059900180661741152269257133007891010771565834549479615909275402
3235362070866391625464068983321706998583790566165445166730105786719155560315, 43270963628492709664527338897678554937402558775840938592989881000762232706506
1154997234179562645503224315133909020702974676513558887671220325784472669457, 43203491942699042762510930862493351555531335462307324816337514765079882656340
8248663871847226867384107286574808427543057262517454847468445046576032510859, 71079790862931575077768443475960946268246283493821845770414403354027932942632
25593134497857255482490439590516701226147107154226321504240928115913626557545, 60240134672297046759862082025858738514201769825193784119531798693771206394478
39605334303943077156183537957796713487518648818229413305922700653705356289283, 35949875741698536119096809817150819100598820570181452177742496324103441106184
15536594145972678004940305256713103680071032882722190653492213129746601284075, 53460113597300252159959212206472735266483475291099978052761456308413180217195
50385415312054586343789546409416579602847207382130534949621703322668911559032, 22372856941806358300509350758832982111997020978350350075568943339799349002899
10096588859609820656094690162922287321714443691594029395538748951974647778901, 28879519668544058605548904167771691655600040087349171611754486766141666756641
57163445919700257732251603791948267013058212411312704132762738346255382549637, 6130919646702731418485968332337990893853005366798668107485885341455544936257
71123559034111453649196660946010404512801632940167275589160131870183836128846, 11846999475130004665690977536229450774442585636457056232023641789096765097943
62354008130501595664347779211095143335152721299935596016136429532615849402603, 40054624668836277827842391445723449406748636368982277090056825177780817122063
42091912579502010604162019740818016915882993046298898500090290791057989086728, 22068832942064144247637689699754506098041718796391235027306769487545895230521
36079688745633575419014322755167876381182499423415133666893751970096072493207, 58637502603920584098436429852022820455353883064378696877180633845790803293690
35948613449047609693792077650460194167548554662299499312678940178156667053871, 34764598294944463159362141348367707181706081842774478793551632120704195909828
66967505335929741204041349450947168636656600693520896748691719931383896131168, 55623196671685060006028114934027310775228492766809774249643499700830076777206
3994954192213878158621217040778974828419662189796890823260456113220297571240, 32033255735425063247213467593924016827449791613145479608713347317560474096214
15549347678641237091984409174072861128275208498955108909056019235289685889286, 27760601377583267969473960351658450522634880378714424178776627690910862539206
9706991222322353797830547136158337580704613128190775719615543470597388805373, 8090074895273313649247651644870348625159707184124666051823875051083066538670
23542954659772553301046939361192525842754672802445402432468422317333146353285, 29296021736291167421450010779423357451718685034037713553107452650080833458736
25286718366956225587726022862184792717276499364854405682888141681689186135173, 65052840696001159746151540282482716945113116747154032554576472894973760947573
24419325682164129091482398153346377039589238772593582418632381670955258989568, 2485117237259116954608631126438217797785820200441729657515160558442027543588
35068516914765389675718514313145336293952862870553012083773998795318268268398, 45735526974079661975111424223716355160662879959668572177942254191414992895208
12562510709457830192742654488058266193465605005041564088748047421541517925303, 33272161532259603299053138066396810277106155976092126400197716331134563539689
8166439890524773270307215449515539839343889962994324087038898408565249249165, 10742633521976198998685640044214205742297758980662644475865012284909326981235
58607022047531776628160793998002938678322203128949696166873716194190415352534, 5110733165296589391330362532181692238057113355269465263475904615490935575185
57830350043172068355459674384634046294344869245589231851928616494520574742179, 11504340324644438635703600849773891653709033382566491238681679802091952684357
33782359280076034760514813041703454361065989861742766074316788560521445933934, 46671956881751275662448277388506700754271200970324943832272104628946341358005
70940396605292082735334232355140741606140057076691035342426968961693558575816, 262179765644492806185155448090418930238692434913980654949460492652755042354
21236329997723628376667095961397335425725098187775405646322036605553504881299, 9754127905971319603917435498186535789066334050811811927945208050885995944684
39484997295417061209733320485222935418005272596899818425023363996594954439300, 2432923191444608051645878764054361373247942621136104671355642186792508140625
32766195249546184398764874182369321856824896845936748968875676360198373885217, 42306476241626374153699818140310144803584527223186279746203440733896363570931
47969785533366049907111800381213496137323063999239426954073740899451181168026, 51066221298236030056093339740655519870230394492010163377370979190220163703903
17527926041551388791239030085749294817460993528071174326037238023945158801431, 38847492661738383875758471143773171627837826077112042031494078569215657261044
16255432467418293950490184801972333152226347514257820406838950170548193460556, 34238063933626015258618570208700797943941814737867592738775731134628185861878
21275874191518227077099340975783132021875320726675186546033929136685873954191, 36064270277670523719294582233864180954673634800820897993345753259170588231897
67632483283919046061676156753021484804872049157680773511410294692739583184451, 46564669081141628481424924824702280460064594765625636385975674454145788109807
53584984515750630390849104765774497430486453966166681717404041811160991683036, 63371866368220964162835569428681931599245430565930238899863945565823308091221
57450912537051454683581389197942452027138056910857524030156041972432192124177, 12355489536371601643523740178033570094390766422395873515747649453156946779019
76161555445202445160834139716482419471679366828647507367717568247700108508064, 23881694108692958053687621188241618017064447350374416764841597689272391250894
50282178521921421303250305578769511635892012816878916103557382104989760920397, 45363026497500390804790010923923171327201680044757150282029443804424899956386
7673384549600912257604305341014052171363365766497414668087359398068840938713, 13549077979988312183104598050525914310175560748515751009224255252785075573859
66630671643641830625870443871205979354024011996444274427202528364119077264048, 34581188991981504384817064842807510248523314320252308163784122265793770603777
22495471405639131421268551744066073938077878444823762772095794310707917699192, 27427070836636634246819332748447879095414304801760442318529500401892445111498
9508203226090097700482764943862675823961163888514598618079076815820257056999, 74223382597952617447671623243186025888395526798787562226394914374750332182430
11665073829781370358842213988785477171863869023671842991295072601968401660397, 62385946343143654223211114293528518299742097023343733737434927323643034129606
65367387202336296065294732275067332703502880896886747979661645636572826603557, 58694980557274835987130935046357173658152477755849450107887140900303738195079
800964014033036711880890199388744920740832263694552332296737315067702698901, 18082354057922279152916993442893641180115657330962088091195368472802815510049
67676904805798408867968270629918766398326103076687430642445474141190157837488, 63266150435174922221654864322999659620263563915980447922823061823737925664272
28984219769296515762578060317152937374491407456889269653153532717474799132183, 76148479016287837736378718441821038107547498692166053634178425627116717559000
32481011768422057267499344623016948580358542149101794516726614466968784827958, 57158649376700756097595753088884205673611398876033910908425460088885491895993
33266676665675766389535174117113071931607379165643014095723456070505793572105, 53074095958962733241860299090897273387321660124154268546995212843972020222163
10643267641553449449454133207780345264096150680212685882907167012003413999767, 21426282288319806557060560931689948833444694025267065012147802050286565181472
63435466629185304729570696600139066672444846444155654457608577186302687106787, 5634991178108027047659157784164051340100437034905030569445081338272658113353
22678401277550518284478014669509205994889202899289827542459091832801498711848, 65772450980410634843274275959551837898596510603181120310381092143395290722493
21412881335708610705987972425503146907460098862874826439623015481561738390326, 646424499063094776608473895875821140433933678622287969368925402414624015190
68629193548027342314722527987744529238886568284972402665006971487792564719394, 57518192588413210645057759838860007921044027197255348360605513409764340645013
56150932600122208394211059222335204041958006639370871551151560312245952446798, 52113805122607417988288342670254793605410168179992944614796143807400628760353
71040294823371063132702861123159206511432391909976592095417488006473986739600, 39006586893391724001164049984739537212836669208938314735387657608697593305072
6784338013338389079004186187118504344836960799990807315072959894155276692315, 53376210497477398330169042322875063253083717520624998706659842318669175657997
70589839622023947555599568090040390910880529618535811813200952270167327996505, 16290912447819494266526307122609762077746481988841488183617341591634016979973
12219658235740629963351059002585162994310836519046347648541979280986558793710, 63030909037281115834486671796967396971792150641191727557952705131311283866894
40874187678398038327336810542283991890576868164627234459631028962616262894524, 20253838111009266046879280827015599886134708063576176539915479104700027932048
30660044052887312755794688393201313320305947304642538405940721184635584818511, 16678066080604774789901803060099799131402287044842486229680676208314262625912
32277329194299146059361652627573616593268382312441798214854035414730740344243, 42258935699112808454461181172473176156628880285520974666032522931953161000764
19284584151954413566293377419392568777940414691698739596848085614762069290015, 35878025841065520470571187706376414633514554950231153871736667035151095056893
20732433580371675719583274030411588925195919387454604733319572959311288068063, 40710348854266971906214771013805829507883026439345528565061138861571966403120
71208203414022025378652485433355703678542567763193505617542302589573900667620, 14014877197404358636633126536783202192898287922068240671497466656182350878919
31567871640275324097183123615264048510616966005757992410079076509110407213273, 22986503652985077650087824841260370300119505991584123119609946034747863710103
23057100170608097560165252013301176381195634946726269147909038316823143296828, 31188378944786100870796011045921182275555377577641399165056072669865282370609
75854210052648975104559767976114992318992699425277990644581062353952949710826, 73639553500021279827132715035858396370272000133267740511866399124740418012800
56465649754335869930517334613763116459912110404969701048835739197463327298623, 61504634173714674564143606278064156599203899875837496074445593115975324967442
58778152067442423819577781950589524838757830163166341583097485401229917696028, 61989593368443470086867106827448727259085715691080338984985364294229878404913
17660599515296226096485509319103486623329722897115982314491938390047216336601, 65850431165756069952174753850248893928839611922434743913075222090511077781670
28990340317707835031392509397785618544900490143243356644274573330124012848582, 55049266996390202152491031925948638649938424569998150779705286509258661233220
11970983232899126538380307073992701818518858408520009829954801610984827972989, 5989257636014602028234608281681035519078660019711422006368375803663099425540
2212273847886644649296399192565035255156078229086201560442411603568912040583, 73866869678207555038945019361008224798853237595415600684661123657650798099863
2528611561097076456611812669876547185237246537579633186910113539176215803283, 73718266277936035784438992073413075298719349797692451703068033392047225527606
60982607003226387846078366529681871110727815833338030481114708063125911313431, 28644077668261308085439903621400317607603795773036994092211218374548400717230
26587200059990711130189233183378096051750868254885320057201565483597494553110, 9664186486190671270305103508811655132254311529699174788346006425479927350224
26055703616940415222579855927684421110532355163110213709905068550527088125704, 15532822417781217128130306613433422849117793193140029415077204783321714598580
51936119991610695042384996714362436619575857233512466958991456691622826740699, 23559663979456576814245323200261254413740074066924546459377921320398627021218
12746383946213505199260848999742868913419198120326528880478459691105432868622, 26393348017432565422080783369658555135069153375038758244726640842457136179396
36288500486116246394173848263466438225550308976433401422742130064148673916879, 39634795573740630951590106427019997529394100490207026823818550035662676685847
44355980707018346330013650493968578415719811237650469023912134550879096545681, 54864253340768055201888110047581351865658540975472164160325095863139123253601
73713844707518908888220321140757564427988593570127401314911718519534956364057, 60934016908038421035426854720829612238242468614407930388420507135673729921624
41724701330063733753892289763053265870291618151864130813218188363828900310970, 10266163167606663521316095240872328215415098552788962419995318353395480466532
22194493877556725883608382577562411404671602719703426345335559925536755519941, 60590310064580862077952478990959473747998875971929687371768484514559901159249
71722286741287799157439208799824946507891109735277030703478340624076541198817, 44373706958647510218630496112626236726025187313462694045768731715056382434641
3920320894518479147122209988714635245668243292220568187662793088802136525681, 12192568200127427366530070454470059629816466278698987766571215567128122110440
20532792433974094048657145537970982682787947325612510204039975219784673324971, 10313227106179297140500511000625511160405815418678613908823868580105810473747
59742629153189352009719925575570265273407318081669833966027479078699098544902, 17841209334497437522549534013898359970120954987744718983750969976729505132644
8047191404441723065487102227727222306123643835854382599346039664933031180442, 30448006633261333472306508446143471790413756300131843864650003070146597041025
50718855331863475719894051888574648741216568182038083811355955147268884081907, 55853363345803987682792408223284295389617196552449611440825808795718383358526
46002226020782626999325246452164263253165584452219857435161209738093134071891, 8854765023903926783490529679021640278478339375878992776208321087080947435014
25108484394375579665386159880751245007038604297949078510333780760379892035912, 39200525491562927667363370271583438486203605474402915450090443595128053925727
72924912756190168101703950287222548234685099614049608630953510578012990285013, 47155496989765334708473929970918103869180947144250636401413831972148012732385
24842860562436128107759399079921209758802182440098953091533299480263364552339, 59843432899476035797198862034669149623859061904629806105026426352868195313356
38091762883953524984098316628806349007493064835555961661294471492397358022205, 52503727556047912591540474910336613042387290584355380542250391277106484247460
38952508480146704780694322459589145823546039307926501748418731946637214569459, 6931523191082323638979277384874043185284140224977288403594336012556769068178
17025273287687530036168219165679520523200716364072600703498770894917812852089, 41501717568533947869025857103573217017654869987898650236989212415069886918210
26133620952303482473664967372453351978448370112112264680050608968651197298566, 50911501917409571618880906300488788193202334683366472611831626894558832723677
51462889827021295725378070001330505614000591108193981656065579457389775312843, 35300677142495217595920335078198238445178650540972419469017478836070283372308
68231441202309710948773120551107908432485850343969048796161155663376196769370, 48879724619809754006450086590383708830655832952137119521131310574304239448117
76432876166680440978153974147771755575752742095684512350854233881235223966248, 61634844000144901487751250824079983503839006772652796595322811559486103726572
44940990183207667073487175601181460471819473913504143748448293270471737570269, 28426811675371008364498010506910497029545235700679833078438901175967651692609
76309783359731697175342196518330365779975298416622063290932688710225803697416, 44982769963896883853214958319545007133900423570177401186649203700975483727693
49179158881380906802717734273013321030144454961037836252074856831999265869879, 17715583763907259353762607926666304077470095197204105094382685570298988335523
69614732204881744096974777481809424223153402383975045272434400581386637705753, 3656581984432366883880733863953844300863746544264932536457299765371273556667
56319972529205808594816645920947721485079417004721080604246211392126849459446, 69006143447456489950859309615436598398884534360824633221995079430578346565171
16184851043077569938204402936519028123887137203924509125820361592094721947536, 25476541791708989725369006004628218777613096269300571326602353000980705288458
43772495346090553421445229879724209710029647438864444148250737873946119663499, 18650628831306118766031364634206570044945153905129009615626336510539968867341
23810891461617751779835960228380187267649350912718512691173811327242459658030, 48892843382525436775673606711760736238497130036876087948185142645572911270940
63333498475886386880495941630873534435012556730605214360112570998500916646230, 55184685122198003235348685921310288488995489933382221962762135875981795563985
49779961123966199446995248428728372966005223375870054542968913819340959766345, 68644261269773776320811080708098669241838906998792182568817974414989229060694
61714455887075728905731602647044374993189800135365125178075184126882449956915, 72461635202384906461378395352105932477745679490706193626444203228110684511354
4697581384698816729427197442602496666484295374524092702943180404749125183908, 18121329103281079566825386068593782939879993906752335265472698812304976398779
17864851222383098825475678186073719306885603229770404198159426099129190996818, 37207077814413323565068551166264777953570283947038112457956621832207911360160
47167953064069727771916666567277797648396969520684474945155094496181842672683, 2001870431271610576427947701922013719326729892884667751115333193937631825923
67888424921577599659561676630352849861429221467810566737546791582975263695349, 73684489299371387266496498634884842444997347366552307883867706552417457082228
49045752136981002042993679543214058399841539276540959137725774269841369744071, 3942081210903316680672810657624630446318418266575338126428688364458042924118
72131202597691520666359400938360046883645917346647898497731144241316251518177, 40329927687594616633852472092259830963739754747437358660061176727948508450205
28296399478162488672159104640353242039694150261718832917159600961067970086150, 72132570015365527160440077370293164837027722100947797184664139742418099798741
1222291266751946739230468243599031299123919446694888511636442513356302741274, 53261733788342765071884404775790093142863953528203158223883442687974786325447
12647565580791448073921449475294602643793210010007232419472822894952179957600, 70544542078131263000550798798719493176637828852896566260981014751144197983525
49655666614149402409232190140477065409473500886307583261496360232300519333316, 14003577254766338509284902028127078088994952551677113720270596266297220689618
27531606792833019590330511787230326267369592066854883841226097263044187443032, 26041162702495043995798202340084621490662366685327774898458483110405601532742
55050683349948019441880857464890203087977466431502563975250750481001832041511, 76500458029685882757208347239548115182554865487793628506208112120788224580296
54488755644462255233233626659957212193806706614161717920226909900293094897260, 59821843696384447445827183671931647793634290534721845477648351105136051737665
65838780231230425473126141405041632120875785211497036001295486434140613266121, 33164715013355898907957770542776450081417173792861304532303329858240960208656
31947396283515146416109767744190702167080959046804076668404858908009739167408, 62271643790237807454895008214728940775840163629015723894404349091683812955245
8426351196516740605572188890564289807561147117534117561875814737990471644622, 16640903474087536960111797823034079094530626303045507636184505007031016003083
56242693483978451648709086915821404458107316398682673723903328309755582166843, 66636580524442438685233085101035692229467003426524176484634753453011090441777
33925462584837711716099809354804538656858263886442777873085995776097710062944, 74552943446708714599651380641875225207449174518834929298022472497661443883198
16197679101532563284850627853557053678006838055171720309083603053094487631464, 31942822382296367024231992765184443206785909510039673688995059124262095789172
14605853321210004592081462867523217689533257205349031805480630578999943690777, 65707289058881921192085189156152439549570096218879606662955856792330776637549
51655708983336284578786644166252268373744533811353259164402806544711399844990, 57587720181303183664187919300285250706884363832721502421970352392624281423928
38505063712517606634291960076818949600611132853888528341550755522966004295153, 20839455032109153991017530122164517571407644973093811885282867096332256010201
5472374336868751646155955191503591912121425958202099330597766233130906550096, 6142912797647023404746327831726753907998672019123611770619274769372080949839
36716088932463195386231428366591080412728505176615356731618054038530881621710, 24976310950350830435124429958598441844262173132294826283128295125749170909996
47229052796170888246244012839325642357999349715999793435707629837260491032093, 72856500059577229297870169012417564675282366665289023521917194669599529914651
41993746466986787731905999186430120116654110189452724134959597649412150350636, 52650661471203875428068399244413963226552604982548090369589309991745422084223
20943977014999715086759407460261919904053975149628787964954502855356594421289, 22989284911898404725752615946015626241436605785721660768158523533736594979401
1440541236178081177890175003657407977378009361430612735164968302709155030255, 56207256356524528533000354108765226130096080786923588097924328523773013367867
56057786448742514480005919283512299933967850832188111280768100289539565041494, 9900439348199969571068158314941718638783350135142916476759418642500831221538
654622830853746020937167145585751046105904348791428102160368434468845934852, 42934388193055196810722327963598754594973212930367210313836757036337256206744
22267473340559865758624177258487330197409965445514789286072050984079348395598, 9854324406947952715648044423489585273132734121541479145487393262735008802721
70171746415416726551501755882940640076028475089864430970618927325868658033478, 50264788528098498199480943113492318232586877442759715150085740710886194595827
38723594754421878291344557154956586414986783318798723451791159153787081673781, 63026955713748859899302687340910494956307560112219583817828149588082535946404
8882111413065867881247418370701152657917721392494892937005738215929826615326, 41342643342061284330281415160097060934678951684321362856295649731083001125000
37461100509115399052649600315506446688178877252029547850251456537500357406572, 26718038398459515794397058814746516703397152354616414417438384124180995274377
21420848273934973081659017704466098123497213989387338413052289916227522387784, 16523432541255692985901421285927002797441658394844523940222895519315506558300
12849849335521345435233069203066917451182841553489094184516374329532536258103, 30099307768132765211560061455355783628489058697652784031934057748448137860307
26611747777311822142420195127369350596505359971895983627572608294148650991573, 2096594633339593881288251273615101935046925036100054558351595253217710327868
26750795746062242475509554700723054169249849870654279744259412167850222527497, 61086346639126912852061403738932276654976146917253472096303283373066449182995
8454193219240517118580475363232280077140559757050247830395090460417148682288, 20875597665811242795857195734337937246636777180438561353813119038165874009724
17305508907891655092000702806117040489251404783829876678922963345317190144752, 22564230075333881104731180903051320418812081687342687577428729344851780485634
54509410175642053625681533855799577522082974326890266728688905140259661712655, 2183708410092973231618538733507175360945623517845187516705515082898004462623
56014250850248060853046415939058536556308018628215077233810104286637161171680, 2072786911310016494641308616906705215315348773700550299227306047711859421456
39873104875362401087993680197715471874781648677667426922218206865865152134935, 9018097775182164513093710888148260239053671211575206715310311707468111301700
74224497433576443828558736950234110046302282989767573150643895193937155031030, 34787401398336938807091296391787070623541439734709749419098290127283029579701
4120439541093070787445019092173119319206953533009228412642247288798105975008, 16392766097579891410935649914013222600682736671405487972362155693207607776836
24046491063431903006730518673281984564117305910991439735689580572953281927964, 24328314281105492649814586327239122141705857841734527571976324422884713537260
1201065503607509426228113602233727001383809370181369143829378340334817081978, 29301843216043955061298568208966346351402149442858826754624359245891127568579
23813853483195551519314267359724937210266951066842103934672648097525058517663, 76341480114253948685213962574979836704828617104952660922808187525384111227115
54919772456917317981023548955730621448689474899552979576955887201962514557199, 4550291760388036186369546585961422093346989789276713516158161106419554271950
41599800868167417770691125592005669925998870611900143122682968426834361104143, 30428901122469694398688524137125732253299263953038220932958303068655181572207
22453578344965003377622864183515265875725039630704070866822043698129162743983, 51650231219583211980206103664880545934074968734210417863507039767190350136301
44831083002692874659081012486999215019030260668610959695168883111006337809313, 5774230858007273696095374005162338414141067240424872304778489166692226371900
68160861849599844495764201059246505956230776919711855766073014890556935845554, 36013158962454762319049902808179178287085036017051358002606260799469945016388
37941080661590785416514582490811216532824055753717979048054156584419268559014, 74321935522902080538282203053683352509846856313568469787126067567386068312052
70812697320840244636336060446406418090257998150491295801520838392533350887802, 48893950034546754943411498206708648253222315453913354496992334691668319005869
61538314321558433521932222541310082879967333726628401893235829837020132381039, 41823964144248115769500713840902856256052513477136357825750669692215091161348
5961074394531500632091065923723979613049166568639880727934465778394562731065, 40170149732693938795177430369790060390687074345662952933521171555494643930082
33085311189908283489518685712068997953842324846490540667888675312571810424574, 31827352484046946843181234866067207531449760542328171383743935478714403255166
15093981986819497167502793120447360312610521350714543458864107680784019263817, 34801262711479609259193152242287188830089106798741516246378926785769948772215
39512058661904825810502087598449213010503624852042121191070064042849544505686, 29787818396315271676454806826168927411240317511739660988981863473414888259168
58405827316591015547541365000587346370849775623744447192492305580638741613257, 19041064852153057690400277388605957205144490081800543181920909369347819502784
39044767878738094307428189673196245345870630000837077405713461732506413382605, 27266772288568093245632137651707500876594351922933476088347137099980861163235
62611733144532921854262761395482025069348384631211453010916554562663833394426, 70212811124235635970953442312847512850029648474048770030187657463924830670919
51684440542386744282940430953681739794593625191675772826342286492892127695564, 26992588975474860274037505501457585478229328695860859560837945495569952697329
34199123571691842672386475414587075432396574889679717718453706245581083707409, 30644151253671797284222304419221277736914096077216722382927019162299856979654
57584186931388787001101711863636038548603543083825631754303107325056925400815, 69125178694323608121508081379726602748944096547080961048203858883700654609705
10114698576369768488185070405861959178647666627709831452484450671866763653088, 7669368898811661484283598475919497506130209269963636104945073055448677541027
101555831944570164693295269354394798832864373698829663871572860041172852899, 22617577499219328933764391713162614099736053970496626343307013308723651431898
24057451138192169128344599715196147885476740711037404653604799323576152008261, 41856330226109389373281910709561091965657227034790296553481895666258757095898
9151149770736207190054184231949026457479781514067110091662007561025265745265, 55136944986327489747755937750782751016489101081516897871345530476000485464484
936271781667300547388589318789335247445488597577235243189629793598299405965, 65302748420853188075790373347189801207442844504612627551578913959234590015026
53911048200975995917122595541795239707915527949410390749874015273348266490512, 6684449302150295907314382452406226321339977043500368115868028946967049567185
55266632315279957186048433888393288135321467123275310240478111862657787934447, 71643926212204899259687526089873950626200819401249453056818556283069789772635
71693178314766074900950138599249142700143130110597981056316935956574116111576, 48446335060935474817766726979021485524083789247873661832146525588052147452734
35608329415233948592586814002137770609481140479375572838698578523896536984656, 34544220469572689014297350462999303766081287344086955780901860022487138891139
15871514070573067730460298536366651093564520457767865911578149443194441151878, 35351606964347467873308323396963050397845789370171861517953582499798258327604
72201741312572530872076799236547689248979800489445367492179951343278174566091, 71242316604440986104854568086775555190856952000673728554628577395626990306244
2889128879741824292136301305488738459125571984921604702918461170137447629955, 27597455360606333319902373638613268315719445057505446671245317208476173367132
11932251301415958216764344614625455998316378555317800306176252708569328693780, 20250965702274126593872033578734174345294365151858495820117853763984877332288
70972033968699156815163750641909400202248944315492632543617337057303725601318, 13250982172639466867007265764174156131703282867628856448839362815119506500113
51083534853242461985913197792707566166134033738394129169189691450352478245205, 64123671025664369860291441422345433735673903363496773542189166916371477350381
71559438119343738223315714322780220075709671036911236864947143083551284563093, 55734265713726112062525475301959276371549287008083701190406826115636762813990
59949365046192260246799832730841926510530647572196655070541572132480996559667, 43559658284921943027341152556707847038121509907408979614257889296168261070800
17298650928951291709186889164204957233780580945510932770579125599903156436609, 38818232636279678148522372023674974548515707301547829484542892939104079066663
52464146314355078277000813443719842436636033273368368293419344346270244552958, 68869901479316538230406336508366918263667449310033895386064550930709043184884
48654411770883920387372916725691161809549692608580625076406500591141747727298, 36729757509223061408790797449134506504346280429980995464352830631071936952933
414438494296913728147474068747776138154803378686701958003031923219030243412, 362520980295931125398065752194233856559950022715255781814328823585526405866
9133219604454196747954042898934012655069245261975455628524656221503232676096, 8022955634749997151868446981553659184319819308055255169228945978899437263555
18976969078040857911431863439142265809499048524897156456626132176666446191464, 31782559315544084811684089814902933142217069502407346674003035605250595677856
53326828232604050625530586748548198490618828833698066648212573160719415010300, 39810742308076860421343563379436971484256862206444242453017953164862655521185
6413511529102774245117794431477081739403458027367478220255704837649361950998, 52709301813154587267978233370485455283363910021987532126893032166195990357990
74658204528397642774634544466354091135058007719671068659174835805779626848288, 42571497705141667289415296536740314678142706582594877789510288607760520677617
53582597006549184430728731543926301454697251683379694775831558115124242159595, 36338020035813501443315225645413435742284191748098854391333272389248046432972
46835590629952314543240281994451052739582593709386835893694019205562520450243, 24770004978589769146532172789578185821551033586783357039338957647099053069121
58729038668862487341541387815982380301328267478257613244888902170177045340390, 17621204770512254148410874518257691152967033593625532381104477318473414616219
20571765166701910085235728096632597278031115348071656103348751670596991338859, 6857054717630618167581197421302763597294299548424720069428436355160959469143
55292780814523738760184554517212352863177994444068799011323964903917410758728, 60208294407200970652186683147341668979127547864280207380832576157955702229212
39653187261785334264394947981063913717144914524603510905944856966850979738388, 56511544732012542577211814020126300434137017358185661994605706036346558265937
15851997954217468463017594626739318899000802288151655279845873878159943175757, 75164389519404540216646782722184815673041965233053485267880789404009676980497
74824399224907199466520023999354673346879687555829854835605811338849245896540, 72473422777114373706315352614804514049996024805974051450832595052163423319632
32457140587702016985971512471433892546122593916176793177061409693188058243000, 57723679739323411439432001230705550768165747748854670748863915030716398613305
12629410031332536453078071167804035096962113477083843940927767662035104308137, 12558770689846320551483449657908586929881951824451452734984699175640604153295
9164341271939027307361448228654724678334816384442360238772354903101910667906, 67569476233234966234042340839927771894116968373210040885806490998559591567114
72909855573976510520696163839770666918473874786643225973101875515458323926413, 53099786366416882864186044904466685351926596895376496423248926297015284439691
8239092110401163098227406289584978279150149944512474358511679105279226357701, 38195573799598083260541864795497552281858628469539650287615633380212230366392
63929692655386539612408257843414587640648674589387152463391989292065991172897, 48526703365444174316188085298445580356586530947902701748055622783431483508383
13368731998749928062432250030252876505442811100588758016589772377615574061955, 76008866165326444086021832397179171836379956509060314742364130035422517751853
27182737144859634771666484192456832937345221301496419203671065719958932035245, 65524875196985402933728367367316165517296113699387800218349277313026369962250
69529449222504053535082021877272647357938525672990778729682669463661684698710, 75452446779700363808456211842550863353472258798274804832539618741908808045072
17429986797043637033702529899533451008620902610089269088818001883051858921087, 7454250515585286195024537268030779733941359435132431870350230368709319203304
46048375244779124661391368189568944017163659947288653704717648058096787719781, 7271760822001059255175696793652518481272844283830282737045892360043410758330
71345338134693668897139985866962677236757024824602269902517417416162599598719, 61109686856655807229458753706221257584403149764268041458152034744313839730959
52704885631764326600483016684322085037098533686192487832970697672049914030181, 73161635810978724499497085063676067699082351084899892456716461127243477717574
11633878429403768216661117406199449387148173380006330060907106208242513990517, 28348938881046478694054968932487610709802425194685733248851676055394326052517
25733099589115097037058285628403058347304903158147665484722273921110011879334, 34190702873058611660168967721450430123951656235709116798661000018870701311894
36739924340295599231422703368927309095435709665039301137537678166762431416114, 46829295985794802301976704240728736387032524624861492390030021871247680088339
71395026532790675529321634321074784835316940336932369726021812682806520270277, 42705616712178740312420598423200648872316068864522548524841469560792801220575
61534674396688968145981181007502652418709095544611494478931542852716156285832, 68143581738458693556288093482916277483649224417161982206090188020489347478350
65954865873951318055297456916350279800811718256127617461459520133057162440313, 24755643784677116957921729689536722145534760641392324065942808638398369278280
5341374373999253584819091479485290155494780341095337986948257760080456440614, 10411579491839991115112953428076399624108403795637740908699924575435449672381
64752739612478956434328174257867904793531102204922209146112682948377277074511, 43863867477676474218810689083393462144508693398625882021557958712650013368679
70785961462837568178914051352911633852999411911239631785683459967270056640715, 47225333052844433110916564879871405866279857677022782594428117747680876177060
40922667239405867899174017664488294935984739048010716056974692013994585769559, 59542882500072362729428809925770038718367961100112570011007248478962139223420
69437503202001860368253280992661660536283806712483972553560668609736865569374, 67347952174366017984412035999653665344365353909398225244634829990342286704516
71355516859411777043336486548363259570376510859669223406284518052376380745249, 64590246275398982046820212447273945048146786597267862768743302618262919401073
37656766441350622886601503221445353942406652654572657845471404633093222011917, 4217840152407001687285399921526409005205700046273063877072713589540774386393
13927532375258976165604917008861924525863049919058092757241334940247024509918, 54541989339238874842109272885119612721795408767325766975945080561397345770493
6643307788057874235030467972624254104343777786814012506859757818244138396527, 53556982370058890435854506319500841995955531034252396708882518584767138515511
27181634669102991557934052738674587565914660422903634600231721112637137488782, 76659620710336509256956905497045942109735705780610870049626271587312698195417
1562082988009096635624678468690100433114360991647780623261739037753303928084, 12449496442486816956275073504819094550929089003682557293853775111777014829157
339858554097369916465764898585035378585297855207158727061668945895517856961, 69243669974204056403042950281296348107216712957290286322888305155364839235362
57747098166161035003244021118115648001064969161326275463715923761164523626998, 30553212856652968676364179639845154696797981272956439823296832670794594573395
7735170641513971188964401774055531055667650122189393419522875797641751700756, 70439777161495920939536184156679257252728520908685368876587607621332787549151
64997159433886687998142658809179472460507990550893451301911538964372757126043, 50546506709392519605058987522765502866393174746134059573134150595595805547530
25590198072890077031066961771734216678771767814090813989496058529022855432899, 48572198037613870426800534734069172836793078592686742789617388393972666457369
3281311811628372912652694823417423434845730192302431881321916191818872534152, 47590124257657262679038667620773723854121728757455643102234718801576877006740
45180900123401502777763437508192798926295656901647298899345697888252767751504, 24331987005712729266152102444803978115545430317981808656582917092209427877215
63659670811686265323243336803513445422436856003031722614594239450179982208747, 24903977982742407392959318019167700272052011778351378480372058397424037019732
33514304025023415611419920862759822573916247335419813933501068418409185513922, 67129653875766891001706640472459926393730448464935307202458276828633212659108
59894694269967745733207659116267978746044573262013041391432324746124327099618, 25385258312335699611019643428920683120263322771957373914333587465022717105430
62435631000128602107893438612538034403570506167926387758439780118422796321613, 34821668812884480305872630538172917233363812519740693264279673975854172927510
74103491313591143934905063550536385692453260548719874315050899181802696691528, 59520556812125303616947820398767065569002116053825564755817283044423505723063
10154270910752528632179803877638547083057663431604450106067255420344416123992, 49654326698358846994821758367303897451373436416039872369958076889965148142475
28010773728992744355522182426568528978125289915272445979560603522342732836424, 71935252890311705698124332795476324830538717136438594642327511909591360947751
3856451069176967092774768356505750525521238420589831226002421679909957689764, 47309328068489440344054854534655150642911447300533891355726241708564608528200
42956801493001031074573940042560480558355895814686690498286484167834078282538, 8721679705322796026122491994163118992310078215202992358478225531776838557730
50041168364158473570599930177795441859352112050369351194648687732728445075449, 26157232589314116160810654346676652053260323853214260193950543877922657108601
34269110870172001487385000912315932072744618358698126524885987245871020341739, 20029534552100298870350259871642152912222514205734969030918980926015571937309
16497411443752960551504160479484579648888859194073349408518729472405488061951, 3669887026698649415549083247344714745783848783190624984585713031656782430804
63893573500571630771866146560526904277755032388158045438486751949429789903542, 66336500365491631536726796799090668897183510388216779367880589364856274422310
20413365992895248770415148557770188971116528854724864947011160481825766343141, 2524633589974692350084111673570527767370047188360653894309410136340690711719
27660578923538508877623309146981720413586575197966676741567642802445440696851, 71876412259502990197227536608575527553771074195185952404535764448357828562377
30713116491796618450489740959384133090880170343611727806689548750824356216037, 75153577334686360958566274257423284856127592956054941373491656836888966128261
53359385798777463531630281409513697703087354814052294633227954095802796623362, 34433982235493035635656137148437753078150768804795620721349379786819544357107
66627600274922793310470767617824235904103991746300144323903452341637165809012, 67516873957969423223362519397066880611450188621668282216234028072230399960289
14463368626452410303439770815555763541412463565706316566049300923392957628176, 18724953500848921632989308880243122978699403189040957361284826948308056403262
26793272511590353107501867908820312243322402971929701086910284448263873911250, 65591207646529014277653037117534065298243437089954109669278057482041712153493
70083570998951726933767936692649194097154726156351971046533094743578980754871, 72712110237118309306259264744406811574691321707516348182048439787602279254838
59594285674724422839348504835432782173312484931525163248047961951348096300128, 6135649311756500513991932162637385549529892058155413214118192525914191053508
67742485576038723449280024725929460798772979559507390288612804606448076558515, 32581221052144273643045089409423124762811756021217385728370391901380076031645
37529932011915066672454065066227431476882150877234232785492951367426627681585, 51681267792107477817989482625270399726663975441009325816688599301046940584549
43561232538623326045695719561518512220895536270539209780826596088088641540106, 18691283745038089501622333538951174893518309334085218183301527136814758861540
17375017104046747752693036449453582791876545524247891499495494485955307436221, 20487539600763902519273970029457771207755620912938415348908544349725838658749
74292431088014041119948846809216942297517406747824244273071347548754940952290, 10716313535705631227294398838844573474546471070354708200254048884639604468576
38632782995930171574517362466730789186987257154364665190855394258635427701145, 23084668353492066890560019434198661933499626094098399234764694704040388954934
44734655216082216063252554079927001710776188531698305866442651172674525348487, 42309215149168514604904077154946476386210321129140067267799194915308219375239
73719133124709634222166532703322073792337515677362651855346483077245360684577, 2038694369444057442806631730370566638836967919535254826639011348673574032812
10156999189403536896849998314540221240794092863087653404222518086551936902548, 30554219594289856459481481875709120328132565473975554818453121560002821616488
36717502412980215631331794405511514965368308875744905253312251863021055538295, 19269741345740954374898455518151825454090120311483216196208626949544728557867
73716216618557635911412686378311332964473518615883270979325001236088121282648, 38382156982462949498708673248332851109110019495997083764095802810769619460678
36692584779890698479799509862654673665328032449262385976731240736597649277105, 41528717792800284689254769607226439478501093913352751014774777765554638131582
21773133768002120555762226959819374067332554253065369271821936113480068767829, 48753402321282485526917094994559488265663792613478936072309162544744484032883
29073582834112516134364013462063903510905457837759407322845291609720802222375, 2174534483814781737355274751440888319193973120676892880594982299351943418446
66082036665260222398595374504770968185163190076529836507812972359384172971754, 29129292403037859423555925286572593980268190087574490483531831374366826292500
53987580217035490277706513823010062910626125689235861988923772885028679307075, 14577779411614472868997447645594273813312177723111039513140691455228750024420
38275193464870643866711181606553833969554051727131404223338618685446147591761, 28190282916066701490943885497990934637043996553548093094559058445883649566527
61891968290264144351358634254579608564622818871948198930937828213886205724801, 18046678522728899686580868524105117331676624401898517279647205179075145289692
64968439756824993455749440163060961697660214004385304815039556850052124339920, 29058222426007541595660136263962226173582053439630477948236248485637317766695
1968581554785998931368108951290941869825269949271259703660923712679783723842, 7136244435074029032878959746719066003390242922043225139483122952044528253725
7616559397864254726589404066632384343133677498782326112085142715464927373246, 71120926668929045448129440554171147411722878104837803650070674256259066717386
71360342267843716527583251644522274671755909582527930515651505201797790971098, 59589661164062331009565269890876967756994587142265873704756339822759483882256
75623947033877831291239364240339574188676496767346041523400402894849994848927, 15986617280017207816520283664201677147178339920728934358394585878186035157242
47199081666010213314344958682347871655947354126780792768248378524668069686725, 44390800094353686055663611688962516733231542301092440045666084814100394233
72211019624900463108151157990556196989248767982274614412341668280116971085281, 72023206216035691620593600390749354250707314629971000357321184967220780607135
6548269583619876607326971992698226778532369251405146996614804845534899122390, 19064537381346000015428842638807649838633054214909114212429981249923730643742
22305546956913334583938220615778614455597102687408789466999905004337624421748, 27307862860113607655299026963497981650206611936167802359429248927775238909105
48021344713653798974949244128173056210681543471910930322849320251057739122468, 51560959804534170670401631038366772740010168991469975926018757942286675449167
15586596840812407818732815242915470164845289352270829675877111141662574137294, 11293667685406535088178667221430943644812675540482555572183519746644423336007
55558716824053833861743433202411192784850612608559239000494647844532384720282, 42956809304513071957880301136364663090076563850694135097350919713714520345149
3810928475375004119411748393391187816957022930538197408201409011340073628649, 58523604027271502810198662301415738646624907938257607232480307297527776788566
1467428209973765164763198031331767971736517303255342080642561507255313860061, 5903960836036149280413212701366740513158753544940157485793130540030532190690
49442249819907795892249179920882079415344103161412557286076090342376719485962, 11385374573688699458842097856406828787129395582454903004328873656508780267222
34805818490302343638805193039061447906599301467554584508450910406937429807377, 34464539797562076113346185300497948909067256654172276959867867224528551683904
18040474549068631449453577013397400745516498069751900769472276031297533408964, 70091726405446040662665040740644147650937058684515090534683007000220981819769
60702515198243083988305387037245872284618453972296622583517225760750251056315, 43593566100517628528406166865060186944261208151009562617496935701510874639779
18374389255258277084610415643216956449930049671351190467513155336896914861601, 13544298803596618363164902578310905962937038325428289843075316154521597510185
37791931473033581940769191028064630012355251371648417996703307990541778813662, 32207060664019175918382992091073191713797189677636632235428842597434810779722
3607043230573765435667027808723520847866344389950533949245273111605376839401, 35557936847984153628933114046358797069878291834925541059189923630458581554115
21942913859365578150315427414003571991397580967082277606283366798179407176149, 55604954564813857419303069221737432737272392967316578142475412205099518759517
60704930961189937201553576118819273437459636922304979523058647382697900018822, 33378799897389298883230823390959872611261362877073128872877464614911081629987
23166491555570825546510349964751690088597481426837628390518119068318793134408, 57254797734122110247117692743444541808787199849064484958055728486177099755801
37072546903214582828559870101920314316362859138935469044218063086793849168008, 68091189233739823857738310378061840033268847506495177106206820459007171864014
29569378931861442441296571304516413524197259484753903685016887268433675835401, 35960688579798021203586056508143483870924569293937823192285925897920253941110
39595427006845408441155725123280846271557981349742968971331834162645216138585, 28987300632028756037132737240990363632636026657334648883581417412632116065529
