Elliptic Curve: brainpoolP256r1
Field Prime: 76884956397045344220809746629001649093037950200943055203735601445031516197751
Base Point: (63243729749562333355292243550312970334778175571054726587095381623627144114786, 38218615093753523893122277964030810387585405539772602581557831887485717997975)
Polynomial Degree: 10
Polynomial Coefficients: [60, 31, 40, 21, 17, 58, 36, 16, 51, 60, 17]
Public Key: (59057145689276497939980363373840360239484591552833863127046552037845049276152, 54432789191692964918876785797421874862115466957162449542064776697178544223494)
53150129289771317101450204090598788589677118307802123861305085317087569877897, 27153945746014807258904456597451246862838586782686287907335929189128407358955
63235848504510688655012443444688846323920223584210926626161914109277070031553, 48982404681213220564148434290973775653197828176859237100534322436714670238065
35045028714927223840607575072713446070016102491894445820023532235491125335176, 31072833808444031619120784238021121005350214129775916530737454346169158881151
21330865590227942759301094664093112794420292847013760716345776861157005855828, 56034163259649814965249534469448392066985076560231636179967865575341539511406
74287336482223408790270920188695022031863928925095386236546322375387701182532, 46116065219330684422502196973530847188533905099266876315154228168142106821851
18538687438030355393955536635910280773200277458488257748918628695774658688123, 67940092777126492866518055806899803035212580213944894473228538479983010815701
2501114042576951837128739125913604667493356625618370862620122341083710612147, 18858409091350735944398950712348845909093130100342966594655498360434828574751
51850496162274237062863576542563060459322745180305169368085758884320738461439, 6255049892856598035491045811428370788222094121651075549680118558392269374199
15397298179387161272802136908409080759433727749226158496455750642688892506244, 25934031798037327521605950124112264742754879754674613142514755210610445917934
8622457407267429211550795805934304664298586202353303789061475206140138754741, 5627293779701526053893876779364847091197587477722309378683670152575841920830
16352530905351697189661779837803174333189327275808770023390684167602689987076, 57193970603399433224288107861264999644758466343815198406997202066471253865780
35647439627778558464264502112656754600258043228022553917096686885632731782708, 1702129427656613937809358787339300975197783616970927696069160050902362209708
46188242421055779504936381330656033193318146050150272236743846418150897008399, 67182979654668875533294385525128071464321911322859939559396324371344149415283
41786988481782710874600089476700877751859151054033775665016967918804009264310, 61809025431774686626610229006607244654571555136565258968507727069190443491943
43015957466077242748361441865870912542957050643750492003840708449094429160062, 43333825423720690535196908344137497159167961382825880894592987413477304262127
61952910152212399519673579950898934704568250339450748169084663604962708499672, 11650949723529009870885166721447793297174926646628913016205345378316790204182
26247541986466310043913326934465004439417598413478992287215383755593110453199, 9576240556605683695088526896493497546821656787818646162606529790886318454377
21048400860197534807334411457641492377930910158151470400734911833366701939492, 22609176970579848390480509549383951777778349114526512095324893884672506506763
64283924992475388278378458762348197832331710258376269011033015456617988988673, 71034822058419381312525990896693616225797011897469249868550457016386764430836
31136366307898221428421693754687017711426754514975214855581300460499929873809, 66263319714776066761489008582796063500837713164355981861847950029716166675870
14287310228401124498548927213256019875230392898095070940534223814176723495481, 39784380541346793422239200235969444888370986929818526800289798885623855718988
39308835511826905632834442855192361423708313317597545407047933004703174514549, 16624080967559474241616709548576300170599762979095694739165165993599296231935
64600938633702991358340572922355155075836273893502939309288394404186407023168, 3022423233752124854581347380636071585836410077579910670405184130026801573252
38412552020553501889880435067867034107899152685557383135403666469950773858388, 16958497257867628490414123031492863931340699829466350297865648548999574148940
20919756300371659614455046543147671788019232859304319926739623664830423395973, 44763462973096002737376823151547863757667214825448568870145264137656675922308
64348389207628956515468006861977420374131341752103832765906534589935008503683, 69589100925848936313226476313451948253801782526792193397417462333169484221336
19125515106056045069048881914708039474416403022596617968254702989197397629168, 20426792650047000139191870111985360238664297856614106350077758616073986732638
75633689258636832411995805699298792517143146928897305539993140988555408012036, 59243570717641535329705885064628036253187733129537937529561218401522643646900
56678074252390382889165071513811958501620880116787179216005191199801152907665, 5524715112584661739603734998047614515378190964106697163802748720748066391913
7006309980879909996225312970357416852996492138618432620956184118911384999096, 53755917700582540403768761575699468311908783504593350933351079837903758322438
27535223107943237714873807833623208132687172343269481029422550944540718307417, 75964000498809088721395621716948667790098459687008069772190632206794579354997
47671058379728470124073807243773963222017022912780313325380992839016504911727, 11738987641104174940153428683834294113369437222477075945684122262259833315264
68090479563565268079403794494184815767546638612479191939385220970279104728631, 27015662205335883425445029028086468796856453009113729069240025573669804279013
16340202995257416059864467981774138930780834158436498559453652685910512953983, 47848512364725030358210929902122645458570997378128997856608974767993595464702
38291245345610386685459236582042214655072591088852560730575277416825399180076, 55090556686442753192620632562024329510918951265585738247013049251573375031074
36222177408353807472342095410060624030712509962614044836867451853776861709615, 57378761139210747892570336767296704257976895454385370352975516094492435508079
49553558295259512442059917662729155332852638407561032490816480689568273202553, 24921791587114889248428327083745315973394842377244328923998459770606421469994
1372863815329294292359835015655841383558240704938475935508883566898058049689, 40784477041950000399747655656375798675378876139862427658435845502216759070461
32706632385823432839055299542253360270945767502552213502230322475796164228889, 68043829120475666200737807670917912801819464535692524177139797294333792327064
30708943809295681507483217683413841706896698522629146848159043519055512616270, 56936552426737890552613002188772591584119118012292821916771801766348808739771
19702841220413280840478147056638864330220508844135272835554685617527709893225, 56697858124393581724711954571237000710281193792509351488078986311400646968219
75982024362344379004198259551984774779176554178614005749570495126033323315110, 9637268109906781695058199831931538138709563328233393259967687309479468567983
24344080510472632053898029331709392069357647936617377925717810149087551473005, 43541667524454267116534369976870564793762311283427991513758662949403059582553
19138807022316401489812699255106196286527984214409876391318165354803049752372, 53254895667418683992368578875349341929664939414888701207292834397248044737859
60856029891294789692690158442171728388784356370490297237700284307575970953974, 65542055437192479037908528216812675610533233995323142888272827590081517280147
11225215119872918678484645210063422079630780430934512114441280089565438733295, 12365644514391293301247997441743604413473961233494987917160858375071665205163
687459551699733321589213927149374915473499342336497470506846311559666491977, 41353162579237215677457715138259164193943205056316324837355970452826724287218
29543315600684853895265544138908932924325016147256767730869103950330110939607, 65585954994085735857155019991645186189658246674181838807552341359929911753380
54012355538485592414851141586180524034225668614649617513790570825926642738849, 31075077563273324255266153074221128393737413511080709138587486572197484501860
19185820500833802936750253086533825307075523561457931609382434133511518699883, 43821808237121282484653533295763805953248877112082947045458316767735155561214
52407605858813248251131715306938366467169827059855613707153594860365337199918, 5095183246271281518708224844466429153068367718278539757265064910550546978518
18579527563142017396464214384443586348920879498015685747813636913959543883428, 35797549813161675266540884743556423034500273975401680938486827580833544911120
17009483313002039502282533665187889637431821552930260202718891789583427666198, 9776583957759586295309016914693196171015396873795900098564056663080159590329
50933687233292692939355236111227628224026342675495467708851493176879621887160, 31158318095004407018211199981515569911063268234519136893640619047675669675611
19325355967105147381236732410991357396766510992765206178858356915351689565018, 56522448584803515791642275337594285486209062029582833059469016795859361161286
44629255709882082882047081863554343426478711262630241869824372343480791429045, 60860004910192511189709404691332148958130010471948789072552744321425633156568
57630466444643658517273707124270928714004340761058688005312679113762195470788, 60160058024835253472857411142347409205458879823556627462693340623873916977971
10569314367861150420849164043611410748905768731503530985135720012259060418725, 65089970701266390871169620341071926084426800307080862342038945465581366215068
59176191018813245878400196355327199909125496472911671741523712405106070885639, 54456920905476588491901014444929169855038394244419028485476430789664685290808
23036046445973329090128362867724436614594088451067560701571036782983381880709, 59507395379437072154451242321613739505896665982778833263961145505554413790171
33577515610535786272266364687679590268764746640600754444733527979214667217697, 51027013555942729109537310119179085531614708996954663012910468889812133240125
31642722224850152705889573063456649845099428283889958126439098813060271149943, 67514939342142716726863636675929669443659162393272580749116479857164723350483
76030305726443808573622390268155313241981797906229695435765488139039008831600, 47108737808926402245013380522151661966453853351649483748930637140316733401350
67345223589554587918760972021692558160378242610538247877326900648710975967823, 9188112283007939506009300852910966801035370640994930735452003026927996387687
56103921114190844656769020058989577786811047937205481821257626403965245327467, 36861514234387313303420876742713279115395645574930454284380484402390099176401
20451662795849842167580838607105776910711995833708528499587001531641490719143, 9945427622448567049838682050599472204060495952378472660327643275292627198743
52345387250517905351704104972356769812783671222638407642132801584221503046553, 35817869779135693471226352990674145943551095033930660733450846182559415589444
70365033234187187033685985908023757872250088669481888757197690317162593535267, 42456103249533034019963249969154995506081219643583547333192149144067333101869
30971305450361836639441371982193667865166166339758770234467415574863471835811, 45664958969058775688064201980033429025419170650065346106372387056977944105108
33206933721531754509174371216393394986413390188160453527907583894173946756601, 52995514637879213096261958564586850824028014307847352817652338535154663299523
34713248180206440484722464407424181035743791085318949892450259445257229507579, 9375122021757642874782367990198082725639912400434341348742235249063038685583
43823255862198926016732718005279613376131357518673340046468367895776809509607, 4960287848465776789601413512574185104523228379108950988294402950146576278573
41318644639902539242562706638278557673746526784799920713878343818953452687351, 75816867613509150029437246639989496180622220704454027005115619175748111230827
55798989922437325240216091897411258002299803858311200776339088360985165673931, 52216056361773967358760463595763194536732632855516996010572302996819926354716
38672777766327673520426637731824086807535529778437870143441217806034491811245, 14242886804676397351190613630491886657727900192518869825735587613083963461153
46695026722943215070661507539607090879397705986281952390998767834025193183073, 19172795876549187905087582438337962159298637705532046794152574563962678710919
44434700002363285118108562714147401185522533292899068393831369316715847865766, 73297030589656941435506247766604075882418459746852540023278753032797811944174
39674256097284312433223427266239930233789899875894460566826861857281634837317, 50340827338804153038254787522433544543209472901030172193503336279170492623663
55260312986520338606450031343030734677674795425040208535224548406728698330798, 74578999747652320858081977030029568887241412588312625276962768190989412084097
1307445246068228850838623561685836386379221360528771533935551368327990508846, 10881380751846266675941338788144724458878308649794069903554165195303054252698
24860384753459122099333001959512249500439144687702990283543767061106056554682, 47007455419985859439017017691453284214031331078788758851294292776359608775285
14269384627433523077810559453594461959392831965226656838262145972975875377351, 65382290450334773532542557655074731978506683481075652432026082986004863739793
19168855152424785706403931306037583969278858727123123254753791730948743133108, 7638018965645072134953309061662856432855066068542730702789196868512859380250
60147638363115396526018502931206288365451079038012691147056523116426566857643, 42719760318779869268000111371378148934808942056251226531945501797472267088825
68044772410359261915264036734250828964838992651544266082364452345622985837896, 56620755220389730470777467141816423234894574704944816784641933566441010325647
7221581355023180560192836530965899486199185779065734158995864329906896247806, 59150896978373718247153589178940527242964183707137212308761646749298184908028
13177391576157509529640274954782579425818415991593533827439351397596775899150, 70342932312301571862633807778538056952035973776016370203799619643771276057527
10557191363255166546420270958950518137042407959822111961640609907400485908384, 11722994882108998458214301908134363329605957874354316293627448797006570727635
54613102568186658450765124181663328665580581804676948837435615014772390108254, 52876226072979588625782270052807931447277287118858142615896339874717239617843
2538743478375486034990424083000684021849755791726514096413371110667347606511, 50301504349750336194505989113916761124944709708310827865392158484057632304498
3029927597302044577944813639148392492309975327088601578890840573313233674020, 55669555461673502747033311503184913612868011382513848323921947343542715917975
34739889943803615537651090220588548476165750422767422034380121597774970091678, 42123305571981001876498734847674017542940656166477979823313093664683408893555
34037645622436847439439771831949534247317085833445652605832902415611999466505, 54900255394460572263668939104611611366889777320416818083694778179330520779046
32812187090203056318677829986101545655270877580996169877089962602279145724773, 12550968471314252781904649498004492684013365117062983956552903292436137233834
16273275858473815997295208712012106137548082995346410192427544774243251583356, 61378488628515915551694258004755061665515850375432791030999200608365576936434
32989321196223088224017276515002571763966344054103007701590540321096851003729, 18697698183133215749231716678775367439281646181625658848818707721560724353079
33059509740347255999713968822539699796584176266076138357787797177757920156155, 14016856062712781654010438198333952870305035348215252551376181865416452809938
14174738840302317218327202862157142751915581414151147491661832571317686417764, 14584860063035732512844495463614344615358760832059842587038737681486025863114
19092592101569306280384581876056210004047860986675396792991013380180215083935, 7711806041176342395093868606216099328718893781465039458851675145711745704502
30052239206765759817807868579980781895950375942611731504371819648082759033193, 38184896580734201348831123765351369790996823658104482415181611674437618578968
60160807787659440222371619144848760832240806103783190936670613524701117537047, 42403471770099371945928760320411463927067429062586794542953291322720555080267
24112400567533123731825490211679827716584460933359232909067207935672156996243, 19181719668808027727635126669161665549176639254998226927060970548175182252234
22842230444554128633470597145590989751296987880724541244589593268697481642860, 5537409961642642958773574558110792816684436101036251862475093134764078620025
35222070965668807806480431743593238079073038911941909434792878172803426785976, 40757073154536556277636435587208097192080719995247295135121588312011973562400
63314116350215166535595598761309339058831723694485217828335507387348269599606, 69795694386635670743919210824015170667154928390799709853891192675970101624383
38466964843934787692407825670750880341426538852137586961714468153942910153739, 35049611713835365044822837920701808017468380801774074654520289400432892459905
25676367941403820681928478650941622603456331026753915202549577678184233846225, 4342608271706292079744329667733588543929137417719488792465337886423559133392
27848167087576551076029536018455217307907611171934103472878516902053465527453, 56683826544212693525636107972865684307583711637995440094114770401976813465164
14878404070344567183363683135445292738102195412431420110206342948661575159443, 37785322565615159039629022466752190395576064557306685070047109875819462318749
631004786674054169261698705832833773559571793391048830517394203607895075226, 30795383062188023377961118261151187358528675562845439575885668931819199743600
26018416328873879186666261857325293707884610315551225125433437048798755307214, 63015997499646674587011928911758899924949525990139516762632731415656004821478
24030515642720721813352810822364237921200491074624515360337334708669619149185, 55166722106608182211536417765859420680766032834557821277881173451696638335832
66829523246491287707845173241450973701410900272379872375947876863097309136175, 3831458545118583001623447543654787717573654567168998007179418153415407640323
15518937076194206445252887639827955687488796391598029437852570347886263578665, 45492960699669092736877965151028499784765491595568302372121883465024103122628
22478579253810531726014199146219334761817858735197775325253414863208357757235, 10439509872416214157295496721040046010915702698394222783446095987191633820241
49825721790439086567796848545807355742787536080338767654719290131238739306952, 38721056921032103164909110160792925276591851964532261716372767548727603060788
25802258815105581372522315231746679896936520703047809996881445675734231024771, 39671392698468615015913158036177638272670210666360171581525161247540584415559
1301475179804656773154287563583089133886762026171527200124218027390728690369, 39956856822750884403982080084175893257208899839299975225152244677178285914860
39517347131480232789147419792925413133886006811837292815051091360037840269883, 43532735480984173905553777033908420059961460028111534050866125332299677670129
34415018891258827054851472932805711778131165892319628162587019500500288988226, 63951852372803150700564253655549313427296438774757240766825875269096000062057
44909813403707977726111163302868595139566827371079021098692060608349308181436, 60396648452519967190379940339482299893202245878018852353245102659571061184333
58682513078004281807878898108260443001591316002496873175580075542541455928169, 73441762837274867819609606365121388722475949827547258803073658486390402821704
44716185100814261713351443976609824488988836697648587661549271715010853126053, 65686681109694466674100308449986959385012099568417667396922050803650750596833
31303074823915040556908792889363851606491987116678290198452392392617081186809, 4721678298643619769695409467065673024487443650755095493589000171730123454981
11135467875445231776819263752977783319954769788960439831326491392508891223139, 27151449363528782122197621661128977297237664355906205384416665703669932223149
70402462189868024708016306675699838905407107922449111420359032431804934111832, 7557072082773864409133147864794765495179303171501107609461585427331770725876
1827626120447000102215049744658242084871808527877508459056154784690193626259, 6671733255847479964332708056697659221305923703267272879613346749663077022663
40441055110156279304473197740970023199547285224781311705563470115715484017251, 56070803211611138145794241863369322021761399168807343956094162001493415304184
57573297514476777964433538542800795668743151132088148318599214894198429493184, 74732113852471947820047914115711941898418533270829095865189281398069560148468
68719694185021412328986441515206581330819593146244929402137160902119344007960, 54094621396426673050988559911689181924189508402635391198839127162231785623302
45830665937068747892299522320081569165308277567479142650542410716568881725951, 70404437194041744780607295364113299442542101789982145028737176423959872741104
33799594339773474764264382387424601112638977074880188605572427880955518657515, 55924477073604692931783234844280708890005079317546280444512959068783074454636
913096932593254564562408927900647253372236171399863027921703858455880353390, 53464072751008418250005833246559711620350672109404194020039610734534729779242
39525851568148446786570185438078776947537019047045276593110297501963404098312, 49803100572765019821061596948018689241628043862909655185818005575641497351332
21046145303033702630428209565761155576844000806484360328021190639114189401511, 60513294682550682330377501935289474594112078938925575737649996104620637130070
45131290709623565259371456871317342146273706780607103306043910664794926614966, 20966340223443813683511407103129363713552755053114937760021823723323029564
56374155569669767214468563133818185580806271883619336017641839022938879830026, 68475877229039876463932935468557127583252262582100869637785475797159528775398
23917079505592345247243849370961761730729061508800494706180028557876559429265, 14948714980238538427182657626820359415153894205574032950376362137728004801275
41878427063263446004349877566643229158200743163912538278132049812260547512538, 21484783550224527979661289370221731503154610764075146039649243467084137187610
34295034215454064398217273597553742581323724995927298476705722055774613211391, 15889336436446892577046524126528586434352193917359818661465079713845681661488
71348423782339841556918294562208830119249731093795491328036113022713032084559, 64246588967272129683109403500349724177487621941937282238167964458305663869423
53702416087124177326292560768188745643186042359937113059586258671245479263880, 53103118336380691477299638583435450306963048271516656307597386907117853239
76084954085338190072521865599314637717206866306322885600231746607098735437134, 32491417805959775640568193741720502500130097238311185994272513271159897017141
65845081446194001003909246636322235778227773114040689797266401544102691847113, 43848869688246330241957931039231986377124533252742928888446933441704133329592
37856016597741161466915717925711045823266431393361095235894938577316816424922, 49393458395911459808667065932474158013867831240971937554155542178795309180106
64780992010061897778326164865353284301718776060312347191538399809218146442813, 20055057190036237838874225621404043953047981050025608579865216013493843885983
52299127267211793789560897886655777828626458021319008823537907078044390263506, 120661392530558964502596151644285760218798274330732186533489590179815256961
38033527692432350701855552784871474593889638456487791058358411828168008856783, 19590089984209917477178791912088679423651523692059584059188935810648400377484
60371668174888566252313322239379863020742053403367792179567449896969096231284, 66643623214755792360671117542896371865235648657625175384331646666109913524468
58382159909417384444293442996204209101980176688011639034317649188353083229319, 34371362228137101008382306938154221554389872915914079587477695754896966547153
1911949066489595542185751404762993093827387652441792575152190703152098693719, 32981901979786609041305258410896805263459386293871865524952248415112946125539
61393625141532709309297048370361096827255685125022802250253484654655676651649, 5801678126019758510756597159932767460722849586743421700716213857507449740183
23135196807004042296801630871695009306031922163410961406202921987476810480137, 3808025282298254859707961155056260923709162710247673679217534526479145565572
12769685856738285405489088950053783804685638062754738975079456655692391294513, 33778471382481216198641753746262435011608089404829036331398128772327588185582
57871913627634008433751915465485721167245399713458668455462822012586223487414, 68073658376521009700582673133461723324005481967018228880897529928194282560814
76419206167167280618931861059398641892565586979728707810951303676557305315444, 14767146314924420114446808426582240071794341885443906103765847814427525770078
24944290179136629393964562521266626636326771962312069494762239048419793133006, 40386240865516932798666382367447835568390649744647360798218609168929821668964
34366395926585901987751422833076532229390203753482004071567046638612600416580, 11634680729017194415010317846972554190906132967492617181832014815935602364544
1111620695530473694152611057395857021084176610480302965400399721865291035665, 34210176713391117646717047712126370962915246007880846911953181895699477691628
75980951063659822616802711500124377777917241698703464781305139762210154906629, 69814821632140114598901282271293961534265246712853223941265010217572469984656
57473892260721345039596309087905494730568083938794997637789551804141442213420, 51219919078507675830742567848275235418750782737579588928499173303957986168937
28463853410255681298157352129482668216178304981757391406710862644225622118289, 70313463529405981336603073828888978475845532939610756267210097484734730980437
4910425389531239822963018934078668400720052812118939670298558526821938747239, 26722410698312642792997386766122999406785385729854489038457856730420306941934
65878494297034963691485623796874585900654394318564911483701052117525700403076, 67700258824522249296791648265162048259982205500914232897372636221263270365545
49930052076778272781062599401097803354743096452481890995417191275509071812332, 55335946582939767795394618926484990499244493748212387255589729469944871798995
65719147642767795602928321877657634079477003769505835532722171025524685197880, 3294940363392270550012451867311849986988177084325510410050799114632166462199
46526496025996320700914390667873146944036983627844792443823191039699602722407, 70528245419476738367145466345326823535440980404281173508718270517813950689284
70824825626819939344531560160777987303644241675449453966683326925172185901056, 57738680870496664481743675151770941918508905369340306509469005014664908251059
73154172498586532988526025692017661930896293314620923674957746715712158290375, 72303989728062218060910745535423339005145705477690462666748230196110587956886
76154989992390712092008703411881925897486875169492517514201096132668475973248, 58441439997819173074970839734197487052390536207971350854217025279533045144685
44986285660636366831838113918372515452125485843711067743134505581382200728151, 65208094705131002147561394306325780708706783228938064100465695916326772587936
30473324294944767891283632221531382371646205685515826961263179789782615622688, 4519181355776896044046188962825910075986357721167312355872266856440246744438
67813207475103953111600742392926901521185851764933833263039102861495054119307, 28970878278482238117633650290994070378679504166734823961672638349343993128129
54995435106576437476610476941876245985705841465164021785968572926191323425421, 39818632533769773550094026529178012448881893935950351623716087403820529970984
17708540625740255617405343379148490540798333029929400377506834710147517306643, 51713511769815400667395271509197549180270522528379352436553083863748988927397
43773635008720192950411862777052452562695234937154802728023715462436922998127, 26941697967752472408148599244619964274509937805485471987844694782975851433179
55028264659281483474468369624732021888949562420889365309531286639459805065620, 22072208744120607304678549591682728694282387760778101779811810413629289122192
25361357196200532707708290130875418168445506361797007125123840603907724364247, 37724026518387767114994435033795055473149277795221356714723240528201012157107
50852698126484917176169257135403649631029275962267268433484575222955650446327, 15145563220869685104421597980797893339252556303966503381359078316675072686315
46974207316601234512480553232392256221142348210232517262552283696513417354208, 62589148430517146033423139990632280837724105216067218516803061580747553241948
63893837314188606334988381657242657853584586130031614190828653931354670077265, 36536959302661486796783382725050615005039544194772692502171611539444254428551
43436473157412899850336351188734460301130656851447704349231133682253204043283, 59543898112296952345253651618745969312906154162186670657771522152471334281705
69894979075637961945775725028519857202293258511582973086195531654724847126289, 67227811652860035356019205012252323590116372852831989262589926184420271174351
76313804846549871599561821903386027132898562369894530659964862905164505691617, 47445450373744950197854180895073388970425232103511405097359581267983450234658
22337160880618002812550550252606685486286470623872100083970251981679548772059, 55370802790303459343242285311513555558871954057140235555398391788866877382502
441402646852211591511828715706150966620893461708890999793453008295013521948, 45896071707944237276709560157277096199186453863564118853323651946353467925382
45332315041198635733666698200798492135473490880469318739807589275261186381473, 33863718715248588588203813484683158645832377466204876028076821218583563390033
19233305787638910241203535831886183435740259668421135713565777115658852276783, 46923087115618151097730351519241137184463935517733014913222754899736582455432
6343108936423093497621324905860614208510151100119216462788801279306283749993, 7901357980010059466136535230978725791682236179940165827609184346062568524147
6325717737754763221130777629398210294012405790791481027430927935538442923571, 42394255068295186208016848928860324575120717048580163758928371235266991057164
21726899731237015854793832610284183059606461837763434639883344587614435134565, 29581846501607917497848023419199057648287887995471299938916597530822911586399
13328640363974981989301747891258113522986433319015953862917689986425293005168, 55717396576752118243922760287349085770819132359028888464659093321986264312316
6770672838286406994067361158034967119830524448598248565025234724306002114472, 21376215523005260228909789583808145502923731350451581827041246589057652750291
16206374436740653427076746213484869338565233433936430646364036109341275610329, 74976429889952612187511895246217946690739812634594296115556792075855476923328
57405909585694457529244736024946340185752724745129014466354342845387424294652, 10893076257559679810792655962694920407159282423862113124816562854733224481721
13258476093987636588773214268328900670646651651674531286508620880218269456626, 27494970147325471672556193203963907560203330277194414352776736830380243970319
3298115576336474549695449587240212661680239200375089319343578064253076877896, 44252455744795089958878241786273132270099860252589796202161947949648652996937
40741449697272178849566569702146777223204941906631840001706861157184098117116, 51326899480817633181119192876726048446396551766561979722100558046564715577599
17563623979891679609398583169855629603100780236695646884858263470708887178198, 16996516408803111353456307964784931959945430629509798091225504699956272591003
73531552804457966285564305241553023767132997913263202928516093817428361739606, 67305351618017213294436731778647167717374950653346509971512558701007177474574
68601581441316332304743098369963234459364068719493574597360356012635271149132, 6745049437735518553162981122254309777977347782717246912221404566815329303728
18667451970729742441791853997768157899059676771025453119664682618698896149183, 51285177402294026996763939109684562671722648919969089321869020541735449520928
43479045145896491905035538531574429297163848209002070278548208251939245295850, 36528431621367147434225866319529974311153824413652187500738620061621437520057
14137941055352933648368249000482400803069900711743363223615832941883924655025, 32952207253935830307232031762905831929385824759144331105576972065917874018164
47326370673034965359709262173299448944518094231164449436761368715818307533824, 5107619541141743870901125957163812595961349760623149559266579430917919209637
32513011997756399803820235445210344624889987551040291230977557257454535670898, 57145949596318590321693006922868993466952894985894437765747023860060670243935
68200779369359297357811876849994158263034563170871330372374315898082702239745, 36166783016174862370693873614712526117347665620084243263181666676963824447975
33796782527315242451602090660623996092469906442115879806188687438963708466561, 50759345547079568987187760436130664019175952504598879273192126721660270971342
67052562840590003546200674258176114513003743281697665313796708367527793110801, 57371298060771077526571773520857061523779456842609345674845263797127248999489
9454730332265795493241172909229264962203506903754786513176016489703606037785, 12720487592537942738985009279310159867909528668270917590625005174342776488292
16348552789456468959543172093159388299941523460793433781891024245906417798285, 30025647818796436180831305024357127629070956009834134384896978793071934329795
20512278603193371442219415090656070609378457481547593141104492404039318096559, 17026438878912004777408537158768443690898718353012059051004502097491668160571
16358846920886702654979316787324536357606692145588411843393624887888329934676, 50603304144031479400773403320239471936828819516798089089145847532606409997106
44816027991408869348032594181127507127427397034954604901644847834527723613743, 57368446608711846339539610186358975407904117167930956826445402514430747011644
7097125527782259089799255190265541618828285198897649621783096547645975306909, 47676344431615453370786601928946843516890413104889217019807374447059547589971
46271460053438293808351248640492656976046964914137258154283281116554336115852, 29385206292629436303456643899447978600549102881461971298182037149536721474063
70619322053236147031700261312308838057460936289199636397612314475472505772343, 73357532784247412551089639617299718371197391255912509925126310587120283462223
32611045421279853988137930813295927781095690204563702308927786890392748071552, 73405735016034041942946727585271173265977867863034117194043827656148790838418
71982940527611526359738715129701245342061907478082587176224134481148463271352, 54004874373517713929496740569130053523761836883181520702592373530878992818751
26586101576183378974495706157376218743037457259323857872275457954339179020457, 16994213230193438534055438065462451881047538193405333306534907731735078705832
5628030450910713472067906868549933842753345101032306994197223635509358455327, 2306853474735359019179215752347715712368437967935740851143648657471226872685
33745676712430087936664042162890779568052669241473722175205203706533080197489, 65691772521337520172962288010305727552794945451722478349243866535944651162660
34101595261741210868505466516365822075024734565991216090620413166666449303994, 4064173782717671685558104931178467881364814730210959149228182259645792146463
35597843180169551623323436806623892850191380004956926303619837774588691513384, 73086738078099824323808992426907248133834895499669060182967559449604528284339
30916544111727294839714803476507173743875511535023006379715228343427289223473, 63921850931500257989221925801512868293699319903787807397265476712904130575134
48589112980621290884189950497561601572387268298533381675393755255332902374356, 73715454183605990500265503634742433983216244063403625900514967069948174233115
2145811788983453444153404252653116888443695186022455860701925464035855326852, 31687195891354872953244410615112050263693528135639296588362931040417968994649
8809237519137149596653166032072417033642747996453035293287624140903649121212, 8203011452410008114958815370798312810339755425860135040126661596481309608612
48409816598826981317202126496782388396219987356824034792769978589634342431971, 31119922113911429125279371079288588203456779370555818886780570723026063764660
12301028144734287070222380974710860871038383829206400932729293037684957505209, 69847640451647010465288431619036538345838121969311973337618976921111438508735
33555777093770582650870496372597453279914685652688128044473189812249938207431, 31584693209088239602709982813982441788523502794677091804627051262612525554328
26249647839634006831897334006851002125179970546959867996275841151267356109683, 59979964885099815055073405434587669215984502349002912256295108732559283314523
40736445510267006505271567463330978999761015339677042093044127824080289614482, 41482412496894989544344979203397805366809808424491771774688825922036567334914
59138792456753837192288248651768983359056948699244394250545826878389469548788, 6840648004463016384881420386197729318418272855682076728508565620603277968346
256296166719732111123896673147142456298456329154865544693098087182043044886, 13171280932434218813566984588612014966925521719117422976795065342887784488276
59562149613339063410882432527105903582085539210799935963686842805382686057409, 53795019399601123749559205176140640672441463107661171396566185933556156266932
13989641336778192185250586837886879696081753431496642011902785658697940162678, 30425144594148662353250289547478903855908258189411601698857272704993548182640
21907877704163080396281095574099152169637739182210375393702550764626244760295, 2161393562711257218962101168659859026305884688329912114957772148019162036340
38599497315995273890710535224800834731475926279411007843538098103606360465990, 74408152544688001184998612520404332284114304997056794471767934851828604822081
64360144504776898858280684224588820177087459658105016555661669391345131070107, 36505570233206309224744812451066059790307640280218667892668732018063977729330
45693302360531060464311666153889703986508888040307043458933028802963896613311, 53195196895178265506509762533682672912775917404353209083216874207975287326682
43555895728932249600777307503369373626139290442365514869011033370219771086614, 74289374261022718036027060966874720874304529658305394531384192558113231025919
48292497253598635922086902539853565649869413400325683519974953359027608441225, 23273903236262763002743312473849212687787323653133661987260442986101194344278
47077228285416117127928790568295830545601459163871529437195296917501557879554, 4267280812310836797165949264032875107132327041949698399767346381683331057944
8164852252179881495105941991820171077399360230438040255379347271450235715736, 68245747787637246178108105588709212911525565613609543243264142645006738305096
57237200109644876882084255931282996467593608651914462838619026245632125563364, 49652534654574782879466818265812077313519553455089845351811036670413839731532
17137469005892765605243323535550392336848678734610538011632996701850324765790, 30226794720782742076247995040440873881234511522357992450031104252158007682969
13370674493836981780309810698987215552035827250163143823996542623669410279333, 33548362938347454480547111960139791014041605298491384197087056816246225012982
65684481986640253878797868798737722600901689936286203579675852843491221034628, 70993687996339604035185331572130728094389560657751602655792537696905959149567
34862860690210788853761725666596590927745078898688910081464388154886051448500, 63279760233338169421310558461243271229201648435934893811526067895236178587913
24735901757021242762103066243063081017258485218450073665665411325846133751196, 43388663865319583609682354402545861915431547546980195193156764145941606126570
46988780053340471667866546380127365799120776023456044411202730487048711060836, 68974711025975597288008498910113148233212285141213210320879647640971368296216
36641879032083935526794763819274481091620498350986931241445987563540276135768, 31015398964820112873176162765314465036226281543406496614023641624765913275308
3528466057857365214010629815365481031454441699595091008746127865455552397692, 32276595840885598577103727515758186951330914250282598888416854915295553638161
62911127376040010368833439942354430521592426718816504584255866090685822102093, 4084138984611287756641604504397861354316073491174007796697036111251691967542
76571523331952319042462012727897966913293081787214176921308851189326431409543, 6370395002374204382054726495454861781048749371536449762905485488178021818661
19310706695544219697774527250349807222925051588722575922052473395216100826035, 13643103012774517653519683151862438089530376245599105796736186899453027943891
50110602948786737930054584223138221239279837276731255930464646650337639436428, 45993382416539317861521335552125916474850536563634282124463527942214910903633
52046552927626040946326077024789431023210193521670385066405502472002722495336, 17924493394703553349429178918902939570494589474898921362011173340493842946968
64409137959529830192138879484676950491249359325156420084116785830669965079878, 38060529788508289189241568920014270946337657399100359911540803438130079985117
72805157026989946560139761637706023290757271962707320486266937435170164656906, 68461538647632328365389847805090418383894271962273005823989681489597080389912
65102430014820094538437031382805627079853511893000085488628301717274877716159, 51086607956182794154705733181351038438058901416964910693609810646042369599399
1041173002690473742439514203539158949092216554194586576106031188837427840905, 20926835898379905898855279835779641503922757469498077543561767447763324194203
6479611570908729670119384049922363130646628928691141813585024454025666381868, 13061210914589961199918404142895981686883800354036019203803975940821118640028
21414248337450529551282644106767234625474114071044119269891055709208133824085, 45493384707647017891835251522356500679250117859751773399086811688868296268612
12894558076747692345618722989913093716071587793276954986636167775284281482879, 2866239377305602987175075333904033385486895092403338564512469190760045301475
28868946031109625892784179340398432111320772706457630337641417680670535372575, 144840740374462838644924131116680961949759183541323280244654646471440183446
76306012680227502823135126197506950102442285727322383605949086000380974433270, 37997213257257177565727699912372357654430871901232355056921752837982125832875
26742407015417953549218365774504286448208788894925194287220196727805715203557, 5115346400795668910829410185367388018458571756417223018484749160289344809685
41251385901247810448783606626732123576948835486536342992819566668717407589430, 14492326987089661141268209046089860467912956649236609617262181835862802504084
66960650100785402592264250911536065735046241947827291572240753857090781089702, 32992326682428073415524369817677158190369430682181933186092864963864021411024
24413054947807598247042565118248608389309973691630702201806210747545345642273, 23624262441420420492833122520558831926988528636607356012757839807273020561719
53199214238868173940987066524635958215503723831318514457732451664172360776477, 68983263172140828922546204700652012944371906431699119270557931627571387509340
60820444385183769327280113181795877299804612784214511663607790301472574161104, 71139561824928557927998720373063765960247250424193162621249466418743403100244
68483654520175372159793522119329190969004576206171466580177916494174376234008, 1994611710244363842224656986671530689291251719852959055498206500986672039123
20299980638454444463003385658350300763470527550923604063209444739709417429297, 26444062618346165056219779435535393889665032802887666364950804469561799036728
11892302848342504887723057133458031364785065332438286223181106969298878120906, 72837482581798381185014577114816713260779446052543250480941770041390666327273
37807192496213154159515595232659525889329250276271808187779024995568224368035, 5109024235780390155008473264338590065765930217916194473760938827465578753890
45162833303864475650416192833121651970194782042821589946444333673288743164482, 52009225821363776499433310849258560329220901421226968024455502911028810288473
68527843469719582769619552705784160881964238714806655408350014539819482254221, 35832974160358607623207784579791183430595468821923539948708053412284861768159
60400609077205871408873214505582622175766804231927051216422960974848631393346, 27311742425850761799722922921374147208287506001729066848314409861912709652937
17692202059005325853946933620415819361883873073622448760621940031075440121642, 53838587327271091964056097933414582601739087430222112446121406461110196935807
22735967702919859615860752059863375892720082931184949509118749176521286707642, 57223940908244658959084873301683771574381292246993056766199061107613428801674
2857601309333288876419960931816533883455577488095602721686077882612829282864, 45853075632482553081889366739000315053259714361867484043743504048947459065414
9261167428251239739387708563039687372345178916925932340262738733698965201958, 33429112262442605697732312488278426355903147396591449514577184669811411714286
67820927271397469735592379656697125341800825581757460149637456234538268643163, 63050035569955123536887874742845258037986061517129142734971920744001828577067
27577289223519286346371647401037904353677659361347341961605712605698974052425, 37263641732224775454351326205320881286591007031346326967670484034225583729962
23672518995834235669312115170881739430529801660110354967016253208017059148255, 71084579742918812479900603196587190458659733226265779727263196248866074546522
61692634745908040368426853728558843479797782396338320143442192999105510453946, 68032320433137674657531624004183519017034129134980238708430477213484675927132
31305020387189363097067593738735626049594927387959288926158585628398774375083, 46756913120084257687199394038963191180368828854477562078266344899699823131157
17421022129676109667442977801654656420194088116273643316902247096381263537414, 27652625724087081515487677009771617696301791919092143123343632479666778326532
75183846226278765202010036220835094091453660807681411698190093304158945413450, 60571887898202736410047228561719740999692426618740705162250380487437101514850
12879413448455446656246240664601017857706361017065283041909397291632165570431, 3485169157308766369709149664763256700794228533328796027819835574454285367072
27033539620797947710201651734402609656552762060594534682252572383680426440641, 11643206524190152875443038382688528244389001791847544136206102701090633890656
14534003239849653342140070631141907865663948448031177848149521650920160066367, 29288398919998284140011531193665990355191185998747604090843030718627216874393
9383164797595774883948117987146072021092246990331189598002511344717314897544, 66645651535485547491614095667960948535085925664547339750873745001178294714583
50576008997548476931422788771886397377758480575961834522921055267961332707246, 54220979276970883616946183380996564258567808905911208522188631554428023134150
8278772078640024165994714172151244285454882517824606853479236699011140715065, 16982600365538130040786718145115557747929358779254476704157963964979063084093
55822696822139720210537057430312820972318895969824437411754850456539036131176, 47574423758765519248689038508964815810100768168356270839704934218845049219122
50352409519212049322583973671882177144085149578722211530611112345263015660536, 3537549015260416765591143994989099654957932674236139273738433265297438016695
7271160686440454032271430281127933722578089273401766408040712541290563429121, 22228623302450465422680784020201456241014714079798308642753828535132780158500
13466799288172857776843393358152587150178681048745299837018507435226009681685, 65146093310344756447671155505870931383909471426636844488081448250569784160453
10056520750262790012183675152300156831538810874142971622768329763345261717035, 30857126078251668704781763850228218537285490610567177902188693403367671244540
50021244392370780325158607762844668929163796940914344772971609497880555530093, 7156159917268986558617168049002061006121122292925835084138480307496922697509
21617239358362793280671196259070549603833862550486455259785666205886920629261, 75361681218756133889230294840654089982013815030097795643355792260320453244371
35425063401630025710557357037952699980055199056259308227054980827245622800960, 70133587332193679214124336303475587039804886441488522130289793350679645442606
60058861239499682742141131562448688408805361135453600324296052187536453110690, 23492145777982822359438634226036549431088974835470967255900148177057967137683
56149118908124385383909660730686273363960323997349215563935136201389914803462, 70669218438105102819305203898805255712266803572741678734635982047077573959881
10877924445983993308643518834245080822104458016225659547882408700278795444799, 50747140102759229538074009997936266244756373648619960146663500739813137069352
11036980047438932291770834847102592614959480743206479228805399583500783596601, 23823703448429839413499868113099551128050544725559201039014077704334160583754
3003727208531187736655355289802520218964629774582554396321724581124001415855, 63766637384753499352326572009652302525976410487988315020154556544126519416602
62569647176052487632596380838732158446904730718155358449667323494757912318868, 43400487403163326462140527046122536703754803982679720227701507621925939540739
36108338712797815581903744295607162198398019268365116351866880982838399654732, 65326862937437554880735591414128555417546865413516856133505022011515184190146
43379645434712129802294103440245042192873381399444964144949806720948568733679, 2450506570540830987617465559194380717722339291129077862162984924969274050592
75356883890989727014401783579975079748380314066754788534091205284206851240389, 49300089905588356432508315454866402041073804851777114331317292952366847705184
23511553515104232409623415458604414681691045376620858711052852899887113879113, 17183051246352223800892429334054948052328364598895828569733375437666205807881
67346128686004742940619549897949430428424887696514241556006267973001013056655, 29557679737312803796426420806392760987551368770104457307490569076188409629002
1022248493757561837077182618183242937062125026066619876368049033779753620193, 69547054171155582711105465214690761805296394149780854230272411798589211255522
10138179401017588519784976944143215422393452380280683200270724858295899132206, 58287406144323445512601143919521982077481362045721392508134006570367082652648
18763027768519384034907286128946415955575461448031766924487435113545349281036, 70926947836927538316612015255083009232959721737311204980130291652374425023348
14102663807676266740208659242174885281921459646385108597314348648912981580721, 70214205978770328812041742005585178133873175700971789685119525312872045415355
50843278448460672536518365468184896554834270478290773299214999292466248383436, 35150899043983787566175308919845857300684843047460067629621882402247824985403
29577314903872724866684943928600999285232048271621875861767902627710348013894, 9945342724147396948497151281368659548129578835329748046150879568603497711132
32808113345697546989095740042181142277523335766444071533057517536287693271231, 19671861966469386335868702538397944791594311664433832209050809504000430259986
43693854924371131147775085267612098468042792531664219177933806958585455812021, 49769446879525455111378085401378986912020366070950204536253186039528904097850
34590835243024816938249454711395213895675867902015924997745706188860714011229, 65863433665021317508616255143361900573107174154485526331045033412513663690862
34660640653376258572621263805834609434887439519061237557608075057828889245211, 2946073369044266483788883889381454419852738113664474671930249356154229566730
74918809242505747790083090661814080737060344924450410852413014066577223573779, 9490157786410134380330577436190329290742736712028848271807254388874055735830
12994375815340275509272599998200603846819100012077695248494350334381759806852, 63771652901267796431349301347452023459855661739121162447838635483461269579439
3725796390501452180588377452986813186672783933029088175577824085345277935163, 26886416858329787512894908341350146145024110391668780473264884238227071762068
34525463413391219175772519248766667651372654669018129300495435829144135174957, 48351049998060385972639004926593544806788331706435188358261616009492119665592
57130158635648170151094528351281156463387988265854184654833471407329742112017, 31137967515501301066798793673228604711535530701283846479582210425132541162689
12703733920666916273681908682488601686126385832981098204387806294473004082835, 62124152664574458906399548709737199517322454218724279763128969039827733116288
19660515672655718985400407483942335122087779198515318558367133761760958182607, 5537607203920526518610291571679999511158845096297612031412119255316154639870
13370565932411426339146293882964358357861546609551936547014922073198588703880, 40661525482534898796929942681602249966664374112703427829905073277054242881395
26981585953543748763875771525043208643424210136430659851174788752384294886297, 69982146713241601905773963603464524311413518237807304026449236245120019449237
4970636641693734892412632299938395074289066261660272442955034463790173740249, 4915570369844313896564707724239021385994195552074534492615880720229756804404
6378371342765234674827304837053545549574247634034249149218620580271079326290, 43951096468145779792150686050682418249436564362048167621795605460466692817878
43884424116872162332692592379260968782508030887901848667466910638478699334699, 52295802995397109707870823700599001905533766284835019574354470220645946212652
45425642454736902557959333185144965902153111909680475153881662110520307974150, 17096033404287210029391016934177067885605230393271756982214397188399083868959
6761346837964994439684903987099739114865660067206128107787379084155287927050, 18921527349885299541116048819155937503901576518159513008572742026320440375391
58137405768999898339814990881471004184522172875664113667263534094122799409100, 63825480898179706984036357654938322089604560304178293708316806571971951121927
8804024830704004784953661136462058234477929973956502187868163933899114412426, 10136289364925131571450794114321500049163843996996374274644333001810112497891
2276234323951579521182553344370299869008510509813502008549937973620366841244, 40900504193704921409612315433981698042763494807307737890102823427401663744679
55016048003303945391897845820815013175505085784388999918814328022199566491090, 59204081740044416890792379528122213404782216627196806259921155999986418696799
46660266824670897699064441057492846343292784702439749139576284495183577485670, 62415725301986873293734130587680299463080491050962640477092913486965888664512
57138810612903353204480034843147719947321370211934747661240943495455282443108, 51855864089421002493357654594643035623167068746970994906172380190604156496371
26695892677809351334312179145441337847225159500542957741793750486190614884012, 4324020758351423862671228558780118613977748396622073673573459226143743815466
51314702152519554797819778396231777167901626348865235831761022833239134840552, 7620077717136484774083932878251104497291100699301657743615774893745910516581
62461454237291177123650556032585113453289751574308901909102989618936459571162, 22805423249692765560218972630987642573383063863687818703984690520615538063891
42089551758592899827300255464704483947059232632395663537411778588004508854112, 10640497314822821752635988759379589453516993826295757450568832080026542350249
29071277623710477004144299570421706588441342504202445919265254267933366105802, 29194045867773875725374081537192748915896031104964868764108605120237398190077
3700092721056234447566966535696691141934933342084889976400448657320774404342, 1556351778256232291325283801358875115366513251635052307641114168391455659278
15283174229608312060070982629224141618391603397950988661367738668567550534893, 38165245132370640269719707923609394672323775594855290181867982039004547642105
2319675764923678230571484201061192422637303891476257695047777957113370984674, 30533472361323483953667009508844955822885811724757231373793453244494957818794
17526830061399250669730678415538194575684582905107399115357643054169645982430, 72262322411245836585247251434597986789922624922998579318743394759168943480521
67012889905437001449593428030422031698252720271916395783986672968416789633241, 59416603282324985272743868465767658620439167864315297491840203508295708226738
71829651068783858671041249699650818924369664856689994318437689418387486187883, 35977169266697219497026894315494449832753820145092035499916018367667303279016
18307323714341308593593947176536236811603479728982361185752416469690301595947, 40873682013732671423981075976758052338136830345720630685023765462561464024029
64233804158870861068815500126744190002553582227089160888635616915194314787445, 8861505831982205710682262898280023093711540746241386896705476261471275895991
40620367841660853982089217470059777992412429626116008604838307657402961541309, 180055410445628984607059444195355814347151536936694674269111835474899934060
38025953992632912384723992780100420278486363012674427714308752603361396627844, 55903306892074903768448594279878360525232970847295177726183721738024326188236
3299114204293294104396526268380413542891708109858941578723614955200306276063, 15033143945053440960934193515051221155099377953292108396283753746137563891429
73992739807486172311310771048230266970286004784202530053010893462645770013563, 31959016179041124497897952667494439039521322916747470397430105477975832882382
61478479797446845080705055743452942146665750178791461727077052044963742721641, 76837194171269673080397791462820978509841849138434216279573543911019256773815
17564986038125992655768751169630446901906832315315280370708654633942547023682, 31175165832103398708148057046704860450040509548201317825180737049482011170013
39025855585570292701274898617060133961889258432218852421625041675241908463033, 30273685728027171815264980043872170244860982560858216701371103840878215820627
73794935173763169630497811727265216179098743203764639435109400361557425253260, 30102796324957214986572089530596605027102029063735189619997532176975562636761
26491929412406714621126834932437111290748702803207316137020653115699771119384, 28134399276794851062510405329527276921144575616638793689832333742691826018212
75583268970284668761254828834730573039681976562461479710126723595206801341801, 38584607095169992654398348011987805805454390081427387727013024498240159801219
3104338145795306135025598297265450386050596623207990508240452249386437574128, 9249745194699005862800918998690061235930173686784405317345073805737230193261
14434631797450527529542578687368838748711074484102978207366537263238523523145, 18411546611387040770095380777416179631469868995975333223997904529326697703243
5601213636035833643176993371687996976231107155848443728371490607632091576922, 17550442052786745017230550220365993375592166828562809039880603119465711234309
57470768779947963042212571324243309159952271615030351032804488861950943618941, 28524376736337038190572587626573595686398279854339376465224335270333206003284
22534823003146431389336839770553205223544403044368208479148621192043220238648, 32809885196079519002140829454709383204112773846027544406936337940146853510372
74051206895434588949139328414647042464358170365459999975794478332773384117337, 57906453798864659222154162911599923977984197923055509417254708663744173610728
11091759527553879199804906308309712036823412397864190629593720208353819470623, 61590163967123401926674556643343634675411016938142070124964074810853341675403
39233594499144351368602499893995546933827622190690278638533610896655272318594, 53148967868657790369839960627074288551889266998447439940239689431793053828981
63688899049647301004408795674290151010765429496776400834273276523756640970227, 63122815893812210670518216697925498281051473676015928646417724127553395662637
2078451613268643561976646126225500421976070117303313051625789257319271786899, 37607938183122597395564062286565506170988174662991560056200687815691844453302
58379701211003139334621615203588666241550951551677070554375871399955951122927, 66308050021023137459642723525933018280899592613672719823569252224225334283350
26845555149575890803851035508183939594574577868740198410620697075692557376981, 61049853862161605663597498895014723666069761630382778214884559326505150346289
70898045274844939430168315504393464501259118595903643217117172715933792292880, 11788303371668765929843436890230651359679833881302285109478865734361880989563
29981656218614774572565311617761059932705834633650624792493797199920504181958, 873926858695395437090399029536454756709011682287234197079708839301554825895
66233217717925410423976704369555000085696178487461618345841163435746822021796, 39454400604660618000785422190365589712043959271800336230016426257981808353246
59969533943507959299974972925787574993590647694653020535077309933298306504650, 36631166811474855871868506092276490694862604530463321968169061782862920182725
55019495819701577226361453832847209797445288207703195148913917247967893111428, 18224001816333658208428422182937190467000534092253137550181842110178340812149
56388091566308114955006690623895546964496843189370492993643156878720149232610, 13112931350576521091688914625439175535621747706714819339298009253876463390235
31261862530681375200115248495606920734884140830846432872455933305114938165324, 39698610067937998676805266454426956534467357747291824647027753131265793688101
46650367144960498427353903977222570820293163091788436498857185085074298044814, 65300134579163990945943527194727323737266647890715241342795363154034644052155
66615848250821214921953342848396412307769296381109422273572528057215379462571, 32843516793538536710282395737726916878999065649259596946661171636292947405938
60744452773211643004400229295100068975386622989687748164707657552677576995468, 8245397554754144561502921439826594805398333799203257076646929358774617757433
74695356797942467748404399876585962234144686315439497378504931999971140942383, 59133946532646259709742316867574650812343016696632961017400136621689801594978
11869576775707696256155692836510417365603007705742316286673881757257261309393, 34965809770001367468594564614747972770733323319082382306011466897984317031191
15872493134483516288834564922761750754324583686676966284156368241867156408925, 19779368710405699268790873527894585273746302277081143372275358195344832190624
59986482127766362829754194400373102871578457421357457245530086830874857360297, 21896135618227158657808168197894583747655004232539715836086518511413372607676
44993557606539227581035778234258712411236451705855404346205367823602188578805, 5217695935744676382078928207575587317927547304806336779185915634706619768439
47545695415647646075086611058760134029482017276676533454765350391002832719961, 9103800207013631555412514146348960761683067009877458187164272897739825275233
35816786374098408475954979402820869230577275412738556398414858581836426055006, 66598478434565248287560108607140239997478711465929496107094741291589400255636
8429676485277439969315804541823844405448998283346228006891264145273526210200, 54670747426667560983138512650920733367305121018284284400800737661236880588613
29604834994288591285485673099407725104259018807772552887909102318704527928635, 29964736566103572539948854945959029744534048776561612279655222467501692054561
23761642589372066749259746478998146807939917384044473781345454244982307565742, 31022180163367070915424978700939813568308646718236447253226661594580659635245
39316180888163345765405496924864599305193764989241022916512994097622564199255, 22351514248300522452017208186659595439168777733025518112767177640297038330350
26416902486747256197791332845848984703001493240943315476381585123697116756493, 55911900211333806826649883651144978158652336691558383754365128162151309237419
11720182830678347107517771613126030366880121834346516069993759876675345129278, 14753544128447053898421861369522038238212604494802537306776339711936756863757
33026197495054381698666996421541275626459373134920762228832085021113183909076, 35460079671925700582881285784980544957851095929341025503395582839051563186414
49259447544981783653032454576547537144949662205593110005521312039750822016773, 70320286422206688346774119365619639292292406373165992110559306037518661881047
52912757856663838864803554756131380351823985458035249355331888874164540510626, 6180568245121765262505607580749227971013953850970281230515332305665010379372
48731227831887452122483981901174226868241288758411276852992631670719607311258, 14350198341322835913411278490406628408243734594556377262219070113906354961799
47921034106809308747640409787939356838296389614175235894370711798340679496427, 68330303265939576921600599472187351942461125895196950467323483706180898414514
73541288673283278239015611115659334950071926419144027332476848009368876110226, 44792769210511242192777397829991393889230453010872472500920436615541664758353
17490045026589931583377970840319735212425751403046717832974141237676250333230, 9026924271130428744982228206213451540411341464715219608545842801492133875757
57620741284666214922006217742209223148752302821602733870833710796337864009099, 7061347559626816387091734062424104464559700208827922516815310860479131228068
74065386002581066832727642039712709241443091052275779543140027970423918420532, 17305912299176939749110992536574112893131468180745816521433428534736600881200
56903444401179516772533422442665312224903804772847891605904559808853139111644, 25755602365434259628400650128257689124427210823227776161151453804897173542369
47984004437168975516981035190326648984980685587961923796151129020013796078220, 29077295305326128345187566947581706525837337055841865028184739586927745839331
47007056312357431620309777742207153259289918100951578282018325580270385877195, 17508663222759339220512183197455118952364266292178001441376310681326046258771
41369209482395515182630754355467459392482818635080807129675750464802934116518, 54684879341392662503493437885774222351474435185269986558223343203705073719735
30226388006510946722543672713552056230303960670337752829412909107803308485686, 39006301992017149054407150779668670962307110867711419458725943237655894163627
62085469472610833429216439857311950278875591101774341983583517664623055242609, 44013164011138245532060660158456259156952097671695752366158856009560850349404
67049568057753994389212695865521812112023712942259732187336358713230402746439, 68540649949831101953969395624252598023722815885550316032593125929733435326319
29343516597243007881552631833503598746227471654512767442064674607380617382259, 43401146507936256705532097311296280287968762169920691032296173708259402062637
6527303903004670697245498914501008489773863596529086777997835811779133343517, 58814204685106384423658764986689770344926219054866805200687110005227863188781
32235293234160544431596509065674869941305041138000013924579610912813563210328, 28208076517972188185082310209887416981296907620178550719223543238255576688029
4543455759155924401277794571157653008048431241488025390197369199766929529015, 22893793952315584569482118735164210587811335740052285492793158277169696195532
5776364540853585236250113516709888332753555963302900274493844257360016804545, 19591968173730606979080877923943676306852987375306707022962975034221570046544
73510043316372999805100047590918719312984568380673307451453205942675715478559, 56653767441299730668352132275673228202762684772171774770123646953526769154423
36119922202187930585724126052864712007913549926801447286702233952424850273659, 48601024393567495821895304660372547671762102156191312661282289883876267172091
24783887628268694747792057225299240938143064825564438454349284156623156545126, 68031186870443534306237382300844906671282063216264688652379495670533904949755
29137952528061027208212373777693584277386817460398743568145486710187744754524, 7881859417470347834778749634369654139901917856850532846921411727226111862361
26935469764015921590402035968292926562548515808195431562976364153832757729884, 49724995057115529879971453411556541579005434027429200294391978767204630377373
30842362545112005369259246503704728028286712843152796694714952142841614598824, 59608150592202584441383925357265030405381819713833979711830846351356535858223
76457575578637484520843580794956227612405623448341867494462506157862300013900, 22061286315308834242674090765937180718389394333998376693725957496397624233497
31582667930525260735933737152352908978144557686464378969191837255145852020291, 71889081965549647478486483493915403896170953865133031526233552847810304927315
8702918684179507144059985958935974372470925158416534911939518138083641879644, 75537145682326488101491060212697063120118183464994575984394675143550420291951
438165639273833679935190399865531786965089001451942598741358841926936122095, 72376508316918311295105598468834395491767650021703932279401737353218201678049
50496254352161604291345300342661424396104643016388222212006937846730784950429, 9217936914170337574124290523115527268762763657038570046607380240533234931164
17176582128418182903488205376089638870760735342306517953704000984718272883597, 49621234895973064821742253381354360031078982321991191804865638668719764333217
39362156268092674285008252389755807028012031145900933865073167407301210394041, 34236915910713093626314458194184044487829484668470220135355789324804070177454
17710418822352863161219884236606812815898608946320503269784708389777143874132, 68216845840498909386915153885715988137491700766484434691677418571437059129644
43323263446094050162995082873793933673630090424953398978158189340532504861188, 17388769325104157734636030672395472477735530241569021123217602915702169459836
61196160195746517268089870780609623767970568202663595313651508445280849310160, 42576074733866859671932349038540908012362660428119822000186711511501893061264
36426498985232441935921105792276793499006604002418873682031428583128645230682, 21943307126984127441807513523194491532300209255502329731701104494349248556992
53045052933327413691117072369051544051192764420906526088579932024171631226660, 22090039967442706210645553517910056606114387285068062038990616542308878641698
41763421547077200385868405411380582039897302986406225334990889106435445235938, 47305494209116781151785886845767284245510411558836309339142231624555846268786
58139209997511704569681601654430560032060309161998671422561209599287793979, 36916412349940989419244549091848355212620645294661942204823072619362266152013
60926326050321563055412045969312156914417312529636139605218270520100142490610, 33160264892449943607543517119480359428002370633715149461911305546954810132547
21779320548591027708977158838046166176500765304276049959782538844194809990885, 52962893819958864202541110564522013766676699291778529849339205396099045000690
44075354714744851517219656775325095047824851282552491270776201596612523678220, 66159642727754568164332109689978841154022973515869119067433667890068284641508
3880122452544669302689459004127269227689056177063074571893310607626698453883, 54229059232081545294532142935635499991353331017137451742002125994987791095207
62952254009182776525703849245023482119170413325304403089327368112047652499148, 22863349538550876556505769220149863895986293386970388290070280398284987433861
49750676830753016860930361297110823041331936724805766325746682967946650483699, 68391851869436814026003347760673881368750094793861793277839431836713090113147
28495443431039736724165265968297158622437337173230560187330874319740633531925, 67995976672816154274187733852465828898330380341172437836633454959834319920023
58773757295695649373400810822213207735876016263731475468160253098673212149293, 63056918412326883083181768592652116271214332813900050164595191872830311707283
75788343391071860854674389719532881449385417305902218150860887779509700126064, 75052618720609225096206493513485727013495290720382206338135436428716429033082
4438924318632804781443923902532347916145285972699363230947346576095141568978, 34673034318805559851976868297096587530429458191137133413814064628638842047331
76113278814645094663532206743410827422047182040823528976495583572689577581674, 3718347876851039108634529577103906642689387533490557666573451375674639917306
72954243254458499458742927232462661862191888993007099166530864067003617601242, 20104175431418167341349591138964567135282607896915562522697285134395617005468
18827837450273491123823768788829150694914608641921939116975458773120505348360, 42435047906565354155909723556725805067006329124360022481859120990391810421434
29049266679430350250273953341966856486734428114739835857155623711714194312203, 40858855516209066535628511362999727832148098615974377106081660440748978799136
38478421637575904495020260100650902571597722602864429140202412784689358420179, 2932260014589798162725030417881347103934005428765663893319586844881727281274
62727529823302988993525323584978517006283370634702656350586496216146833555295, 69327919267122930542449374782413973394340490096875020360060534006718667683402
12413724231047430870101400418262001029822110039128448690079019509093762000375, 43103812134355018548272628196859303088787591990979472873883394023055271272072
21027322674290156865939475615216664402071645293221791040693642654982332430411, 56792399520590952803478068817098657093992147469251920908918690103839557920402
12022657422895578565686276623087391878067622624137730244776508010138783159794, 70105842874286405598717603193995874635057473938443789258647627623374298487613
19529863804440180602091295792301722407761741680794380488041928837767205329340, 70596575418038125072695513399133842860943429958769522673078367041659501072764
4119736476567487442943542943093697502298390089583091736012615812937565791896, 21969609237197923987907621321158679790526952097530094495326082707523400538357
51385645268903035682188165972635549685252737905306078573705292583755841083832, 68337462214702164236199194366433139677732145031331407239225644879152885447937
21111399931411626502754356748295102125394907428625059246712531808352360098488, 33806323156097457713481331354255923372292921481226278075383543776623353434482
45751400010144759632853835921484054172275485896528097975989405305187690452364, 69001233291724691156630588139370132197179229806343707619954709510482754481137
11230233854041155146095640062979185987264954955137020258764109871296244200975, 14757572156883121270718176999013216388002593558134998665415372190453060208535
61430880873835021679030521313975319978960979870789730754578923625723345624499, 6795106468894109696484640145450991687314851451779222178984214125721346123146
25074832536061721065715533037551434147542714364753731965423598218785314692798, 13679987238654493713993787561373887531872618185621439637236795386071466613683
21099984049717171331459104401935582092545766296836072919015639751232079712878, 60740021057336547681866175651942596929279242059796478662592026087184758690864
66595588147696802239543507769818231344179060343624530362896084164112271007552, 34060908181078667149215659839411069025946648396599351770296852899896390676634
7535027860620508141694640657455362716379425993530359959316547505639429033919, 26663514035718403233939776102832477051023173148490418610849544182435156826030
28286891785582343555597577497237139593341920326778539294321449488053316962037, 12759828115926924966588526873664308474226939326919993559558437010495338025292
39898306654668797113318131931068344906799019061082539547549905307341003301939, 47183173060214685439984215015411239250760504850772893165486051918649130608607
64298384126620079742524664673017335502351718566924471845706248512875504860654, 2985442764255139137215847603168361000768206058155871653956868416674357495729
27002983295717861736285301585463636260821109687983241806136997372049727763163, 1782456180725887095270452883354076834735546047942882419277439846580020897226
65659217740192214631520616374714348489513247841836757661193740776448363417355, 70565927308956798255322411638074794367076972126226751824425936537258305270289
38114261797227535075375466603466780858529566954422133704064764132150817666975, 15163155685658089748767512215484701397515032651129641659476908000689874707426
36509456202703729521035263543649398649122208379173145700230984560071754557142, 49667634507170609540199723988239000805117286633549121617384904311142087863382
51804426136815335434313054413449827524468210221463112758312505226391785793784, 66707769914758879211104870608974705104893842879768697389826410659911681822216
7518133409953370852143556540486691842041673188823993406835890342039873976488, 46538213005744937066020375886358095616975487167429334220455214795454454013449
35157766237157976372946814281118080231189961981932362691056894067306033650732, 20364555086487482765929516137128570535400625472579700980723243708636029472685
76166683717838646278709831278338331186488702646027384514443238650735526651271, 47594069266163057943318806590783173416532746048536148528197177950951471428671
7079825234305498784224058830151362660568521235613382750524359096344678517776, 64926415096424234080987547632701270490714086137450305111968378258208939034151
32482198971474751521950272688463342285963538393225207925639811960688675076364, 72217236970698745180071776893925571351062801736929787715495292500365843071262
40065117342817497807829921760555414695688972964756755563217088072027977746843, 43504179862866368847448062730257625983468194932137666388847312397575334698412
5524357863167371876312238747495058697656929095414355922120111303531668671581, 10767397653284891074880251282773708285105217841132855136034812482072265733926
8918441745996102181717586544493637432133610525120147251530465448779656626387, 15325083893321136217648104281634784482989769636883106041238894617662317110154
73984674437809086638598214124393912551238071492079380399939797190691757566827, 54505328519548579436366767030445763392404710515749303601933508364889412880202
43027278547131648010852984864620295413608653124621446531709942443203120299458, 15111843808609494543420216409630330614097396459299813187500460215139342662891
51282534941456112542162157789750823081592030006269620004899423629938992349666, 33054628962737345531191271696942790353052598445047786521258907843143467582580
11879240132586367466696601032367679234943963473416912632317298306393884256295, 59233073595937427389605377797533884734487362847994432791012019638040187447134
39042219392325087319231247197968221616222897435088012869064569065585544152770, 68210817483886178514236220652811245459122323300352517253054977309776181501632
72983826694299369131630817877997657746676659208166330629392399460645927631824, 37499893629081957352527972509138591388202277312430504792594576436115838778230
7294614447639029149024655512229383403958154756476607949261051778345125686269, 34988266725248326188447844171474929637048457326287735266840182245103066612278
34950953781178094290051852232694104830840341135710378532134377655221446911851, 48910959849028478717122776794147553347435662401559817184206244749037303249423
61681151669782781657621079635042125996950894723946612220359232614724226746100, 15817256832548374782391198207857550300495768835602231843829443066074599914258
11819331432695868589314156205196083621526271998036592449044673070184017638116, 10847780479961630246859145889427098308943024939698926659484076509063607739626
1683645093060207323485288935686457903217978518645619260703063320118997436865, 35505087055487454919708527717456120235835480513820379158436156442401123217177
31524375968116055877310907185789982768146325909875007267669744887705678588470, 74552026600262414094059208123706061566821594918487566581250993135682869634429
74144801722166776769636085653029857237150209677917805164398105750422798856281, 57441004262848726490472079731970215074660185263624065055772582553792147636388
7941458571707008047013938125178754089713169502327563691441294890252317072141, 28036626201755409697775691036254744543830431890429068584841580387874556311446
42625850037433986560351067075419924033769039098728564151166743487860161064195, 72138694738412689222893869511070242568812245840814255382359566492236269550729
29547078772668347250421430145885337412031449514268414045359806071092293999600, 24669654623507157722075178413547674725579571500035693510663588326862483417680
22906910039406075953369391101951545639089732082835594667824550537724952458057, 11752491683254893438461040850905425452880309560605718960991237484828321748853
26408751705750633765318314414253995100629723702772201257494236161202251556755, 4787417713531823182857544522119601837946387948742285098251512113303464738903
4859519056292092592718969769875125971775978507116523422028196898431396369216, 9546214842048427246896275589347921952776431984545998328669100037158864371537
17330991197308705657574295630250995398316361566043487786917766805624628160450, 51794945058072872548265384154129826922747141599148235765164955224289493642807
70159334711456446841903136864335325032348764947724029979937625730423171349170, 37142674182170294480133885936739005448720193565768116041991354915878292913058
23952997907697097952665242810992743941809781084768921451379061049377974392511, 42981151269765579361513795259972982147912796938506850571820716220787756455425
58327479600256885257425436416491757554756017602563386351643814505329196186791, 37004625518159824555218940913231807628853391397785105064958442614302654609441
57994752743683300360131714047076494542712206573207790525560572747343731673458, 20245078205889394590871746348816394944477557978934103979905607790220836294547
43001408412796956994009314716135647743593568580875467327897132266802020191633, 25369876407146939312347222205573098764578455193158810904841663444818781037395
11078792548170485253163598938604932229448944617804057787132969344777213035460, 43231590163438565735202183686898797288340508379182513347387705139925306481791
34316493238580002994047191378527974835133780110887324593401216053932184794426, 49920466556880298446452070324331876002342281946469155758983603582270421159301
64850593520027322957043438323016903778977305647116103074984855539357640474318, 59309391719721234926548769572178684342606595098147156444345191144681869088064
48275316099322398158958570433058727927051448345691036293081702549087268094660, 36477051806845243706001011780443764123853688125901592788072628733895096595988
51790637329377659325123846775596880103289106416556797984817599977945240510163, 19181711405872607193658596686775319160038863225048503715323965744480552524594
26462006342138893718316199920674908149246826111450613844343451031305808023224, 57387214560193543304077970589414889492386643065471554350936826547792812481011
37669006903254369968591847317463388684578790932678632769724537712001545102907, 25063566681385028684913230967022676551514348285674166661967386248173151606614
35412890613725741607610004965020588683990496230545382344236781127650960642405, 75028434885281050027600856425814171436823138314201671758480863206981436532326
55701719219593687242933973899837524389868737934837663479403902834367295555197, 72144348077301213945345752151877224866766024763742704582959599903245655709697
46553291408843542980055582738909137278876931269114865844920606083558247323101, 26601454262211083204882967036801621440755866165707732804241737848497765852084
56305308281493729245694199743820448902511206403878421858048259207961058175522, 36881880933168982706572859888980019705149807621419046317620854160995009903793
59968909668337884551341265551124275745028788273382289280092915348293995206891, 19017507385651670815009916464550504952973231263320815866106999173792152841625
7711517739876193757054396875482707918433541400524057964094704262405902504329, 33217525221912873864040696633100300914057156577203265809989894159179127356975
28389188955524113277900616835641149707820142972906815062915491860212678298127, 26812405922901954154030865702905448583637205927159131188909552684406559454576
20400513874571129965542950515160978247669394943920108062500818108761607562300, 23218465405515963053641379542329820800952984915985636774000325339095821028281
33538722574556359248859052381034377414140821183908401210301783157329246554072, 55293718759074918573856133788324175407297907159717613895594366742346408988187
6326036901984539193733991349716744082729094649026664260121356350391190972646, 48290248306451161467695126600466606303208393868698307049816093010235296614521
42488538229682312878461143053413696696658126286779235616080644240640044417049, 26156658248638395488182228120657782668166907026211795119553915757969363713191
52014024282231259676854416058053522432777923135327877644702099028856208599152, 36947282854511493642785815017496785093404978737888991368919479879106158806637
24933564105598484231013749629084219919908826152850856011606332948184209378836, 13963004300322976100855760918964789720351110120040232576709663193360410556713
6793704419965928273322243812268516813791342787621447868236104116340168382049, 55954973739805566634616814381202453075644121885108032836037994118006503035052
18856205550234999738272247649877610520888890141283580132278066138324384572152, 1939819238090340802993296784769624075666549729744004695321802001908178373208
47992784463208229604645656955503343514301362174252159819726897301261893501780, 52775983692546393432700619668657773352721871275535575466199597248754690651891
54012137464295489498484848585191386814091608761171937189296418573868724688871, 59276766596041275413411018351215815919920089038493568132306311782771027327411
48418920923935910848073018829157552221917584676600474716578201476368013811622, 25446006855160013611354598977923750387215127643929536873571432191145738663538
2023816746601462020353171991075274076592624117811111946878131033661701791464, 67583530086932995581270756302283138597450262626415240811079998535264326496332
16283265139003927611844903850292356956694057704410212670713616968096975178107, 45700712777932698708103444452609304110921329236498402222615221245842589664314
53030632098107710589867989670251349717244962859843879510479459378207298787609, 74691737396600034741102385196491444578595914447134026002285905771678632396007
55568384607739606149674279193414843074266043021281355386017886121549710951386, 60244651002558629885017220880323544411704904077060701975472173261581628508412
62611793408129651597301531825654735290901469554402323093866431382384606929012, 28212034893407726084673607268170993821344634877830285595390371403033007763755
71902896942334021215420709932309357685151913538851604507784722740646216000966, 20150071536961521841831189351759911240676726668839993598709992643011619888710
15698262230470809414129017060378787598621431161985895211793774236367108262872, 26837224054442322081793892257246503158166588958132745648853481247474976164347
18770534193285248129380794846229266487240855352852307343043466490167158228118, 60656138298515472759759534982173711925621343298901988184252841269349715958737
3253255597103610946874552100399283445612874861337930254583613951730909107932, 53087750344724840231752786098501484437451068713370559698131800826348475754044
31419365200329415197143633144830996949859646053999218962599770235166019285914, 15244056574741973215562962772307540433428124253896472905492096088893211524611
55540726323647463602898917734978389838927981078171100073048398884984554965071, 47106991382710620602581810437478183251355103681137698016193772176249595622159
72098798536034338889274772174434362402379144531935855121015051262813871232640, 59904144570835493081573097971729376173924096806165934160067575747226774543479
30979173068065429967574272116911578577138446691589395736974992688583821851067, 663081123006913051661542119603947933036817356152858570708905117911388285986
35004167144826587237367189854460693091671411222301138368369583803020986150556, 33978747659868647154776339518050990119959057233446866647640749437745779207072
75601371878169598536560113016814089115909557740784139186735755965210624347765, 64533336588416427131908542607189918388281729143315283678591719590413383629767
38474210188610197474783997400369481087440396835653736387723237499619529842915, 17455153065787500790750407992288058084704493246484601501423697794764722520336
57321103842301289167188507086723012046399937310733846841349870444928704280744, 58801603209873490985881546993111815742739233516369770905877749406962777430966
18276952480197810477572032080188408706439478043781308708073768863040575747826, 51701222807164154016324110997153804471022183521684299448202101370122007735147
25200090882726903457007935108229905060038936587686120419012170068037926819364, 12246818125853222201081168007176344118205810454058709449048785185643697426617
74488365885782857004175555907909754289854854421810343350225376539429433299308, 33752658443397047265796561392143242108137594695492530825713776718205522044023
39523430323119841198748740772205778974350461822151074499352168664997917323062, 61747736336749159209759573438575776134166711421324107346680978899454238578069
54582011302752688478762206438825195127621470553960401047465384138257673655743, 76370892217971067483399210713020517087270119360318356574472032925283452019512
14427530305334619785645288587462874522098459160647670939429844391141387685465, 18744225148631701559105549506402918927606969092211686825609504640981015722103
70400210300334226030960470071015620177698417469998089184173457974044163252247, 24992880501298026423065302372572152917929412875890674968970317786136326189344
7973642510301263082113787463745934886335807029470837507299303489520216432014, 27813802291352114170256932357455550362513652225361556055416289778981908326617
22017303100100820696339107217503466422997356659901668197824664039086383073984, 45062923437085203289244353681180401583876326017732763362299495687930082847046
358774551605445869701151616729105914382799400570050983680920160614192016711, 28882535075698621127051317502424886273128733590101221148408485730891401153820
65996813238367035083930897662290724000056827028060237308114722840136494210785, 7792334993450720021620275929230952039765344058691502727295550100557787880965
49084911092613877416830663556164868311181008368697254013119564908146412402911, 15060414432551805572571652790907594870305796594070157503987569540326691964516
52358252077604501584661972932269067738014701383006635267990063561124195723977, 29898627073508568061677274984840237442350287595802688000902408353204177313916
63942979242815932934617112914964617176965466120614336320484902460668638600223, 15613266391632759901579567160538115658829716842686926538613660041416357860789
76835701392271693610258676157831795895980626361306767478342005909253267857289, 1181956861695673072902494917106856861174734745986494372688164060300493112384
51763820796546800861206362517731128004514479583714597275278191265202314901426, 46568744983284016296930684702547161180291285840230119070225817082120049803012
5875823091625901969810330716637266150459409436344841256913114914332148260546, 21788542516342674845470154170169162040947403480203306818316882466516127379602
69761707003842793923524179651590578834058634696092323310980560299028860422520, 18330983847184759901014183765053634860842655442424165394058392523854664554020
55497493821550389322452130089791023403370553078420230786059022863631382675397, 30172363070069619659968001746850721022590524022792244479987043748337269280683
39927692875860326036333370120036050553872377336465780979653723616629056549558, 11755365125847957700681312828160925629071787157781940984549929980729753666383
59714461134262230085292320977833446826504682231936051293930171845492506481546, 75875343999044769220471548586387671997958848974911501294502629511808120608241
48971220867740731073655963804486444182363684095428773963552798808842532606691, 2579776231707275264943656924562351049597641923020568172533940966193262779240
74251734227325010896793073225446819585106112382741796092585045130044565090431, 47249144098278707438847693266114238657120401032512261299745941003291891904613
71176906488644634172425825627393914846902969075232019702799413101179849199293, 14325269323061948214770272636620340817983413797347507186609192178318990982995
36648111020961166252732382696768787714714789020208528255383899730454053412613, 3097933957786344798030389324957608906322213616124033570967077121340879875251
48063545524010359133644010918612236783507041629412684363437279826564286837774, 54442063211442792569889427529608640991105099469906422856892535253016022345561
26693636814661199961728316823512255018357984063818632759622667269086623767694, 13808568469640362213992523437998636069753931853995002813904487420398547805791
15757733909429802467092379562517196539159681732373589324977249157846095015307, 9456017669067653282379608524511708456868607320931814210080260631778289090177
19428668072894380171286051007922147585426872241871837631149219309654184463792, 19109960018819802452879035917751164829240999427966621159599895129192302047718
41804227489307579356689937464054387119427225536393432404928101140806430919259, 48295454197486544223419842541268624375400669006298891998722614184843954983181
51997515408268261827417039577441802611510226388577163396352606028564683304337, 32860157855725993045407078913780091214304362786221595627569648009335024584984
31016631266494658130677874225816991599250388347075055993093945344690775909832, 39609733409554002327248906982525328288695513963220597895607214247015807989126
71746809155817958886892582366291405681293231238858322471995362079736694650437, 8463257973885872589153589198014827696510146412445349421174717969303009024612
19089034688058709814860591825398074065830134815912587454508259014250419046427, 49459753682369950588008152359274563554360118346615267312950866199018275475760
2408604717622600958820277616353850299049528313422489344609557582152373266137, 8787478571456323311407609967634103543969819197759625442896055307198110315676
76084368790892531839878749064926275491039659483871421582814943161801070719153, 18124896377858874561937815176460093392164304355198869081266408525055286871882
14299350723169813288601722221670570956058225565750209428432239416008654243492, 34538086322060873023125105279733693211701056558812296842169752279478152463514
53395238465046657638782586213293416845895095504926332295940775103286636625746, 67212528590719813750676919720686817431811199091526758615764857069528517763772
69534304032325761239804639535674498771901847312235770544158848479390507226781, 24863315716065006184047932059714333600186145652327929831104028670482143449392
55291447018754808051435001283851870589804392432781420440350782272293216098994, 41033645595768860484234815685306802178668042551725764148420805519631538808489
51484557646736127150023799618091228481992329592915543843370933897746492975012, 45351197415214228405030339899037493324597129064031235237808626571480702777495
21849310820067461200521910177445186610612341755190878073612230493825244512716, 51345331060657711855949383230850696766009062916409067231456388193438948307514
46523203982100524991874392701880481030139987868215765064770488821443398179477, 25259649450898279623132524525916415462173983246853064833062797838407546856944
34318017168734327020737233656827084396706342356730190526422508647790287586625, 37243131389801947663298238505812585907988495426057092992849479857918628101270
75166243852297823427841515927197220576037125919316191373147618352167804307544, 59554823724821638618439040976366040174773416092541665207812259912302428935838
41237655270781976668274777596332389174726469225930225348950167311504138863854, 14862930380404467301029192214168359910010186643288078839873063895963835203159
42547631959135852644357475767082244733008368603010134227800253828034519946487, 58698093045223091328641675349558957849932768014196230973693926476110553997489
18010792724821130930345437900969423753283246415332272117949212250991005294169, 14863225922001405132087660809324575083547868599515376118150648891968418798356
51857099562291280757905970544931268833074491333512821905313706690715339380136, 24692784658053424659129307265972502150326317875173845451143274299993253106813
17961645007204933312643718029958026265284835709376492320073489791861474330344, 43318131822669771349167825403203455985037721617468949858647596089477925742473
18865963648794367834567621052789615697574115276718731290548225383820177811453, 32142237808268101373500908532531802379191155007072778992824917344944308194658
19616515505407403169858929694862093888261984295222957468113797205753743325911, 23667411580764734833213025380290822756076221542111273110151234721051609935820
182145145862798832614358774782189082315328715244919883939348763886158443867, 54807355464748048007729402700509283592765677423765205490605847350980082899726
75205125312518008421604950159284473245378064186622277638767341977084033755050, 40296245055148747087847579505281419232681370368639932477629495039720429471629
22877500377424921834834019124903517799258814871688274641106148077690747927449, 38808301359650845064546500706677254736220163600336693236911662378332254119638
2688755650011247520082124088420852205825926366313522689871627062357599902383, 75210128434693341274905952218417923198445527869542787996672432019957971566968
45743259919433018934977829107135618676838882733524267931263975647116969312579, 62008693768706616323557966946691743062950728200774001131548668561163247845075
67689068280370124429716581729671740636964771995669835242835182557784651234966, 34720200784736868081147128118707042640206456603239512682785547240797636009283
38136980658057946249643646215638211520685871856490996812457974556458317153574, 35015475621063438250125961032438462690618141726345624748683225381257314777947
51429284262189924274532111285652691598433198300671423103853859913391447219789, 24288934687031101877145486454476821328450202764395905069412059388854645745754
59804220603408354173280056532602669147795057557447701735235240459853669823298, 27378273911894396531206263324069444064946996793424243874160634590535161789204
29438174027801742550667383722705368551213093836916718177525668399379281855583, 60236595903505306999263427554205071360285594813027344768336264974078811791926
20488381666309268287767446446576586255070658199263639827135694805405180018448, 59312074510384484571154876104826506842759367244477710130154635639704246569569
7439309165428715522896677511616569556535180288697504294824248294610625194388, 54322244896176260636842634667420046621593896421243148521217406661453418872479
43383902391032137026650299359990568621668012112151237380060822319813669834927, 47335611993807372675514671738587996791067859669067561847163662427405751736039
69609234465988897746832427119029993341312400391317692187865701266690400119005, 36869047455791074551711375845288821151859529133005117044312944887475304988331
66701066668442487448675797565032735158990419447967965783387058073947761736772, 76705612374833942708193452390238835278194946815255494508160723513325070125437
70651741319140613526979658316964549745918501677434439278438851862555604176822, 18905909281861607494814944638130823915069205888637284342397454236172836271313
14905417409267301888370802630145589954141863988990222160332712359164081694891, 5643872860742412501295357699487160210498341156773358198938298288441202783772
62980915451446593624375636303031802261224870151532035882097940100987467595487, 30866396273827703516361954324027882010516729870926993057348825790145798511481
67175300742801288580722963040634963201117428291152838734976753871482924272696, 32973887820371922824286772155607014532957692952891481726084801607789420979856
58552362999866102023393947652984036016588498539948066964281043764144297878438, 21323409037809132693811827352911875575444861721340800432130183174882059193233
3132716318933434321784673806754994860059431562456667942489741288827213190328, 10243621813031020404021345849502995954493503107126127946132002691185551538012
27338427749987725012185641596219848300757529772876144855091205576476329030862, 38779495315362002420384862852249308277447759435859462231156621129398309884277
57184089199196545956368151590517665371399777434382385312738971709409171946826, 33369605085262840334875422089814907961482449918154041798889283007415380824263
3495347253159136612580479741080187646852400621689274510895263446304513578340, 74067071967916410620308279102438511580457545368314269865787750223191202323352
26925659741359049943799801590250613648138079916397287739270360825448528222478, 6944028357199714852843868934545920543519163609971192612067494788354089170309
25225611265501667048093829128770114751433629326772163407471968503165089327792, 7764130755411275759275107044194585992617046714597364135989459654084518135935
3255891638880169462177307886655805750957113023982889687547894484308562186646, 15085201115895988658934244000966203863500914547094801552437608006346361375908
35380484577348120720812919611139878260840140019439689341322698323550237552296, 31377673105531127115224554055048439325586978748844355229529640924392720141975
74980695621289452893000158503189083068397009040892663067142616801473720032022, 3074452335333404310217576993839864412033251833724722793690525577347242286859
67877512462692921535622352328440245369490821187883733603489762231669090327038, 27020501673871809321576969707919050387562603226268195322035990163476210307519
12183174920775185121935016638468639688868952235719033035648897897441459941470, 31372117830131795215888729007104090765766995869185754685341490225589788540665
29552862598433359589716657185688779323670099217455992330884936407568133275901, 72324206540857714885489845391796489550921714675436014980571414728178582484373
50895687197920073449561457998979744029668223765255088804912769332922220348984, 44691673101213863643654155767257566379480759507258631309419279792323659433067
20341998994635243514808119374255081880804672081010344227210222455826366095950, 56817655568543022146871581010654536122913189008561911616180478874139963850897
41063228916078171434921346011885405875757428118558976757418277235166387683259, 66930320935554834546105534945318992039170086635422523774168214061044085387404
21437707353700041758367583166936201404532914080438565859364597682655186431702, 69046841346990342614922206703560505761100057624082816929482961369136870087022
49530914263784585402408018352428292435349403999248276372643706851585585616658, 43822220573210128612572399936873249187888824004052187105379313558441439663401
51029800850850892603756262465055235361797524450261628842478568471203775972211, 31436297220650386350716656830415842884268547091146987761340279905227063725129
74952232600572078951483325506036254159786807856707791340957873894494244625182, 45219022077630472039679381681374484162373589436472091430105286081880016546563
26352507447021157505973916143633161451054115146698161026386252903859491329265, 7676452092188202687730396914832531109636212155272366129721867542728897365131
60581123507528788996165111501464434625726415617653444503797848978536860478694, 67776284531383252784975932413073058891399787143240974899167666336487926163402
58768686369540104695734883412646721905652013391280508667164273274757259780023, 60214651677007448741281944798674434193632343846849076634015551806202484941927
9289369805520422835038102631366656199244768769216689194892115101513018884344, 20745193958734785106058897824678326614168999807389698418255113911046466770581
15719428732567590440156582728492853506000072934787009786003434247313457947441, 9018108558010117525144585162140857415091090733079753595674869902291322430394
35435487017123671578956014651765557552950543803036848711587029720709109921699, 58930718806823056922877405395400152312125289730066204931913005238921765434812
22502467889538515590364751217142716154520787452099499534340969794395442188527, 40057218966898618147484025569274696837669867140538080710430277686112279517918
54807532803615200496623830674483967849180506348924307027720456939451061913140, 29443363278482594981433557636798504108778145082017489218089643253466594042693
37667603128090903025761882345444879398105172608185755499321859269482256970962, 31764618112827505295521196486582928185070052602527199713588766566402063641862
31921826973743020180907058865136827761497422733855711847395706712588204174344, 13648691999503077423113272435573712248742391424359344376838775808760931803096
44146097184287644745165285466608424311160976300855536064782020319511641654017, 51960792887068637199528497677644535352003301824070249853462052458248770134128
10123442899518229979663195481440236936021590865971951345875819968837752583761, 57749716939895703995504978553099457689213184755723948939653570686434856640780
54289782206328741375713429522533683618595803072977430193204896464939597097989, 39007155408174989012053253137589766484784049546458377721948540722122300651188
75334725352912701200837786192055208556341548298120647142409063424139605251644, 22456444614170423716852936967963530908241516725475092855067629251174228298128
44409525772561552022199956674568906193421196665162123881539638487194857079354, 2486464137362741710953046955050371519240705724892156627521103718719271100681
63454246190024931276394282156074719118459290818258292150141626183141449344338, 36776486632164287913871571125792329625839465353643678216023059307899995189214
70803536110093784477706609983997782273478539486453615936191870469022361961471, 52210973252974362175506632664101835280523069522376534110689182979896819250816
52968075413180078221331568554694351312086758298491558936453019939695305297058, 58879809799054239642667067910986159911749470798839072917319089460195681209996
53521876810245977366412395634256780446801626188525971912858787726409229834312, 21373708892909662059384379230111546360675720040383961604311013056873916664594
59895139057356214540702513874557516447778755081709001093497097593865008735688, 70230952545368612410228478643242897427635993833572025121252257597265616947779
53173673176831892316850839522863940600235563402035249640215365887217484447384, 48062230740922450588379556005665044894698967451340295634628949106089924536642
6041077053114123014346749050802580376720447015935684161575787642816583136623, 45417317475694191365026581865583285141077286297712266078090193057732228638081
69362933118062080506200088566502688260711195739428313160922551666514859276458, 47266348763107272821716656590296213116241557307254769360916884626631178359418
63926805046044383723228754987261281006294492978937755612949057884664290434840, 6878530317038678508054551998910993624736581464957612764365971309175967329374
12072173950296091207732339993984908193056330890859007356254499448946196983698, 16195765389133121531037211110289657968690455607711000501753739241307901957063
68224122469195685121237537655410422365665154777499648633450192144981020747868, 62242314041089456457789691950929477377564229605294826442175170617885335299539
62087776458128866037810620469296287344885821750844282603571706870538604824305, 20280592724888278376956907018934868534102245519963588583631614400766543159270
38093110006866182622718704428371502329753825493170972502885815824916052243896, 31000208937511705789058620569601725176693585227192285942041541899858798564975
17900239142221206076200560112320383879537377675578495606474546282032217820817, 38167735565975360833749313335349573984786423234130246897041007355004486326530
50374428909549848728895003917709312378657589642992867758920955759122522634570, 68727817469996413891225033881915801355238161694766592506433417230840905889297
54876224981510673474974338062491577934193590820687320961652976591840522472911, 43542436422064743532931537116996875658042564471077318369770509872593859960465
65912197785874594528614628071275799114139023737126315595067922687137384660697, 9996622899183443215079730300837597304313333283019953770182287051373172813703
65626591455151880600248502143998785879373409441168746479188777523688895856081, 27935146164446419123555726199165340222339235371202394683163506928113954762841
12812943751711609132283736666966320220750721103905999685205344966532271560476, 54219510136797547857943095043444862252802594832530778782059224259146528652388
50653342210734692545879509146429426523844013401930453845780284689720378327228, 3347953409539037942143544125276818710406425102008408174176296930336761077023
51424132867200800009178366239115020644330256718704234439816093797233188793426, 69885309134330047590729525792049572482550580331288726096678694594613991304896
3789418390383100532481165904076940765562267540391376960839024334725700382187, 6183166582780899764305991524019148572287711775150722806720574740751822368730
43820042488221664872363846317583608133088023939476205643050691513003635685635, 32591808074553598859870984936350055728707222630658255539482366377215795176577
59098662382311162364327948390767989625592368593789963916635027220981263428571, 55783455756473782265292485525494462213633567413173361623990601353669082940946
2216833477757799417778576959404932155604748275269407835905021076151830147624, 36955673301515163947623622573017836423869911425121289545427983233983958182868
70154087806041709152316658659993464962689084846439634659002047028830572633519, 25272404466027945437394156552078768959665240909943444006144802735879718229531
27624526393338473052328415216295879923739962676116401436870811504896766006050, 3667116920600982377212245083921821514366155103555273311173944245757537040198
65238823298742687418079496343111743931488141318189388861412202869172151705066, 21045927374607861733125980277307883799396341390678488797554571376884293837416
14791979190343916409173010686283392090276151558280857345520483831815412712483, 58030983632880900389438068613025339003521968714371814421697706281055995915964
74273998427746669647815184355121214718522314014409461116651518874288366391097, 45371985623361523952034924314088313471070135653859299669503490007953845988103
9611760676072497374035134640212627007366699230994590513006781093450804871701, 23529376058469962774416771077804440814059272285490038524850971592182153897915
