Elliptic Curve: brainpoolP256r1
Field Prime: 76884956397045344220809746629001649093037950200943055203735601445031516197751
Base Point: (63243729749562333355292243550312970334778175571054726587095381623627144114786, 38218615093753523893122277964030810387585405539772602581557831887485717997975)
Polynomial Degree: 8
Polynomial Coefficients: [48, 51, 31, 36, 40, 28, 10, 28, 44]
Public Key: (64567448061873133260315863858061545141706761121877736073793325109570753530181, 40766275931856201858894052880754351864058741412383701854193300149209243944794)
6556582172420217604934374203806222673139918425475405022533916396317990414214, 31099884844695915840368161292021580585596050856524783099306422143043567324439
74839039991662711018702182259218233147518123969477692486323422952734995121720, 43260042028980937062728508895528011094999066892083709518949336423875726146617
3578128833826358494521174101829147458649184639136569057273978165967419393704, 68643694360207332295957338384977883799924659459495110886367654414630759176433
37678163389271997404272032618117813998494525487740176998175393099452334200010, 60095756222016057280141885928504320944425309781461450557558802819399981124355
5018842574825581837443716892126602837156348935501294372538694525595530779768, 17816057674128953988033601984110054011098348073815313728951266886330170442871
50182398028446834159718045635118746919440190403519320664468338172834146741016, 60732965901880403976969966407134686205091009930353033118962503273746820002812
40505809005176935919076603862960506561118016971584793274072657234836874499397, 35281118652969997788474006000411550365810863064592125223702902613127909456831
26643332926804843686108751528737464776876129386406771663151282659223995205460, 2758555674336207256039915559528722704462476189092226864945834416422527200932
46314921684464430258786783231906150213982260683065980752612017418676891087965, 41033610053240765151932223366949569974818659449067103236236537459345932294428
74663360911955882235876864829849704725665624618508403949631181412251471046160, 34484019842668959303616612015526838610212903345354698894091992744160402588449
52548597227415601761026597330596828048873708768958729988617313140253952128755, 28693325616044224846587836469376230322368489362175210781801091346002763937186
26370609820285539149081486712655755935416148978282206676542582227800218960177, 66830137001130853596504117652106397686015134417422548917443589010986505117819
46913605326187293084502486158028178499268968141681139551764635631384661261190, 52106650206096280222431949369284505084948389175284895158701117903695992618264
52262083786102515697371914124354337366095783885710768597245396162564729112004, 76356295929684399877092091447015071330845304261626623100736843693540776879764
44021455142043787574632978452037486074056911137112450445074211468861360206549, 24272482679263487147595576327498369776712451652282113383282553969917723459065
64121540195874560196636273558319509029592549536308616905674950244797949552119, 23700851334347290974478572814532465506254914648984895978111520194484493766272
16380434265918854432687396777101823014404585939356527595529230251212871323410, 66025912685514168156100075704310602772416836045843122393501888455164173441224
50273124715588093080418772081313784510684218238376711207701158809771029857541, 11910647886588878491289316697214156265642024980728886842070089976921852366637
74866691294256063872404508262522156569565317347530931593275719171838893704700, 33342647702525503508256682883304037336878605748768469358377213388584145766661
64071652161793557423931273120577242727754668451670339790693469127047966662319, 23009975597483437832554341349562107147157678076525298693465151783514339256718
11956835189186039707973988827788631700625361885667547169279461183777441989637, 62717371741018864936828917800774723502836135561531729152106515387593974803917
54721639426425987041866642047845808119712869424431288220266017687367509770941, 19263436367935863900449203008969469154984232273797815790264337424387490496725
6323518770460028334267690659243346064755697219162177008336501510351045373586, 52223024518645969505662097413172100318561099221396409643663721805480698732988
48960661332398124379713768729198183179452377645098375565510934509559033972144, 23492794317022789110602711172354411285125763507293090170703881749153446419724
24538298354119522361743375675164298131361232296433486526231232494808475545350, 33476560812249629929558761920330582044424347393432456059374041814878498387437
46163157205749682631220299568115774863652087849000256817533831209373803136337, 22791470474031140658416692125632717729688453712141452698508856336491312483223
35302841292278303368254859719686746499418249245592929044965276972185567072196, 68505865439249001526535339987544802208210327097075006348689263154400671732493
29471871162743830616221389538216286479688222631366715127880722522193275943165, 48941085881813843137584898227929971209120869990102440967130136520959436409614
5179962681580261181716326073178515715076479843062325062786477609597128831499, 44406873446181518345028406622659470044005996995322440627564510714388832617041
59866362538982277904638713800303943786225236832237765702840833091427112414475, 27187046932648439409112492540462600253305405959514061862879472379865457100221
60468225758720432397275342441683936729218476909067114090202133258608032817915, 46940503516314164589719761405954295184457358072744797642115969499237297684976
49219826112396100374759508414426799214680759847910807255575367279783343579934, 20613018862022056172999683741712615604442934783290935951699022578474233685839
27833965617792636966283646133031498436813498200955673674422846289045693516391, 34700280269644827316345046315685296301968167119091784416573298530216023658666
58714252115065123089927587595110790210200882354452215374293214262058029433301, 69610730898601938782908437903304189342789771748594714736697687398681696927026
66501601454442694503207366796601580486572769921562709298839007800991815756885, 40817208026762332144630232089712730562469861499927480500709941054734486798046
57705730267236009500968981203694983784137187126671625792482572207062322886022, 65572515359997220982870791935412880846484332294571547110995486859094127848147
49422987403236065495314958686918123160666054139578248792524779782694169464075, 54542646008728498683807830122764202468716205423037548741100522519920968807412
67731773660081549833342099896134426451897384838853038564718327732223760711100, 15862193918763029879549546254420410098930888807832264474737430381083449128909
66845258902370740223506794313416701200849166084317208108480073643481063082556, 15789028691057685736230758145112522644935144269672365058169288306292815055132
38742470281042944047311829504794618870354049590727724710476633090528702236621, 60057336660478855805179197992806266519776868203607492520471823597819536594937
49990508544698416781497075021957099832510394729198978420944231228994214248698, 70016247506331090649830899314009308957855485644531086730153511014342802697033
60511049751279082689166513009410625431092567742177400529479057880627043157938, 7502094405756218293540495722447519064478744453087958859705124881015138960353
11523982170438167795937888737690781179281983657919296998292370119772795437512, 55365565353885955712117181592493187245185740121143693003736805649378044303094
72333535139635752018667258205277907478962101581940915673238703198568260565706, 40538102691126326586049524782632913689799897998509788297336806034542420383699
5902417295717904346891476432914116540112718364203163978429149281817104186440, 54054122442744227055263599891263469922798933885603204221119637656777225852169
46698875775253891267276116448046189969405084615241893434672285734993876767731, 36630366292311825787245124287101593637473503092520487399940936034029631460931
40457396896994820459448258291009181882325047877656464376650316114346601738046, 32925092811956931775867337447705344120609161600035756479523883294934404023985
33260810292599468090701763539821481476761685846005286259290916599820712833161, 76386162802956554171297315831547608045935454179328309661966157282793346400615
58860366796247662670457752511319846908001007859022418715067381905845123765934, 68499813857897809884779885085631132201921148005171347061801859605105210835322
68318304466186068817195616131044780809389237788939968752740269374634907193206, 69398934644161507744350075279665588018658209707934043214433634070717843356585
20291519223325878585589765701156135534206769459017041461965138598482296552026, 61804600290426998908006556478128372832025133322265216949966352052781543052581
49149911943245929975255096433531200626604553184843365483629763793282590917516, 50097831034346056323035205027760151197550845954581064106115017233136130006303
27264107854465566105377367853755615364646605775104495985515592881278475854677, 72145480703326607500361283464891434806757092860466628575536808480029381994101
33374251952153699377171453329300285811716579226789714435148344795246936520705, 37269569664912236267144192272306541677108129377821745985946595728257793648881
17950233917437130322734925353270059376944572227368079514948333326690553388940, 33556406284388503775094239838766237875847919566353351540618575837453536356232
50846886818423779371179903315059889462737739040019145446281953250403422429881, 13040500368097856143646991188475406369103215618616951509204159080960415370795
13121876044575972221213398991941747334707523123402042209878996876969479139203, 71096030857589006716289554577084274612312947248024256699699356505087353744054
28010169383351775844656855117212342890469341450749112097449089890462373704553, 70446739253969244642406363301955317854141385833635961310194545681942303665004
50258420613019738479242063756909437705049287530514238325485721735216773969841, 53547427218746176401120308822657844191484139525184686130799089669196241930047
51191856244833145197220715301200514393222393954195817154758237970793354120249, 55173593644746954828614051961750969744862316869907520197024523402052396813497
49023607784761800645801069013390544753088233387423856800845405398847154573165, 67335555165586799844994098683259689501877786313425296164241239842825755481696
8332504295017790886938177089265327890779404190230209831401684595126553557970, 21619849207183851504073336218327416749374411546748225729411110410309571140864
24229627864684164868382088133376929574135322064734619623227784390564622230792, 18982230969027135449140235498270885073361768608516335463706056185525013467549
4544926861530503189655607227890037272277575885823991028458793396592784230926, 40460247142563974273373882633409473365205236194157672678613458704066547773166
58022532648892561589347719758987966421689422837950688540319013143155716376040, 33533942686124472934445422080665598985690150529864352870494263048532181825891
31326666157765091508440128112848716488317128174028657004362958377515492312348, 74647583614428958817955156585805470449374965388630009664930350959231131570973
51741860176718270045813145171027057593560194017281890897045524255289066003610, 18084916563395165796687042905407078995106530225932397540711009645936707824361
9445376199464417276064169861216627397212058149680127567053012154785599125532, 54328027813114624201048957328391168200254004050902423810185197962794604086456
45530148975008046632442978411545748911477575285291684412324577354351614062640, 47456230614100739994310683571602004961149514244972580740183157355676288637928
65828388564261617026553302277729954728172633748579752296025540586436595732374, 75758594333048520974797765828527277095661596791563633006492466440060051725598
24316191154383427018254146980480200566823729524183781808290849364417024687549, 36487618759940459155207315358752536273444350592649323553991683889632799159396
41938984938191963936969122753223889195416230193909010560804668974912049189788, 29280771489123844380637126776585063983627430529344232090955567126035501076158
44006366465084892039490510438381525208516974517163934484411685332777977998824, 48566544672135456524768384891021343965079740171652872809439066026536065758864
21998621906021167634539816146218252070933257089472944204817935526067990552165, 43799065930593294677759878518371264453131991788921341838389204907450077888629
76873052115371706693962235815330344634403309912344012513878043539166691425152, 53040192438759001262895554396641959219284169947761516364138881769155695651889
21939334440126623380462306332324495427108652976011442139680703082361496865603, 36644843291756697793242197957634588951725470117392299372053277147331626364507
39853780718143807230215101038601666363935353862570802944282408158576108715880, 6709348806487667663795476985427323088474544223459321747807976338234209765182
38471427751415824674325365093170700187095446774681223750607415846424022943186, 55441929393142360712734328617079197500903556341061903067236804432540660726697
24448769481040891557451130209929055400503527658044513185628768171748284000888, 72063451093171393612313220229905724011497417550996168386101173680726909409329
42315959957414588254075665625319348532014640029323102870046410099658513153165, 49448351048297686318642864789600819241161350861819697144967579773609281690031
43633947242506581561644170174127824227074821541302276165426957134568687628748, 65879217880150425759132681358884120554237202335501484513865182708407775445370
67071155890564360513519806130896053323449479081826556751509443217209068198027, 44369696710591014352779269273636226454814331317198467541522722022090874189549
76285330565416411963614303167873460665821353367442031180680007504272065093305, 39736220910853750891056364507960014496091615099984256233667160888471909153604
60384615393668048767779777641770247543037658462563858847697976238234368948096, 63278647348295945122559665249713121850284825336433959976353348047108417069930
28590041871182893475488091621371091347928013700756152387210015971785573825700, 65884776890543498918529991411914851374380510252585914989650916826647679995613
69745763055291090903748271383965122204991514569108550001419521908311301915669, 63595817403302474506111861665677094059581559758752518390951382623368960025481
62502259956229017369503193630922730743298101346155254243342480849201394696906, 71306900386931570778636125942267003390877158987192197224973634119164862762625
13498967638243021779733897256066782955320288629721504343001056850917081919272, 18642878709985421048917247088835702138194930708210652734342708114665418349114
6988621076398130963034602754646694478768928424461666554556244147838164036242, 71248658855064316831410012425569362011028718034749029005162736158412050895686
44620053262303511384319186374092823998372070300092826058282155660140829756701, 46936244629082268169605977716670241025944651822625506294861612603675199141656
13246409990964824785653061168759075331670883290902424548546306573518540777715, 58139616225153944899696124853700373253597509561451848518130352938758991971969
6632264759559351369859519462026547929526825626510057164886293858325941429589, 33986660657103136590030655810177329930263859007621503047641757603543853084046
36409993224836143018547690063611150392544414524924875073078696359577001940792, 71038322009458722066901744406085493751939119315961007708493296809536096971368
19569973857912987053941390626364893684165746652802136950858117147752790247602, 1363207333698010214738880230706425279318513887553312078565521151156867776966
24652063556366991942616095165336326825912611860450170232824633431472517072082, 61922501895484673644394099695573047261132547643941576582838762616221195198997
39709255992089351177057110794375898955647840505524177454186897907998864781558, 11706356527542478941765615591020369285934661977454410714028129139876103900026
75154845427437181162118142907075841623931716495616378963341689855890486868645, 62910060985663531191313573234835072981616741860291077752136165661658674407149
24480083396972326198058018407367130257932340557192594526711208185529067869465, 66598626672185614481138936777729882586558918216701774274985803174594136472932
8304300457484545136413327732930896298416416627839023918325976281768376410944, 24598239296434154817226757742742781106141640713481341618400675438694391244365
50643493756609530327913436262835958123325275959069839711678981812964404707480, 33458406292221885677816848211391133088358896254025889571714001444635817437785
7471628988127363209574102267596250753784398906356635222309296812499635436777, 28169777413549586063240382386794250961576906287699137131151166163447303380556
67671025978538449626860778980110249963351208371149715151618161365144312542136, 5859730459441316254973200717117275141324752224946494133951109381001347470634
3052420843819757067074235389827482033933557989950500488226252639547998910275, 2684138266118980545213267853579830494773033251786985425072236727641250847458
51583198045972224685333493162895588871934828405985069493930426562952404137300, 35080477131961752655142202340189715086621422193453923410602620775976779725851
76315827588055809770806651917720256706167802858146189042514836026126501220451, 29576269024287219808648624792396346769606377413156846541120260009325842252129
55431543865592892435041631471931101523240793025436716606762107692055953365657, 72935566856811762864243687482613624797785916996693039191600420430768973856679
24914518825232497069184466058993203301431635510061534966358973055090640827955, 67239838994146798153920843187039672428699943419351128774629961856533472343751
51039201516951926104762782837285743026435095816962411487186383146738708448108, 59730085066060489925120031404633400844954366323587684996554702642316488235942
28087791884310699098938177687753069266105961770193811894107505739311349455412, 48276599054557763226735811122408398435663081739555689581926998305030914437631
64893742845208630931982853442665125744039288730088536261463380017207683134173, 19403023755449689221621987605107743510809327336810988086531378417263308401046
51591308377702848499968402323238304496125363885691785290530110153131381384261, 15194688993648759946634420381457976276878764837107200162950556728471171536059
2057453341486399873049412299746716647618159104566405885450670055259791639340, 28224220286444219077933547677454207006339156623425499585511946787912023310241
51603704912737660073205378444141194175984004772829244208328849614319383391374, 72047268898650031306061710153879137824018036266286539997808764628322648911947
10664046030425262081519946059041965990597794649328359882576806552808109685533, 27003343291326681309551958330592593339220800357211866078837783530202771614027
27769365573715849297894404951991149005096411871691138551829759190555303622904, 45933598482031611399969601396310329502024987898178711253404721395854789655247
3078603262487654258796239751950622541098657964017529200813878896892385295944, 9332693667399862757125886628107754264437515832482735156722771886769509901807
47054402496229770664142475078294400764758405484546470557666195570101636401367, 49447820048178799933760180226171447594849547769640469057345024770153917634794
48469229970706549174522370128296229188897038026129008974252845039080691725110, 68157539645575751216644289586457913715434325251299975240029089710955860891425
54398543073763117374895170694528506712459182206614165923156541744538581426707, 40125656381841756495529279255129547804455315941733317269379347999661163476341
59863222192292572758348780995927230902008574733527571620853424860657718875951, 7892068453204164415829833287918972027167265083257228193998864887889624221474
27879917649196117555523850567607553265360605536320127818279556099671219672195, 45845765226940819326649003788466391231112493624063061683120247076433425947738
6639058753764971701779339467464947896611721988934885954071775789887549708358, 5410278417174649780138735231246798350905187968327267621972106975428608252214
43499116899436640176333652521107699867296948698982424130617544921711302037879, 57852928828276477662719718509584256956286490804042848285812913936217539587385
69162234307772240286912343116301896351163628421857156206377559359774421468371, 30818573002450244361987695780716352282558758328241965217264924807209544059849
5934126934333087470904630632630448376810211524380765067831321052575156764812, 21099934746815435466146582437756958649087364363122004837987635880895336986767
30355478586604870432315523024027408942625928500707014186172287894987870287172, 43808732961839609864825374636005251122427871153382822366988784781673544050967
1228831712237494022907597511217865848027475208355942415425316418682467690866, 23114992900103746689321819105675732574872909698142411343413048032510037284648
40716145361678040037771233549944403867188862373934285041343090118795059492490, 17546868498431226492200453681016815152578464573423571558060363259151528563082
71300946547638423174510375079915905299264748455330616480918522983642664729041, 4545396114438087882309095776409088334609799794726576221603998969286418170066
7150616407337444470846596822481651044376316530607765968423023396193552518755, 68419246910450596699699956337877053653901873817232049542830009052797097774944
51009247520900430134431402945966382234338022342967033964288941560157735170456, 17186673300482707938048624797891044889615487940109229151596273211793044195584
72116860285733446527471384296629051198093256648456939903448543295782862882633, 20211503326568256947669055618084852904915653070341060272021774914392827715640
36670832420983804694768413428459152732428641581206153479092189252899987258432, 36569582738641371357348300352559691517536237330421253051549320566716262652973
30976037370977410493815014412178343643752601180651308555124226722644278408394, 68275478381151991858150825020290213161010642001336938650228042149571328935256
13085821092434391634785838780615715080184712499973326722854740066431655471219, 34023230912093070732958485701128218665693781894797257029068209409695972304256
38344931329875710824413471668136533444659759463871861646434288194658954286245, 44017271899518732456862920024139522654425899947344712641334029861090612922066
76073443370887064392568349094817540461600072649121145993979540229090160823841, 69803037205227078181754270472535285389042455806559089363203817222768552429954
43817103657040123079842796166871142187164913031672139493316905038167340753208, 71254159621039916120168970841770285114512609043554735357965294738307052804977
66236814970974142753340185856104747762910495896799488949596823731170959291113, 12605324551362994900482371505055584217818162264943729357489810325000968682476
22437967499651699674003405279949651759771236696839328188719771945172892504548, 49916822365582625422397747837030589302933815969094137715437315025522701308168
23202195174604386668246752039171279947062110991658668810318914531764944382512, 73348295661242705953154411801421452994733816669442324827716826919428460133138
70284692903581955745147228025213199440679269008152754479043866576562637278416, 9399359919374390944507072833926372419598987274205456945528071359282037501426
5957780357749954599190872623889399193048348752499873805911314542317587629758, 57641650153816543253198324148651645466566848225870958157198635913526448664937
23653544674002267674924797717337007804763465500611352057360245058138722921307, 51054416466290929076533123323152855626951712859824819467273917461163670166119
3050157585605657611670154243816730266129005500846144803475607610786660111860, 75564651808041165366046058039122564374921179517962375927380837189356537275709
38620952208911132563722466789876384060363376484010128358258287642968749205282, 62517754252304181889518338847645657994740085512605047186081262455530384220044
23767509425537956699462441356220153739741197439937934993255545815798964108429, 60442852096056406292816413887025948700752966692433434630996740318164631439143
3668009111641261230812576875199593183621597195803295519178746572222701028522, 52642433052843368703228235764442522739630763717469631110289703046217235399950
51201752340996494813431478701270053742872291173029983008692813154106589886758, 68893729819081053256721786110796522216647181024411570833910801728656639925111
32432142641125173122815216066008503260549949660525770127802492526050930509804, 13246019443108117756842555616638718173489277238168634344889939677298139666257
73026500201538570627061626496422044880948609056332058752708263810608980866153, 75164423306482409342081078702071409121380038170081101990710720683746091844845
48473577903027272289477092963651767093134945111461809023393216285159166237181, 64032558145528200782967340214539911670069304813790304975632819956878586272857
33016479711589263756200228439208042790409642160289966578850295943167079835066, 72350327577278748675423188909181709992770325876725718739302178071282474145677
1407693219240199037724169798697244079263538526228149253801548588317748488798, 36250786815255485748252693329562686199788317240531740094174808294296261050780
4318383312065197733028440417235323756775828131928951839221249858531841968804, 65092292225695952720852327948407862244747957166542179892795976809109761058293
50662230354420694044823337977612327829045014793563216203778031115865397297248, 32515448138917229268831834960731411630132042144845196583191967956570498675780
46560374378096201522855297959115079050115004675910007516951566386498820797357, 57993454178647499708715387995315001869693494162158633961404298073598376445090
14508948346865562763644061799926940808572640147431117474981028233981689350355, 2409338685144957263143903706302012157687387399251087993648083556860135292968
56326671938577026932423722983573802215100149002483309752921934166314427053044, 62995053012384188332227872434994320943908163009605064927935844029072894946598
74649131257300739430968786488552999132887938209595418189469338566267437587321, 10512985846838099538388659649115301655606625603654442913928752739798750722490
5226692640192190823092274295079449988006296380070493446103414789792829470887, 20975214863775425581327081064668892918974429850087814276702607396757248680428
3933569094361334529190254643933723173591413504252977926285311599240687577615, 3525794052423402984640684481266400901446562521598403787774380219539501215929
5540069356173277068123187391582023603982952003098720741328030562724843237957, 54388555661858369087996574683364976855788316801505973010656037995267177411776
57415438252445025611319724015200106417355459789325285790145115472351799666603, 47374655379209554257725902423308163827611181577759110867700694963757164577759
44080574079064218108620161641227029813862655541399061317873196655009078504722, 16476281076446926543855590988289770860463445582216402570297220837771300464820
4101689401431051600596039505056110182448151641481386671594540734329466474479, 57667742341762436513757567545906770041061609826094394582316773647879590566572
71043377261314494054284278931372820566490136196176268723075101057309177290939, 67642006537212257617277967677971423078685125810064633799363646342202733519670
43892207108875078074726935365391620173522675459157083849369980892925859572383, 16749534845405691445016271079907438324151574940108007166491438094013213296445
18466301091061074294852603780914262232996678430828329939328551411145811104109, 5921129871599206557883137995904058992973780863769897952316460520744134106989
10503406546422546627558230187522287575533493624235851227838911274821624172198, 46984838668004789177244837795526670975776151760441961338841524368702078084680
11359977311601178749560985286922774364184164333455577859148489798021631454973, 58257624967676280343136333768385960372929797110737590343342998598946193112540
68190393538887682331079123596554315578642783602320058007296173710135245080713, 4692920506806000984052527761923850734418698679900949667744636389660465176693
4641106308206871381039920326210941195849034656933365004620006457173883780130, 24016417248168691338394253286903835076197516285396556291841877653572800033373
49271284361579142207656059857583862099390303924718915553537958852831605204798, 27614562994691033463526132373909199057005560557926446263367535418137792321178
50883695781689466458674749321054459908024809657730376662511151162233862013562, 19888669686498949268528410868356133949649131327797189728237263079112273839613
57749737927980767954180567779385636270088940790179894458741549826032923488150, 46702823593664842740124007259989082244046262303514529705768498683249118361219
12872147211120096064661402851255108657557456470506598266619734506009878299945, 66100868311041806593466581748364297237193264057262073836834469837268018408479
41117282103760583928037808449473575181594750829134492049336779221225931284358, 37896458504827142740711163458790468045044479447065599693884481825088356620601
34957058673377054992885478529375590927661753972597755173414559295506725143285, 47582153677902031868388824684846731477489219581694983014501996115495181501109
57886444459200666542346262653906476419955608305112880075114848079774978249443, 66073955389684951661208283118663195053863863523102767499079742333905800671109
65173534649742885512700554193277774708620957596394697846344149480838635558398, 44459130370683040245128645894346920717183228567002233783362608465329519864774
72821450308273917241794177251926996324269171486348729792064817627910036431840, 63942081865487619715508688720495771981985703828600382393559098341885737976331
42740009167450336387785733615397638062126592721533685183894401285757739556580, 67123631566528687445340908292432532911694142557200328163184442236212723492354
40367038500824275159492262482462931055878329442502242410086058939577829775415, 21186457590330611042917007563782331219960242961612887863892864655043772997691
33051340094882860375636767761567363275823614219728896343773996414679857430790, 50921566280195200943960182390008619779484643919097773489923787618798411649571
45127915513369102229119715462028996444747087035765144390835579451342599953901, 39185735496007583663337014893722250293789980908283477201458614163677758863964
55707919830856961083816438919392467944660181726945114195786765480448717445444, 59283844407769685520087740830548178737824384162385490596308528531202626900761
42489312635110315067235860621433952377933314106754618221842025154099845847377, 28188072976535233015180307590005170797897646037368344396069367350547062967223
5696000199715212601578837303704776589850027977497119717558011251238444287026, 51426622861440079724091240877998206009536142212778858609250519821216987782410
910418962848044332440713805179091434219211322570791106284443163421974056846, 66779218278307686932530697530887832997557393206845327676924710132536085748195
43204299068465608754009309478299433775952583220623500930169419177370263232498, 920971565722298821023433474049204481196065350310439346347833240248387130157
9123317927365338534236874513943309890536567902137669148086526658724219887544, 55886318129253111721281025116371191765287113046111155811741588383289497823246
20662298135081284806885258445021282629872505921690200662175730096741293056880, 63175637268720043923221396432188920005995951459429637024205356503631655562016
60399372795575428177343996974403262965755124373666381310013973906905218761285, 43445655759218401911131559826944111744189628591385953767491447677572153293684
49991384302031080444692539700987544519228398899868027631675007501453376526050, 53663494559776389623560301148672206550896267243378955812001980674255728371259
61658117310737411946211496762342245260842977041957981953161838350358961750628, 61670627505549503222399722773214291606615524180784756057844683490090968025128
45147920381931736163619721945584832962543925793405656734411077981359617078456, 23405824045780406796485932631446128979708569869050163719253171380762760082862
19103478167700300841028257639824062885332774254471661068803034142447190050586, 60702053633269292880926724944310955585638715656132644394669294485556075356397
59113923593010477427265976042948459656441451477219915844597049223904422886493, 2065020793638688191137215067038643904309883220968001676929478459696158999972
59840757351998888854948126574101038340787129115668084754681636765452433636952, 4762155411087848440390263588211321901980872665353067257152179523738882790029
6497552842623618574247337925321621151226704321031243132580096562043570146553, 16905300640388375713267641918364164655899767850079102384167752143601333294672
39076987661413636756840195707402710850124233708356788198998593246539469788768, 28021430772592216280468671417664034175119439298016916313631979760997325808806
66124994491057834960776329684684850775621732123865248270613661318465752403908, 34922676477989778988867232958343445937849978568316037820864646736149730167728
22473292750451067551746908479455704806517288103561924941646736293263298002180, 33629679077412423251195320042666550624125194496926547268745249605823112920713
30457446177235739031361656921625746716533671678438871695123307388320241190074, 47793961943735643782136378843401031839993424420364400881930414664796190611116
33269252003419683527881305894040722776252214120896738561876991919254730399725, 28332510459951889121634872721593638926188391727230662534152409214439366052490
53438541009785513864967742048408292457304356301140361576828068301008896360212, 13774427623681270970962928225159078793452238893404909174417129330047817127185
8557554111848626059309675725754152902976484742927592883308948990862585030376, 5782969976426673658399184029030092125327559916895928612423342096353456713919
26476029330575945939616355347625172947873424584269213881842614107328843543007, 23853368832640115464477437349081097349579239066709588552535250013489516143927
25234765601378680057335622871884133416470397873062809459939246697624714818068, 29106239808416562507104015667615661869722748244605564863774636461196796078411
35353842805123510705401977353451917481410532279949900744835878654223979539816, 47744044897790146268243557066476462292817638069722988233934655172274805885974
44266215644358882354325663127758059419244719306105044263203756549769865552648, 15263822382487561763301569402804461918050770289106628452138716969536161165600
50329126228214376454732658038300712990848563071514252056382865971320256326628, 7012503904231334583826276597491604532030670866682497963919206288215578398775
63964820046851479112982288969950913313398279881729387002333144362891797649983, 34253020573768368241666408310836227996897755359374166495889787507088049970294
66519528490938143121874741433358581194995869961855580233242480932756217818377, 37003901836879136148517038124654671924493930514871354398580545049667582415740
66341484247230676559829249066406031983462931032034841749095460159751193204672, 63519246547769680217227666706805349063788719820621243210914799221468431053242
36541716885394371858422068888151509561818799540568717027550311899868119508040, 21100926037075987670951675520940648852662476757146892107168727437135037803270
46914939524664776338758967089448984759087443917364281711097710464925739895809, 18999713735046112981679986055515582158410042535275352213208811393867551053107
19775766960708250841598762943601468596107946851836503288530530355003707863581, 55842715309583608496988091991301029546032439728361030871822278283274675150226
72617607419466126791414782914805510951206722768118877548415875467554494841635, 54857508865300776551372635732109408759473358311973834215471420198774835581694
1594521048103988304756351020354138472336504087975274238286049849656148139271, 76361832795020291431792194273576616960266187381047361825741205040035071256528
54486306111055056763581479496866290355805346380978126840066372241318952320111, 59024003996419814743929772370531367938799731826713222541023600123950071880347
34100439819526864891477941520280451021109748857921713497220936467356468342522, 19641932774425761321626903501425230448437147650356213035257202981000189166570
30946083704330519342435962635974321748516039328047237330041467452086840086487, 47697486798122817520955986878938496578651978470003162777007954381530765817487
9080261210320559523213097981433897340987079214844013966053247442098421441424, 54599951884038259882321744194429063105258969340795567184056796694692505428923
37022795024818715272610903369805224975076388605751958584609288549850178158135, 35200421819136811807550016445082030512020946344250440333023545445083920598777
21293426946163361997561019421066606897673502666478828185553647153850683639211, 39630250894411610194999211505650195574710942722715451951334369853689985702941
47495980003722323786342001300856350914409502677786150397270280144238407146341, 2383952453491840848964341334990488793078508145790634322172648245018847865794
8498633014147556517938177729863206631051389347794186321812223507936804720260, 7407094105883154273322866741660623294044087659535926424198643444050217541200
53289300233481587745277615636319516332674930952764883737491372688035784443649, 22884689950218833877036950774003933845919832565690198732098024194919541361564
7503855361995905421218559485764400076591105778549716636223563570784406840530, 60657981230914015360605888670638430696162213317238675120607103355482130901094
2510959988965967598157643356863775458061270223557264462204453582264926499321, 22890140989283733107632027553722005790401667800454554081918536823942850376242
31137097863127709292673258736416337569109888927231687551778037210236797762841, 6027201537937944791980974888890236389598526141584610335378427081750329372640
63242547975423737575440253378218881005974663682658697554604886182785106136557, 51016959832390532111383473964246042505821700773009432869299138966663497440463
33367446731685123986175617694861644621590036430526765302873443249694082973800, 5696501676964037748177139336465548916576058348931980108459306360194659915955
20228225023066895762094740435230073833413123770156773330849745274980130807622, 55472991757105393060023295409087110374033077698891557660177835098729309715299
12796434162789001370705190710455288659386134421802676326760872371872685703464, 65915910833696320360552761607972388049189548692197609598795170669328847611424
8284054951936259687613653241660592339054312887538966254956655141048788200512, 32715956743144414259086751496349036916548127556161887400093023941556597976594
39227258598640635204394160674108509146502404882505969388196492791394113070956, 75573735203602657097734977361531673224627793638857842576104680577929626205625
55461161255730110297906101905078218206011373970153698606902654125746077078486, 58874326193171734172185851604078631929743621887985424762109318930055507842625
26592743668491390807421916353388714378167290891755835582802696462454605800239, 13571000031025121495138406514911868297238983197563658702842778246034899596535
73766893939939113151047207749146962401829376068216265501537590289940819709432, 37227729563194805597652359661542073751837467313281205087339971458725727334549
54600334438318595538306227318242807827711060944026851138741817427645406239124, 14049006668988935335533340020654710852409141554963703997482453974765253285104
46484138822581046976508633743005156662109720610026702210575863473138116151786, 40271072491076854819117504408986988544685546141181586968739220678894430634666
42219112871228256951052661829345729605498820151283068966190498123515943456235, 39423720519957455237039082340804600081715217667815251113821126902870959363450
18618281930486302483378446748370195582727724392329057074684113063047687910285, 73033215956993565763478416932903659726754380105964652803495508983780749809503
22956861117767137892063986680863271487905560707040800567686704724416105447424, 51740771781921282900574088791757564006969156763607597342705293612308405852250
25249323315013741591672085757492881070723726133197947639927451756909182147026, 63004821123021513709631763096312160960067338442010019436476794094387208405059
7381381087488424917876195305615924591502857920748341568772033866711799498223, 59307791909028849475684214142996605504851281720471850889262050491423970403096
13472303677764561872918635374392156674019166168364100587659613394076657985733, 57312769336018653283538322188143901192124666787520955049496523764430119454682
36468865869301592346713781270814361495563360915818970145390511691419445033836, 30368135293524478288757048088927313057420133718270962559060821242126478387636
15120239233150299382672921446724547967686036307571110566113759617326654230451, 49309478180450953894429594260163551441191109701461613410797976262570329807602
50745559973662748679204276126596424739252131218578075838605096816207875157965, 44837235285284705216174297551852194144226066267426573859795276121985649122567
73884347112025600442949417690245060283730948014702574750374723845743205418653, 51665836665201314971762207539184156280103499942740643473601286761278774845659
8816609814327198236891706091347013535895849813621976068405296341108958526699, 68978501842646212901315440535528022196989228284322280213271220266397123727286
24254045147947281144330627675978070248492226537784484096603427533013577274126, 6758512337641199043481395862687476140037203419635770548081886833368598019257
34547415297754229702357219552289870443788155754575992641179505364172435121562, 70585534089996980089485344728581375771706978722659831319193804304776094878617
74156547968557524721235682871321890894952644845264268262998728422837356245838, 55122510465833226531631314462890917195882876448700915033245669340043667653040
57863073875259064887229438633808144893001885966851370088891830674668436555407, 2153657958870150549314903022950248165766821708365310337507545373658501251404
57946071426412767720834582642837183953411575680587623683131720097201340365164, 3533943097491461140718174995225206354952465424932983879760981345647342512066
2123628862135746950940501755863209283105468250553171750716609788630122536963, 33586870047734622573193733666206651849090644965519613509872746499695563291061
8671361052262716054652803388637422210969617551709668567736613982695694102306, 11102360267688358126955245380282896291250622976628424785539170049971548136044
23575546415325862253350356478319306849438057084284560471807181184631046688628, 10344141823726911029237883735866673706384479044671258994891338352208881598919
9755090732741679110961245337539121526584950515398120935083050489015166341692, 66586597827663014421126539906059736271589977769426120643682784061530725949559
28454450301362177783094244546247922729779227241933304749870035153440859893976, 55252197397670437687140912038305268426901376416009065289691834652532168672769
72671129468679141158394255793346449276962843194223213177393274791233212097880, 11110561772905582697021565785506420349211972620466594454313264759385040245075
55977868428699946136910331998105067134295937890887989817151767405527281096544, 22324277425394792424242713252429095730671952722574692008977473475341536944119
40051818784138386740596772597666303798467440870762750294559964160004720159338, 12043617788336537354894940776636958398445556170247157397703197495533392430573
48662988498901848032494152218736256784678850468110198850830755587036538451601, 45855353829825796715924344202002744300803465272987771440085865380856025083444
49801344322943919371623662676872734283031889417689082097319940978740415628540, 23016649048988727161155570480154609494506324382678338649313615830264165139548
43297272371011750736389156482369518472878239692588122678242860812365514458320, 6034619209208637029538764789041097945719094410155369708464299405437589880182
8291369302290728087192621587932441628391388012129079120945563013837243102646, 12178724987027718430615447003454919770523191560683903902944434633386074762874
58103153583881839791276774446642037868156792266582672998434585153155467439684, 19978273818853650944700913869459284959345510657479537211412073865724297212453
10248217407977288279326137673406526545217500732131816739091245641853916207582, 1233009703152798382322910393868893215837958675764578894309017905087730096250
12314305330785575928130788595757631943683516688530246235439309581646845625014, 30003496605811188389022890984154321729755556404158471411527650231615122869735
1392055533748495186769589963217523432732194626338856671224726603063321191011, 30298610727279038396985806534318645685164938827245698197846787778097510744924
57728801771968762054795135898455359750162075400405822086602050762948290957682, 51511777218427880915359033975778798342844035530636453109624742589722115892351
1360489155585314385886703214429952672800899453465272736048804790161780115057, 17388253622533789447789444094247892702583509084413476784442095062666098402012
71264585456242849024115158648143279263406334123898879244626322892996836587852, 22126129586198228430386910066954989934492236262626167606068838697892475535109
19172917382254725546323769591074586398629031736794828582569862506176604529880, 62709642075628447230651123286586817022836631661096965518434358981530121511288
61811380277695970396625363719980923142142296159121757607820783367656998611835, 53410072488412201268016000505234044480536705295422818662151069157865794758398
66548319142660206323185513395118435575755461826508264907817038842932717994451, 60542997132427156419569218636656471000732035125040068119644011470894379496199
40501662350754823633904243723060511150630947610386510133981394118500417468123, 8629021011272899691588667401095894185525568291072339339861307345335340351764
9108084028256979401925143399810925308998172397232563053742648732880010092526, 50132177118323804764403001073020012254338013039744579328060942573970188333052
38632859781092526218183429416172949996254157126644687155988364562028491715101, 3290601316253665102476239115606450865831891531541438574395820226890563105
5487714225742714003617333598823958524622796020473896934663498057474970012901, 63580720772432280040344922575903015201511209789673229926745944815333541041531
51336964282428661316559495166266810587433777042027997536889653373933006725935, 72827185833791408408408277545567183867697131156629939838748987193932518256464
10172298933354417188409009390623030915299922632660325243945115057449361464931, 43614918504020546715678400751014395490993105826570865743379708952118103981193
44524184901990020722454600762067925652845169269956915087535712628808014602327, 30710891646534798889823027264854417581823586373819046170597247517630147794898
11570634753360306261337111436336150419046263912023950209977140937016064523501, 16397251554339373089056550695444204770496926963123987041899395123216148067361
27772933749336502239028017652402373801190743073951336859834388634944083915572, 12672809009324507482037775673119605021658646545887391156946295365068422730186
1614037488405264118988468784421624960565382383072550071669767404411255632862, 17079703989621943208622553480283957998108360416203259932152456691252967808317
69542090356650073524709881930823648793729079438998816143431157811764581614377, 44950006004222814944252441124922545400616153569059076552254604786739569547602
18657365138006054527108682890647377131141928499792766846234528006085269278352, 28470839613085742627030594641635620277573367479482971824687863129797190063001
47297116334716647757055014667636634619459928557851691033996813393593526897112, 30426351666580816351897602201599227696689762970363150318021773942945112912554
10260150054822980746406261500451990594445604480469078818910190044182756462789, 19992471286466942126133527650346590249675964061262715075556331727173283628567
37638417306029074369002312560935554941044504715548885146599084690886365456775, 69303050071148255329802301399575722154543268996129034024777703837441359720891
55464092537540700361453418611719402505186065621343655577084924757540436462166, 64886308866651101173378172284345372061532750509020544048303467363071652168379
75018251337584656002722945883028180143964666174438367079345553874468626746018, 27278781348784419118163192315225998311593680385350963901424471971284401452825
62720729924341246117341269461008316493529570533085169812856322147865872971214, 46466300202673736475530234255105374992786863472962180478059832466512431208422
55588404456622768498106474975535822113511411208373934215302880648148292972929, 62475111192622680787714478533090089337604259613305832107922530123143567163268
23382925104431731029289132626880470742445812966976226638106427397009701329194, 36166747362792759286726753251114601631856424671729156416022063086225909408541
58103950189718428773612886010352340845782170906187487410182287652042050223493, 42064497930816187574286145705009823652974401452317057714747242851906927187492
76193921849241526178600010506783216786560373384600886525397278462681104450657, 34786020854628763109557211492468045711605454697857623543373507374048644855305
40388732169764836102474233058099899624295292799584487170781475255405990171082, 69237299056021668542187626673358213150609558474395216853363518657071610664520
53905871381008034074751493243735075154139318566876252174381263239918531368083, 27963565066395984126971087591571337690561136809166517512029262542772066145705
75398905769241160819234728923153472151613951495497292357311645479626934540185, 68431220556892322343603504443068728199260149582539648538132928445628182298851
40199579063900424388580238569677415786960614959864140612188147056624454255450, 39160974440440639420517963428319747562462688352774119781849373356041796408306
12879088015233556334286428007847090693871446329963296410995058279804694810898, 29221450838020800840918195052662226812067191147384918116637924069172197435785
70278798543376328140366056197443433329545001997358950843898583013014015373047, 16176346015806746990506406159027987033103985976403546662013072745422254032632
66234318907644516672521312940590084799155488440901398594441641121460386532917, 68019765470262990867489652087745724642115637100784688823380342344664714493133
67077011566931019515224283466514283860449191811834939961439973208285055792104, 65687625085162257631326970654201230005046862785966538742406433737036383390614
33354110431113433860731758219076466346226110186176114921500070297748868394391, 1056613171441053695526433265446931499361500126889863149114055190695090163676
47345256108975516004298018078756246547950967612105992790948128414015784715576, 70237874740933075861237656161381065336987574868892317312034567762953236592242
72859438419390247666481924046933572996954112252519290799369711701246157902299, 74320765676826449525771115571705073033993403352624382831669698489995610320018
25984666544677059155286426195207576714174590983052943749111342794068367579427, 15847300395346098902321460811653369964764987218505639021649162570418930111487
55204980327320972662866549045323136968888968264579488525110987649786473064706, 38190334134828823535923458551903655246178878887571469107565403490189398338323
58689642406530451629636857516637072950311435513025792927204883447488542224990, 27814130790388757126027371417529576096190194788418642876464040368459269072265
4363828499537092616982304189549924283354611535781305631907018124317661778750, 65623816533744867371756706258496309386894493961017053766213169909604138284734
25719462679306151480502671671805345064848442788731665892197149211253542776965, 53317772846235958547723448288054077690071433745655892576406336574782717867380
7729981754557495221965500738767797431828422154210526765512311191601233633140, 31316755384824011420702761713100305871629809759401919404935554204039851460549
69958093374220585964181112234144414007665221869960091353455747515905173376646, 13810941782010445910781387664357504033258272985639229974068114572913622018246
59131660618078934179877351004951053877520996227278024738349755330961305756013, 57040412293457094241598019632164466520077547768241892464025059892634760105401
41551732291940354372713614351472808109316773550837205986764689633755765899173, 11959008040349828042189161577869371033371893071445821377543216970744911883284
10850064775037154978121993811598334595586062660210607810005964423295158317991, 38319586087705429123781839550213282928627303580868236253616669900313756934293
39967118261908109529903970914821898187514913026267026378328696843405510580081, 11240718377830318742311260293671564959161175804254613522742455143289327631944
35904919756153472117466793614116652785787308525292322812789808031705900587247, 39317894141313029991740855408843004999460856085210912350251434307143688498003
55067218614888660337883142593287487436957909712945203421365846818904834743424, 60197006189412233860852826890602697256993484190761919422586967181972803837910
6794192050366903311339838771668540180955898333446429057221817742159530533813, 26993263641753815923913550042993027143157256846004338306622885914712444223342
1586434812008126392144270198296908883905573274855780513493293502558495528356, 30131685904931272181023677941591045376013918635148887852019910773334708266535
13264134923659785064846084003644316587550485006898197489929371619910960532469, 54766881459824961775687676310894359022886101643309433708296956891313514975938
56070935295385648217385534143559354359508738393560701213993168997591345876898, 48664635660544290791225370798859236338054510962645571891057481765063184749886
27140676978696978561128130321478738635361464702478433361583756200263780746391, 30621898362937588217660608333738189336091801015708418601518980282857485613504
30160096697309008146331478794821737558841850749453280253374164655222925017479, 24825993448241068812430679680945379667415072582350393441565211923448772949858
449325583957624111180281958461259174529638040406834794877058301778997253317, 33391100977384789575006744657583128096350602536010214462718360880978605135732
25264340048911335428082987236084175056701062319469506873205937804510057039845, 48274724817669591554560199098396316845570360872314377543530415493863982036139
71842943000120881229444625153260984433941810794379043829839403334284000683527, 41442281403680078091474380751430587375547125652172112432442274100503541565630
9606099010760002948727508751838763936086666004957522128679993028196086743526, 50911237200891792923374122610823229414779534752554172859258838182606191516251
40526411413774957605424806028718350071120432316197364999297621703104801779082, 5645510245628495410653921548288110007049316036593469829694006755909501689325
21734697402500744756188460660426284122686471653540500606832045441042601646342, 9782350422508799420045316976654749211128661726601387745371115558221073434887
12591161155690691232530336502704959115488382797284991932337539094036511565997, 49012013693820662840549143963880419638093756202271151865551417733085476253185
57015953195497150197350537065841100622276156867827357299310605508155462152346, 50645056104276986546029246671796718718986482294333435263225383069810840638401
63389181302632699204291424254259502287508994122723067093352012824379654023625, 39762419273332246922566168597749615557301807500271327599535406154865817600379
25094659509381167168571438510962594078993663384384768187762294493717178888365, 47351400705577217886298342933609188442735530499140012993752643386178702891894
41440269847500233528019954579716576548026901541864085597495617285131963337647, 24366756164175643418201674994478879873152574376662277660557593334568849562021
32146449497425652201912779700601950210807808357004868422214280715746667075396, 4508332330815586442891524901842460534799021229475851661706707952926731884431
10783733136518356260043164866047063666027138545315580154637093715344729177711, 49341271796701061038674283307345571378213212479175268014359185449061333584427
72088108711451769089759448515409828232138330174560325023513128028000692970816, 43009249137217921758950247979644763997229269597948148501039140329269151356910
65333953011333536771317740304130137750063271674918667925002128292377138226008, 20866950429087203527760200324608542621002828074076409134351580408151930066757
27654660397176978486366901644247391157184486806949645604023173152696892047968, 26681630881109611001989378146968247113440960895201873692308043896248092856579
31358362020017816290213671544222951662022372845852386413939900113387025099057, 51241293284600834731703200245672015336769652581769169087123894057672680360067
10119506668100605016082395237479933425700691975323977013441847002391023727410, 56748898268881123917094662385804207767962381346401033688924692445608873837013
50016160520621474078227664772586217354261213701584184747673565941022261440296, 32377282265638879654593770064007332802902315906488997906837221840159588694385
10598292752806736094230822730698819979351550151518842398859635373154350361997, 28888471428162386828122982826534756186385097950711383117269088284331127542477
10291578137060766578861329854404973182135350488280918042071072808469615881479, 13954829987948267635886213810197996123384357355109362708966968637898785635326
14014852342636248160542134400422935647265119753132011407441700697402983115349, 30047333229134039141494272031189551827393849911770286412947238537705849586789
42031019242236174445412365375107041226181404657243202723597418090700909879926, 76404513869548906969402430433580024700226413780595174765829281304081286195566
26144105010811939986719410681347842197882499292185983704548996536032163293187, 18578545968917917275563156616225507757772931902733387513956627533405238618692
64330804859758949319788277040598020880686399163962606932965860013874442658229, 37556107490060475020178000022008918992027128713493808290661474643974704739983
43590035990126418072916710550684000866020348434062775962668008202384141109807, 10959668618066373573493511899677486571694599230556471601385612245298023869944
50668692224768738286081214760088729183286209222928042359377735682331133079772, 7495576576525050573121261144012785585987158066747068643652222023006373468313
50012153276449462403389653149979715334399399912843071419453345633012295531259, 17393905113756629002326150288029947240705785612004876134972413564142530412785
29377881071187060839412614658771785442884506354607925400892724751628856392379, 3914697109872374410703492369858379082773542090466126373072507761571958034733
43885272078204029454468902217508205672380068220209599219532786642429712711009, 72305035297575500273094150387797648214053898629440995766909134165446690401335
57832904420989167634562871751248202000536383426983337461926316742322420073390, 3714933367814844673605812008445422044569295330494665938288978110379927685294
8368999836379606718584529652034361303275083673743350520032252748464376522413, 7244252798345875105294946094699498133637112926747559999897870372601384564529
20337984777298957570202723022741309556354424236800487077129758118583302083513, 7742171942046314846189400720333814695212005952277634067111965168955863981146
12638442498771521388901618303741511351839346831446425789597332332718092489208, 36268596131324619067734464488543118987036339317765853953538336141522043631079
75253609601662329684539564206504160662551681397800299212173847898319906508462, 47399078268959423399833715947545647412885436146486672378201484640380167385409
7640076809044251649722234311625113404923213033525476294412892087399680822344, 32404706135960965560859078936953493322279339743932735662550187972287520191338
8893483499796001930595993086036251584427036903757219639691278468206286213678, 13237367364236509176599254249729467807503551483144466021030634961092313782800
62593494366230359170812613352385798097978689069334794769938924406666288884322, 56468455104378268242694088379914486246003604808096230863842757834804034884665
12643291061372880427327437916142420145778278740745415710894845310580178658887, 68989342292190984673998590448921883881481816510873032409379555647382221905985
64669084686294230816031286628459418145965922971084828766311421971116783880635, 33032234030700821870160353040801932540910006444135225097042011801062391009547
44202971585531113970737513413310219196219641848241603731710424348805571192803, 40499156133690503031563179878716916318936062029851133713001577521105335047382
71576567585309545538950910402414614277027214016929578691009714326168832046973, 34588696601540163867641064359330612810210254370007418966857592573051889698818
26833467513858376897726736748898706400681931053100993327433687404339277104869, 16745604837292675492969764412142035421103296451353266663645974263441676462284
11908365992081707778899649127493654600707678785804034680777053725607027207642, 37570808111449581801071258575404935824951878968351587727413615312667887397823
9851397601376311645091864709838350605814575975844874073220778836963903747267, 21709477966248049719792367810450981275764366256830742778699715181247819399399
76576612996410686606028933437599944472614565882355926482111442917970476329281, 2097471118981812622751018565771797486796052231144712116171842723018402642673
36153526775734215022187175025551902323327693134633340707582348931635566246251, 62415048673458913748532263467275503136139510490692360880136672261472118183912
7175415485267352162416950109505351425394351277186394000845549940489833279167, 26828984531412292832588588826447206182204530908375925616343749847465344321303
11530367862717972098170134918546453247456139618152176138339959492950764602837, 11248197382789588598843266701050947290738560218428115905516508562036476522896
65463834931576084821358724266031016294394075605627099120174387128229514658344, 39939799185374311155108652079564037815749934662310783382808184715596148777128
38201504895464725356975014827078016877835941889670784841041303844364225525556, 38993590382928793812241099470554326116384615954525286448917520897174231732600
47651492476061085800604949381139659046548383738823863689205204311065791499395, 53027733005629483636009917107792698237720732830156969692802853815647692864928
29543755664583917221610470717251161396947219427209966735904049093777198287143, 11445295601398702186913777314034287018765432300615722251947267399507766078735
58025623215198084350649329329259001599214396517975760330672655755895321997304, 31833795592070558644811400518462933130547390780568225068895073625758562054227
64902843363190364939704027998178036083162854761297055813886086301891545753297, 70701097570176636593207491246259617552837952390151967431418430200039816641394
29102592119281772489632019001513585722308990099568677150857471121292157235099, 782549129367295548649979044880895727619044896690294996945217191870243022014
19567549786894287162432433819315093625720983705730640532335009424433052073232, 61701960914161248444571885309932758669790569283142698980951000518687682221989
35844933658206490898581120995928948165386177135503913999400704496936256172425, 25792854043335593411055142219057582776804822675664970374149491258622294931838
19119274841112750432984656748387986680486375838482693987593710170186819877499, 52509167617334968774007439281054427958999298022106210925924984646685097412334
2752624599685745062350051035697641833789231797307977365151299386735522743071, 35555542438669015250590185649980916745017610891632604730580152513534873284914
20678882713841607934491671955474977981360822019079580393434306283939793375089, 40333415939959296157390151739614066104935860439836455756050716716454169881684
43017294494054673738215706271344335805230489204861199808784465972771863274588, 32646332811130093976111396077365398531495080201750708603887341543979872070442
43952248316819923376999142349180748143787337893203540794147932793770465427326, 59222360709712162231628740111573727868677261158287191810527413844753731178906
8876783864941455978875881170254013869717973912776612193243150046744304973938, 75434271755911934707244665478601165799535490017844764371619315113343577619213
36135072557603488540716042103335192085317116471200851990569961076711860975360, 2685650040541820927591637372833306382288683365097194708293456748286681785480
67839109111569520230340230969017319428249363278222672742293571383884652803087, 30972854679962747585413087170269090465208681311146111361388618890321776290844
27699406409694208675769398865644181920280894038792596177235295129907632431466, 47314196481428719187265149885382857216930414068955602669691176541896294014662
56497422806526419819189123563991315812163484880946383963028034452815590076320, 60681117851381023292293689232194171153181408172430852339703075072653375795209
45352868686112883006990275923772639822125861824567112234986801931120865755129, 69764057453538667038134425360352836966720605337524508470302034120004059552630
57807525660773990511907917347913130569281134987557279160167777831647285222961, 75482291708718228792528777790344193309391953699050161883368390094584327100956
28541999698790987637550268441140267506431276969600080510813586509601109048952, 76249920269666871114001531954087078028491976441224936280621294768339447901294
52501258716425302101942692311229440982802355617110231021801982421224300260107, 55442900401069900753657204056737823709876958546397054869809477892069620877091
55865599378483000669232859969048493160197005959782114161036019883686457271415, 66431888481623935780187700520290476369096877173136568174315440863885255456890
38934333635164968602834980241760397873070822296620471462494056786701109005380, 11102631357822616131831480941310664943589214906200649898481116447054129378967
34672911246969916046278007973535977122698365579198074685217879768634837972653, 68704911984449532633966868879327367028433532614082702402904427785480134258914
53238822124722226831412611453101705791966759022833565316519305701878723685255, 11619614416030726293218848527909708705189563026645956156704143472501931500876
69942813047127209509608218549064186345697504832726311119350488215260484921431, 72185760551733364991614490865254040091970596172290244347308452416244324168451
24582255499156017821894937567535767847907735908405950054271911168731688102255, 55727985184928461588838747690816823431427757978461203401140752945743591559268
34113141206472206970273896438453606518658882990496277712241687884543855535809, 64941605778421908819249001337814754675256399134457469084604643394940265465376
2707053979125270188420415924309950533784059211592402879914930103506299037193, 67690930692595272345737725728581875922807176290613129080912868531430023417544
31067719602927309320237163349039300379633066151063592466819427899014651219366, 25640237517971770628517601181368029147614927904635248731685289591820395368561
27922937938472355827224728914917147894105612329955388389490570931677687371662, 18748059679443962491774575042119346358607197698860416400190070584030580813195
14927561354299875734325416410773261248346540043432245754431307082645498276416, 19570582612360638249451734263123179839852412491961585189686146529143128708028
6888640061127352004288508606443199864428847732266058545053601230009087338685, 43501989423354281379838332449000512497322555152092224205789362110721891544891
50587414709859449628563723026596716655943657853516388539749900427217363223803, 24195474050221780921590304855950607812595620805008394158103053218574952657142
49017303362572065972765970897941174139798213013752876087956770179581381446122, 47662178924585375878661038340274836022197561058430946768702905059444644424979
63234176567933430401437015638175127116216101324747615388601512412827997005848, 63827545656327896054332868681297598381000626814042513131213914676356741358531
48383861384257228747965870196354861211103478406725950162673571779628791354648, 73017347814567700515467155391897118655010023757265478147041082466368229174331
43588449784424038744329136137457541503636585874206242835734417542318694459646, 71054176372217318968492496362510588134935461827073539013531416985827363516784
854892350451130661381795948669588126970339646917385717232627854432703746553, 61258637316100872305716681661626084990473928434023048295201781320455536334545
61215715387402663572307531301389934075776960574393530174293483167911135874359, 45901507762650790035685204855277050728777947683462014616196093765995080931799
10062973327262355049083639965675640974473035024698502259702845869856601002461, 33757304945981535651319594701396720502716940724211758364784795824162604067470
68516569009144284921749697596135120836650975772461482608123113977037903692639, 12766807994947984908953206363893660833153356946826179517270179647954628637831
6858446453468301864135492981967383617739972735298152965784051754316489875854, 12125606898574637947298209226894463866069706139402590373638458944540891619983
14366984558975180109102418086328062202680944385845193915156517396585499605238, 43042920787191386727106834237396014747851871454534364211041198969570926037138
11628596809027780725737446463502109149358900167676518827561306098382802701497, 76066826069488775837099006203032561944147769403898637036297886943095385392470
15562115020295205822114146173735739690139609907086544971129261099813314931333, 73260614470680831612406376066121615995189815756105389191379701667231275136421
55320919613073018790482519310837111235007801277815607064657702626624201644359, 10422329753862439792593236079370589105993942532791688039488157006430467165230
2533081701226247501485647187614773380634961560756762816850043363586962071835, 6439081943529006915718064471568048420373030151684271124896898629496318063087
29022593175085681061872375958498446020979463601259217853530169456577450241636, 76358420102883788761903579227705271254007587182584867714279642673504443498589
25646468503272788957932562434605940987916515568059737039517512760631488427369, 4538921925721551031081292975984646539335579723977074958845198971328225896702
22427566864322934327261478005485790008128860422556652781908944955636812809357, 62590882778898547285644783673858225712490890339475920387392045642756162810900
58836666252975848663833082037571349184237442920717890477856565071871502400736, 23335276927489973304883099632363045675127971471523443711287054634434008086966
24649416418501647927790203992152190107592879068923731801603788010041206827434, 52524678990574666740087743709344355870883501064563209104164434727609237751530
52521830450451993616949986947612966003595636014659170003563305509469660745984, 3029647442661271643366629389767336134319437567310526564817459638978674416634
2876355804664958251507412836781667484145012388953622189025282893258226798182, 14156940930173154752102286008109057845104560411506481041254033327722784448618
60196185906210328241167179977486030744050618325561264020051085012464483388412, 21744658625291103089463072300754330419568969380298701456166214297832812034425
15924607000398565444712702852981642577945126173339887161754193357278129798825, 14469536235347534927163935029957810347645830050317617760011197717322321537713
68178218935795053171285730036698146214047109864762775845309559446967669255280, 70095654698239589500826270775287621832291138682764799243232844329164836468282
63649415659472761083800641101597256429986719453752450100548645351021698293443, 64872968160896828648790408973532238875762426055523876670762529527383888784514
66472710386840106285877754127124349710703846138745367304662684705851863820039, 51471055957837022055097246894695291451270825892390327908446318047875016656805
57174659549094287697398401106458017967155278814929394414378141891417505505308, 59596880009695110136877986595018525389111247939162094769220253782240318675487
75606033682019170643899497756003497069951077267803931594134943470454035511353, 54708131272425940160534561344508208812569376488160945876151743472892636002336
70443595015832588252780123971978913897082310445049526957761731817567477095833, 14533214135387017566521826213939038938758079548929559864812190632714501888454
70942100133640736762361421866171640864678292578592218755474175721385710717041, 18443308463301720603257836687419211405158523211534760097485925096750583155837
60869383779732381241345276612811092318567865910814221998412606479972394367188, 37824178386387216540732160498455961536920493644781403109883287455876056922584
15565188502326999596610036982274073283207320150119116234611904695058835664450, 55082861046018523677198247013204868382602353601431974023479017520730966959914
3813733048683519149078296241393871290507729690369616349144392676273569374685, 21528439048318242104322042246339080331996255344747353066506846890683013460532
46744569554662974625989633591835794548886034114666684567097689526118415348844, 14655881708611829810969515411452069207412364368470202515471779514878906224478
32335673136851395559070400678147387846177074388157610480785083382607267228085, 10470914894734195087938784307129613906980111244690360181020471890743099562127
53816753624548185526890319536161111404591697353707203628604249470043095684750, 25859068081131807647214713914353783442860368233566822131668923653460813228030
14486598262045372568960893717778138155545421759969961919684502572698680712640, 21441220659088362082706896323928449472210532799333939300385978823750597896592
67585597072849779345716357749942844107117689995966105703869221241001569411436, 35932409511513478867640412930335052474553332643331256994388531401223601905973
73947527775144738039658352277091527986755241008466633356326169239115897776227, 48598952847519298147054771214107717963017862494273925146801177926347741628316
38489147766788546597798317604280882669244113019036479792084033083899999590233, 25300778263157905270751847184936476006249856531674874752994482399770663429236
6866298581015580585301993355408970440355569109694931855017662606511991697871, 35350499640557157960926208896916889500807551394698785761170825251964062298312
25932090250763344901018862796700680806940125769544095302229377891398946222672, 34912617482592530280158791855359178929633721964869885262623886422464905509018
26510610068034719920295318840518257766968233971138305418394128253034106134183, 20893286719873642621342358281225197984300792980662705081028082716634392719262
16687847739139072194730019408621914726606558947674169756628553167899569517853, 66510653110072920271371093166165374427384777573187642207017156344957682307437
67269937515854272912034492590302761049981795082336526173260145697534233031552, 42460046276031077838693409086731614618374587934729772268736201131068340264079
75340071722866488324809566428419752256893365380208008366700393445195679416979, 1907771462685827072613413556669080849799490338421074638460860227449705340699
31636764499944059005701285904740581726383136893121153766658286224866817676667, 55557296044384999657086023360478943679201938758031449737588391712636327647986
63968153523945792747823720648498340338482355983678817184793993843733288673854, 9616035206714759552821088685620605946676108811682487649531171152143711907058
37575700069882379605193727186807562710583475146702274040996292494168363287010, 26872590910247117829495213040223457487042182658350501998411925586503598728476
65874422610639952906785161844829774675939260833092975518384893214565105387197, 27755566819264004028368489130664050698777504818526349772302964666228875251129
49081840700854815388980179630401318328748149221991082587043351124404312995410, 19140256062286361317885195996943082186382114222062512383380282181898177952087
62896767755982274000148745113265365316030143833902293228303071157341882142244, 58607441404116540199904172512172316651807571139863151290769900054568058160357
4538522901750646134712470295752203126268032118380500699984256992061968079758, 38503860056838913393910050085193029631892779182917600556504035094917255436442
55918255419196935992639504481912248560556536368433065590013666417293861070618, 10460232296304656006441972515356748714409780543337687551109055770072939794500
13672622962141000030750333144467504078259438702334834529718382246265518065365, 23078591535259734345721029757334324607149162602915983881340796510250884020911
61491493757935690818297830988951659976349103364395990043343763868345546191704, 51067950783239391072029173919064384222516147437087941470239745476923072676179
29050344371030593968493217850075222973409965923113626417378491199086629293393, 61912160479621085489442277900350177953569007731476946126891488773898081537249
40050156722795002634432949405293954620990537153841832470456944680335225675179, 43449743833388888757553690258278371627620705836998808107869680299852212054223
65541971186355075608654754641110765901333630639895930648484278533882617896349, 44531419029297483632660867667959908905960406183624048665024537362406255688618
2433240668329118393853564436571446159073222464639060525509567428203757269321, 9236868115569063648507766687113082767065693883186568309237370820379362359095
30071509821144700063231413032982240647855750822887569191445305919222000353841, 10051167720786795266909036514631622648530811865426903028517253202134236348025
32212674379747989898408458422064372888341508263942598206536191636202395825564, 51764293875729199392751723011757483916786008005572654732046054768790279863842
72953386435492517058074225865066719096401142157647447888177638724745726567830, 45383641778937039957279431551349443424985426766862306158024579531702809996854
56423881321111358063904966314867641884783558781365952993523165068678753209298, 65861708493383415797476109243543085417505129463274068754841398725109167052944
48521165681283750124298070785220454824156133370133768775968011226808956874293, 63952159613233063845376851158205908213404621080943520797933177409712272036312
63998279641849459071406218282165685127186391662249862981035469953454502096580, 10965802397826395300762304146897020388119730208212906633691588011917427108658
50328796849678827941985021942908613490828047393499163216347273702597017559946, 1088821711578173222467548044511800418331896970381159943896686749101034474265
2596166419998666488743593308761991127779483069048975100055891915410379276133, 55452803235201876551131791025626700027339177728118382212279405051728823754052
37595585750920658478499587492317872493647142078293912751808870749755534899721, 2818905590764840487938661008732783207690982312948316879295714115412987399790
32566138276482264573311991037832986594241131181190261560906811809118120255232, 75180678136489148041478655186536461919478061538125792974358286004573198423016
17772202644865808160659165288093208775454933758780905076931032542458119689978, 14400559251598307724259559848399427021907554909124680014636867953787521769595
2722239510601925800240515323268422894998874916458159599196676687859089678684, 69356642500311125484037631192144719826938303656048745736691495261198238299090
31478288541953246752509399841322880177448406347257683082737226246434145805740, 13774885539539051093278716502557652390723034491311249107583997748589812190280
70074389645279458925916133501817368584236310081357568767374486112400837343380, 34007903685141335247877987158642452209705499740337201752195866444534620771436
27771591268366544463322799123075589773321793805440952519700061587127707542572, 50789614017118348735058056945344886983180062466773685869905873637053677575075
43069695028971372237001261526388657980290179424432622241600407139787751943575, 59357053990885496221515824986891741389173176641015329176697716588608904459236
69032424392197136313603397709333672250757936051543259689994644649244248647280, 34699416866247225475771543819388956432877251441117651228122035025924680562944
70380525523611956208630394834882861579832976146355470971423343076861997831824, 30563360694653502727493773971536836477132801224289963598190103198443493092309
53397593745629385523919728086069975997473541022130878566072631329512408554283, 52421747119618648203751730344429051168162683097776115305307181599607144410121
43954185946253903100847642590339490629017544031055260871487425648534090836341, 7081269579546124086838001585298273363998061374033558565434073186789073913483
35785561492023253358139342797971852202568368036374819126740673788737351067312, 31727747759150143913545937449452506867723103485624930531088715504940205571103
74914972785813781630790228639202590141500219914607683524487803329288323173021, 55602410836084750220905383392560568503518861635303092917405642052536344495650
7357103023826752334547835373784298125678896548745014615469408014751670155993, 4989705342453189391664470734429353380634036000024685280937405728477033734811
55212960222613131991135816044944481393254649704460286900641194772495764809261, 29532988640199174386981356946854375335552830610967010980035075953934344363866
65745305565655814343515529521951988891961357368024325378658431103676649547799, 57592099203008451960978419001887731389502051082389829197508939743525491100552
38736024802783840262740693112949478366823179021933970286422513690475547419545, 53747706554763645201011172913056247628669234666213772024050825398245206899170
55172577423543403718924007247544496090209333130308131168989492291311672414783, 53097715967642541221365153516582260484872556715572101222341814335494626920792
75656747289215024790170238629566656147003255306749454735515729825160691765155, 23704062279454613797429812744390591927003968295996816397305367610070901167555
33886547735462846966117758619883781784750581991994255291964837596101545747441, 43055180920377713902899153558408629063449131546152137152172935825995129734072
71417292934838631034587921811626837116849936870855890880733661023657631451303, 23030338489866329350012866194823145563736787188182960953367868311831688010006
63833993988113823387701601556372580900558759582143266140509197383337837371386, 32844889254995351299949204091589421778278883031335131206691630153996968418978
36727537763424553510922856055674992319349991869394820929633766611970471869329, 15795629710427033255900351758532530552260519327554769871463980393400222760063
47789674881050147437007600269040746531535712313440835725653773444855104902631, 19827288259315840075715439217085964074075815406779213991303330855163295869946
63322819880076413918488349140281308242770841940575327202795346915726631833726, 72584776798641989316418645886723214893450404223576408031944526318188128814931
32117994521250514839510207343115461950025890691852921548352404365569886842880, 44141128299402958903128282346230554160260009180423967006799709736593571175755
49709589174555334778092496733618382432773575597136899563643556137250481921319, 29416485301909277112674459684009204811693797821273730507243369462515313935496
69576805471256509633810311631106845664029122645927919208732728047748685235468, 24256677001488820620532712335969513986068383165038718609505026150057051539132
70367753505594968096160610080274485789568217614292130225884851077379978340565, 68970777296424500281963958887068633536918780572253406859059901265915345526132
49337893615024259699695038575870247987470055050711644562219121595191162493512, 19056290416573440841071709911615958129290650917389846767195349052118879746147
30038601474970637091720199588563694865190915414889257261793531055884844806628, 28160775108796439069278953911159585000143937022694336978718632300101559693536
31771204312623029528494700077347571376328289579527636127065930203460763990808, 27944138104599141207692008915065447163299050326144991664523787063937866628463
55381330075205278514237020826385271588739526458835253527505598142505824793746, 52476247475521269717319044394668821411701020745810182373997202770598989880357
69529132962483828656524349480141907920538003688648642610715018203178740262234, 71309214695064153642174989913497915564251739100424538927420247801142889089445
61162544515549849529659829690643226432989981070485178376287002862979631265834, 4863524783308914867636366182004543766271778641325595847808712547377755178482
34038012148749196589750348837251553952422962488553055479638574109119485921242, 12354980924217899885257289406668252977478842695117950114208526799509012975673
11310921247743738128334365843237049422505114663868548651749560897929665370341, 19604996765745373168158721379566140916300269611139859571901602230121026107553
20833023095245413491559478222144160003035121138504205554696882038171058233484, 50843744111983194370614563758024115877062913974185375801408143831717859869250
41831295315347470269027915124485032162562527972617519463156223524396399882061, 12002850092477677975349272302985839238773399184338994457932900656740327007738
26357759025430301781998447602693996711262707679528917003412097716606606594984, 47052810108475995295881856492797598209897428768053847474830134953784226935416
1679849929831926762968528225485544227229869781395163428937954933254305464313, 23594247643207136017723357970622236675806223039271417371007608354356221187124
67522916299895980146334830855617048918427073700274797249446202990730435744161, 11024845409857935194975905671528181970114390510425497895796415917233682013315
34340400877781488391832601838577095956547038417635536188541272548106698945502, 28493625951535679933290726950352576124499784512109928326811395933896874171314
58127474861292326194700761782577805367635895665699924202029345486010138767118, 43533888065520452062282423004061942768963673643900429723097899289615032213279
63764864314965822569500651285133918482256489852070784385829535102005902209200, 49808238542518614820506554531962431609740329855431813972269445519208228629490
75435013460884950811702940480358659172186502689866078138291227716923538937469, 47238422441763692992114305419280089556791767759011399237330246507723048365850
8290298602661644614952197748980069156878507945939877356651760553284586644053, 50122790749895412120148563526799908443696193076240489215070756800680417719387
47971903542162532351303843810802688812648270152076765579636457072409540172191, 49420903908119335546002861028279412876093598235595383649311033005996410382278
46873407520738087922511636056880840462775122517494343713290722483512564326710, 51451145350428996738947462913592584973798218438301036392198246701232044986644
1398758214523771013916836485346824987730864508523312407868209531444294372690, 15433061345420600380818449255528004288677483627535036948678392486539199322145
71745793930149835928232127724666351668737690084069273566246700041706536401848, 2894161756190054666258139567672655583656617402026771225762255180239206105476
17631742850895419640968172873235060783668543106300716185359353945495975176861, 37979972202114326049247661821271576903660017083551483215107089250543809073907
37622374988033076050628325880524764934504710292660838301845680879465757445990, 16983212010444408081190394558132384763861819336453794481329681977424188322399
30817310923495456048572992168381518233597644755630674817917951482465326634159, 13261216633365078805842254530502766514213105059953672804907320068816449619797
58791483774356524454932127753403906913778496309149171691790408282513452027501, 18527839972959020099314479211530455755507133043289269475425942424789309145335
9725830032271501406977038546871963765624985311089005347243873168709450964060, 34625837383683918354576027154605849463602509898737432364427078825082505711627
13454025516930190188414169525104518401837891747319401933821569372002299809308, 37544897874754672730191018887449752669445124290260478381096436591584995788764
29673953851140264162371871520426853442518890344367174557951598637785076225534, 7636825309521235276961937485419360466057353895691588522469032353127760719318
13256963513897935793649882980869863099307191820070466780142225074971015271268, 33038518187996393710217428837384580018029365008858241958981981058606191913744
48165958524723214803454603584714930961138024894079563802614510945920719699139, 52434475548032475793282037544014689888164044811887368797704135791200142850929
35126014956861889167127668529964069208829730025861877180779073171866303647518, 10418384442502446915725713463392374276060043503142235696382266284045575747193
42034395668621834774713584025584666654734049213211424130707639729655334589710, 39921167460435023761000500160057983300908334056838014458266669170604128876885
37687084606573001241662423572330212794984547337978594936352013764214069762493, 6887018245597095517207415815319542384702391237146238611372379926267683406746
68570253855890980595315374578542588287485464377211338714187810348576369340013, 37889377967184479280259086860784287336617454140639944161579872004212825630551
58698854393385722593897007884315313521117211649222481048276983443984776869330, 15732061175833758325635410401255068788839579419405144953798468030110236160017
62088322404894872252490335170344705104626519521157387559644936222672024241014, 11320414384627212289362140906625067656656072762669446172375814391352037544673
45340842661366082921526088599205287410087223307242154242662928837602721119605, 6573872871176523503893277414351287511225962765216185236022375266411798030159
46327517547304859910826423815816300365495680251284655300030615659344039530595, 74818997308741513887462396107522963443795713130316134758571666696932612495966
28076204874151397968853880427608933532064689534523803770563614602362740207417, 55716623660764977124877881406683010124474841770734593408209156182305643670682
9856750506176870462452453791452522789291101753532706580227286410365135345565, 54145262352892278956039971341316008480226406163622710629318403847798161226948
66020153364758130501721150321151886528700148757090343220503221537627762114371, 50418754114011773126293888208484748085430280843239383175969186418853180917722
7037127939817625450240190381507330591740099198707910393968116720763734241076, 13792961201494626433809010336968507073199953716307549311093953677508867968601
75575073293299181316902956244457078750495665118144080034151023792426896288136, 3729189545791565399283983662159647434416433769721101747510145204106072489482
59858948545638227557290873719386060811532304082759786309297794401504451412547, 6250565866341671626903928806764255358755267875019032879556780426551685334901
31691280769727722378374212901466414908367510990556908961528348423671723184909, 66477814266778305045598748442114525371092853915500479950160937633285471650419
22622642409959788083347567020036588902739591734159041763742858174129400205586, 2350579795332148823664498842205415927833204968126901630675253104168284191437
73921486378693945696034335722934862585636491782613555466010553734344044286474, 35939698196087796928208625830768815081162919802412725170879851827402913385603
12654295629160398875934152034773194918392617386771185880184640522033831836603, 29777692342547859417267484131856783450504356625815397974076297897202690115860
9734487265123934533412494904727149997401210037222284937151168887864059115112, 14269821879799866659137406381095921679198459745092488000440561715165508977614
45589042970695157299072311707251446070387972082723762705527407589978124962596, 3477270707664762862169754754860866878918657065563825419107046197726320714713
4328444007180878938510364257318280308586925510076956596423291776968638062656, 26578987024021504945398887006715925388064098788277714383694198474129511434080
68665997325162157828594044379839297604485692569989883714307525470709043190759, 15945659070773804483267263125664525896170902790995452944175606025261863389034
61301295254712591307835269480996487104893810275644524133116902516864785714584, 24385181696654622812596069009055306397380798292200217966912841738279107771842
51283352453927471145847293902326974823634068257549582557483192740586895777182, 71947712439521571699905911707463172845729735469414620204579800749107844491566
37695184967575836078827634337404242551932626201752501071416151877101851355882, 24499877906950184993641988540267548632487858085011768949844400886625402943177
76197893194123826764111359714012410928189196338894418240815936036600300675735, 71906425179004686961328733769793807458610577909727407333633566820640477905554
41468072478994254371222537957804085557159508670582690484600822998293300175174, 63415990832269709650775958279738414093250615493006832189829861176422243677655
31569632244470219308681164254473825694961538542320392174076003423425332400080, 27668128583352499464497463766732268109015822919232416658342950223772847034906
61418794090843811174697263747839103959942592251349344522978455851164798641795, 31164972266540156772208566705923804396396260750882427101531605267291001727899
42706713765517981966613261489885117633189574104816116045501713670710695953502, 54584089828934780799321514788314570590452992085136142786494189184615417775221
53914025171580701884905364937669256220937703904493357852031279658904234480380, 26778123445679260047264318100765981290132649796872325195999018153129821467722
26328829997067966773852814725095313315483912139241431489325810500648861990893, 12135555845211919267127585375149167988173168809825902546177614713314484619827
2724314140466460049788309915899571550129200371402441318105686050647020697928, 12670154050795751730976929026205179590176712174108158991197933825084182862162
44003727501876047889733856850788135323600166997448398192752951886045893728577, 52668038952855098706200772610813369702589581594589935446419817789626624083083
70711718623677538524293651396143548953748886020165088533868633191189573126094, 22958882896713968799961749243578232545785899855219599431777941844526061589645
63813205834439686534907493277498825290770349139976962570840924547659929071967, 63352805401076836022402390991327673608346853749384625690558408935574244849556
18116119107823606509167609512559478033338590626598744790730096573204921581575, 44836076748205499042608274251322721294813576749867566294372149996376565824778
49795207368470732361371459216894657904367681096949883860015615867797668528916, 13221978441617456788374573310002131914069420102388496926021341823678568301747
31565965898987095293238279424538508586904518919068137138169030893616834454268, 52093078005485308929299677608191298342967283312602986526489500113298721132286
16890001921135494373565429380422259275529653902838701929699598377606189435977, 40750906778036266835226480611062806798521925886093684489544684613075644936415
23971592079849716241706762675067612339069357954891535491130932015993947753723, 11486175279554269901052892017403000393649280977894812457218281137448068587087
38949575461747925241727786209934876920965691567256906607525558001017291946896, 27672304072096975337829116281134683436666597303389815202083069348299393978582
27762800660033884920782644284098478690430526772603086833582095968547710751801, 36503008882901109118737109449618057277273580583839995794752347143889075259071
25160540864177000194922305475206128039613039535066790097199659614459257038741, 27174837234006137360629751876342831609828915471746098673714903243065209368069
7987305182221106500564438045072024779781894309912753795311114755954940423282, 69726561945744314001568675383312003310674086035381759146591937223822499007445
31131269631187740129589977646189029718904754258555124792339005200098957169382, 11984290885027159023232323442714441609791128942132626939633429714292771927204
33319477448887730584959663515000876014423245524410262793323750747426724571574, 73891460470640104535508640818563739199013756018042545295526813011046034743045
42356700073056097683179494062653055411257496949221949898760344543704078838905, 25038104894289743996086478324792875863482645983474015768402201238452318804034
45837079083280388289713892228315360130962425886482070012422980418701978630911, 8359915120330033492551786808855778236901590765006926408330913682821695842935
8076514086392446182721994301400771950276742391886652766832385558304102410677, 47532531952570198604877846408020665223867171585526517568483472100863883618165
4856308129727460520222942796516312196953576264825683924460759786237802430084, 38772308505517702409264534598058731885013161069316112855471116602750965574152
74150238021507155438916719066169198906183489502133754691470636541997737418956, 46271467439806124478497089572525744718271080312906448400561270219895996885713
56191072092207936962820616623009620115455609475228460303389157404188382312404, 42191333349279622964712979375551984200203703565858889319625871196504662886203
16832666989677523584845243252912214504474200954359584360521632185826371624766, 12170661423979635667271136524755867552201316043401472530982890731997130461822
21111362614212854116468989478773272176563606061983262595795110319107921916512, 71395489229769942276815263327327295189511023350625592954778772323363066377126
48633711729748116580843917856227465156898533465033211877230644070590041543545, 44995286097153105526799221030965653540034564278104953298648707069027651730472
1924309450951184504387849541643265637553556656604179561702458812490411344730, 58003789867870925445878464819327278201966333997388299086960060988426168005310
48746017285229583684358444125177755651190659742130626100553734821820997690990, 58887113582189678753788416451764148753747009405783297420989690320179895750198
14351476022522589134185797334759779596372699229058900027876003673416076402726, 19882755182503727510382281167003505910581641202790040718352700046062900122878
29270397744739813315653883686325179708436604108442422574934077592023745267937, 20545607847167282817053560580229341435804897078446874937178038656299396118370
57952374311274365254097525718978476424404279148624414071671562929694301741562, 22196024559483777768788584297128682857811364917963148209137074205728186330781
68039374336754894056305049119818007497516751637599957666007988994068464847954, 23145726944167721284682833424159471310235273677187963301168013652505751687411
28537749634622253082861774417936288300526767835860025310293958935986040924337, 2040384594050706770947117514187573586112225341852249256017227495831226736727
7763534040760305619363402677718889769366492658723715786229287724499738263701, 30785803794359512554213420755876994603301745890681264210230450043176384734390
70946272866065611307100947254580652497891822521338488212283890483910159146498, 31187708217552614497795875843636351975718522367055875390363416580979931989909
67329958041767023038231803189631309298311262595073500441667587795924033441739, 53583455922881261271700667953907488501341356312932296491216065251067294355322
26921202828976837560653903979023264142847922362219030469597761711484446716511, 27445960261468061470393548088183338709673141092263960225249184959157344831091
3077732497102587826306712779255262620592161253872893093417817851291183151647, 74809176552701342698433681852997232932929500777651899776963625795225044658427
51153685299396142033798630147192606972368084033114030893429088654249272878396, 40102429458224690711795922517486273324971392668119086338889584677293639209959
13048061333148712991690476725253808610022472620742236981900464977904282448148, 50106240585252167930649820222750148628842492136882332699090389231436740915606
49476719069083051837927762904632228766049231985289884944444871836531678803185, 6959267909809566486818918228193414533888186367708898277867310382677927070054
812741422196000857191551975243146726946054557465362292023606733468627481537, 74634255138208127159578226917520680257372768607879856534805679611283756855172
9012319965614883584051230045912764187788846782896705250885519064702214681939, 48281135351153834038671507423937430235598459538724821379118207302383796460045
18214976837404644612969932787266912064909867516783035556333145422868946691896, 63784581495844548477572912742554960694894828146861414228579985490313020125453
44618164945605182583736952751136445073196389096800216134162540579658285922628, 54783939128325471725222695781049660816651398726668674204537851668615787102525
68039713318516424634864864367751018841036290224260508200333972623321952399456, 29865491136368135451007989527488983933723739699348012186547476247309263536617
39492816685149396932312504303834123491537218502200574532454229321126446068712, 14801725046104728753140992653674907580814060269841051978118828761657530666151
58811756030970013772500397905455354726541368960200493803713727345335178761692, 55246412255625386721209295392372208794500065637317473647873175708657481416367
7352901602736453030811396454662041913309709827054166871741176226972424561092, 64196149514838911749681159431586407834475511934897274408365320156644871418143
28929244247861496155210273983385669407155096926019823866157709933810112071841, 7982569615584187890011886107620655218105426096738751157443408164098432852148
57599628410558964573981929317935615719788807918410878048864652194821515700286, 74028188671659453598289705467312514623321589307737604716719018044547536753670
71347614791625287376210317557376915703396482123883294562845202636136894269423, 20627514431630695275300980392357574748951420218044614874752099891905260885150
73949570256659613983946822340351182147766894307444927089292053643917624279619, 6164246599091624464215678414542721671049430488947297541865239529743162109454
35142502360329477144927426686781285429303521118418846113110830392155882405830, 32485433194870716766658216877769106247298219391382741724028080334359315417024
31209238180272481006565958748695589222110112568106333809028245306710576527129, 40215412715432327802567578702569770134253077506344578255728294923778109588740
8155152287705202271298711764969212500703540789624203330428574926398251137395, 23020961127379223625695333428492489448700369942439314939652553699017875934071
22685552303335527475464963249820962146388204641605762467609686612759504832057, 33538392331785668134566866570239034308601052851503804016619596987247403156169
6948500236486992557537070481208159702437521719682492068917128713918687642803, 47168468574087955944168416642973041333176157827199541402166003911602565109093
40600031697344389408089722126268745895249438086907340792255587538541468914640, 60135105437827410863373757522201055309069522467288538490694164900729939024335
72370376641169057068783459254925578226931922693261836835997589800237068054184, 48067690137668322213546865602433644242056199483605533303795305440559522292729
11501327414908568019839891252955839590180420547651079579794045767437612749964, 66592326663720811461700421507254853797830037481409414243263706253142795875966
59743967942464576046159202976542536027579666183699222399238492453234764702743, 31571457017850654116670179013457289393580523038991474914578201707367728721484
74871366923905062834600330452117016305557131453537571418242157929548779111932, 63057731179525313681054657073358784616344604061704666030366412987710851281669
50083950250953785497083188783079618236137558961300962109446292823491541343467, 21756837837872012390722993609030165493183253754190592120158266024753888959260
69846466060774431750514678928830945055782945726633130072325794625412766774442, 28608075988613366697416571232897148926519588210729489517078756633566043934549
49789288043110997896953044609501622683854054689372354572930804188690966046889, 34634907943060566444471382889666078542089138048693902454939897569553013585472
3747053110296624439196790414240756747909238623743514154207939134392290772717, 62853398119333105717024088403419162329141352853609379409564102392773550373005
35523327879308049443840227667005310292463580097752852505752129156554669844213, 1106811094108064634945656582000001703939988620887780768413581240139020710706
38079469486465002117047110789976166576704284067028021504282193628365139706107, 43369555865586088311490456042689793245251135986207380055634743268271283142456
55182557724058360853501033815182390042808763486546153854821668609103812182415, 17680408924450098220664364530349775883804710791946786299745868848379202153564
41169844002472381606427109225995308129954721557572634283453495833715315189704, 24432220130722159795874944184913873636123627410183763878476956834233161401451
48774577772770070603894140844953126536104471803412884582359137052028799985262, 64867392553106078386306714239869051687908546226088168052615941565096213077158
46163756744794940379993089299502793193560115069427663056986563256431636888239, 3760374541877093408102873941835406347528106959777793350157699445751211092141
60158498196835364149511940539708165561234418367520888126164732291470743407520, 28325949656046862187075144102123860418191383832307440926077929067534821347833
61578579509822259841756273452228928102632803406756199620420599236148821078133, 49945382525366655813848586989735681281692812482392765703165651116854939499309
18420866277532431773220158333315162951718104658829431058962490459296309148505, 9171585541054933465870827440495718084601219584973267459580077829467257262198
4711756396777905598818657188860166365419229611908849260620967756457034947962, 5553883267901926119832401306966706004679259603307723052381174972397499215742
21765578443413668704664425235257686094160872024433291772953108630002627254115, 23645900743424087164574180287114891203680052809622753456714665663481298715789
43964193197802594611649482073020147405917378195772620533709632375794937748049, 55087895022157351948473632870641704828372448167178779302188140931432132570292
24950953003228512715112642877759180545233668354741104049459038036851271646535, 17519492514281574369691407850024650440297364339577229851528781620925693101397
26481956029869810237011604090034559958935101370350155028763567353878396767851, 43045926607707153601276179044000572278238136565461529476938998133792378250727
38269871613106967265526359842508280762741650352117834480448674487861396353883, 5151510284423969782885410695193641489938391727523621733877269983459472832173
6091026007741493341207290563480417595911391861312920225377437644348780457515, 6734691253116913425046576845464194084675743533328285045285653952696455184695
42018318872504932125758225241066305885039799408098769568684698863404133298278, 8056127631859244724537979974670439845578480003665660211939299597811820254891
74961618320674213467567557237716592573218511260923149381071002135539524374547, 63809163175175212622402222467732544159204945424325284616868566071059743199138
64401006917302871792029777731418004070643129979631748181262818337030214152708, 23059197918397533661699264079604102057351313696319697724587905948468932276163
41948783671700126013269403299648252350047088394946479836896801811365817148212, 49322109153995448051700320315818175350479895119501497966140519528262824640351
39403236991526611464689689727338878338596450021874803867580989172914289044789, 63516627605800568803290248024460146739256450830799981420861028497331282887451
13248361863520658689763399719032006913582188136999371266229958736584319804144, 8704791724216842142069785218402611636612235012475644578231398659151938551561
47354878278001193068944350685150073319413863278026252638803850062049662604293, 45513252440545203399160391351644548056864945444254833289742551082555139953109
73648924924954928839389559828375625945900323903659341371207240872507419751752, 10931701553975628803694814006228612261830073012028674250109198273527424513046
34887927649285011047398327116341750182122024763702493602844142789364937663168, 9697656537679754639021669255500564481561988736611593175879331891476361083619
10860174115230435308268473014125249707917461639943557191313420316550592420855, 57989640822817901426775548303395140862394223696998124330894563725026800824668
45098891909806482119118234164395801453091828429309673202256932503576842131145, 15202119350329853421401704808104723893844139988394183070292761142394256174511
