Elliptic Curve: brainpoolP256r1
Field Prime: 76884956397045344220809746629001649093037950200943055203735601445031516197751
Base Point: (63243729749562333355292243550312970334778175571054726587095381623627144114786, 38218615093753523893122277964030810387585405539772602581557831887485717997975)
Polynomial Degree: 5
Polynomial Coefficients: [44, 36, 42, 42, 16, 22]
Public Key: (17227442277445593310316038588534864299769664400147842692212593152200573911874, 24300621140460346041774764561042081418435832676476513644683684012259690729615)
75349679750411000477642115047585236649665060224103879477775394739005552168648, 68805830401835114071552042741441513853198653630374964591787322907982209182090
51884133073263302235279425681864220473224883780705287699733338622063445977660, 43186060162966640163571718600652937507748475710627474005835035107092565984272
18538687438030355393955536635910280773200277458488257748918628695774658688123, 12987538723513889118196910517442196414293086038959613031166722015346236205512
2363506819829397900197823380175109395969143462106303251713281545502814589080, 54716744227698144917770432455902903311332033293473730137240581480390906441286
16209308186622857289344473501517828294460787516709814850336569981102721973484, 62518271135522551231698224369112892989492570229786250787463840754261871583256
45312825400243859604543244977401042254861914052096996474416541263348368851391, 17578306812336303671546390821029410035964247425328874578954399235214143728465
71079608581215051746644959230025622731701725449672205853546909337217614945660, 14724607555318206789592581162858322243804509128226935380661389807621040570491
5218287075778422045834469093572561480284819063301519910275978303869609201103, 42191789279092318278628247756136161008940862357611400744258221441702122422625
42326339495202356457417786163898098598791808281382681456913605418181796532776, 26506964666414320066871592907675911059804219059093601706304326933313593591948
15000398919610037657451110950185285130916466490583638709577890679502782429325, 52312033983010896522544184754949369649668963699576924746654434100825679389314
4654557585627787747769601673624263124173469656234959323711470913323115363242, 12940768966862460423367716420976763310166497298805716501697278200731848382501
51911731421064623152985277942371475913333909896554377740415210256717142924424, 15537634175078829582771123645961841493545018022834049125675282191595834611338
65824468340981313717717424463499594722678066387931846003218012385460054376327, 38792138051821243804506985757895589737009993824896430928135688613581974480661
29124903728167666524610614258432922694928007911306191862563807055274329856020, 21645403786492884017212876046718885476518018537148959729150368834832780779274
64700663799286275086673996423029295825508475937829253488940671678585681021882, 75657211318817527192388595407528020692924397367030778181554988430689539008145
45488639982474576437679498528140313560337146867160080261161967030110092077942, 38545842155041282355381130511444868190107285140426138480884620391119483658685
62082752543410198960957420971904833010587090204611380142670046343662629073725, 50341649465371075711583799437656332729125772578259533398790197537975031357056
13464687220583290926807248984264897326448463893312080533823000052263639268176, 30904517408042318284785963955368358251342278793901908892701800899877394697358
38656863821174268694734589577286933275082164776778090703663109455399903829136, 61075845680901206475168920526674148924218291881407197321829561658575470344579
38195389475206883166218984239096849225184132286980118782040129005211578920947, 14461853361655774303899441641194126205285782290884958223892836646458654834192
19901556114072608130413397020706862358178801879077236528976416316484579837690, 3563785495260970615545341860628889349095751033515067704721828251342627238967
5630169639246051993151794461949723708834034619838569848136478838658545197658, 4199842860610834647348646530241863484847173737992818207302395749077510919509
53116060911850476498608937191757937351830403019733291629722268475531978086328, 15727355899198803303217760608893551346675106317146086758421324702338386783523
59425214910780261342871011068754306387049532507535101038420048847458510232768, 30266327893538463508025946094951328226501691634025723633017091705739767129850
29409607777992197390463163207317273578878056121904347293621021205850099336777, 55649217271190021653869491486567126995307946579067604812468953384596194235060
49348506027498423461103937781229951530781219880767815623997788714803401741906, 43278132753378496024247268916020401100634204603559490369289959473463948419924
788474312927986994658090663828445152297258991895457532307104653934263051604, 63379454636100915972832501625320339956088427742911388897506008264116033774698
56678074252390382889165071513811958501620880116787179216005191199801152907665, 29039884336939256534005710239110995835653131122081645914514635136302300361199
7006309980879909996225312970357416852996492138618432620956184118911384999096, 903351346597069385104030704245743319993824389098170196413019913258060750036
22050741514749748103147332027739588397080791725260319778130237620487130892585, 27536453771754839288557341486567315457880735601980341733579238577743200527620
42823209331536878708113983169319364727203220424557264110511514457825158147071, 34600902236029587689886417129187391401867889039024161900628384666057280019229
62663090436862839635045897766711600725043210007941798566336026690565799207519, 25106384212884407893785850004946131982254349660273250815134460833925000282826
70008532981237879268455461867349016013142691857662521891865022287094800269383, 46029660948571683104179057586993352010532834373562289851039740478176959152924
48609630160908732356277234800295918096513230023312728532088166708579093812414, 4528148013240845731648566384732874563075045792887506670258090843150925631756
66591277025329946948047646908766633393474755289420602918688786364862825050171, 26951288279002222466779191573645965699529444802895408829908802008932722203150
49819655818112966145357060042960225526992346069072761830784294058315651013965, 16869788966290766970023757826232203250571281665432759784056731915302742597152
3502371344843022682001523889606361203501484104495018871925930622696717390632, 21189153934351275034740154193077985595033772158994640704037276052748901950126
74258633791005335076234740800576052201627743679951356415381656430529341871284, 53673011649029940574189353771883848584208552459495853375496620355940475430786
17576545818865757854591236597286421934756276609629040954502042489931374854792, 13125244870046214028726872455312637998799459447683541665431664375512580751969
28757460194123392081982542260959040793886006589767661002677103221677467221524, 47259190802801930348036558136537115385033101637733375185666094806213248091178
55714570521683164863760172970373741439653176574394691206664009306532440256234, 22722460529393777313498119299283001606667077627025462856088002404373540557353
19138807022316401489812699255106196286527984214409876391318165354803049752372, 66428446063155563510274857139662123792279396964599877369532675614042031854827
29442114240295219901429026653713671898336052038320686107199074967591869816857, 37888871920007402387442496122256126408876652808020622846386807105904434161827
61320431935353354648609940816947622923280236306126383822010591900649536003065, 57436912595329584686096552242029675685430862392695171187106452671904817834736
28398745750227533180486734046088350273827539276190605394749004735196863768703, 70435904181338918385379575694993990043810993084242889128782620198252596590260
52407605858813248251131715306938366467169827059855613707153594860365337199918, 14352670260095063171263224643862437033807006323972737513859032479207834772233
71397373146165362885654374594527312372468076439369860439663868016432566519643, 53498940936724466134621894549940808122129427276120333743055145276543679354719
28912791033309304965761150777312523104272913410569599101394020438277966532695, 58007566300987604249262875004183343850623581494549125039900272062832321305708
61152552144541489983955761409560103501295079169108081046182044476295176940502, 36656373452934401724897391953615468982093043157674900224400516109748341297409
28591605665966307214823551226828953015343676085398289082320805483668863050104, 12563970534682274921006406484111402140858161760461484129995879686413126165888
19325355967105147381236732410991357396766510992765206178858356915351689565018, 70840499451361483153807051462334380544584688505865686342430380943474396636832
27160818965882462710990251712234746571049864603352150877893090480671836332716, 7933330015815615631655703020318339220899188238555072115845078936252204905239
46660144456765912158489124148460183700879422755067412262400688164120798269244, 45898442399878337746939490193064839438365950483009079147152574105672047869420
34257393357300247069319054867368635862463388705354885717874216152772464774099, 3590876358485407350532822672442405586205197562849970234980618292292909529910
66195672574362987368879225609411560504626405789988162170008744273538003085561, 53663085133885198546098823065914469337076343572747560993389037058930407181691
17637500082550963291760545227502994246525645779191839425319891397276332148835, 47159290832656246767811032359103555938031805801211689668023720111828748349036
5646995471226935970325233444439215170252896739754157604237498463545998193149, 7519555146534135926397210107473167646269780805931046786503442086224388667500
10066170821067546464133482771526531943739490745106049983145952068837922848152, 61637479917085444466358336580335591698925851762937310873731171124979302717500
60568700921978922814654424779594291495237571396427074024423247579276696650106, 25902225820515360578283744939978298049620546347308995563073196844487575541141
68320186801660520788715919902878274386192740695176484220884174133884306588045, 54085351420669650147950412595768700333276224298312070795994115807566137358353
67345223589554587918760972021692558160378242610538247877326900648710975967823, 66484382775036541404892542704237467265546152250161348468958628095305883812657
25115556208704470810387334250143304879864337206702993953121983520189529200318, 7207318434905028872124088640387926002799984096676471557830691962009374425352
76094764148177023480987451019431785584476601960939928218607164806007880596261, 34445226847996058993633446035541102258386189887660028847927907132208872647267
10816673327854332572776790096484379367231577891283151414988088929394337222053, 34629778859826237129485030513364326043772071444382192652593629187428588153755
64471575468436992713208672728174287532153449285598625757869676436697073306027, 27159926642788374997911659500157643704397692915686780814696022172245187940598
50897306774582191171615823752595545971489463880900881285219689834278653683475, 25935071571230168561669479165769157699368242223383290947127533365321186855688
71631126497218944037809052487146652938421503638038452498935125629677481166439, 16810081618015780635478386511052435952815225185734807495955384343909888986457
25369369126732638383149946868063087038728657821887428546221295433678343146045, 4787131653910559666251115223533062022640606217423960297896741091428146433091
14287310228401124498548927213256019875230392898095070940534223814176723495481, 4205346954339085107904238839730489556071415208004220114104628381653862714782
20627178090582332591235026260416989151236877898203065387330364865455582936793, 45896209120780073391748364669435163234222632615776534167147383546776399116005
49825721790439086567796848545807355742787536080338767654719290131238739306952, 52548837701674041252853492555604924217502709654114290621895974111179931138820
30971305450361836639441371982193667865166166339758770234467415574863471835811, 4318669593377639895986604090564125189223580014636323963244145662447679705063
72733537423258505124893897312105409028250438750832357742123245578187421994078, 71376483318446684982900752228336310304302759647731130770934902119975254253700
52999413781186057398881780653605267604650310293376939464997052969446179522485, 32999262441873369654362895355467936274825736708042132383967655102764641768658
19168855152424785706403931306037583969278858727123123254753791730948743133108, 60125417481147633279579399703808482372703432491112945631553207473934537392893
25522110080213267809549732626920128600694502451036119703193514751558965084671, 63121399838237257633581007384305303820047879095594091606081085257370983121406
62271740499594971056618453320123603914791053434705674832574201702039006807073, 13655434239205369973969907841260803355081217469648617544117732121006374913840
73529821267403466491360312733766655660824852189927768376785223093821905356117, 50947777409108491121492377201880679107036155998953475610231127590017964500299
17405645993210370480843850641570961262942416581936962720270188175691973842660, 70020358977397606133193370077684986454986555289488548662654185060526747109969
55260312986520338606450031343030734677674795425040208535224548406728698330798, 55851880190444610735018859415681536648406480480493517792655075107345605590706
31132629386897016640805171790470656042713936636955542230824918750073574473923, 42842173922883107404870012080127912480611085144441406734575952947913534845805
68044772410359261915264036734250828964838992651544266082364452345622985837896, 15917373694980793400063662587051456634590597104483006959905956564130584912560
27355934958050734095123558266096161586718229624708092214152336239982701203734, 54749051888871517957277512741780113296191940812725855784942613659904102897981
42008707038013976535976499253818352878486641595120488844671236775552226776322, 54833784811662443457334887523356837959983049014622655070844186919135445406564
7238638955623147110711768736733617816090721165183388968141068418377064147177, 38472428945009190836160959110701364281252463060343934085364125209921587456735
70405303205295046223039232299593175267848319073167694492019849689298952485267, 49376542620713073262931393588013522537021223428858525918577834766374634851414
31456752213752304970818286688254942778735572792147920436523621607284619157697, 17421076580379095193110142290383862557813872654615335137183134543870907415222
75426616859430115931827810670902897371506854607807280513259366956995078148635, 52912590234805333751841721418219648764112434854571026741316787551166237482752
25432399202663438703210419310649491077045103481115129317956970031462586681185, 70166233839792840601998794478715798700060354912032587174181710170750979592134
22050244997955687115337283832262269727292162750898189778783225064149462984772, 25708255727573926708787053506656554477316168902095295817053774347575673297709
76314166211638676710706918555868435171853437791366173826974544236440839276636, 15239862123427554020398143329652107137164887920092332809812661171722077042109
33059509740347255999713968822539699796584176266076138357787797177757920156155, 6148822133881416745137861990450860289292893913240616187756139910234652837893
75283040033561841372460891150153753911324227815317400540691487652494113748165, 52387666975575662954903164129811607064135504861702963333496108371589381914663
52710482337395832219399145254845965926295151682279921556433302747029696968216, 5417816482925530132104389716430583783865696367503149699481425781930517106032
27101387110550905114509857422709694222531912763508618230192357371433345553768, 60072024750605299015151269049633651153364698330809021583306295490802421336296
50725574630148786205180651965603691521389180862096553230727444144488058546263, 13445290303489597559443498409240740545530578143399615683697915824532152836754
10056747314695590456407295443793893366973950569886914506241076813838595463293, 31382476965766110467491211426973948385369888128460843077847385927812330239248
50196037072685382414410443693519565832413991316291699417908046355486298126367, 54797682617368565966185502910333114330433593476771821718465984072325602295652
37418778122363108920639750875781353610082750081788490584693286169139784038248, 20449879871935689410554537043574152074741837279245000148926824370396504579167
34034913136803779285369246737643996039880786078778129760762403150151299519287, 6124896919514071036332460647806632795712226632574808679569388072034600740805
61537440060100155550733861555131211151513125284571008920381518483382158677754, 66357845770801687562396465488452023396262829598108743541238002123582919324902
53217692502695234878773035198105521828183780615249625605983027866526475346047, 32451759597448361911049462513201878234390104142276880575481616643207135647492
14174738840302317218327202862157142751915581414151147491661832571317686417764, 62703065540203807585466800015994690328271052161695803534653668901546219153394
19092592101569306280384581876056210004047860986675396792991013380180215083935, 57406427049408101054872058133757265508680476169642437828147480826812015570190
24112400567533123731825490211679827716584460933359232909067207935672156996243, 74905882665248028273811796579243974191663429134406308952333014479839182222882
72879996133385688071725341440714178634098498915840252140808291701695293097109, 8342439994590814516878506631896570059776970075458610408905790886811010103163
3095700914398450213693771142201963922864723605916579461049972938036837400920, 42139356473490611719128962227698566140377990697653819258676614928075735961211
68690321135678355942952399035152207476942577627130034622744418860618030931134, 55642381390814869952826335648784368281733194751998897030829041885569580556554
65025054738874033691170935621595115793922415069387977176140267059096610606147, 46890604392229982338626801554140103986882993899845757814461345463807562037822
27848167087576551076029536018455217307907611171934103472878516902053465527453, 16108216424534149951264061382479730048983830798036507749112244108405282048668
16852205402630374501568064066138316307684896578461485638275453303018533406515, 11972406582804355717245728803176446288082032236669199593564341541109869523460
66293505578825235072982656443390736956258024646572186550854160033255037698652, 2511385737664223034148806326840816470736920264191498712372712518286814908081
11471299186950929562211859856173895885164570105825127035689185920601253270081, 53969438981035723177129033294912558237812578785797956281146989732762926523094
66829523246491287707845173241450973701410900272379872375947876863097309136175, 66722209335923085060282558327741615647195025849996845285484616166595598576533
46835554631490263440593632953164912593894088864408121101496797107726477022190, 40537095770102589121336449862535293873191082316298937600683406784470871174924
11843843884245293479559212684774391104263833831467004669438917097033657372969, 19093946921560463548700546587357855702941389946286408090183413587669657066482
32143681656842764092078570173501087005235999529134239283701312809334670666345, 31605009738937727896221684791284368430835957426935844519052010070629612381847
65686576491041919633695554506795615568677707967732224944233281616036310124341, 6975442171171472007115138583469378304157410752041214382913103657582534110991
13117631343128408940405039861680466357590569750131265968925322455093403364519, 48202709123813115199372086708892026019651466222155781205057307040854273017423
75289339969402333720276341369824907264318783202282501302376086790889704318582, 44296484140843684855317117065450911158412775997031951850505850360209476334179
44650696907108483533788552885297444960749972044883384132064531431097068018236, 35761103794128988434449298413526486985356945732805874316714315003942359750850
35320234303643438517341278842993883846880415844248652855271304989131090853704, 54460793782602743569536941502034644311641830126214144856729065947524749114338
67160393074221584098278102037501742749407206378404158108094338780445824361860, 24111062984531688368034896809277294237725617531688583052277873702475188350160
52490300018964342823541389116041173006089247145588984341706662920049536491004, 32927720831042824466978086283099492140654805476570586115618382542708845420318
8192910367118770567302258092916075364162049611660169240527508442211741236327, 70716225330975267607875182578925880504439748099615940462049896135833126132444
54430784794659460962218252401857674631257166353438381564082556909010361001194, 31958120853592183428767508664117159929556788987761299108083496813836259072723
59760103095703475349416391877711919963754359838904185023491186882875922464594, 48677344983419083513723596713001593986740239795458067619307641474253903725182
44552195349669444770932676594374105462387377315245781740484677288948225698891, 72169511121154114759069956303655393803060544893822281123118705761680732503440
61157729853158512506612903128829769743163668706105123173995870507418384719408, 73746570750222797953735807613203891867717325136597979100892301859937346706057
39615775141241543689679747691876325232037537856076734262919183497932980323042, 52792138775344478271027816891978668566293885105257612919030379361151139124394
15606152370982288232804250755865940449518174544134015077530492577220934991020, 32414978081808637908112319060796180942856847375674795599741691023035087420284
42878598008319363065600235037183656699531249623456919326765980284505669809452, 12279735474167478938135796460067004861537192297501669358632321574063101858664
15914695304913425190299325039331619843058075508177786260521985043411716972934, 34367519375250006036348728961301352100078499066385513172630564449831476352638
31482703762529568098271914384120417058079327160294201248689196503407313090156, 28183926324155720401747708411074705965695266627227383390440291798265624594154
16102385963742494745319761911920641746981843757673930020853941439329318989836, 8850613552918801599915952872152815312962059226634450166013282265854759020929
69382021336664628135070557643876796266514347870412813232027369390686736053161, 29205756511877151427613256173598115439378973509978490477152143396019752708603
75253165245388759860387826696776885758990708990638718451951994215469856597955, 39957315189843539625894133982359344296257331158851500058944009562214357619754
60514420772096152094025612838983285750247796113600125652118151027315762433476, 8563778910057681259259496802969486483504696132862682643568491342149659994613
12682806172333083384183970829013875978240273403653248401192435103137380816450, 17992589605744842098272737416512054387843421426387731467082282231962685489111
73729647920510181950798136063324754083599502650710483384426336003363878342902, 20063906160316701956608971060568342380534022533498403269010343119526950435321
40721459195723339315041391726937429771578968922272954914388776863304839291053, 3765822791514172703152586884758981834459039396480225658934765951451835196566
47332928976314559993050943862289156861567343747202594146030388845460442304754, 33958774275855252276616445333046293314403862583403411101166637773097245146289
50613973772235638824452848721032124048921390647747372972854811379369731996668, 64301305748788314901606929238195325701896963481669370313242441818253210373353
22646327747820168266439793275876190338855145329707399267770909178660351405157, 18309677276606875086628353100149201708426870319122042883221157076022899454743
69946534651896976942545159354169121705709337389383684831566869995237464215272, 22990289364374999672222605266757053572733845120061508723230405352292478154838
30047696674291473563474797083364530184150423118177935778851664376462228684388, 44195091545983927042393458602889448024268037438688972930375555522165352887183
7023749493306961942391522613537893250062919502602212792118806851158131034480, 21137026994458035443633116762546006710624672692051144640528233428564615123529
15174924984530738738923414691132794738033593953455092743746039898066098762638, 66578063710119876859870761638287856053661569920010018758388411594317526636416
27666661936857824845783240166620003431358737610982949218806992873883631046059, 44377546476529483182632420048239525364432824121763313651990771793238737571078
44497849871415038924785401626684210118231104669865286336117090527714719258995, 65797884174838550823242427961658148913213108821467482763176599704668668286252
69937460143615154535910647655328082949445499575107166259383158217103012701369, 2140619000496825223033414501529789187392045746937324843315477495079526254493
69411094693397082673838439547745498608733512664834575485031259613730800703855, 65241950651736297324650875214301911815942204352318943973122925311244822033016
11752792979802743931824417795869299617049696668635976782978818242488421282243, 16657066953739977261764738185707502739301065437238225663420932587316362475996
71297756437265002656822721022071458977262852857286139022315501407495639888504, 58680537549483689514675079668975783789939856216001409099623124395841162120499
26855570658385211924175554971695578235067012030487315763727458135879611825529, 13302516514928335754860251405775427066882156862579653881533314801888593804973
18708316064465467828449870425511869968902730173233698230360779478565979971199, 11092237724702527656456994983844886148062658708958290872855576797874688866520
58957840313744596264879023568726644869898495680877523744440653779210636812810, 52079081381479180858262037012177316223306428340661516697042696020480243532730
32304812594416249091979807915279188257185206614636278186923961502465407401181, 39718182940296158365586563172655342649083465299738864601159800749902507672219
14443711002343789647465253064553951148216798219050011099378531964543333015566, 35462791734794845077228211675696442067897946929180410392476305733104994149141
34031546513243569664942754894933084763183342079392235431762102841099601200012, 13284784053261137814209610887115366699756629625894763746261550721989958869475
73298899448755078437389746136267615360401961277331884448470385498246078411635, 59176451275129636284229477633755939260236040470842188653450272738764406334025
22116688329369045981809584820449502989556075857594636614858773141636006679009, 9346524660633192956902334405141755284006796821364175002987609364561199756076
64296615179027292679390470136782357586232018377590600742903710323440248141735, 43250516245554612675284731030415807366330727128019336009872778128971584380161
27231558166861380997698549511067750758560713538512852747628806210446195238251, 29885598308107546602688832326982639771683719989424217058460675805063498046325
18776640832355204569371334921577976098724812821051821130881472465275849610034, 61677147174806998906724371973279869379615513142694039560348633113974697237306
41183270935579596536189557198486509421958008980180231677289159069640927543090, 30010988783221235544072012298093042695248087772736923556186393381632539812085
33391440126800528000906458037652505884832953038217181322858933610045120804430, 46470099276419506609467472310362257931595358376815441632313899003673655449194
19829968878752413555752817717445948699720979126407752812570393117210157940901, 47991439873032543879887215379423073745547064452010666194165651254924348796574
41676542052526230045458303329135124225592790564320848269833949640105078977, 17910491868113124338417815587317638544781492021063511610053704055975178600138
885919734165705406668726248787874450180731490395625363648101342996023902261, 17942772739702989422573914875683979210360049787663693978838236567863102140929
1882728862086186343207190309992903312984778209826946964543995130517684384449, 5992382782529721840412855246505867501395533159370326897608520639180744283508
33161844893186266254814752511389767487837878708964635711722348898631519682029, 53931767363376441451538679775210911635327078355776563913113716909587824666581
22560691957759147051180278782251928251612064651960713361268604555948478144746, 57020737875400265427651559555758657195101877971173650407309619582101357563008
24347383142099066277648691865316745446819613287456871844613916625371188465691, 70284780539148527114491854961597461025436668150373773503922654095364072180344
43145500205852685148362690445736205246521816252436434937932393484698739491765, 9845731702432934942427787488516718628902060245226602747055093623479366962102
34182944142531259985526710821288561234108476306604084333997042747962409808656, 14561450503929697392739328490914989575156327462024627796066540847988999993928
43572086645890445702842449476957142009846849152450387174287124052366726559423, 35946982153608346209688663395215653635670762019393954659535034651351522863263
60570440456334683654695484880546020644721262826030601903231724900555951059057, 18475279841759880983292958075568124835584229762284764466166481271300108886693
58715345929924570796783299692287624550056075671948516954472340091915608198743, 169554505823304580988514984149559339159318548741340722061419052909290339656
19509190949311896146210787360383780055095989429163857635748872703402802218073, 23064611033124958829086986079915072519673637084797662604946457310978630149721
63379389206337261599180571550537062300314962358053403744493642602557591902921, 61482767065880113886800145029639646725606444644285766669642366052810915194004
12196250339896086468623550483070105381584346706562677805694671384906063285315, 71694602681301052707745033114031052354454622933495737387534416195779405156915
28216545445524125404091781010982631360886459578593381734829715027342926516553, 7206973513311069479861586790642615185048393785692732997130452751586252848683
8707210361756141669215689320638528458185531730584147043331472746885823216203, 66212912501990447632242997527189243598433462262099836158429710955342217372994
52629177863659530008918195876339799261714410077709537400102447045340470459261, 53237516041916025811104342701046088146335128403189715339318283608587771738600
59132523529347381495150047827908394201681992573694741412583057588619658230217, 6881467047667112349624753954067061349322965124360100631044646246838763398899
71021727644916284740372810936123409959198282646832605520364154081575827322407, 15690483492331681583610240572965794314941893878278482980669158645665369835957
44182910844561676759719958973512279913440968467339377180215155093246402438964, 23184185242946399751105012047548697155171741055816904623799428041654654067502
1424434209473587911642385707157791380470786858603910278113820338721038125105, 15424252958403927549662994972610189687881894840303921231415992672928899261847
36791973208649272497334712130633583964178589141679610198429706181097856628457, 72270157456905223192511639668667617114773695369888727352627954039232056217348
40417945830474472192514847637903357869965130466118352613847817369682755474397, 38274314705663829533896614621428356569438964321323345651298725598931155949426
48663053748392208119583399037585570171137527962737713948713654805647022111226, 32828788019450080821060790701961253980101853004324975016891187858504023935335
58077623750015997362561071797511866029236054879227363610831292927218635683565, 31895439946870428994509304336760585078379204019467963164819167883517948126442
23453597723149280961627822614451953509020783263799935459681044542941199052846, 52237912405748749979705947096438548249852938236782533558314462023769312739644
27035340926794132468534246873142547492964196331852541196216361565525068477947, 11167766804593582636959784900749331117934803369289444094752549018084612807772
49108956180584990793526240439195807659262376529796038787726174677213029915737, 41797327232127922776874632254584086364133552942241714155843866288729820646746
24181072424698435232552709167307900595620074354710174764525804538608716406563, 32933440170669826678887756775858875935498599197915824419475118342394092724743
57212234455909123457711221960935083430597958692658740160120498060967000343992, 889434712753397582513810395462255718673833348572244030491970074053706891046
38330405157359804765627578342768858563024793679692936492099965303756741406126, 50824995124495047459866012393687412265903321269686272359043296025444026830053
19523693138081136511827514687731259184983126091879144287327113845116020183428, 3073465431095314585026286614657258291094896680688556133487588238442762158063
70705927673351723238746418601457960201589928047396634454821156091895563383660, 63945471904456036205088061988132287763561930083775850789144316262436117314558
67037332385780946027911773645181727226447545290729243120822855454362205549022, 53766059490802604433473009133272644509335118567036820712687381987828678045293
30502618128404800967767561471426849294995606556934274574978565294407739669099, 49817458028773954372292319489400660038000339534057962614849787858425373650698
30876018602928357494403326006959934334910795982391880170680919933988849828781, 34539721147787958028348476166522480744053860690549977934917646213454117786479
41250335829745357299700864728059374206789752253480734833096514663116296068002, 9876972354697230436709051333662026311207177124963648631374116531429738362579
67041132915312221718590967542316635609291422448316109280696032903915139968156, 68108026264521646456079280653731124007996692970500917961116421468432082697982
18688621910376501990057539122015073466737108097084304118177810677755864966339, 31910062335665788567663205803111375382439163984102399340204904739389570631578
73435977915298208045309488411691892689327690269143045337801749612173044814467, 1490221517648838711812363273678056951696924376766001939893287063883969021527
27741251436772515533417621119395727332283385156595052788761365844618591884257, 71578540459013334113399800967097212844441806701633504936557072839540640663348
46063204903061553123563545951450712722172082009865930739498849922626905474545, 29088853955960671005117248090235224927254403582633008232176218095001619420985
45451545640365119395014178528317860383311709167960440981604919780686768793611, 44573621235067776258439219264376538530803790043468924614588850443417853363802
38434370480004102375064686420153402224666693852993176978815699906804974904302, 44939035920784773720416401953284791421099322576247996533227989135706058281672
59123400572192667349567117836396315480909784346750957721178302111041801820242, 24804277979231851728437394967494814243400026597177440256265660029367649439732
17497635093914938102665374368277147232850529759225544691553212098883778202953, 29050220642404205666713252421946968694220416834846837037217610847398657442514
20464462915036227915855951822676048699921735529305338424114807481872957695057, 37197629802043201875972589526620522331085245657078845347360902707051141920019
36247059819798267722065735993120277569445126313995680076556217880818116432780, 48109066031070952029160722014648716819986429297527316891964262275393162282791
43158048788276612439603967795337621751112550517548920301368472950373735766410, 23705516190259334520625469251404233456589078133760149774722182215913507938757
1750409054612553671523450496662670129867716022839167241398788539179011134328, 37327620705812407674894493843478749769082074729166200567990166524163794923381
62951528034438177531693914164092021918603841026536613319968733960421512777017, 23942307693238347309796584886179349381573750424364282396415942832942964498880
66966339854713083105608774887725464093685481085963198438566030318390660156801, 40106397011872329082051367114868652225548173005382345759765692038195462088133
3841265183394935058582042925763939654553569526312885910421490268207646731958, 35758881704348779386270265020111231086946365755387669674535857139990499550482
18593472671755503916429637140975878338287251494291795076184497051022358420741, 69543083625081457967432552421880649294415612012454305440885770661889131864948
48403970557009507125177420680487065320354936235348644828017913779729594344447, 40627739222227742844273576448048037736576513685363409890250145341783090618981
43132945727733042284140803035202948848055378925747663487970671483162363243507, 74956075644345553509126998462051782001657584082789407188637040678725448198950
70866982430112257866740842718444966489739635759040954988411378930972264786801, 31815516277371319776482384050138713656591299794052824866455812733560428383550
43928737061785512977259328220889000060790351270223765159274956134760488495046, 37492399985584379460068255500701327958495590585388372761401498721083169030047
31729110698207021334445935999344422157105077555266175428617990410905413866787, 20853977543583220643631037646640101135175219110533609561196665519690718393825
75100868075290108932304778762662598959085338232127715060373226970914964521163, 54083736148088865812672073953344421132961994609137558259705513558244644318585
14495433992834393225023174787563082871607645160822495596873121540345510804774, 59121258421087527874646230000012390864404501720817511597941819592276242087941
44882798886521437242539003059682237820595251855563687812774291028267780657339, 68953507168775461631374519324596952599831389281390313259198404000737713999810
15739171623531842534218859304830448899703747909846416576193374474298648760026, 26114390855615242665183717880363284300563620496553346755774471844089765695798
72142860763210065582092246318105133003585153244499197533237669554718879191054, 1454111292157160489952482264703287473548814601760103053866572768037828862480
9488719740264622329102249312422975805936285657730240914175242366915125232983, 25951279434359590802412898400122878579809452482262029859752451494775858492693
47136582452029534124477635870699730658399443362719304876030644333036582564580, 33174002838918079356643800680534129778355069247000462789236282927691187394405
8999801007835395282063212868127275949235487952073809064501077379689791805167, 8210039560567294714175744416581672133881233106075206383020915574008572864223
68295137983798211224744457861279940200221732643264416282458968267131759991369, 76445801412619206782328707804679194335976972953276947669799607009244898639278
59996792469272504609684114467791770285275994128955025741308254187065249231724, 73735867168654732191937367704355113572365851765531285515362775416490306465091
14998855510733373630764870829323473176229701508136272905041375729409955546617, 42964084603290451938991221428976444915451680442966022030188473314786353893964
69719184469622147390971773207631223957276855043056027247486902803642709582752, 29346309882219424436707084959330518310463543999539187599247942114527886924355
48185951748574654131289109221133444999968868323993789861375381115163919802723, 68821838072472760831064582165388144550004196670946306382602146146343262235332
14343906209611514346403925156994699186342420754653144239899512082040929789899, 9115253525984124872761146442907268298794610484717086070540779614762237428961
25749138087435207719656413631858563037100916966978129938099333881049163343856, 48863622748051912966123763001108216482751164532993165573102105519938652657951
20219162550159865530066363074949316929495549285148601759046958251285778972298, 63038884499059293507071995320171730325619230465646074135519330283133841396343
34029480214663849891625360759486954170318022104022388642664866696853833771093, 29209019314178080590772914970379131617530242187593743735996484333280504787880
32670929844593443483576683553322434083824697262840081601585828118161919540224, 12530655674610746012861256043839494618099410460534368397953237519596598512876
9910337391397441005090080293601173765177257291598854425019486108904710153257, 40721495987187528100020489669927280572186588386479331014146325594077125803408
59449468985843873655599231083267891214748771754494023357949809529146364706221, 5873832424907450398024121490006324125604694820371444859712211942986165932466
63801573239731594529137679458079812557306269965603671003631926046172656282706, 2802999459357520242947542654002703296806151386124898650787863066493299310274
49740923515625192074041838680831453322850183351282646414043399922228822955905, 35813989218077474032518814240141499270880089248473380196192513493783049384718
68492950808247029321354985128996771439001839548127519178004773129588461402551, 6325098202046691353707119907557122190206808712921008215671385997953919546303
31003062179196276504286149494146902988511474016268637073708838591706154218633, 20028747184121505060661457380517219761793190138697334265050522010257779648483
63886569826317158558174945222367906551883801956716328831527572428755888621744, 13531322104153473693768830687213948030752076094600757670795327138301108884269
7629815123839447966274280112601140612953752063726492429623565058846153742024, 4842587551546678897620713486120183508400005767838982176999348859679470974546
48333965649284837274382332121466247101171194407367150416542905334824141199461, 74645289049990630220926169858917937431926190590552029568512461274961972780273
25715222240651581389877248862526067118312793921914807376503481826842778726486, 13790241065413518561343020905077707129024320625926334505284104993995281924606
11543777197289082794832786505584751056186489795275125744955469829754883046277, 59065043577763490117800532602636203996352538943919736281832221758440223986305
351641461136412058948382565458215129740801710027230836063340915197281166480, 53309829307690276282083596137825314685652792960197679337816343936003038060875
68831754249471165084585382203116177783366671774590667092728455571110656420036, 40211675057875219492564137781474732605123191911363139529221132429972570841856
27995060283698687668518137475365201689994364758146402216363082683799944007118, 20297194077519803154064631842455459303056679134071108012767791881122968381657
53645778360624445993314303269123230528124096407173035773738213490194544254688, 52001181033810398534766837394666730515448893014908010736566810008664901622221
74382968858737265722876272752573899385180172251667810137913028100468999689432, 22505715017762736324910755842831287813693913429304620543978743857889712004254
16166639599803971459515979444584669185536344656949354234296636904336816571832, 48229083630897800789557948086247660000386712417409498859006116244208212112100
19178127300083941525094732526767248199914260821851209345307682323917140696923, 54937845264278062749885538267602591276733133421675810223159672116473201466869
1079813874834086640013514981494556998521229027736696540581378799657390760594, 68273917169321764183198688556913996058841895734000341272457309088481345358049
70515770848521332411232917683408079884650269378922215134748546051915099349634, 65290358645373769098190656625786905468046143626345754042530743759850200023352
21474523547271294268756417853283971906899142351196955781547362499379463368502, 12148584909621098585333839210723893216022217492101970455616652586985033130896
38917083336832329157811420925555066312107545142954921717605624913905873856451, 5488846719983476293288317552147324917015628058608864986303110395493080091119
16671425718955819261786799576009229550112393584327488749025351692890099594459, 14156674386886878984963075950309821808863611542794397527013548157668610912992
47775719059814526591057540649745711366354042774099371194323518930169283032109, 61974433793361401590203926570842883865368459827348700237119549749156876121896
59521268544991321260520834576717687387875170466589742059437799749760506744464, 50441850847605357394798673933542452717672844078513347446850443166976857227036
27132675757092981617580618882651964124236011418318569256046149081216798119261, 26457100380156047949077807938237171304795375695369245290946457492139640053577
31491079031434814363995731565130384911778267295748257520994455211440431493348, 70895194711094306233471208354668094797573605921757658363138016351302369412953
51614710118506395200231143158874912324843258976660556889356061574871090127520, 15366194059726651597358029064622428141356522639035037598239811891834526916024
43621132982124636394524520698911310080354562651405172493593434658271852756725, 1120536610934585634242549665064660508830299163976135623933668818859280725049
16107544029832648280549650628536713879970306559110602651956257171662210762343, 49425398406941698338079291079377249310288120089318142780940735927875714348330
7313385567161757306245292298993260838817859847081632158807041524739600062579, 69225054250705722972735154337316778247677164450802074966578202750220495745052
35799212572707569595644932659442593763979833829045797887057670777564118837927, 76130390184523604488964302050217210970377207837848309238119219381726322312311
3363515227678397903719512184757303490298631865257022744782437489973549896454, 33722274680994239186444003179301603285007720360648895608271187461063618317439
18278703253305798743023599472945669496093362614558201987540604564928498165791, 73389143538380593053830719488695769294353889165739256407287754100878916868890
42566597744086683407624851786620275774676642612185960950209675677714769242901, 24265606096583435355784889100657237040964424358292640918202839805448446066792
7081715133806986412144168798115841744361402750111668066533433340041927383833, 34408957639604446803560212540829464788934390996720527760125770743356979176037
45084990865375437400443484292038537234799785961326797675925584579675455603962, 65043844529395999725231783457914773202230267877897183527730497216845141677747
21957255279722066610200822969751738539609127773954032866763252952837184377087, 22094849474290878836841187636388607029563247068794237507920769459051580716867
41483162329413620647526085822134377391062293287047059550227031376416549684960, 28960793532876741803354921045215213045188617746393716412629621783513690655777
19124206747411224155892461643402199791377393557398065780047068510928995009019, 19133666068883863032170321008082436670240891883493517333304951747072720847439
32895380372960158617262035769357776612725483244858741140041493851688821774266, 8632586287274774507549289043121795243975708129932110826079711159985559833115
17712377257791391220347616513837767663842436895661759237762561882898331494071, 60306800058775385459611078088250295727655754398556563774955119784057510860474
62111848347670467695026913598349875905523231754640593618420187686077539465545, 10020488709012103778034964926775470662335461925520098631823056920831855478209
29888966048655665121368285157476684055526810894144468467814627021921122677353, 34038592736511255571726983292038434362552199707558734708342046776509355749946
76202554151588315895866352940061316476398924202939968081101267006583415574287, 14637478054161353336390098595084102475553347098910863989562754055314710344333
65349017436364038524691901580372456267298295172718928198974247762836577381834, 69348602545079863120961035090401625934503691114804613091096284965868585315016
32958205785330239369997678848736401397039731166640497000215368145361419519155, 73065579590162057580647943713554894477169707112472169974053564934888257509028
4345582346358411096740599858849453657078090151791382742539447888426479398530, 10112367718388647715193112810646062554859906087472603852262838414581441454979
31917821228541785278704057748050741052340260785244725189448101205905609615838, 37058601374258506817970320697072174933379010029993734781703314191354815635945
70322104842920097066436287838482496899317046798987835572931177165264230929787, 32639341445145869615327068263247566409786089379820955456808233187891069892532
40369708902846875937738582643986788205025555770348873228717923395039333982106, 5972485659511588461124899897489934695141765094400035934585889026364618411163
57819345547596801694184603056933751802681814386248450311605349521121070043380, 32621254166884994871032309118173088470255037524570573505789511373381312947665
3345901759941919906209657212707792221003515723279644247650365216911924034837, 3250445845543229675632629379778942285468520696753878514962847946592239566846
53489496137674854679378660998986196970674408252467453921134983707045437574534, 21568126863904062508372888710287254048861470537872148994757246117273595186203
10897690256243119608748887942099465570332287931461319157322121482665830201027, 64820352032075970423422830607427879223088218983846498066731703256300415522619
50842001406285693830589411159161149740697027061119447233604724090031433562587, 28973122338292232179152242183953528115652199971930165601792731972847620331496
29256406040517446830066919542898782928029413083845359831138477306955648382648, 5261072240241226061612867281584342040229951300110301663742798031071402919934
35473079812512624001655783528598801042447693376807321419047696859281467548776, 65830670114754503049361377318127789276619899498831756233233295269148211729036
11524657109395023947605491994064309578821255539132999963267191070102952008749, 4195264094506338183761074414894263001840427378576645099349346325805283859860
64100534423258672051453348593194402469132414957074812455640744389110823743434, 76011027540618108080968402927914438596606880745165780476442189077045591881022
30170329759395153801696609392860467081099059413124344736163439757378323288229, 46815186451118340293800928306836281033446263807816347368964387910308656181985
70803810641894656192034877853421985008918520546329325979328935643744995264290, 37695287877363601243831006410405308064229868591974626682219901586997668856703
68330339435505366015872923954525691416375401941215456926040272556575833005695, 12883367396779195462473881348531811908250466103421058701723231733405557795631
76673235579104012345051536997162757447139079892355757099264207139045053555694, 34479158507762227254078630426713796834641840908719803522870785894249637181962
11013903898021298581154806874382024201826121857124880088934096171946943674325, 10678313457015599927775360984061176742238898162703585966240650198366311442768
66447032398958700507686104872631977726583006992878707667435032200395583774473, 59367332445711394266850565061072661203634697442929043480183091054359777228445
237962489325168215329066859764959966872386954780442524393743153212746186856, 36732238013145469436617512131734412603283020469613797266971946510630119463004
36037173844542267082302534678349887109739804200842808876775990658372604455827, 5112248571244137141808381012744474476873904932903293683674899471369894609925
38792438689005135691793016312892460011479286200471485283924040773655236798544, 33526031981193534060937507989729376893931259111623883727402041295673350208155
26532503055500434400716136269466832322701166130087726326328723432206884052213, 52821731224906544365491925678433340150111854198142639738313566206107889997540
4206873155769339739855230895747322458146944685186352410969274287972777347686, 69707000165651564787417106080121149237060966265229607182684009347676553863389
53877864775019446754191670665981060818785007518723938372562047852175335710898, 64244520834383719184591185336734539886681656272623062199427434037911732255644
4059934925235322820963615992399530670957653601439333716751321175802150625009, 2821074909686941036741563231644448093691467233990174171707980965108320936395
38198370075821586330657486777303673496736980816303594388133806772486514177275, 54672265108035221956318516044688172467140945662255324418687330596910891630959
70245154423476800607218955272756695520705191538095840533174971557908959065147, 56535776424468850446307945663646025568389080719623833615117850177566024156667
56717020146343083546834919431435357634736344964679014871099775277154812684755, 50238423082973663232258118379427543791741995161119965648065401102836385700095
28176423568354409377236126804830152289763232425192581547053167895795118490044, 41664350265967936214250684817171175183699894221498711256943986823555114861670
53467235768709053627838905867287007357013460815785769628526817585471532258088, 60574564739393289024867994466358033984339869749215319275961728930871764947319
49673734319449409840195280674285125564742756294046286700191300883790575771140, 76812593983917046100273121683227958338701030445714039482053395887528090632364
64913873740745532285502103268936829175214109981451049620002108028826276404530, 32195370000477677769973950547533173336766939724967720458610908855212097279908
70833183187008428326454622856085455829807878349311289629504391925950240587779, 22714008565615578011749543041948345711152320498190845512795379191650221142033
36658258755272501070333438320793671612910463124935416070301706900059935919833, 30261208818724087269926144043647384393642940798644422299742251953205531606642
47135421312721386207968979008581279784024096970756663076912346785220539099546, 73695691249322095773745833694544728581880367109830881732927457017619559882538
50467207946328870544568006437268387966126916744657466913834494956185198616916, 62741800067854838255320007556893587185482668162179028626047259408166244484375
72099039679368649329585160278427265908315142915938781757051625497107046019354, 224652207441679491869583801909276272938155536301590593167657436513117752723
35664305126263444710870601105235964649897634685796149837132080256450677438514, 70984115256899299958043623574113177548630931513240021499691077658097375476590
18124280425347305190243505455920416834183463984590941970421553179683309010362, 46076057743847591157958277643459417021504600646903774124711552153593549157670
7469890299290851215253939335438540080628993408795936881481968266799095590445, 61086729654477717781397960124661997103139276319688657169036160430963278819953
28646274032028402605060417985620029327574090773663518130214222434925219961383, 47091057084058501027916571695407216454927669974593557812706796873066619192418
55666037606451434433477369640244217813027186265909126690272166733203865957070, 6807595745256988548736422769153221805870960152686759493512802993044993884670
48758339609551237439552640684243665534849108718672433834893012622502255017122, 72161114057775379135558676598646730537609422304310287374751620692775909528219
63947745574224442727438596910558558751063661049538560979280455022578626981465, 69880782722066338972475699996452784160463958780106286635367347472486258316839
25512335437486492112430811872847502983419957834010428099696824455248285724906, 2381430532411008644289007558172638570401022612760631380385299064779716240382
2965168712412708844623497467534630371375771423976943507668613122258452895519, 7996053296498094316563788265696477547487231147260666119208436683641932354694
47529564619115463485607850594173151981281156693572476510381090184175359163314, 7520839732036261106504641268453682644417560261969141701896560983353387680532
1994460166505886511837815643112043081580629684936968888237203681120768909502, 47174615395520911755374082866065336699568051607942827525221874300115793762923
76221952141469635870720191732709059700022563705618895601721358603667410665523, 18137295387998445169776265550452031592148146736910868332774401891910850500259
30012761243486993494276963403730618288578952507186405092186299230308789691073, 62772352264721871242504244075090118637194406974418623527130950166609267411804
18912426619558892616153087953325253875995410354694291230782176932766565166965, 70065952021951872543358043799944915653038339422425156112251826371562727931536
41047951620829590417100402480303251044158225025551419270051061580764648404742, 55433818298238270007269415690666493537321274768769068134700213344596018477809
67678421591512321817623883580957485455138103610373930378333632771241633367541, 54939335884397609005728183569399418049438837793147015426780801056174642300598
6986227960099748345554831903263975591816969036919440265757293599122602028682, 58366803638235431588869395714485098702139853895435059121771166263247298878786
55166374385124433092795354044128915622380148720959408046720304158680563750379, 20497998752746721528907158180422929765919867372707574747708510263831030547101
22475432989633254938798533917473548218423122758310392926726620343028089353394, 24644942732388983648356265931483357630777646333034747362125435582025460338582
59856703513953929426562989638215248622749885249324775331530592352673761006950, 14731050710136912563272049968859773883535864636585299664799639473148646370439
72144544858281631966632705495007514575043157538138693449728548322580969434889, 57367400035291923500397169876418615594741664624861536617667928166477836357624
32814550087795795818756051961614548083637308142677638359801807386704928538160, 12114829964293209564453436952974883495613317036974820741472106218585794681946
76255733936094717580206756440411126361911378120149794375166368844634261557357, 3331219665434489975490182909831923698111390439237303789227853074330026420061
76457229427640812939602382489762576538843810650115420494350727207615866594463, 53292615904113303208739135322382181894197334486783466004166157299835061779315
10807615442159024195871553680237719480549754535519405469620522478562562708614, 68617614040083401761231995670998676978267716483379881829693145094856418914447
28710881812373101056287764378592841619061479157752456065139351070961981958535, 27844249096561258174391434490021277465221205942160352414979187937191774620280
18042303360691433898557141688524696826305399394301018464616428063653863964921, 30751831103963912895241038336883288703405183392525094541468846400348606361631
74097847422711658743127042070543705027103607017178696502526532265300386632542, 41945481248063795489238743707651111485201998012262020547347322623680810061700
24921774713825680643971465010838522326035428147440253794401009324038990696920, 51841223734260652728899547565359899569823114109434028060266134224296054713962
45309832315406738924982180724357290775899338570690245898901571215056831227001, 6843869312628331541967968278171047184880108691660884368883367794836999164047
61580085384768121969630261264064469251419987956589468092120516068381696190223, 34014315836920971481318347354647778033792954953015381721039300285102266465455
7194909215749119918454391671373011800071939554371792306796491057066396414299, 68763116133768334899498230615000756201013615376916851368574595116981149828841
12762773325874077364414221683805509176441895763806188521833926421363630246700, 60330579871815253588797908708118981429890449939674250413473893186127915825395
26437963363562002829601972817951408912958322510619740459083198369028236766382, 42042738445998932101248301915688987580361616100010836168969753549033346027564
24739497544095331423374039019712746744124836527498956647886914459940134197915, 47145129470814542168329222610251350412671265326530843911227820179256505070549
69159773892797363365353439227294465865502720122484069054922900736258921149042, 68454518698516410334387947705084126212534984980798118114394549764078058394106
11958997313546094413639791440542940150119318180635244144966703818978580944675, 19776559006733477009380210118888622596522599047606337429083470219879395250937
11600315853815887905389489537442951000762301145034693113603396840604377170192, 2518527100074791728446305877426886272507555631909168899935171573684940880664
35890011687700225094778432414830925991179747940707195507912628957422984376535, 26123730113351866580930849665467960288823460504065791563964484357345764520027
57784353022363837604890151706217999103679284991751836772774127310536400266514, 1956840324273183670165081211645694358910687730333056012808618925324917920435
6184196679506750915051893521934469387436892212698306064413096018131209204165, 11864776165008846126404089025818122191235209858806458982263843751950292906196
10267424063332959573716165933992971668515905228323469522335586103029438770050, 15070675928913163801970785179729609572770062533319905348696747772441103094094
36464047589606711347968148147123040038911680632009565339252640064283701505939, 45575915914136154901701350267407400869204657673343177176127200676919244349941
12140044357779507798675256163654845897111707619607431274506331404359151513849, 66222864574359412668011793881176387989196291268633903133395675739801221304700
74854467533602957669136069097721546579214384632850835564491187922825033643746, 27302500068097524011002117329207936792428283839216198496044731831390686544469
39446211326848822904970928882443291253103788898269552778950643113697823318017, 33982817587716997241696147612437600058712660095932677307804141787614387396361
11264679568061542414462545479918181819291637106621378369810204374503671274821, 22633913780201913644043173529962532318949526892225643148524417180271604431070
65325452729337305599710905414495347004224897761132238696134194649488168925493, 30987007046339744285881786520912423331485329573861474784719252606805920450924
18758602051585648045423776703257246438678156227023089673518852354362972411495, 58321836135841342936318160187955847987511682994579753038141704245247366486959
21808925051550586543301190034210438441343068405833862787058697744970410936677, 70693854418770100242911277964796302146990148338079845096856080460862652210341
70758047994255307601881523424329624722520134201009798864179563935839079768427, 69034759629828708035150697996892869542730379266441219970836009496377504251659
23265385939455846980509360471941725032791128124342907390269952602973500121212, 43710098929510247395057379834653345786684189917514120328003338937370972770209
37848404014310684451180738781765394881404411563139037653401547477079922935345, 29180490571353110521844169855825426300460387609243299018693907599697899686802
12636239777765014396309015871965087559711272472035638978007235508311668487894, 10515655718644558028886367070395488980196190854532554476244842134511984248317
34508423976813634560767634456868928106047162324298577220118620156515847610948, 74227430089625001098116969615464231455615754986382698300920997406762418365677
54360408825736601735606391591489538099726122771664181490313374649815483856055, 23038942059809227306056430470419973603930633131941633949242483675327621540528
15836742514991863124188765454236024007423411621932731934450982701869883205928, 41425341179172008533723420009092453994249815785058963287218066904467168451596
40815520265012430485934999313975921094257335224165480182867375598817798573079, 30432788943929358876273042999955015312908193752713728365122136751300134027675
38145582867195658973706936345885821020294072605428271428565041330133837216689, 9895406622079999500528583767240474277810679215235412146004154230518563399390
72488213023596054662921521404604839622997793952267330239688083958309349714290, 65721856100521366763466787692963651020987488181667127796609591595670697286900
2530853018416170704816296771258118563461442592751329727189580483374827321097, 3783486470779626565565020518332472116411179217479690455870051869470587195224
56910179841546771933921100056031205430147279577595343488895388984471889636512, 174365640559943682859113493496522528644774687963682543826843508962603166932
19619247881084080392719601260369461172784824761460486806687717907281650547667, 25082293091284735517621003016012498997575180701521678377084159490158810180773
64741407814879071127804685671078797365346629689355245781642104651643213042293, 40256331060368599968867877271331778670195646698489222914203637160290494755417
19146399769350840582277814591445756937802164193671852728752445689482989179065, 4844631822120950007162985441211313474770842641398117046240863124178533024195
48122927451496218342134262348087913791047118655938628313560452954854663124217, 13044983351580295609801364202643050607615433825548711542465173408457410816962
48265184247759863409486248032869623405523203673893660781496587140126053789538, 69389629163309207506319316219270937738945292711237326949069341647620312162873
47083550721784904751216573171325791039357199020408920355788334506782716322626, 56574761943454730579683296418873035885047642223292063796130710968709474625137
66149000234097509220039898636624976269015034138001375477214192557395505922282, 6470935987528791895039422960875272422842903645039907160631075120606023700625
2935793265042628850953189162958033747437761623616377298608779409405067473433, 56051536394016721261900184230671675813746008132634599482787779902861650229728
35349576218997909712601056746594243656227355924641030638307025203535717770587, 34184581562588225088810154361616348839201295864418206315110588578359149965707
60448163876800939973867809433734452370198945157366163228340187610754304971066, 19410385444373952680683255242386055102633198686671797873814792674480080449003
8636240695963665188535667452454492958623487767616114877609372644173749989542, 71739134870290202252067013963677175209342012419787346872102762308702983487375
63188368175334183056031347607197272247873980707099413292236694871365572278574, 70704817039071793233572824420356415904077977022579476105131556459521995833143
20541380395659453709597594451174766059296173193352717001240268781073129008178, 41406705509212406325376451088638620304844539054609622740844544654679589986327
50810616471626469011780936846288730114787369693901330234095103596375411816457, 67011170755005865683674661188473142050424851864694315126921242472190286004504
44802806638815447766303488314945446242098861211243106242537853539761969142680, 53630102883980397546584679761009931872196408457474186135192349241667985043216
10055570695244980759556832676571424165986763058499740810155986942864693636539, 47311769139885179193812516402840318672802090766892143654422937965937464804328
333451008547868773840385514213928242458736506575961227619981545676887184435, 26291658860582177860672523135036575736340568475147787557245805983519504142761
12257548691098140281760945368816348454340788012436444432270670591667759909183, 72506964734372587096706567051766142575455148419076975420006524726398139803829
71714404550259844507477804354554327138757291347664972455603166371589463886240, 11847353875467356008824312969455991165532979923063626129516835498201206052025
68184378965113331709774842048658402277064741271729067427593023337139808125396, 11004779341223677454991615846363003057094759625346395768725691715271872782156
18642430668471660669244607832636629845607437064418725227678130522071260567784, 18389167637534262269197858124136927789279396757302746554430462259532948089072
63833965301552168068370682032408900925286781324863971130214896386197350458102, 45459879389213240138054063346664153546711859406289453550027698133737114947550
47267218997849878120516163850423600734277272770905532453236527064719194188371, 20855250982714205723904324157515187814049224112076352946387046980413998559465
355423727549059262075973675836675401197573731822235415124771606688558060007, 41049540953467548990549555293835879961527931844803041167475618146900520051082
32472768160470681407716675988736887207891385612912047873537942634421476651373, 65715502456756267341916725434171486741303409547986651157206353782120194033608
70173694203998892753145660864949662761482375626961832812735474124413991176359, 54333299006928890961995839085389362965925625358643737529274701797260104070719
2490222494743055076492289918247209174157696035636664336921170788502590369238, 54897964486824684789784944830817013598075035161682081325341686766592224303430
69970700477443292229584348863114407985946016329710931221063435326668066208259, 56837733264776773814273289822432008081425787462083909522341712245482597727203
396065976679289302897649185898010778264498016452676515916349724917230259012, 58058953228445467360764167573132036964262108109942012249364690737985249091096
76694003953589202696233915633482542897562558693287688041787302052087949407166, 21755933079960425382127383670772945217273720745078686162076467307946128715208
64735572283987526991650740332901695071555021807784330066544345355968784869485, 8484085502862897218544147975599438705265541935952467170659492110754704913367
43845626700237800384608060592776294649933579839751581134601026833829465427989, 56188978233675154465324269434454259419243852978552172421698765538181057661105
68046169143573590193014222171822222128164488251215450732303642981187769679768, 75139458597863324081852154169312400695532716074985651860504666006011177852601
53888253129302227055689075552187865935087759856694224425978194540914348007267, 74848325574534318782329362786394388455099323124435310089289706102227442636167
47518818540919030308974820884463259370587511812849721308944158583773401041605, 15567672386216370987890170459009366282331934161560786341330969006450047635713
34770055093111382554324639419252910797569022423445742997742366396059954714551, 68501114457393068938862229658228797398362492496211477118622514918285661004021
49257602196541694050856078239010717443154421104468402896467685436975358596131, 47780222305306290206802795576091079065059414728428285964085471262250964034803
27977006043447059132559893777630083317870134728197228174225730147597018950898, 47375705089309474995153524856485017583083866725965388883268460946790060126193
73510810920925821099169721442467140456620255056963838855523558718306851810915, 30616364824423846618011530092367566487620214738122413414766060990366536595149
2775823664085518700035505665466424641573960689054755682779098615526840300212, 44275282340285145353630677925809993967262775998129147220577676929345266018161
14183942351434035971429697302145076132474515257435812866743181623467870978501, 27816630614338118244717162324951101290272879783891660164214911531430845443490
38360081556436712933704429735769137649208663533773262272518708638528558258820, 19505414597551831074841321685209650734370208724828322050705439134679109474394
66133909129067120860736490687789391001283121713980131557975857437149307619833, 72848531674913350422493561329437230233549457900016649596779752904713184648902
29252756978802130896495019401473712675087850413585387881469716648768012102129, 1014756354207474291115556080911538427719444614434239685640582558515520333088
57005011301476811700367559945712765585206451333988503118199241203432245870653, 9711349961744449539114675525960248249771860930666502338418403614129070124241
59440382233261361392806499088214072508484938439674314543468034782463615973, 30069053541525779896812466207662488746316030922910116716082361508750990285247
62342538359212388897113780034538230059765778093410663096468438802474313114051, 39891578734954904514215253063301312566025302809523086680888838326450377437177
31361514861091547965186025810945605610241392578297051544804333820352170109658, 21717383591509380120069348559601127083996720498662204972723778573729320509049
42022640460090433570487933322827005244111716763818194850255490794615000465441, 31278108515286402795662285539840116985822860167536805199252692025106526974435
64712581911182715730236712475682281874447941073892844533412808412677137581546, 48770295065214928682583746059608446327226742132476482861689941118436184902197
60015875608078738736976645805070384208419068934766198882537941836408901353210, 71698802767962284428548929584156320084316134632121185664859233984248314623401
51603987485362681323563014885618003817432392189763881896847724362274866947205, 25031978853961525323064025189463571510147288081615245948132878242865719026305
70788905839042533015296929613953255023773444226710736943955346001850071642445, 52545271586430165306747197394331774600058168941205569523973938393419683382263
3377680749233410319191156504542551480005502248371107509518773886271592604182, 17268128732499209633507732695078052958205792772295427335607759300507441226599
37456791941699387113259360954391907090690559588392483904727341544021285111766, 38255128811179865547192427437206133490718475664754712663919054150406411061756
37828039705285977346869353281313592922139131737133832287378412296916687509816, 8854810972720643032377141288650440420214122396622822388869179006825067633850
67266891161113307926182226466212186054013381668524355234435088029116950803843, 53626743514175120262470404968152675157933389807355285766068067397769080912885
41901354967295532841653239032163066987818305748517425578503690281357706579996, 12108841124563476551180943626868837167913669149328118670052963022813793024997
36074522360751099548904044953387991973366920341095029207918844751542668762300, 67762138814453112714619916571370673155649232156589132241259542118770200551150
5715435102975766827164217176634854571630247541951625252847138146740139582492, 3321743657026213629045304589943348780460979048407017738669674244270450114880
70562548585609640066013585536673991794151048054709946120511627951275206163659, 29757446945358551917990277265586496406352792239101000391618174019138575110716
5755565064242019197679995308342343680099344386861585764162431604244436390082, 477426046801135069342688539659135376677773255678082799222779580548179229002
69213870619176037270452972550650498583054023705483761843670217695197646951149, 4356095914698362690160043899202050385050799860693534608925813143657510919225
46641780636892114616944522680225684825582951520493392672925438594474179242273, 40171281909543531706684655273307711846436723662607639202899074974276984254148
51499248129334190924352106530382233910961432325732898074412270919584261807851, 51486115775163821916517859243699552994524506745342060001381815855433973059681
69781661107398952203855121826730773317331887517218903957994924403803308197701, 31215102392525652454316316373549547150045973434720345262572281761760766730204
58471247064797832978336507109939786851458894338083645601338292842798776699479, 63421648675569063602927354689466797230292140333164655093829894518251614568967
39392605569252418614086992402691830527132378215765515541358909811093422693897, 18614675992220736999782946342799691188081855845093610156607704001110800646164
73160020371948084872366896188040013485809271422036292199030365804362714064506, 16285062694680926777342996683097259187085506293400957606502121208581250653927
47296965357947126675377413114962413410329107084676824715823460223214181457100, 60169614751823746433716202379872938643292191361100660854350194453774189362535
28082643205653514569549577032118588740044238327180625461406819633990752929764, 76609931301237222310994420456935720734333806179131620559784584210721944256187
45693490011914452076365503424155564429956764476513027053453505908876068710323, 35863877935681185938897252621050719833158867588191481461291562751078759335513
28961414605372850261481537660303578553226461485828634901413269606320712497075, 55843394492134362141728021040021764864078004425662360816392259623638571794248
58747312307200666273368231394034742244442906087288702011988289666211061840798, 14413724567884125682627858504885033265890622126329787112674905526771961279097
21742400269146299779145260875210347043844196995877514751448263503832838822657, 17588956743182680727957647063222165336039375272970659823520627487510246973505
29471980175056895213297174006401261078863032778888638663431941728750605959191, 7972766079767838006334150392577638516527548249154906904259418973379117935998
48734062473075498226703038588844923771062040360545875872451727891490139020707, 44377052100313611780427449218112067165982841512948525911230655148761998470565
25877615851895095309341896880071757113016345862880909741426875224517537873868, 50696138948348837016622723922246720992848786824442675106715896989042015995489
63063993521891701084639578879114705917286554071563278554968220768529316664595, 4452974218971563401168620069402622007556506257199135151660845714146599470002
54971062855370042695629233873570896686032105376870661890173230404937598527614, 35904850400098415110514664898101044507721849244523573329072198153811917445727
1148050156449276978676809042173088618502187808399658925283119924513927414969, 53818743630708797798631197182108992020682963221002286735509129381429536016431
57536131380983659293274339371322192399271126421962334582203177229488458989898, 17321863103133186908740079248464981487395940081556660725028855553539194934605
41635098021615609107675286233816237203382948245201766937697280618256333844289, 76601879590813821878465679467030556896014731042544828532739548979448470460929
15763849365450371854603312906749125979158044345931007720882063957194300686469, 6280599240637859939201666455042725680656875879219967167675349375104604740906
49221076843446532837189702912831269767373917432481145827245298262631895829456, 27650837313783327031455497571174248039659463721304502553563657884617149661329
68039458392365744435999182256517233601472860773680621141543843916505810061398, 45003305162254456964779820778358987921296623301617298398627399768741768374153
23720603297657942190617537873662409900316936501998791592358983326719669240304, 70934591660913150652870045007231031417974968504103790236763571846607816431965
34241920929327581240690148249676375300159181689781483001935937039155587707195, 50278121379555974090046569746517927090784728859517813846582012440904970856969
58622242968599799293349473245198392298230563275400146923865823207582021372819, 72988274928572830131129516264634616261514484536535306592788725293581069669906
40324355932654894814392759875034789403894493523061232586528484976662161759508, 10028743561844348863830556719168798270370938844377978229201095514904075807655
18178206227563704468078796832066257178992920895748579536270938818135880868966, 53553932704765737994594400887370977805962429795029603711509262216536499329060
13514035980212331167657804814995492971557422992254592930819533807572870841108, 1282877797655533997832597037529660703185893208009393549608558110414374606760
39241015428311636300750442576040239881876611221629868766079814172690123108904, 27532617264398168375467007150856935931167393047145494446790453334593058815535
39377919821613495521562549045784885612780590748585167982224327484547419586790, 68617350600084675269044132691944341310337938448807907293133677979282371557653
16979353441490254956715185436490018904939840344692124969340144251226275004194, 29497566077443574125094675760407549771287458566137992449927786105866540548015
39380991184225797830550680375123486486771834646384395235158371096013841995003, 60354347327437122709472737104495812804361763349795023667824423923683235288928
73868231753735383888257981349502794248143866135631610846447683827671269668226, 65167554432988591097323300907394234588678931626049456151901563551467538474900
61636367610587341769710405076280715016745069713268253300021546597359162100442, 33224788978456844425785183887957231345710529356463008039308856579262868378516
3274814967981211673987720006661755291528237592715777755377738322443310721937, 50013605158738201084020177837524256086331151796759950682084859655014044699210
41174630768981542165462611447958182585679545701410954551232405425910914916540, 16590166894146016210087707494467654640517603106132040265812087829256129504832
17331807242270792377811830125795328516405708575322024071949776019194978170287, 62599833133066645428729884570232386989596268973994822727984950519610363145987
10822304193941662940107382454018223435766806779461184676575001821521825129561, 68736894156592985751839653488021936356494494735799735491224119324486567403631
2993892044641251787389359125652631078523308575725007043485440429884367124297, 5805692581507503472086804605230841140333191897791018595121732224433799950585
33085740801602819675617911552770958524223076021614122695035524705851445876995, 426433325634873670897087430432036396981216306467062415271991110644262755310
53038211513733398463717257372185152908436508355672067810751867002104601265155, 42632791150662606341661471871734762210808550075666983532247061085276624438402
59048917055244305466658999070289490371438871980617864350604362250841452627625, 17960205594952915350443693578895397476070552131683754944959274180735471831907
42266607617189154049643328585222734869549270908468747328822295801819867782283, 39947032812192596274308406008209968078234921190115627646919839327984838284868
26623989947178595076789886971498596572468946761117472467600398172292996214409, 3154891057421609566196321786088005723601714505823823427690544226230974013385
51617463341297713093842588603819134748874406992524117895239222394724975256091, 48240024368346162266353093175149682428099314374339799917608243323490656980171
43326452371118445839176248988686622754795608375160112693209793919880167559921, 70426480098713552795894005779819031616764556854956674220035845902427061485613
17686802553757006521452026599721082630950106782462592649987407736342956818746, 17933139903822137512541235103977801839083504685599253899903488608996224276227
66233470516815596823247607711770747177278598802088285722338865847410440080328, 73470037373755718361857631358322313263612145411245451514545950389645888940511
27115876893683957005990848617929579541781258247645259454271792219751975544935, 53620237183936713699375916013765669891918250832974120300324043304398116899740
32653503053913145194128594175099667668059355369780621250372836939296337681954, 65205518939946375691900152365741543629700242622485650272963808344841531520821
42946277731528717351620326152704522316498517235771182165179527872149511933658, 69003336681160102494134786850188207647868307135290868295938074606180389362568
72785471214351310483640198239012459322759687829030932003863508580551778855195, 72056317486733699218513647659281753551592977678046515050480504656551548754792
25645597136616265603127432223422287266147155723977493854829905834597017108845, 56354547840865737751738992137332424680123413506382244251542544637574368361073
18639234442193188767948714763498514240469216152452565545991770199429217879041, 69055195652749038536977121237941330263795988144733514991943199219291640102199
69705428954091072564017078932601316914265146822655421588421212359103170989997, 17915336849802997622622385074778858798686928222398566499535469336001798842709
71481098621491442949815942720844149508575245239605488427612908226009652773135, 1921994898214056773793797045021099171555982546893772959960577181238041643639
34014831159667855291434067866469689908705265395180774788233306783397624037290, 46323450325659375440208893151182834017520640836915249586236998223202080466736
44181491639207325075599240318686230196142543116394150537790160512469208509619, 28238823768098928214900303130955869986732940909402272310708831060029120582598
20472419687985747010610642015196355186186139525984733052666485694256476284688, 27210547108431013504568516515473631359740922089674527899028085109285980804162
61149275457906422830036639223448413678428164303341694636767033836731217449337, 7380065003697031490738154113712500468279894673569845046426845702253336906905
72269265774596931265874395171374431058987231876102989014289225980759658484604, 62108439348801191765529922501067428442155271130995049245612783944799689024047
33765008669551501656575550196197081594586304591876464221351172958429580065143, 14427465884292083185934329757504280237304002793162360857522529267553980917482
15462920652486749457203752948259183997166216200834790219296020006774673612889, 49537788816176374811059616145213649414039868611499568592894001801937486911148
29021505311082396250544661498787924906303306260970621815312231900956443149400, 53250886828428468514323797133276905825842489069503059149444378003019150213065
7554851507730878469804967717601025351092619120054969377985944036544112920787, 69211986049308120418025814546086500159179343137630088159398045174319762815902
21106573660110846142226854255436088291424621492240755255943165686972175619108, 26960166933962674516322662251915204356799640518687995642518329697746270500865
52793233789877882111189810769639379833541258371913442499132570366669931461779, 3223761315568467722507569811961246150318033502316708709356665539512088876997
13238208491559524011217298613822549553527704482381592864355888241312809692358, 70238672609100528223047365405906826525032691266007347973348796057562983314512
56854954767135418892154001601393625322182179028240628874666070767347217193938, 39176349928336883852557181319439926621105135285651534340677381268553779620545
66629881222068048253757287118125111153977798228993681695351189158275854055597, 25011124477706077480326801313042124620356532429596970136060669712262864709111
47123863477112560112727956835412111173634056314842663122663488938290605358819, 50630113643334576890699797274722315886079797795893166835108028944729435933947
2932934312339587813726777456455181201513166130190105145098831987303507621800, 1267325488564448015997875436152237110245966661334928933296519472588149486529
67848317861684651350809452552086922784407924341685454265665236953249903131162, 29651919257320940431178410001465523611287137206424302085126857126294088146228
36718057597199701359828445758310565151839741944129544103729058508137903206594, 69353188358129344052993220754613849685935589263248229340310655480869376814341
35055527104744071969007111500657380904492226169147137628000551537268642893846, 31716065815084971965519937333921289104158577673762803027916543389775332674161
25680389602843048656620738389425533839496430902131483025465638375785443110394, 34515742278047644457825908903466987032058750615931395676266675845916646415475
18714761230177676559551775605600413081939364896529014181486046431051063508478, 1057019342973648031586842704098148029034006455503149582331508386458694597663
57125156546747432075471691834495429720376379267529585488495352393378754332688, 60025269367161852806495322307484718426124104072399679634548852422291091209825
45022951141553342571617553240971032913136965970398232805929080440657557331429, 18899069877207762670546489739971708542916792695908123435143076114346210645908
23087753368003472413741898607209696781445772874157305196919065157177571854934, 50884417232811871815741726441330683204070594559572763251147797830784311968170
34870717559960463111232002665584900680602809989076193905856076976901302200362, 51203767015656256460315771689958068348293371315152745014337206858863357075805
63241410182000577112111584824219984870367363123927927626031823296169381055920, 57243163790095313640166120732499221412197101925382557058274301808122546861185
49360489632817377320025232109562986335318122247869380537750434815943683908832, 31314813259679181720337303996522089962287423563802365935316877864547825454881
69974050914492592422287866089198009141454681947550240824298298982057270132465, 11952113355597147335603877005409616282202571313255314435991922496486571584936
36824607371814317641455617280831699258735260901625851830020449512869616450803, 28831089054879058729739448964486801148804267689539109558813908529219378598843
19866242529552150120487552198872366134894774918917517064860789723882099351633, 22444154983878907809680000204913640770255814185682394023694936317268680366454
19968349216332768364147805425704796249280167623408087163081039665218848188995, 3284951515237560486066542896971316548826117591840735417256955307959328940430
60226409176491417092359436731578138936395197881916521411503561689116486854310, 31013951392799791719635873032555273248959204710383697273219457366028336940894
16520016925158026428968409592414369486820701345722753740470280851180502224293, 66811217270236751704711520663799067701931813142197804142252623546935181207505
64572511819738947315128894653809871865244118779447633167763449526700858603131, 3616687382634603576830228158684988065767087257952311733111477664260314168119
51945451089034239226558169479318789130209635444477557175130611083375531631695, 20841294457801296662019302296667525853455984942763286285156967710569917019652
56661713724207803095403018265883183968172963234871246509392416363878381429703, 11467635605072116093517505623112699935598606471661833807424734926986390660004
50785861050049036740607153992387039945515435561832212934904325375857582920220, 28909954287715557573419470717401353480785274061188705494795029607510704750117
28568877569478140059833137507571058344584429388282676954372094796390044816977, 70617735676140901573447296457863739860454382261888218392092000405251437539518
54652345157045121161292775598402638919169587390584663176233369365767201442046, 52676020258837817009776911377264275854482093905748752817195251396620685223266
50443179706539468188938727641756126588692028173873746529285767750705491568694, 65261844114274198829396648333205872118197878416372899278185823672479901183587
28221106706817775653524812200346593010728794621715721030008851785586899856591, 55468245592569759852596729075165683574951286088682955733762504401247406861474
55499387186285587476280128638738741257822092061319015667671593204868510441550, 34925333369868933929389299309115734731016731278057496200724502899200113570566
3298316482685604483376197181768412877258934027876990548430079416150588884923, 7854670725175361942425515119770339002275706164858276235132129865486356368437
34379439756856802835897638193472649169709506331565350678257394718824281288923, 55559042253131558333014844936551164163324036319752646214036810772670627603817
23036943001546557175144352883140935771145466584678558564493791083451870506063, 16103728227721165671055620571391630045363436918820514330073547453798326760606
3920023564790691302053712920654972986525471975739172681244557195089593501522, 28336919314982108597878014107774770650016474605970330274157187981087126770978
3188094479674201324555786534228203534432846688598487157769653815116580194297, 35361789389191185701519619427714665246779246288271333306617423093488491690177
620915451316736914288016292212280466275741660710231517078521517324411597868, 13536733044682043058743616420485940258962649130460639965536071171662707372704
49878592500537280245701110811983758761063497985545946718319749346768193470642, 73021277844185974502144049526388780651170033579454643786183284591468757711148
51293011624510574990125473593439230092703195457591004365811506326193556985293, 45487721755145629242127387826551755275398907437618598347182866107716548102545
37797679541105523967989690015392766604550546372437759687973607649761396931071, 10342084436762095407982667856285867504804911257476251195949995257696931487908
47291714618628434288257637416488393135168042007979084209731500403190697142979, 65352652175505499468055168558474958687449877745453264074844889585724209364692
71884748723006735356010110372524657201732909807557152523244401382820974446763, 3658557806628549484313339361349786192316247148680069141265048692956668487571
29184479122242013006551293870444904912743160967753044533989872001830350490455, 25889992231713692824897496153939015755092190823659209590443899414254406801462
66082883434180094264369225644396595295635023488151823319485264100160773157248, 9342397348057802637601850162729856662463410665343241092785510928262824360709
34104915717607045181000126696250802742342997924858891250173282545805427929558, 31364362622027385566234416021541597766712852313378790675080804973176376278748
11720480026420921345052866049371722341356171716679665793222690064905985802075, 61074993037522494796531008100883045632788610591176027331761528820148036503505
72954219962371041637428835224250500643052681659909486855530099178889247497486, 49652710738929038015999248482462345409057851897838088533954489524890347040448
33342501112130566430372551403012859765614116141044632329640738468753192509109, 59518513433720425034475266654234335202063850101512310964534677710387567917176
21956043643911657247076989035131734544515275323989898513947336201109832684850, 15646795274144719530886661606079451280094376588912745289291999425097430856237
54580555206075620380459283849062259952107260605166472912449436787497115910595, 35961745584726550296734619542824430019220322437948806428118829841988482724056
30941543753728825990348217175449028198159698046439563670197085591772781058708, 25439924928068504777769875206341789417969558904422221387564405151597110104754
15416500703854212182617288653690217363101186090728187650299216871088259645858, 71594244454342522607201700935957181699934946762047590504115576000493420754484
34527757012333354406820128611230904521401844475342665214762960767663783674574, 73391377487073927894459868368777334417853284796574727711114374062850283043228
23562550456642526360981074597611517355609946856776135660969031488130485959745, 32593495006973441452117972640653471946571923485868108749537870957416219986034
12855823784053093920610412595199763774443250408262154135943128083071035909093, 64194840089901733945445292450483216101339412045569321688143434370734020654793
68052809333249447831376533214785634719005224012147990104985321369210890397983, 56438171575658155964746966612750630712393051225406672575851704886262684437022
64412371356229428295311632172441675184487379173261044146022192637381981689202, 65599545843615603984955001879065627490254997490937581600234200565054126175035
37262686623428572574389434811393185681578554127816625696807462488158182584588, 37049494551258704199634412469297034219727637855495004342552603731267493717143
25466944103045769922152570502226445863979137726694350307783464017547985961748, 12821008654681520645550940922540849524788279829792581562633144183041862915523
23299742620707100651235923473810656823060245743932731418794560191089718439256, 76321145959488268992485366238909886972469534716296559999156817778369977413039
9805320590022251922378897700495911595447424272481803964940925381843057674578, 12304416779410803452178858307266893002370557437632713253177004663749219239468
16300964579543788774380890866504527758567169991410017044259958091048450645480, 9266550730992658830296367288843507199150390605541543272224917118781443029307
59275080604624859923387001506982731300513654068582688641612802920230447112436, 73723030338835988521700799065014739082058659979963488753099025201583502911574
10741690311595568548953805374122910948746991193515433412433159493483224487036, 35966520820599818733411988354728025208195877868617344683814843489254299566209
2403673538114618702465161185799240954584124039346330134974987619929437468804, 34650166629948082553712503481142772167812876809184624181629729911185660230187
31730681344897000787038653142261072984381885751553165862918771382930021083500, 27853866507928384211229356690240961348712341982554183914136660045082599535350
69400491002906243168319810204115752717179776691006143136103004800912682536676, 68753747963008027473812160893343189689088035521045675187710669155238402001529
76740712140837361610394474817583989511098304435788839211926741327240668190027, 59736474688367783653642885178824313707763215627910933349362486750284869030447
76798848589490839049506017580433929024569048949782250336810858996072021131371, 56100819891127346268320226314222733068662840122112731607371244067004768783419
45174037580252259809050699048838386734310410436946938712270226717157650049876, 20351432803664872321627595953693216400918428758615659137235345134366773196386
60579589957543210195221630687156073309556385303323811350850909508993276862044, 71179812495301718919912961652081114111212686393897395337833532941724782695088
44152513870524343436481708087162857349412399302711120604806763713147633333088, 15073251745650308712389130294092255079922125497678743400337614192199755938309
64452484843968498595928937155704785658534195255212533135581767208748831425946, 21570412961860017005747063721487063285901329990826368240564079073995890276553
13951183529944146237088759742042940409098969209986746025346566218777406032536, 13204886992834428772894299432178037283636320459563984720132793487036596289247
45992643080017659641130896526198832263866551837307763837330676574766807312755, 27985174454709925482144394434950266000987112977509275028216546361820927569315
34147415608917094305918201287357934273524903646591347769485916728198806093554, 7206407540457395566678380963253695057913988539688447671761110747623522782082
65821740617072545692485702455526762531830217093173661262442181820517815285092, 35806734090990403286952093223530478368391575978708900899389062412368385105622
73778562232351756282288847742683831861841847845232603165948225353267955001303, 62057209468478165990709011918813851207859036533329073228732932019636026879755
75107084499634905833314926271436362124966680890852423727885090550530525823662, 14557879100780053844613552701224753531860729613979354227120421747547927067484
62932737231221619501329960157522643756481607968808341389615839416719890678205, 18959286342643008936906357787991554841914393998116463496242673233274609384393
10633283760972780261916531671594014156906818518211230029326327097342161644958, 57668528580397017724180265494266050651439603827848154988449241257430555961731
4966341507665082965531974217987940149912942093834453716031986262376103208067, 50626019970618512587565898850570505657467018370033267809333340785250535109084
18101237880766808933989461954176719525094350668661287610021390854280135072631, 4009453848197927661135744838433865990797117260991047132589875742956246014943
57579488511141337265420822013468695002523557021472056314661205415787278746007, 70660491488308684697373939473926784231389842238341485335645159217071964303833
75489781425998421958937815933633659598198173968254960164247732145316350201189, 71777719309623803865301130316940087104910902682615083069035700274158768990004
73764708311217358502948002727618886503917047110600399473328218686947533456139, 12793420333613588137832697307417173395422145295909337780235039752697500928459
48109089343492564741779230954139576658855630805191156416896736738346107865240, 46169911125143735740120119972797474227126407885108396816557022666804917023743
56758065278935278247142861365377969125028407951557036438780465535903196931129, 72630734567764407148929406698518244858084081088672511698143195195888532426489
50159681372825435169127356463536582431147306716299637520614569675942465518490, 47266858557533910235103999875300878833731960415241330278257933593561849427784
74891972067121471345738999362990832035007204291286436192335162295638219967966, 15218453841437348000796989288941785424515775568528608961903495280472602230848
46907242226993341019925142746359490404164059482300776365742513788907522159158, 1819783510419985494310780746764662429060870196386174208977433194214286657745
18800671127028687772916211248236615507566935040883696764604837500778271790444, 23886602758306251650165135461755953182138241019993415516624327458019061749492
48282887215283210322203735524505237651922347581284264449734701030523802124565, 42921861235864283396669781038057524861268246847155602797310069792321007501795
2319904171179835105842294292360767266401737086923813036184580868693893181764, 36503296206950943848635661753631322446096908459123912237897088988286554310975
7001542733863298571829471853718617605721465938965988666582292063215333835166, 23315270478471463056678627860558111058744231676877860141474470146216889210547
9607903642263968267611601702145210950731644015828532645649537672109440449317, 32323630768113603119371803832051278819519995575417783931536919920598355142218
29843442411223257795824472223471644134231427835824875614023732652467986956898, 57770741870530862830969881992860974749447867924979059323634969531343745017027
52206111989399929284521476879993661627296785926818559791452268583173359629614, 33165565711706391550791431035949099563312541325490978419047988474660308230195
2367540584883517832511128184960779346299629066818110544802996097996702021778, 31577294738550496322644816764732163841522131531799756505165025343406382691044
56905136330484151636484563105668161666861916393617923143581828510554256828655, 51681069412077982337557683846329463127289667022437871425301738256769064561050
67689161475814265736109423405968591041134412179936758148139519096233672036467, 56305149121196654022792826816251461169317157415612005184683430706042623355421
67335716446712937740995775111032755686365882227032691169087509388976196591842, 46537284739058137011733912611042630274551109860046380940255672204785568744226
7337204207558740564782490366734481258672946402800702252362250627668196327167, 32559370915242333389415033435626840164430434768668954447737594355949153184898
49703545320086718886681123438415341995665282072583271790892851241888258489444, 19222602855787961742741072233143406676173334833349054158220798309168817151299
46129020325767131891638283474650849072647042501478206520661900618489469174457, 14798701666085773639140060502778991392324934123797340798418924661330127793564
43130617558500961991561089868474533848077052548173484583690400169287749744315, 2380293751870233765702636464993493631096699989344564528797777378637740057340
15177733649256728257946342005436788325718486374783761981642475476554208786240, 73554919729591606059946246524216435562721513279723779096339585749442758168922
28693028001675356194802693767778682717137579510448741170100628482575414624648, 52146202164385182122903152646133160690121162311004396471154240088054537916437
70502771200624011450898273776133049893936488502341637407929671959461707095899, 38959252353789532575292766742791452732393332641938378756294438005307629651830
5272504534955570253721307580255870627405281607853064835545409177588313744844, 16993111483394227582783270339351610748403207120742873572029061354236214289251
75384400393983411615061011316211369782979851875962777987777195775655868992230, 54945871035690734624439723637870668771926352344737005760732364381696038132122
31943877669412727471806143064643411415639955798273591130882655883767892613598, 46297322982214002425482603138147283398865785697063528053032900820237122516388
51571131877243423464229289788054135816091393303010083235710252653326454963199, 6774956480337219572721812275732761961020199909158649280440597440418943017000
32868374204136463943766409702564010391269007606845615026110890600673055954950, 76596170709767013703505502056536184722441291607647632021578940417242206691212
26906315694763333956362989442626716319518207480630765830331702244591529855304, 24496007762880629896530089426256544610765138305843658152562311497310067460173
19036757150332293089570033598288656391221923777366069276408950568836298318509, 39586567108664232258094950499895832158638115004810364497368665100366741299081
62874101595332311859009542189948813377274504162508548707191523440516836930221, 62221152644464195061380826456754142948410134971061923901240472906765727954336
25770993034266284910289364488816921679461843397352463761498039867884823795670, 64695637881963524795639524580674465743858908294930567626887535585881695537939
53199666594766082219960565845965631995872880583600753691765364707903223782201, 38243587432415644028263315874351284717176574851953967376654905346504237587015
61027138361231477486365123560483043959331187790821051278325999676809773738389, 41164463217840688536335136192289373973106102013711970919536558507888222725746
55526499544528693855753956804534674526164057171393933451921881812799488618056, 36244070672039927131388949226560152362312224096121753261971801453712849665105
12377074418515952654260225112397833008008926548543961857138831542822157430713, 16901747688501116218335289848479351216248954008579941036664555129746020688031
9540574811989945818229123083264773625997790667619929726619156535874468128957, 37924208302346390135427047725877339090548857772487974816351579101524132456686
43335896340733559547252670449442048870892761530363784557349213918938471721534, 55853087894230054319621462444295402071486973200991232307142813059911067389613
10039991405512675055982875961723807656942067534242888996872027072062866402133, 17763279096150701458702136956376619731155480510420374855662000615031853354802
31364649909748246465927754054875329744308869626071958405104744508967403074646, 4036596141163062356317374224562381338583762866348984052772547002693575400285
53590159802293242166577671864140127124719168823253825477734592126361523968432, 16021546117148120075333580384377308662035161921626950539336785608350238317515
44422375010399028299266816946278301001932033386785836310338580897779942533215, 50355853864806350136598260233530041247070374495209324763201382882745436025587
20546844059491432130687555972277783622991868104162895603351689949590141517612, 25574420982686260408459673455952080035231523766188722669272928429783079321993
33448275195315381190778433893590878106512544664787831486666223132380081964493, 63043594578053571040296757756496664784841568941242309302870842433967990296647
17230477153178412092840935310158865724397817719451127499208020517998148808305, 71671722431537513459405874547399090778107623747268206839249318646551064204519
20078944286066667783608882689830311569362447505601540027041247205333890766416, 41594600078509098082457575814626992294181705455278882343144578650429128212301
70557140427348047817419845352496486845228680292474822154535021317087352213259, 75157809750851970758572947969587794366709868901962214474187370184656177769753
25561442851417940833080873420484803326855879515842718591896976709552899942283, 21979947394189395362915101616164997258494451920385832892999590864690984994900
8655774573039789095196971655607578470008581988762721069008922074823875949372, 38853434742264945090256229945316333618479833744385287837557341135759678598561
19428665642516514685071516380114032345363569759734096853610230028021824430796, 23748549297974678493663050837610509399503602982301978353395480765164889303057
19832287591356507465119127031462952801910183496002678268640323491882262520272, 56076422076979825324142419102920520336967972079299630431842962830411245956351
3171044519502626358084400623193673971513283593656432016202727858174576721456, 16251360885567136374656793444653850951702416576628615700805316907804007804656
24635117099373445057777999402568070497750918246728352643363428341357830483104, 6650175770649302364619006118611829082336873613113338395101327150470298578594
11584151369097356890267395389579345402656322073227563551131295195005503607257, 75930333553637696520366442672075461208383885281442429777896620378264198118537
25338370573361942798216744406898892339303353600047495042992783040309534863895, 48584110793973868880962824929404304830150217762671006010971217839476419854601
12555857786235038546297189143608416992442732339150675877448428686185144283924, 74953343916582184091618460801317527767852958004021421162680276970688464157588
42318730660044353076495969749054920902928177455959570705414832459599070157921, 48199349948622508084635940713814922701335549235050125599873912133651401035331
61495761030929175184808183077503524579927979588085793142236969287485233944629, 58648158707427029856495133983385108421339668877692949768685682830960410278054
53637080105855660048393648050689459467506123010498260316785756122429122676317, 42377575495988205053835079986209534950045374318419196173189755640154283522086
69864491241013859476360564764376960094621232122651966709334038675541222138318, 47337934926129736620956527124944544559004681606519829658220125332671323627821
37257162572429953958959721312321044112579170547222046721184709204899240414308, 28134946124188966091398988103351057132293017886957891847742021867219127046661
3368885040724826141218124115409348971036491123349033967135223667927139258115, 5010010914735808937277559529941098786085526065141617706066374763688409585348
59114821151168268964111948649736968965285746465208406799224092549390375056810, 47373418033919310497183898265924764508606454020211162045079320134658950426664
56971835094344649000416500072726199766227160104668858153214945961247138529687, 25604221540053546046970293659659832787241313495826631555371218511295758602571
58012003324518936001325970584515129048797978921217867472987439120891735516577, 56804115332141387069788613730462698108013919328253691644052732361578650235253
37667823685328408978700036162118469472657543128215415026993226392854945859213, 18309004145248569358031338117343592203156861742237287486435220482117356475326
49327519523150076142684081556693727465098319794554668778538722889246162708173, 75704339351621424061001702965819338139521280451181941760601302110280276975149
62133643033614943500918800031225182079451262486577275810329718034676880358873, 34407858032652990847254213279487356211828586688003408951804919456333132369311
62356306778335106182008293955579713775127098569031831083257126794347602379917, 30078538357220892596033629482747510291998626674091735645870034537529220828109
46129938666378541442292585050725995375684885440228013707097756456394220360145, 56096757180506136142773443612478162367212222829928100225601542522834022842227
66139681892570834849324708166591885519791328888993082870646929724758872024424, 1233084070755887057905110736792410785615214349276528834968074068595216576781
37094904495325344449881234641130023305260660958903546661156539171886217414073, 57462645842950947418231914340406726379962971835134512379911249106923627504705
61268092409456117683310290819527363043794219294299007664102640006547912691082, 66628988050885489154137879360166449072152082960506483027563912116960065486530
20283072378513442503711363974918480035575715261714361739507921007805403322075, 50759744274390190454699047875928491202001372325711098576522590701035406432812
37795518574285939879630752769766075922613386522126390540908631678739579306194, 46750645142666014096525178854013674075797476367945782130373228588063966554118
29621378129848886764351038253965670085013285762990829374772490873523612116902, 50906470703220229713928641762327001276689502688863283092459693266361566240120
12103649317324062252429109712764365067246726675034122604172759714734993216509, 70887055905212507427380124521640751769463145604049899460442814151512925105985
58573169507502979411638378249283830299629616108402609277993715901989849568788, 8641999448422404033659476414302596048561362497445409169873077069437561302809
55000128798218313757329938755920664915710960427574207305817246961568995712267, 2237976214744149895217005235236278803479514288947620448067002170046528596310
9175779696997955151581214144731602003574093432655959756999213829433443918993, 14756549051515991834686030616368398616147867331295112952547953182670900049885
54440650512521409852213010179792191155816508162239653032492328058910521061830, 19508162386719007776738123036141999335573166269062890966286552938065279041009
42215433926641977450717252206169871067924475792149065726651412385647966436877, 74368681507249169149719114442488870350536988179846287686734476724488759554421
20090101158122142731001562753825767760740754224512298901750712838284089365235, 36431952925515324436139572144317076569081310693471557964154481576341473082861
19191110077567784094675464947705551494302002926838902180706739681000064941901, 17200554228595470078559930462657569908719420211573603783521593228561487226425
1472706631919168159008514294459944727466890801513308040785194403571534710385, 64780964743408123766178554648946322524819483971387925303912733133487600371687
416807547893210622093421826152549847502405047491536519855585255049437519517, 7528670427285057484327982218924112933431138190366707467437708935264393586191
5948086873169661766034002281340192450377434429511521856796098260168233969562, 34461787026969234875906215591062379370232884174012518961728818836036176584598
