Elliptic Curve: brainpoolP256r1
Field Prime: 76884956397045344220809746629001649093037950200943055203735601445031516197751
Base Point: (63243729749562333355292243550312970334778175571054726587095381623627144114786, 38218615093753523893122277964030810387585405539772602581557831887485717997975)
Polynomial Degree: 5
Polynomial Coefficients: [14, 55, 42, 32, 33, 23]
Public Key: (49612983851809728097113021904579408169543683447488282564396994474735909848159, 68966516851428296229473363684411956155036434218127378268316202086548439046631)
58111782481437838584558918385143059796351941365365669669107724278385611388500, 40432188894870266255475110938515889736992798509885678858351603428401545115762
64790217463268190026753721611716326776506883352553528183898869232069964921084, 40933639437023340577874526237723529494654217313754383866047175449079856948812
62403875287501459399109550287697531355151909929318935424867096251740972108004, 50683502416398884974826490990155622296709875074517671134551327318204145516967
17909337278842816000288803481058480955902694031275364516192919916067352537937, 7366673723397291231912464467794543186834445155305994809446596411561646170184
42445929755138929528431090458682594365533222028520390442900931972482361631520, 28962967529475901415294095817694146357596065750009693813232032211106166428727
54861222682636160375426668998663847980627529748881490397028516146156155225306, 58562131692957587838610732906017443151228592900317356232999627003879064218741
41144833304013272172863441541678428952378515804969988406143405082914020621986, 31686479327957817580366372298467960853345464189062261816308712993404252361481
5642011023752569116680239012525723182925540032283933729004327512277282486416, 3846158427063695503804353881322987629803060648922824703742996739666794068949
16352530905351697189661779837803174333189327275808770023390684167602689987076, 67222548324408323799214264745111010735973887798810496228887467299580840680750
21815361272754163720235195778712927509772028465290581889002586291839030309682, 31965428976161085281895714955849504254611783164107154354994587579412587743115
43985633623789626662428405024936294048369539093901077098380288658632425173130, 41359799640999364402126816740217519746160102957581877250572417012647219034520
54740019669217469060944577825057648239739565975433226419350117598285986041040, 23000680797690566356446035006243203463717391790940818132835984502536253252144
47909861637462705143924574185440245596385935487425333531775145226282811629619, 9341375532220934135974404194464543575864172470127201981726710068160373907462
53266158181005702767320758321916889372867617578124459387607627415153395454875, 21317221394472253449365923916437958179553736500077540635210402920305910355534
431583369449611521107648223054306419515495998359790976742538519447063022560, 46656160009560637444286132929317904648026249724189814810189220245026248408157
4395373542615425765607586930785255106539789250773453330394995103162575097959, 54692698065402961664101557151105900560264028620528926584857768831618704929694
67886516964908682278174053236545169462158996930907919391974807202183013301880, 57499770874669831327178958689645419030925256139325364699423901774933251716746
72734833931747302160430673532833528159699120336736182177153093766530132050069, 72109818871652843054667380300477353226635439854588753945091392630490871084142
38400233288629079105093865349425761129155772783637888073437079098233455600350, 23607339385745406892560543358232181079661611082534042621891097537793744433375
34844142944680400493574186831959706855969433254392870325752195783277815383246, 28577601167883259576310113770069871514674950650839567845353966297043455837056
11277150989099268851182490158726912498089408748056137591001885451747063897627, 16552004136295627566258337112066090136355392742828769823462072537918468940400
15210284770179796188049246347567152842816148499421625418622791251771839432127, 13169142162810970084874692154195104086098931853279875996319518710721462382639
36564117782366199969046767913359306528581064800481768495467713829451549081565, 38667268089447637674013263333176235911475342536694735237841727318141091576434
14032535118754540482003298702626613276635210975878895729327608906663265136001, 36682614385277458181505495999720066403679520948793515725249356083090880726873
22636672517291544213938232545917903945257363271797183767178484619072949442460, 63576695711887199428466401167955796288123756344124343051255212832746151883960
20963807000640330701358331324317875023013404219230499239720604217502579746132, 25760994480077157983737964303143870958066333623081662150829307175941326625408
54235479582399807669430958810770913441863577392982035864981526740031807216259, 38032708117462284121242818530844153275796430325003792867456345521768573267342
51198606222577070866885189091377472925862625847244990103110276906192050787025, 70461831786969133733552742492319462251748625085384642721764516398130058076761
32260672470899588023601644363804258081862477000793615830166924727518487679944, 55590880990352324821574233689449456963658771182280379691496693193006352131883
10228481791876350311551559902037898688222078851161132304157748997821031859218, 69225611836963925251022964263634003957849680731709848323968151694983405874344
1965678708948181099897950190773074897230893460540141494634525052697659005275, 987751113602311240174392945640305380372762416708471097831478977284018715188
68977633104310733400671762259233091219726000289995718614776757289875023565575, 28244998624210029176057740678395034289027865484168162999749413053553691195582
38754507497127443802294966755965585270172937204390303400801635976307365814255, 60575023241626858590897919725052398568032401062211647635332867430196098434288
19925764754672082541311487948452104666078065897687920026732795064213881201239, 57326630407863491565993473926605617225562786844690848969770383506209382662869
35158500678477520287904605921745640068207779689013960453747446770116838623777, 10910645868149358982695861897146899044152132160854786717287020828108412029079
136885572994869499905009891581623951547842313790016462061297530625635034365, 4780135388342274274378303301336988530776494867449816882512261842313189451410
18646830498817281614872642292789503820158844490793990039827575045845464928613, 55471435197256018950954700173058660140207528142063807607994895816085372145654
34198726785145279179548897656249897382497903728978264619596422347530000495188, 49865814307036268716299063399015308724722513568828162397851735805525711641992
65770187644936605427296702334469917237746669040619451123643965291408641435615, 15147806112979993528746185465358473609679865185911973699199680191787332675340
58500265994199136130027287329580815309390716135734917142460470391145686681703, 20446859789684106606774620768415562706259423513616037542747415856784888185087
66706973833106542629276571587061229192428817111895231681271152917913109424225, 59937803175318237751047591467224939273438413238349237598647844278553873768372
73958756456137890804497466956666828934734854854654362082567755859960625850088, 2062642767799471353748478614726244121300388729428737127110414578448997018380
57522338316454658913546626084949338123106136028446892632404304625087273865866, 58685505825095062958463943715343034278417597424193834875512109492290458186348
41401349011451447260505508180276251854883856188361879165000255594960590635623, 51114443097869405485254074545506776103588454213731645073936578990413822195563
33638168598470747785487876315461034950002924112677504298811808523390898518568, 8147996126800720450302805568310237183856373476824320467973733040075955248367
52447035917739544652759749213408420302690463347968200009123727061889754903301, 70592577600326880061991506468269486050473764378617681666332382713769613902887
74288811485027047957199243920304767433598313669641506863490580056799082512098, 6147264449227801269975671897450078955782916887072327844169673905907252858527
40834485205017523844183972698175856722213079234383907015303710580728851072697, 71160382675662703451754993382235619036475026709607098307849112943311159026207
59288001420175674590947446383495048429054545872688246387817365756381650819666, 55407924026094150832575280924012578326608019985986529923576396566105167015814
53128887916295089365397381637539139607644953927133428934952255262999621195901, 20065531917090963205076229215540299243533690663998706609728662678216943337322
61059460798426276457867900750490084449458443351194390575496679341358385270288, 5647003719560294484418927178362273928860113858106430139185129468501215040859
48070421659083199706775107375908738542095991691530990712918555751949426605033, 13901143921601047783044891762834316971186273188377450561872007513534424612410
6351650213284899207298405308038268514624527233351681528990420348077423596934, 56491641702543486183373313227401652697099892509065706932891974858483135137084
15991919916733335377309111519935624467237886263346500804567026868453469613185, 20957753589775065333989811135335228783006220111588672717450373755470178428705
67446233388615296944280909574842524086351873629993824716271581802611792179225, 42150704429677987091307997368056318264465105621361648052949526477224786928915
75415528297041382154146352891826960099234240225027087626507398805199478567442, 4669261604767442594765478858505498482818935951705123215913668017306194139420
68372032781899281320212863483170734188967068349372481405193023368308651275969, 59190675872919614910430841445995938358550104150310418382062677962837894040808
19445902065467129415285441549193567789864816853750606443221772015763654619832, 31735194000034714421778101857196209439053096414408929155380336920623453051836
15734179694893354250565855810017473270959769756433031049496988656563766668656, 12368068646928221903058730094552287833033433570985002590755802522667011760858
76852046671371865568362604082703455036471480847816354717399557021095274024654, 66938735575533362494816359451677950779011069750700556044162240825267693715085
4394602669162091826632407155898132891708203656283443029400147558331831836062, 66695922276507161438740914031222097468317075712457575000090491025949410880968
1126301665625420832780177443481545013960568639259992879641834736436313861252, 50004065797705926880716582909910971416782401149731925609822575535814494347040
47299800859267597192618762042508841282839508009432722874737168093535390749257, 65582411790261727747962817093787477412682186892573099680158326133157784533058
66187015264631734959581020075633299468921626474377642026383463775862167830648, 22243093102929978117525409393959512549173982654133812171132889516757014356829
73973394628228452861936804509355006421989193376410300619376959135834879760833, 51616252024507905882868714654885016062489235475647068175540114894406580705651
45701711565417660589458055649138522324503685851735018561104238983803394565830, 1972521948070901891611873972222826315520725482551031266799119048083246291231
54787809377590357656379992372904432433812819491603474131834712829070301904143, 45135165200481113366793363303786136345470553148386679868441460545228223817007
28424107602473231225741629816861011264069808494232637917395400619567629912087, 54452729922606175737986015180281391757548845467973562833913448485846817223354
30173804894973482155544208619933670651761554246557090307605105637799714370688, 26334138938803633886355879075377983915998999123327947885658225030747075171036
12822386448987505478843839200689477172271681658253962476052748603035300123728, 27119563516804041861509348034761271602590129518091743088235979606986343979077
13923093370198696368284106172975967833146130650399337472792022082546566293160, 51793510925138613311741227601265699658752954041221116721755909908023755248308
50760566511103400093296191685618189364410224782964108601119741148847849698525, 41082693416310826623005365750597602730392331310829413662053446433466490078824
11346243622905854547765707086636680723206841009347751721319566626768403648453, 73566112800073600067365194302671731233503898400760716277899316722687840094858
65599067170548023952206032155956235287302667276711627093569675811036751931835, 23317619931065805185250517150122697026390817770611042814490422802328352925800
54195025466057069133516397078028330222382073128161003577954395470319086543982, 44272301854473834351793491796843626495287008338857447894923276482496103696583
44016802260125486874208481630238102560412908780674963516407809344361074018268, 39707089958448670269509041344902259209150736586731578596359233341578826013618
74150731324052511909418483492856989406072297205712553237804094039959152419796, 45462265607719058584296354332262311146984713605362177935983174811174579648530
26821807215897946248648135708380157747752968437253666527468025263189263967594, 23038683537247833864504250644805937039641824320286643659902046966943227818566
15386925112904885415279767149843184345962766338508374313494691194087720964422, 74154996626604969301437843945206346434438115111306824893880113309398786728880
21658219103512094216704950250098388112880877361015438606996859786855390306750, 29555544631226120039489044122864280454291071650078358469507292565101923434580
8012135971414906027341058889034312948563336806575373356393534183516075468676, 76157782930944998962125725237069090989972823158501510454007950979224117024491
39351430652457239089761147472050809291496283692865888711850869887528031521745, 51917696474577156042285583247997262404972551192450782148932259098484746845598
9505197811404330938560409242722066567342975920282469177237542692625636365658, 68526377957383640554843648940346382832963935959501766228764167355310605761746
41681040850633745025660971072557622308839488902422857548663480643598669210899, 65085739306840751557332406497232235159804051443777200086207602619362510206456
53793043780795586119569796894194114627518782448771013225315197995211280722290, 41435364191295218893620584822592561459788681904304296847089115498655176021906
17552883458997023373763421801991714701548861126214366174934042734864969448172, 49904004170892758871246438504393723389315771478283467297685606718792428966207
63748988118287526978613100791246089120894330727720983897331191429641234960865, 20621861284017648197284917726311642769067289140491410907340512806720064078698
24415850449114817708105530801961794838483407043979735169936370453849646819073, 47680512134458281268999765610234012125415727656142580314536671589307366896508
2910656908455916040407314642658849645801343471867727513206904595524074798941, 49617202466022638557460227994039088958586954735049555406616206461266202496259
45971476081367857152823584703282026783978553292307467963155175672437036018160, 12865253691635521822294268810855129198805076627314911127698229903763465845024
76177027026626267536331229613094996226358652465495700938896914490524389691221, 4001682286732782289982253254285865087759767244294918752542132720804845861164
55890722059435640564333024017353141507336227115865727208969386190984959556545, 31277570623143738606604100524173700092593735898887623140133846167402399295353
12771435716736042915336770969307598770423976695919364256557042704693521783368, 28283008040844170609624490286429736955572415585592522555568311684895688297711
33528053664305323433538345214879648601760182174035273575965041692485905443245, 38890896185597273296815678617661188421387008793499873294969485100385991652373
31764570188995301281250827669401377775143905934375620544976809411319140787804, 21160800476991902669764731951814892330789467151909000593033720396228966050024
2917286600066144230269598383738309400655781573826797281591107656618395193255, 27103868063040045408889060665151979157106498837478192233597582955803532656414
52999413781186057398881780653605267604650310293376939464997052969446179522485, 26184845063763270520911642189569238044129724064593809327246240825456855631153
64237593900895479194652313210741241660463900537644952273098224598269639830924, 15109838190715613825189045050398553761095324593035045695809900102078470368005
12188658667371166594188604242332984439861376434645672361871395425853431689463, 21375271695990341427145499440271502542770792296863323683595291887279567194740
21839221599294540344383129868462206751698168088075744144213401227997440085613, 70425305611045041769938165899278653538309880093548151268841029499908215071356
50427515674966524766395584600371353221339781496469970293116823591355635241539, 15467822848590928129744718149473824965673226628895050702502644581562185992544
33269448932878907555842816662322554908280941169316987830456464289367570798442, 58699927896632621538823950890311995089641949404311037825283547398845911653713
24882842549193857448081599150866422952684666927669167301856080117422615108815, 9558360809682982525538812490223163153290283143153526814479731855840277707095
38569302040145667737341820195894622736541855850408563726585811519767639597167, 67730604875084149105938321279540778955783773117876987749716831936816580172532
47428574369866507409617871229575449026011073915811146116345363148406163849771, 19908446610850447326631947097442315909661456784370231871534938599082841001885
73190492638605320233541811062771372034451399585205787660185102003018445162945, 13533482988141509891948960611955416548506121618014473294626628480038141465813
44292329397348701766908902950861301483368796188015018790256952533265263022424, 50988975308853781328708569247867142210100680360241963139063740582346329993937
60693591436738142971980312807729370645116715963725304711874365029677945432498, 62107337286187140289592106565308558754069195304694680429543814582147262196945
39270753664401209613267349207831435880688402947294427868962691108826786498015, 46898526148168930057490350719375953465375694260811869087539130853327560199034
13221981654094452996523615667959173697189391981158293203076351792668180458077, 5367732805335496550879938884607445369896794830109359537932170322788838122117
7155198010126307885397233555408870644354657711600181588929527611291387850674, 52692774052812125893363110792445240564959247285105988499524914717207815141701
49281789125432881018224330072240496665961831595122149574878838361032517647115, 9489410689173104174616549701277815483462338474593003946699746454665640556440
59482187035435855976684610144814908097700826999710187162332021525754383979348, 1890096628703785132208279094488520381740825512503280895738320437673998902633
34297071203929369363334637635163422079995990089571582378204243465940027744764, 8436687896178556123319478861629429377002598128845459760379860587721303071297
58075609645752028834762685108495054267336552345407908912873318391182426125205, 44561774653130096605001649361956253719058841785873176747410529445616930864123
53034684463050058614418747611712746228478625943278874792196921646683444876308, 44933295674907567776925877669811424383481745944415898465174815677826880302713
61178037381768419053336939746935620792018575141771762212196788986701511161339, 34550866033415728690478452314342340978435433418655661853182563635370485384009
65307620328087428732840107776940892617840076670173636263642715521984255832152, 29542329579024420310382268497592828235986207653471056328382617548784138832769
5048395690473057286222107956763413450025124010921357530685168514295992578012, 47815601360659860446216056759724746766483203091459795392621347926302858207785
24885999063934122813186345557721972304184716334835542277337227199897868614927, 51617296757236182610898021427687383742770052675716178298306149755955630962466
68209353022829548981351146695693686963313331097348484556896728191296804067752, 67692462835624103264975259010775720577746477550398356122016014080456631474065
64604625521185576069198083474201326207609003059722524259225865463475516960546, 68309754385604187332556643171210366145341885886984310139597476724415975366802
18060097633208819076542660655550667287079444135738925163909317443985197594725, 37659492439508209254583663449972045607048320460173061260724338881122068063479
19342921628971951540642471648745128775067113214782017678451613707898308584732, 56579825260755817658538524057901130037554023111088969838830108994652369031041
33139392653359025423997210138551237991879903370933933646697825448380882752754, 62953421018926991398094262916630688989107683751192088620765947464214812513043
48255757056578657976108118310302761986198999125740126408744441363820625008583, 48093726243484328007965036042824609715131215204899301878715324899265109633405
41238818879715059137312804448032809159401784645932522316966736077581249785338, 59558976311024143855246820584233678030711411268366476917584518861485370036235
16322699198498608203996492603085254782969127905648964868634866444897088147622, 32574043791015651617990273457144598425386983909377586489885342612176082088027
8368857969296919064371638262262243455181210481056386310286479289981183094045, 18302431294776127154480889111114751398098374086907208544921654219634527636525
64733760111685326580923701680958984247579281692577202440133878726922346188792, 15801549251005669026467399437177729304487055651241257145901211126213429726119
48873024368459886911951952593104118285836457182795620470541484979651426768359, 6840236245955759161486978774732489886665629881334302191804600612774623337652
13475852352739016529091630275568978966656339477653693108003779559693032160613, 74547059378039160821125014377881857005037184327318685102109612893563357297685
5816661551231085839163218666003263626136380206360013484669733707252003285502, 65212312637239236156280199908035384827544642996384807236127643019935064118976
73887491870999928624982121782834086550891376426305254338376211847613189191623, 72572319593078383198649637921998365578415056669781745874139247088992807024477
20698039788723927558529964334602643190643741044763474595915157623256715812515, 1085577187284423561955507870104836277204037430630717528827934940023988430088
44359375999658676935329999524512542391319057410004378324008155524600007680199, 10065146651084047492503239159624436514006253999134459867201122488066457808037
18221403908902441511667676019743346510860030470195470539291677718416678230093, 54460145833802375006072111168211225635712524319164137853315513733562969856537
29058219952461332672461611435455552860171020052398667303758969235651712761669, 4438141147831725905720671223381557000992200525357957902549066843514140903089
15752160868074585539001306139375172214628829581876380173365227124483383700350, 18890418592284867488559090167400346876994410989802886430582681119893250539419
24145280861537687955742608773552460134331573888695621604198224382913178305987, 38557592994422236407418419728518414429835252001379778091591334056661188069487
56641263132994300127124325863007827424727634286076773596382441985375196205698, 20590902773153855992510436482046608897045165013189198605354961278551202022044
12751256135189714868475554634160532404368723444811426627014490977029314986793, 39198345767419908607236189412885527857306678413050343046966654102997986053120
43372984712493714370582625550205465734419613152970228800910026921026082543921, 19617801456310459703925786946397106157662089449256635687719829153883903391553
30663866220299007907178769044158875276446949541768972333987748746468231992525, 69411091425100116612744388976379557626234851935900471812223631702065254697195
61800830120045992135377539988837916958292662453132664069965185483407161026961, 67468288280559898095445065816920911587002417660323744098981342653600273570840
56241683684295719778898764955534415585333850533412185598423134527791966774833, 5647668390625559475996666200082410519623145355077821730349756832520467281615
25752229263672929004270029696132427560192850902921480485278298069338032145114, 59639867301208708459520138051986907632182040022618004244688885301431676878283
42355039409641516341227221650516630875487328555253440122058283876328202718958, 41279211983625662521785141537867777229968479593542245138105564508735491812284
45058326947007898097583986814075085325350024879332571949968300345433035953050, 63591885037078194248934398460377223016419882903982721785336801227045081747339
70484924570425740454049900362567580692021766983127940989405272077084973910701, 984780913124540608987087656497958109183976186574419501389513612866160357094
49465183596966095633933738774678227265374741601704706095194663860155186443494, 8470867784661742007109867662132165390774949300208908826364644883637813128656
17848434422812417903846583923318650495159295953201207738582496595191633484410, 17272010911729150896332008912747683101776258546921359880448918371347000344590
7108701059544763812663882576277689203466167849415356178661796256186497241162, 48554944203168489859424496851782762968985863060084161222607791835534950497719
55436438291367115855850130592105726871773886817754829641987145808104443624459, 23227471677698701342567490885602346962247801914619986634627442303704509148914
69652902482949094110178955284122309595669303663418966753951786429266621872315, 51019360433518333661135967693587611966582349360053651225820796875150536891050
14016786469883431395909935981565634277938211163130978795343758336449900496294, 12318856744868488108631617082287087017650098242955310664083046410916956006056
1759309153676885292968220554306546956180274758785138073659043366619984328394, 18090171961161827315870944476481415382079761337595458569391704615722201135181
7491852948731507561546474674070739988847321392773357670105629574039252406932, 5133257136469468539285173512273977110727893120347724011978054297782579704426
42051361077478277336755291960499527691662993957050708999504557198875248767584, 28796073602525081705290390951088676497084068708696882912950406062206138584162
68049753954785128491819649739011225813666828931446485567128235921890178368574, 6715928701041833163232957459674140631425913831476001505547681077748697278114
14628990197045455670322986396459607358938381583663317196942018802215478174417, 10287435144737357696701352253582623815258149422368090642539315366032870520196
53108965280081717273557716295351817218495784072334539559828783718969012223809, 62734513377639623414835358284848683405764418353349693231370305816008365983736
61392738082114052524406653231935985849718671776526471203256136449386803378913, 22477820362942469519445174087556325896559378155497114604637702771218877576839
8758836271430621326575350933958351206308683546543755400405654427870568742101, 55021421537646963073894505435649154563133253884086968412877518862343273497364
37631366944286834927747266034317189741069956901786688757604472063389237041053, 53235897602634481866987292882494251835482374498893598243970774899133374054362
74363376983785145123503946748254547493300936866528862467557949669181704032694, 18686945707368474954236189991719959693196599236872972991301714232602473003191
6455808585044609415473574154297095333106587028250506749114304613379445158973, 28606522718016038867255374145870782869846661470377317727036756003751864048821
48657948038052767794696704533453658193171016631416007198972224492663408781040, 68105221139358844585812909305474721961274102708092204585728029159770586026403
27280047853956782465982689120297736659267086969438992239260870476952411711344, 44263329982540226999253022043953575085551281699087164935720791314485915276838
32543095695775763632101941743638038115355848724564991010670743248531564083578, 10793307825154938929664575531098261137152906922670890946855751550654355928484
73189070328194268865953224857553713319947251613308762168774815708959440860133, 52970730752419937509240710346067401644818535463307085746810910526337803244717
63440817081818575063871663178241133335821357569053530071501461257611762775708, 68599922769795806388665369296691994974421064142751311837083219957331007035295
24607347867729136485683335885830926320844787112755934545505347379801794497218, 50039794844639479880204661704763616249418888900179850964662442198810489370235
55127933309156479453975953111029897499254598041605523892907006105681909361531, 45014942493076485356627804098219792533611774036286406717088178388454858724401
10755402106594734564675750708329541517257636346097929822783503369603354385694, 3522661152937114277606932958331620946868023775308073054696887447154913157281
76361961622797566919545976784645522802902590603784802373910287630777708360246, 36829440872790907530696049295034137084601095681570189049418234528529067181996
71537718810624133118459861924305672200064183715373006233580627851646476781099, 37900540907117319454199268119381601439493994306411009947863633340408721456042
34887721813797430099166785229912587010435967819411578731398452782136417785965, 19247760379202094456174132928629247196557291218106375517490728533912035923272
52770345596145033328104751131752908745926770176082912211991363069179683805591, 26152670378227916682558606654428514758675035272963890288857368074905932558225
16117150315552298360028722270946846484322058335346733746951192500742166084492, 18848496770829091991846488382828227715729197294753427974453838964033144518544
12034240279874006581135542526280299676840976729679743128936522473266946123408, 46549049945964949839333309932252726023028922482358533995019582815980425514615
65201944733856796509755779460730455862779650544303888157519092164393468557416, 50366537856782423150318268816285421056896745965929274452413099873760711904012
47360754308722503668058180805723432664375729078203566954600190930602493139444, 48892167441812190255288947581520287444148591332600201981748503441084893881262
25532361496779157183193609998094159740237999416774698923840051807840139801029, 69513260490011947708276459308685469176843191502599765226056938673574371305797
21678627226825916825860270554430718882272975743731596038005399503283480398825, 49663427394826791610535248712338530938992759480459289719011606548260523480678
20038945317394868474328735171745728400400902910119321581061472401300354753569, 11537060404828716701259968707299213376051876174990421691732063749216978326619
69200978960924656903766874926958399198193471099388875059774429134642603172195, 22917249113934860060880367012323017985530343233465606575574334491565441092332
66040491683562270894065796904090764291934447578036041474545842688189915783978, 46844662543027313803997993245662598049478928668330447319863833774002050555496
54538395695179330314999873556229266637780605674263531725522017872601738375901, 57786881993507104152884285276116359793477634023034410419952646875109087159672
39192111231381782005915327121406579640368222107695541620080983347203803228152, 18147373147190123977192149196501303243892685337100040083634272375087449561271
29655166903415596864778398770290089785885270719331181517629948559522094681706, 25915832588806258495418017609856142670182119237844263327618526333529838871810
4131490766673706816519357468719543454442804353658368557477031898322933867962, 70285695718084723824969519852631554208290396510933584476466086787461860828154
13884092603345121679937258767474505635334487694488912302238955632224850794414, 37648994012335165755849141154284953188893212269296043096900525130622104188843
50299842546497812168377370218788668765041964478789729816591948147708191343582, 30197320956824815646560538126613180100986051350623428283021261085766145213269
61981582800718017160699666450332402756424058657610749614182866008487553048153, 65681332143109438206026950269774295852613521891804659529346338233545319834935
75068598121077472388332913276641978210457810748912497593891513587697088247621, 27329773674041326763566321385369411157923340597717986813218056976581689223561
24248562337823763028584439206594728324915122589252477221280434285733899029908, 20084369226514881954776556945174769894711956061969246341792532879112991623778
28054799008435160144165070300700294975223362241266941727652801503139837432786, 69298567781007132677649123259481758159843169448788527221465573245710066168640
44399926438492276314040686759845209553718616051066985841404708555940797880673, 51984504478324774526866214010687200424629449787594171603709440203533116150999
70679703945140297929518593082741395041084922403019496599816609176125505320938, 61103618549955973957643594340827636481288643603870083170435550212512526631114
63756312357496313528910251048063425605011964770167738803793911043034329090962, 16039956138763257268267855822360424590174524172108141290328033571260272144350
47421437100370138096111222280727875679704086760626703865252752611287421014111, 30808460049835878928790192766807378420828948209393580716273034279674517530767
74693405404039456851480026142699452316816708591845487647463416066837037703023, 26360871212528797967444326818544385913429150920890275581553690864360868393983
28543516097716518301035392454974191617576203149247568368693869562167735642727, 61978167323465489324029137644822912846603647269581781351461547227940408182982
70526033336433500964988439812020474679844602952869388237869525119136843866889, 3271751941663983223842792741283820761096929761438632523521788674104385674381
56000295582182778626025718976482368858808087375087124074551025507145570684907, 5536945401883211103725551211868048672590954530780175961937398693215344795708
15932519253442904340433605206929185409612544493277760499212208737331302205406, 40468266974974340229104658505324176826594040724554195744333330537251881935488
24755748994522772000640392490912042842526210177554711650010207224168114091363, 17156964120026543397300080353301566820232304044361069735297561513280765884694
10178448036201717779896073769972577245089816373898003838201049309126739967431, 58399629598177222726278268215202774749556967305843681826570464047579505327956
49601393522240198188432847572236635783842884955076586951723645771063974667217, 72973247758228605560415724534858519696028999204170777692686472101514267480781
46696189832621425839007985376932844245144364652427600068064890174392861002681, 71425067642481779072428890439491727804975149445814229602106920185134130572352
24415930294773505115312745603654505443940332128497041417168840329461877144520, 21442559823165509568301962922542422761904753555911485601141564259189647222188
1467583146783599748911836998285457108246717346299341572273396708208652975134, 41555561894390461718822154589704104403044119305253400635290361013621446532382
2315913314767041454997627007696211653837871687001676630817198916276324523050, 45636674465835592549016834982186444522644184416656749148935055339498947461095
14147380987066393690515353572396699377350800211509247202059968895209188047294, 47205832103860131694570992085060295069801768015808858472506304168136095296557
63898236781012385650404163371841399818840887911149430497311407322871605224233, 33769453298918553014699620592297838211493235727269006830693548566211477332626
73580838672099245672346315206307072845265058765321263916784627449953648176156, 60096137822364901496417610101250641982229620054524676411350376008190957251546
17784386813477250621688080563058078623443577144503481974874082127861424107957, 68523676441556751571507259302519761302318366680532758777600442174707322381333
31363892959116283901534623351612054507157093960011280535946695070517348194330, 54305802425872156183785739326378715878434445128677503658162876473454112947219
57079236307949237841480936064745559070627056924505132344558212320803191557511, 21577622647169673344150185041727542944558689310771583266590069922963742277196
49106535015815395758921236309073071174067539731925060659913081306433895113118, 65048322638666073918432242956221525862381514688805042142166260209486603119780
55877780371548247570747399882217302421491451249949034079741285225541031074834, 72060875853336050695423466822156362799998186662473421819367883164445844136844
38944324825294744664624381943471386819551068326286826952121128159105844827055, 38783120250211649032160287772802366901557103744859619412077440162586938806635
55658035410788853951626479838946211882841649002278536168054095163706966094019, 59463099605494814075293770728067819320069515154773406260958550863882492879883
64517278881843805658040197543223520819049619730979868458807089156268313219792, 48695960135852757506139834086804955788104447795559247788323332652083574359965
62685349383176129454525486130057788274061865372369978500906148771650597957291, 70647286101661742716119716753340191308272297484809624746024681258617439041906
44666573355087591978994002430293595295937344168383682973338727804269278993078, 71931500288027460732110675853540492377524259474232120099800956295129976111626
50917494836607322218792275446240635906173820030411011268750149882127924236425, 55324421802168418573076094079298355413477440312895770127499728041959269899277
58498614056812571997910196503091643356381600230892894465281467155128309459388, 6986239721435861848816942859819575369172257731906320720981440490302635492920
46946574243124306304705962421393162158554650585198890980703522933745199629580, 2334005852573496615513760862661211466206869107033173672565008184824340486255
53446038141263988805035766970549433053048221790781103604253716179962599884893, 4769828774247920727962176750342010581440838017257824492154573827523362798573
55682912396700216243976997370291675912336896126259136711971046528751859175938, 22457772625584753982022224096025712155336575402644358194149493438382200919233
17031993248988229142459873010673266753715682305660684343771820686735624604892, 16200480674593423254105405273016535293443548246837326151173965592788438398267
27626528156404948374268686341176035565238960335841235916841913689796592472903, 19379132059326861487231055623698154868450996126770623869655183361824769624641
74624223808260634489714657268993164163451461045490786687339836114103366705193, 2065281661967133430348337449411811807419941078997950663352903026017498506796
33642764768198133082805973297449957505850864454857115925992825377927007929002, 29986739508353213825703868725545968729653211773519699238695109241703896394273
13605525655379423491080308163783061482627585075421368507587074333989357242803, 12150568427807995502250459449123254317824879124420653209298143726446401406906
42434799922055031861086359869349687568961704498993113015251122629874187895102, 64630501253180484618812738484309562033999444859433363972407979788078144185645
14320754789403113590286423948743638232429055546391440313841221148449151571790, 45832757792117937494540534162198186239630426687106060996613168744765436575537
24884534213757455185404459551631050966779340393576696053089845364045793887972, 26821931809843647180679793949492855921122221752742508771506882985779380828835
26751339683329765729943644873907392515845828548451587792925060731406304397726, 22353234458908535213673586694622794759569763849092296432716948312232180716202
74785683324410642316258674743093235372572327490637451061440673430530497911888, 30952247052111056192646210605642160380412542723940805169765103641954763118424
1068167793009223219832783704038909969496750762396255395667693591176226335282, 35277141865506327066282980690911551822428876055105631048939111993305718528941
55475869046651265392123605227326972335789796192990886519875032849370026834497, 55284519922284152356346221389420699150229015567552906367274845547586444283613
14621456138569675437979194360987113589316540498612805675458192363605716230353, 44125736340856969439419297409289209498955286981443824317954526601187501569743
49491032601142990760150401815568575417057492270403759372411534854968134630799, 57005833796313491379241400575559021169151338625397361665502076029658163643311
29465242500555670898838648101103293725119782892302392679400985902258525002190, 68095329859001882954690168083897326340840646756701545363372146027258970854653
42045579731688609540878492905459709568710098490673270359609437893713975221223, 11573530611993949113858949432041392812067445694725427873474536145577733351197
33599277472096578258758604966509295000136637508916096087376419580656274290652, 23429326436582289985951336849191001423212645196902293842466300914928110440620
29293503277962168143698045867026341134397413101051848318909301315045145745833, 44187901117427323807648702529607962843592444475835820829866651864172746526681
70919516212761317967724782521667997431515086140102351327054870080568731995406, 40929914921133569868356523907077027344026769387359097448676483085853866467360
14505880728507448687094730142215653683878989933328743217429735551609969379441, 11818338308260119801847916368720528475214070428138849413908205616928401299882
5116517457815212114135938084043944068500586582576590783341995807206443183612, 23297346234556722842067141980400861956140283236098785942833701442885686934295
45537808268271549038502299209203770940772431600155177452396297326693451182533, 73838523329545590810826725406491383551966259400111083417068077252672530286204
69093441439191238597796123883110829160748690107096421409109417343632501435994, 46544739896520309259492806082208582707403008282650386893663235148715485241301
63481290471702579829515392158316555497743535504574393038716054374556244735858, 56748757108855980568470857476505161025274709995693117335722221531095590113925
286630894619451458654161938027640068823814948882922931953656062189141958549, 31782565557462963952712168803535476045822588532549637111395844138112805959460
21271443946059177066919479930986048918276554713192034349506171113957798322132, 43524988907031243014973569365399187428382676643358322355920372513968623409826
55410431739874515658798083297052339498391119882389967221253890654498667274959, 13549603641371325662094073784496701098549112062191606596003301900082499835985
43923901398085821331557219435920540255738406726003855555586556087187084071539, 39900259669581318339396642207174757662502833728053250007142929749303625546566
58623498104018071860630635933461872294264377890761520384091453174123168853475, 47795986003563765149730704398506844705043734741539945898116391713526141052444
7002017520793091249522102360380131286713813749093916029671327279800701059392, 21489742182573989764732915472447884933856808720015339103107106678739526611130
49444966265904527890814123603700853102844672503400896167410984371121307853398, 28381743449038909027833789210616006966880651998171431348716135465123105597177
58668054662325674608133852040226163922925245611614777273034746522679036427297, 54598255542009260113562843879337021757831108584838694014310610892868162705547
8457737143581339065624668009857146214571225361576193015638505014367935708808, 63393643901648244930970631856066343487060097805367831214419067942061965011320
40387933626758796690010274933229567671407354806293786270721342853979541567527, 5400893556285576051059507184901606407191271440474035770733651539876307238891
62401056061126475357983849182303750510090758270057056887062987880311030955727, 41290169391948768376267172394871887776086567474737785391676983074118181080589
2773182100102924890575389544645918637166123890988009722345053020331293856854, 43376256267899811103500865162662501286237083847051211336509421551327825824203
33384357249380146736799778885766205884616491439717637805836216652159391688204, 76680091649867563884857012208159712111439245481791970539098059677073714565079
18948887904625437995967501310780429058904047778561852422300571473501447824459, 10405281669010097728395515902324998154575471667078950548397882969771691577996
22018610156222542259184792216225722977824167521048905009330121322046796007528, 13816913315681619622693263911061994012351909865394600693405695688479853423958
26367461402694645047539933968687776177524196355070507660631222077823149599471, 36519212200592569668238754876835666801472831260791162843483459377040267462433
3097677325536342573916934071825702862889031740951730369868665574173062172442, 40800058224407580905533358141321422195587160309583866219310318938539247494980
23711033825797260350536019427469332755498277964391061905461165952849797623322, 6240300806825660102709244867300294993963516036446487697241808217085303034285
57873210712131678460327501089750988601698577392687833389152257642087546504925, 71859754331257649456344073218162209509697510159613911917404094225895710753670
51893780945501154259736303719640007330215453232051355786396282302957190857176, 40677811272147549071021312992882812248477861032532299412602934056968659026968
21801253182355445018084429454297831425254762366532537135360888986256676250116, 33873443249235400141107227117497952652596852089575606587153392131698744175234
14497689709893561024676389771402132365925552333904037314165731113101973895454, 10156122800358380004465798558213381508505087837992331931997952760389405216879
10398368067785684910707044940213679852760089302111123926039340435608941580183, 20192074503320945756054906804393473656668584294370805968302069060302253816509
30594322165814207063425055960498305558723154216085575738615659067871572079615, 71447673824488569159222989428766542059797939938116161956290060949945873368349
580395379377694728820256568423841183718733085833721068626124109401951726709, 48893033440055064536340212348282115160960276486780880129847446331566808959703
36639728743894580194084872505446895864547385618535892581579332999469206284387, 65822814792074702955408776494975288261449248390584761359930613515150857102659
54288173943600539101911637341490531353615255534045622601024900740443116861129, 28376065806514000101881304304067332423328318635767091102117967196967276413320
30710944234868407549040097670528016396773438583124101885981299900529129480883, 68725202598045546092467958336071355066262832099609020365686672255840157433603
48691569056446899449140788184130761637655245024068223684235000221168829056471, 47588576126313396493264006979558452418871504663237582252064931064377287454706
41569001701338844511708257816614899373952958927262310264374298347758912874139, 45364361158549181346383859532442298259282055183461283194719391662471445638833
64951465587613774544778240117992588994283345835729508011969344398325733274846, 54890616365234631785342812085788718678362270277335763197402593608136885662138
23389014342574123435534495416482490179771696799951691458186820340000090571248, 43012019744498863375481433302378039033361033186970017437987693261885817867003
56374411219672564456696755343915990003618973934532190086199899706094376979797, 61712923330798210715581795118870673525199592377777598328284674250756911484314
6379096801427274756417804528778548248556666503284615351457541677272280665292, 17536450225082967012040979536452785986376511825362562944096967160331548620083
72861200765166204922309243120563605661050539233868542735509917145756634904118, 22708440137150664063500846547593515475795517601383387206809385456319484826728
34143117038688755089475689608303380391996151772102511983695438432742437921139, 46837518491457073533655168142691118609372244324203008920717974545807557262
37140485249952303716816274068609415992045865525141274405760360374520659970127, 24547551530937206830338545531414143027225301267209376710687007741001043150748
4399725932387959558465361947476095550846131720657484657061280665739861229670, 32387965190231502206714563626895646082604806643404143024535354777905528147263
44401584229246518997303619705206223984551483142861288048509185281273238644073, 28222049132793689300904744340225716454184070075438569715960467574967293419144
73606136509134527402431232691400033268004919195227339660449688838578180207589, 41824815850884866776149746488885209239401660732500877066357475145639575140535
45127375873428263198822021347300370309626322076198073856642782375048013493996, 12462350222474550975819658310845718879957594508964712640595778183855089888207
34300453973944175144049528142667691683998155220522839947909628438278633180200, 2635437303322298273858374136637202114324288337218944728071868049502358637323
8742941114665885342426066979861620493284288258150608833565848664180453388779, 55763250262677530863075903688295170124388658634604459671342601324620320046143
42640662609743428603988125670789932537138181938548601346499242773095846674926, 16831479964223588416209176433744896194601003409642775910616972255198331466465
73621084437533445213780926892670485441572613286282439519384001199742988688449, 20864693636734369214917130531640515356905286605835577264029590963822142253857
43312797392524915636265175982990494279903322993232072258051162355487745833877, 54965852750831892570805225946907872767621645987037070257701990548701788173821
27067007801337677860456895910310463596980669986006622693558981100672383202753, 49886220046378273799000774004572819701429974556413876453823467850691953936255
61030340717902901862344334755684584114129692149789741695368173172096370269725, 63801209936848726763246807647763187160910790922961939279921519470188224569428
63180872943473834954676552849290090647126703323398459081692109359342545313202, 65362878481497696882030199718457641929564745878624018400970143721469807462788
53612695883743690659636279563111397248237006343343010383253511375132998496957, 56786542035143579850931483410803477897773738092573192625831803384967694598032
13895418305247935709613868734506587421522017829581996471223966094549981290822, 32070614099997139727744937247680458155401591070652538863051652851505027529819
24187842062440664634208980619640170048453231340346171052916261286665055201768, 70850632619445587531702465471079285863713221653782318019739062153426898430156
12342165003445111313132952940830959340161575956463108211890188463423505447533, 74555651673338001375838928497670353995787914555078009130960025165566906542346
67600025567927286468612203954945774309220307389848121533145186386922995758074, 69012133754329431397876719194322606975822706207484779179364961961343746963173
35995646399890718134428184433945704512361387454767100612217937107255985930815, 8201562721671665286704988740917486652166428354317172288600339089692142493672
61361357740500238210489896334007294484174022021652038961912174310133183091834, 33933279057287743814835677054416740612558913240412193442586358452337168260637
67119566079920732915266403625324951473268980186610871292776756985647273772260, 62044254097315165863042381065612382247224895689528202337173385372089366901995
66947409442607276294484043209330200277844903475946837517940763930321548462072, 4500280522903042450989117105954858554106140364646598593545061695097679789941
9465496662564624516383166736656437242218126811397811712237476549852002171710, 1720824965287248555449071938692780171869366932228397060131206176320761464456
34531105441132856811848069587094697816034438524750319279506706212562296590830, 45058808386421272115710658114937927123347143865560344045257552714821504636906
29019576747001183856917944062069213586334595931515737984006938512379609715193, 1681079460066938104102297607565287181966167756639390708993320806682874330916
65101485898340729005182092785204056679553448205044582744367275590708653294804, 25181112758650199888194106935679279112608119660296791309476832500623653049523
52370125395672287907561605599336463826420973393136769073048010553224243121144, 51195371478807213202569772512996273831481894360698109140656299317153764108515
38004794475397640885118532574470234539938026437350247509885303756520176041285, 65811283308655358480678551584682611966227015856708000910475851094597719014731
53142337938124229911400848030199716362981038569244642436938440482259937206335, 66325305678860060455797706626329785005272740059135744844381933579494186357683
21895921993287289948190566726168481563708436327001714775352431090218390642468, 29786538321483010630227549027089652543316129922278566600274611803188693354731
63283010618022122646462904986052322745364220078691891007574193198433754458771, 74884346701854795695075322954063385204529417912455781808998384809905470582450
32602823374435225334280088258468496079945416720182762005732242173527329758905, 47178528885402688473164520324331116042101810984408473099606964863063877594929
62837484542121637440417970845785458191284850065662968004337217499083987089326, 36611510579100912118849648405614136834406675698675458706971911943736880322370
76116191667690787310713164939586747739784365286172187629246457302164490014126, 42029429901749132575991131854937999069837831941323335896880761670379881566653
66985189444847263369891694675326646561727354816725376654826581693384302850585, 11485484298882873898125096091210291720550716220320036450969805280546915402983
75296723050438296402354041242559095400552244896481021891963488569124108308421, 4841103732484144141258551341085428682178242731611725455713242241354150338459
8858302633938271373962100758593163932998251277824156342941259189954761386378, 18490366425392727216178884700804886122002845482706601542687693352942605352767
22907026991397311451574583608174232535283208371033128346627186753861349513530, 46278883919424052864659999215260701518784824860920758286008961503765745663134
10322562337705460918304005054507122076467144911288181160500977380327202793444, 13580449703627714841626825835519379036495264368780213751999679662058714075050
41291811754564926354856204710231420115589688705858243067780765739042290637305, 4171988722293827069360875925243903356776881105940468994346930139373226610760
44358760816353330779372184497074807922261657314324154927112741832635797606829, 56497831901275584086517117916929481593018106888617222303260773640483723828449
16914027849305031647215543557809137487678669474781613033770383638484123720562, 14861100969854591094531349959854488714052804216463329513480566220024888319359
59838895721315364586602086187217350470638305684645933463244795710107796315833, 822866392258437965187223491978169173151631957294277504588572365325670540946
38299176612284451980846402977514445723055430243893074954478263485729502664108, 65047231293354061355925839197580667588263586359163142261888537631079544659903
54083039893262237669075252722717251239656164644000787639285266346821660353671, 58826296528423816853368772070536914204420497239740351456511508274052774486704
68888121113066971625997383964052653865742813994202179740674436021077876349610, 41095076655949084829830762826095785955950095537380045413266586061871155192158
30578465151554386969289598697962722513265687352699845671909755701968232791300, 15343828232301708410546814102194581580665452401926447415329562950166246044216
76276396512994069881643649498927254854909754574331321293275899035783183977284, 65571540689609030980911050618720627674860383320021007389926306801967203628540
52375713064149150535737368411643840679167416934763153965638079742320991691370, 63874094151833438381976519145149189567521840673159760402664112343864605234748
32847055347567429917180690494209066386694728383116645346971803247326283893859, 53928466283592608483805618440484390441082249607493606502647094920306353760686
62723056680575756470621076680263186020380119751915818920092886930108543863600, 5256306551344012827702963226523294946726802635532701498674822996133667212810
34854080628916998667339771511149815065393830371947246323708531292726730401060, 53558957055985584766425450247018812992768454141561626445911919657836248409726
56850750796679494499332376310513441707840720775513083565972576484404194113505, 42206090833268037234066254169913192032968916393407671726092956385971625080758
72480770794395554072092260797558345299080992040236745431339458891855734488990, 24001188399082469876664780410277365587584240511291641552612922851988066898651
31921645718728267115307453905623025691043347268696605864714609503620589851332, 48606070125125025081897277275572210247326752467440466025996132707036394053472
41471512213257626817554006703642938979026172509278140916788491853232906676266, 6707833428071710379172457247769110172816620976687391202739563682777123917433
8399746436903900256846553131654829845048746660875096306584509680410272423540, 22883571956804936084686273936860968452900560238468842129613918898006068822371
21544695973031014352619246201572446084909497245412861321554457768149092899326, 72633295954575540061042515923773401121643317543872232960449975946646444165332
62288058077358277104682567327333072371901723212849771894558466732060521595033, 6886965849500781390925256802169147181113983422521464774901517621939037323406
4604254308262009023476045793714154488688627589233907894679764564844688071931, 51088821246794977563362860288815103547338341058647543371962620627307817273786
44328734251818603952832363922675994664744462466502464192297973611306956272217, 53712874771475330282341689229256459325056036357684882712046268732833213926392
9013112585453433414143538407649870162162212082103464235769685942101888617202, 6063607763168336106750727397918080030305300843240745627391474480591220110380
5057529795190077249781620676825414179300949057066306097880995171395758436352, 62450239674051854985109749241606078028206103412962718196086660596860535182581
55060676111865613000329900626838176334729014593075181412296261671251350930562, 72709503376618700229030287264699416147692788649761551377229674256974446896657
40524455211134800445568118659286014443600614673801042711644116723275903360260, 59571315342792491726358274565682769726882825376236853901808149986713383136513
21333726609050299843802091226534988987682633259061011286976164004150832942193, 39653064654267933440380013877167246389612771130369460658713840644907791291038
4165653692699757320524633189241454234389662565215911589939407975800038707065, 49138361233706463459324111098478247415190833431264279657515449578585396257992
41371828898775472167338704969262821527674900724528639630064449186816459701233, 42162024331684446582793753894229112175249024165246743063362645695258653722842
71974000670934608985594768642236295091095600140838247864962940680542492556919, 15669900030404223536056083662560461098767584001444914551400122395890595373750
23911773510352063824638213525711927395884991301714458229727798210576359947043, 60560757420533856658921417937755507214107905149497534633496293751723171013404
65956384096828413597224936198494199081753431075086784588160327971194759126291, 33809792725989482414419828143770288922345568203227323361511947247731712458948
12832816212444383823484582333804893772612436314039382241650359883670865043245, 5112937398190207102902936014860650598524103917710506341193997915496849861433
14331028109552743580262447455926299339356693285372190321748211889706992104042, 66197391670851404275944502416244637804770302821825410843501193283202172869805
51988294811449698635547989832162043014034738722397292562284109627293828470093, 45093602851199944654160188809995526537810427073107094472364610086599329585284
49869437429837251464272256651693694060999250835241357223020663563973828731101, 60193759280663831461517105453542857254499840436735768651173294046684064836328
30409096155181628140832102415685290713298184807152077493154148230692457781653, 75327238879981199474203630534612165477701398224416192214747805125388123848986
28855682265586679829337615983023777815516156804861017016180326118841006396401, 18893403761327159445462544369622485674151784099119187181736898224976938620869
16590304799533694541160518092663369791981747366967220195481033588988761960089, 75885667502188656711035735621364499463378922596643314634683108465271543245076
40806786552418657623392714728198608117708306816625052368788800155509724354527, 72714374055833591619731447220919998274284834489657945236013625153641637576701
58418553124458653344228646249884251304649146963032590398044858987343576970967, 23647563514682643228909604151832232585635854473910373878044439511965950603057
56849091137748872837103503393886795838513112405200518397160306615027931912644, 60602881775606062842158032594272168062964536121008646761333005007947663827709
43868369793257703650287132169892892530724020862338193847633704571185302905239, 801492689477179291681098764883969224843390611289000260091735453829160370923
59635613252639940145693555683363365469688908160960820985915132550743438972768, 23754791484634492488154335342184550240722761376321921478354901636283411474898
72515189168489383362230807988669059534109605686281340887790165734854637110081, 4851326835033162741552810086529536306191207725204145604211983218011338625363
23771203553496327970426868508742751602366261882868745718301083230231546513252, 37904820228347774371110785566957146850618887201360505715827871353053447793352
38533893544339957239616312519853112029454243040470635453421043164701508200534, 37267877233713589021692781445626448313570379104304078738413275904796860897062
73051374696734585369152300537697577655155977321717439135549203250628406455840, 36854814570756083721552307809379079530888021001794408641297277091362232041669
7685389895845044491912342172393126977248395304086599280434486788306999895225, 12591353846553216636221762320798943160932825566099901796994321689360253935365
57503678124687871086446537889287379953847732267617202191233228247424710581496, 73258271912310744976111491103269893681421254070850233117474751399586025391904
2715325698267708525194509204087537370856919211042956218220697332439281810369, 11142543039332431265173978282178539501380066045503718303631362582817744543612
44046968929713552737384734304444282772775180127468511679907272023272441239885, 505172168490493896080524892257659040610734728815234477208370283982020541456
40462774250352256987052692831184407101390546773336937617227541292644654578491, 54827708723176639793381891688401039503269203334272246373522003769225392686568
62039376883315197208438812992054247836313995699370363952231099625138487330350, 6156886302702398772757785128185091459452540613427275161038368549984251467514
35301399570167513673598189445599599808656003006260561598930065727092392927527, 61942464913666408113756725541764308747726167660023754182146626851744420091430
60997730438217916767983989851807665719593952961133238094147291520188080247808, 48734553448183157701400269967074364480160143074434143959479100249923526991954
18243647478862377148960919922735273146757093825992711448995066212212973393493, 76341731422772783173388689428787875443495489567881625610144111341978337003042
76419613505371199253835540561533833819183192936513855008187308459330569606465, 20938301922053913465322055543095907397088464992641517025203148766538828501513
11976224168930198993791438427414432602988839420622402629529259568778343940866, 118546103438332255396623569939439632281108686502713387743796853743919949005
49478989948979447230452126371174241772084170980573584072158770033601202403176, 62746326818355969987249748523179458264592552533817057217685073986013145993225
41560998298566419079152984980856464154452795630849175774606064025882914108583, 47695662316083254023801452822207268616169018222635142101051607075167050511233
41340468155271335010793687803368458517703419411985041716986823484428581004555, 62266140843678844471217896384148094833696433610856939035665386632144697235024
27997612182890913734699013421394301808108640475673603840613196916560084842781, 21427731830989138442562601418408008538444479871033618328190017553767839325813
16130388972143099818784326546510281794512528763084044089314769145524818213350, 182221497062367124348230955445669534601719990238914761797012803624391802895
71888642447664092992854532170864550085151106527262383721132393420835040449480, 28504553021304389335541114995753404822014122623785124146413343107855500038109
3703895649158959195178008525565752327971137533969854887229791481086433485620, 51663970090543578619808251556030598585704582566271468453028075221128767696603
49613571815715491810614893561301508183692692262287274784215189199295727131110, 19254015275497039414833801096324748855136714727467284883708089316950504775615
8359296083705164991224720190763454040337191922903988931730054504596171581295, 14506013019899740123619030562313876440691756770150256227839723720326709144764
20129101889026265075195031585169228000210951703679379603068027272298568818342, 16458032841742583198374197446633877537027988142261475034112570728369851028475
33137134561357723658391978704892385357981319922494183451695598337755493173607, 46853636151082051044049434648417887617889993364565536938643222024665993077191
3801391367418860144039063673612302521776835060684706284745494073440800338008, 46269488098230765454462184746577476450899140793268950164858611726702399636698
56104316811826010942073666352934933684933681966694312529429619683187814684111, 41766403446108382808477511131793575316708008199392949436746480007442145016970
36467026214077548641062328571543188814729867624556144634197594154558301072092, 46818043932556418064174943843031984295389699236349480127159015412015265710228
45184344088370120735881079929377983541476184364279808498239479159041165547333, 27116713740025616796584975778183192470591122531127449738145601548265179011907
30797869257199641078535025513651118157293654937198210067268889419734365011963, 67564745650886204191800830032421019403558927383721995077393312539439735509679
52212593030696148668004811886691510529917808885610286249098804009320474212791, 8257317442773641765391728812117623070087693640085597157716438145732862266235
64218984553322252467607872260623805528544152888895227337170591325867635454494, 44206742811045849361388238518176784087663924355459267671280331735726624036556
15296778661796881998824727951082789476245369631586496195266496848023461809226, 62617686242995642380864035619829600190912435770860211275079939650822451543242
5263935140420100883353494408812968814605755949583398231206913681363308665253, 68270025742988513378681400991504386915881034145564753213484208753635077740820
63028559796152129820473997743325662752956742470114255102819793483929519789412, 51296063039644990891111034811226710136868181411847395572863406901870601206871
71066801256622739063916790345797190115209549805483720861813724570742793826559, 13379762605735474693415924783337259739804502865971285842601632803950945380144
16572633942531389795367335309969985663615224991037731331203813780346483432305, 757090043042549089973845363926768426476627559844884606121075761234768746986
9209754522790374720084715999621287997694350158529357439210931590793613353781, 51356021138213351418683053196973516083614222445779554588066198342155120183780
3299393785951319980492998771906701367099285542691690695962902963090599815293, 23576659202293646153609991837030140775931526373236921912602328343505179303348
3544320537302886219376654146427692377172800813013703750535938184354637367021, 21739100063921537793919300456889327702930931726791330186608552060747944612381
52541820058054209517769411072315400471997190431822968147474536076480396987523, 38893257709211739625016434174076658911462422659519340650546805670276289558771
46851987746590366572654907761029961930623907121229079377505021968770412058955, 15687549935340494589507545627423487805516615516882872498008447694696834307104
2527081386984771802299338707569634144614328301090399917327919728821452184952, 63564358003874173210335248150773297958738377331358742501898846479757297861199
71090133460010787389776572251872339172205003999841366028975243244299421069202, 23223861379894955666273919343304915689631378399736297477534665060719443993717
37619053580750770126314147234741186733179035024591165686526537606038138597735, 21945384293010353876246209534681521290220439444019104424431399662326745108839
4573109058944184532562185378259290731398284242818547100053998474970813252430, 66611945602026032083293213816620854853545657128884414311963700028518418381616
35923412698811331586662439251912768353917691309181711596839554732588128711038, 10665450063922784351118637367810239335184584832163853239336934326733377293200
59684827868760498515221503551971077554372864853656042927032677163088754276466, 12773743189634835039226240879457312779651633187775479797296707541823326509604
66916119145458473915829650814837116941768520724289187264679676385497050390247, 23220423372285807201317484117017630233732645824450939738083509690754268798246
15458915740553569085455077438573057776445070302742672620600638695832046975824, 62212329609350977429414247461075750975754575371572211008888231794157369226027
44624329817023385473437726617997271491928281884992135941829024878203450468230, 41850905038964774597652186015284128169024012292768886644830850507686625999186
40973339980686758222346104649245837750219262516743090996803444190922915008021, 68208097598622972866914282329935879017131142381655606088957013655392775314369
23374131910851594207706875523295381983789012792030405056448977241832233172460, 4665946529168302647696494616363132637260595921462285197394908956387571179012
48549487024142361265425965679785753074693504796832133736934437554169051734647, 19310112985339841100426126259233405017032964780991933625257356773520224381057
6535058506177560679077076052454252800043299516100871212584552770028342124332, 1969613561041391171652694478738656748898031121370150363743323309142217467692
51310386531426583919099820128992155465829567960905786711511672379250143997096, 23622066815263702350483215291329904274110732867454630394777468757387387297175
46943546359699104211440358036209475215722429538730410109281198495017121742846, 39829345236802814910202394089834779986331833708437350959387166337607757823044
58504170227482271547178123309478400047444399170794303759339069041559130944630, 27694677470559496032783214710116833965458160571606642195059664138069779985140
34774532364860828363090346962844240821627178796643143219937670079720946470874, 4435759834401946023350577955454127271767565035933834398221363445513017954060
47879215418555619161062525324616405158032908950026866923554010787423911259916, 42138590778962290094540239060881068462364617233280823687856524667476103189326
34568675369955762416945015940317737022391975579821563888957532927651823294096, 50631383482546556891652242517906509450812991783225075399061536625378716207404
65062999922394376741034634832094182629557937235437252887352289228478326073640, 32351617383636911473744527443754370747846400537292426297279862205169718918137
33857377877496887987213353254675534561788595181535616847271470219364428879733, 25902570473578783156909368774736908485346344666420309648065613075341010143412
11175742075168705579181862008209141139108482157989907726471863685034564519383, 6435497422799699894379003380988732006935652403579736282652913282120213376375
25398340555582970079447987334911902677624207199453653102054693217754796060153, 52468157193466410826572405260719572945477447141671675844639929408545268815252
22912870865970856796098002721064919683401686190200004516919763369321314551244, 761871858494131115459874468881974090682523366304725725310755609022788617531
39192817327903962538762313951486050049256004796177962803498382158711458105142, 509666428831495586306586762941863859973033791761541146209419569649678076079
3314610456314331867863589989573838646345692212680187307896132166586870508715, 2532636410756835067232448072213853880659618850195870686469069322209333684452
45700182608977521422812537038630284238794169711173760889927247861228114626376, 24794057821220955378819349808499969812514511726273047111659063760126900726779
47177109861603646145372244869859401638207049512734592550226746141897075567374, 50612967567435648562822540812042804352031579170706574131616944125587979628474
36927713252761032044737154973973305210510753598323712104758111133298088173635, 40488233955314940741548893196353069075384794961963157351913253714261508484705
14161765270307360622143619937278347422227326318607615733081201658344646613745, 29656668860569733463812936261202859565356026245652759110087241676535524716276
6862969287401794522029061899151242249568344735152572430070006849771778105226, 37579546998354652741445619423962191503194120338596315498540982874082057297026
9525316357516189603621078352158968938904363577068429710299293317485942375469, 22931374268760779896123430658410238467649883725478704208263006707069226873562
44220649815018570895392377844271145049285370542414566899298657851411440823635, 8772627297898282044133081715438102629399884486691783808622928929823732219201
24151016269736303696534243412592139218135356866051516010577469227008773414859, 52083558291526091725207095241885256518446410009011434448674684196874788906226
65188477890472290679350168418315471969899778770485417893471127090908620369076, 37667706952610886938421795079402957125965477556280714495780950760429289799315
49496427067996512406901183576223345974712033839530198247134753332911671715268, 14041146406564064115254349791448445704827817922853927270805390541927802876128
16413968488732937277077321769632200257249661350658531464438151610879552342837, 71051980889809026071169039267138454208660520622095863928685265151729848731085
52182959997676937744131946022320716374221228062076545109577391596049650442749, 41248403616247930680412105873763301860661704358796090465696762915973331889059
35611570897961582914372399351831834188340709833965091171413040218986029895641, 48283930033608228866210938674204356748495857174001116999760763247953588676522
45472417102291440361040857896377009732163886233169974583661184892351319577024, 37873751766880987844693350202645516702062034402411081360168647856010414426469
52269322688612883535210139536891273085652919955055543340022388941475380579505, 31069898328924601666948444593266871944688813490076436819420882602116446216155
70047006865591415365248471741157498280065231153846215014353203243631912219038, 17085985103542997711423466120307826179526946226833162378578924032485425412444
11748790948978356384834895187090785978545868410163915069633389611010402918599, 33543598906327437739951450605773097974170251883022138694927946104440435643096
68904810914463352901547451073143059602135401887707347948127469481124641669104, 40969664613376863054529440852717270312574528493542120001318489708956561198795
64156166776193800566703834762922711999677958568235174483692965039394418664744, 71242577602438989428343732666515415145557057751584215668384136655585754319909
65264018974823765494064894803774618065989732449053913319559092535337074294156, 73216305274532338802546662999189132733898250586709753631109738893808334707065
66305811893517639806087209878506376040860962974849938422552190530614670816670, 164785735830491533707088376538043319727161314645390932820649524044677263519
57880330581160910379373842240216041569290571421456392976855815882489233591720, 42779884686623187072649128870094226769325035328633189685041281313128942158133
54948296019752342526000316319097308926159993387590386985798157654703481509917, 20417972339712343206473305523200529495054923583040238300015152021106831768477
29191617387728093994720087788345923375111352494070732036606894903692696698780, 43631146877575397608224028231645488057679486335982160050229686399227258756427
67643013339717903520967204875600960257605483532347750295723244151170303602288, 698149642365339950241527283007807558968645790130160502506699152160468746370
47267021630977489489333236322928618199247781968227948844565544942996380961599, 21188001737295154753238793107424662566340957436620553485971437568521591850842
11970126690541999916507442491114056276156799140099999244721668203887377275536, 21014439599518898808912315282032301315368588496396743711689983336634467559178
28439307487659400639514159950516037604729409659427332563907493699064632704628, 68472204168498780382640278071393246537618588290297893392395608107397286034825
22567367066646910910881982544311128681271638541501238714453362479447732708508, 43276821338154677721068654180567490764466093792971207585241420830746885139116
47346517541468539031931764475770516908944884085366636613303555830369018758136, 2112249815241664039046041103030327061396235567528890742136816382136622478535
11264919365798344556599327851643370266693887010536467822573033049349003287690, 16987077397867091644371742463021033780807374656879853829038730309264844152357
65022516005715570417006206698433297265117324310271177650279242906370405644277, 24270007443477892964716568361271862237501926206880400791327026265268469536644
54615106884244140817572643817399426950121470005941382657004546951453243116027, 3850970826765117140536477677303992753025794195952813943661889239870608139648
69947698943895305280165030226817700272896435489732888911297259632660948576245, 76396725757011580564050732922983387958241152838052679993834716875538359693991
7208846153481713165742794235184672159887361057877896224049033355948445908337, 5221520706612462588891162723909197298603223723997840493581361237691309652988
60780503617909577208647478955823087168889549209507897041057692356026790735776, 48404208585334595779351110282680820183339616871881863359147153118014540615965
67758299853137822230529950762629881617881822747452826167116940302063078280065, 5058355179151109592887568234026105871946942499193181077806368183976551102146
50323315194502391190084049270272329263900919834034395024860770490305712271314, 51572859651779831098112101886015180019626033170304897237375905658058026681309
55644633809680879158134312589042946469984338109428797863532655721718888639317, 16958564482638593761185524992905033776658036573835619171051131197777981324127
51062868855365624023107356716639883970381580683206891913277055522486895753432, 56478498740519285554233478782646777786033346532771520259735288098718078617963
50312707644689868618506727276382963614058788031397270975841447421889413590296, 42833387118184288034465246721849564911502593544916192405629347467961081656179
56977911078759698874971327806245685704190416251982869866643841907664480328061, 69497269002738050287888366512224468114836404060004323344475885920672338786120
59452586673013842001683964186799562164354961202121096627784184861383520465600, 21021597729671175189585107549069855150103872892773302913399663636692536928409
34633232968366020844943339165848482823461012010569746013341099476860290341447, 65607255540074182173279908661891604765881353890741713163107329592423534008909
40173380312205333348702479273969869971734097400896063772820142063101721872124, 45507879934882345190092227884422899237332673854534926722041854529039244478245
18759118037761866073394655859136297666061210255416882757470666388505159666189, 2503909360206197137326065994359664560403185229382821496309262274374336434771
50069865537107077316753410516398335017636791380530838541383153792327384342425, 32569158991085025308968469554487272591702419313977550765790044759848851016434
20240718509194805560727849924516279657752744711341625457757006036513938305369, 47526896895187071013081196682060444708647034322155615421783553850548195060879
1764940941481216790263207493233892804769493721776112693948836438941032003803, 44887923440839919308778061540050780025296021075894105294851650537854304419681
51033065865113459022999905198061424016850233292686815180852436116351063063773, 74517780028141871582878994881623268977247228240914794934172183168663336738883
67505874416440470717570555392542622442743082059131850467169413253227089543743, 43476723028565776261856140335601009117954554867936159872116702627334494251224
57122224668632964360168430806531225322643516206910969185701433689951045689669, 55267389066755186136315956322806907423522509636910229636900859326800069200314
50895744128128041109164427922522030721257687628987355674408796914956386860397, 8504880130637005469446734872616302582838323158119971374810364709726140932461
60806259456659260002887571735416694951156726687765237378962779748769671512988, 59421186975692115565351307767857745268802400334022312466248633977957346773826
39932587663563509113953280246686445110662704264239195884135169217544021796875, 66623719396231794852067579833065381387010177740992272764831906771736749075075
65928271724545485432220391269478403947809073786204274837802558869900765003393, 12604953112097725067857595229237192046958621567687674178067478475366899825309
54254766450821389613805467175101770232922356040995448752320816298081288109856, 52200939518751548508262943883478417483923961300679529256012525419322391783234
6287122651632022527355871435300583672069607561788280724239877736598949307913, 24181808457136747727577416169161556368210583091845531589376927849167804536117
19139111458088938954755178147121735035422776881809752429780563100703161073198, 49041832993387081980695555665402249034689044378008837268468244929182867217644
19576894123185548861698575365422003249323426190657459951382333111042004671240, 6628573901449781289051804434777411715172998676587968267543847822869885505757
41888367775765098082395962089433578719668729237778731701384847777028340617932, 28207938765621437359606661190736213273311633935740875385804040372404379961740
35063432010758348118739550403013274615604755476934737688655665604803595985358, 7283448124216742210847329468963878932723367923495358006250552362293536434355
11898457533956637132970001321801057362924857417573262599277611250194857332124, 30057977399079685057581882676818056211001048021890113486285767531923181170445
41109221521562419331323867673851322803486163211639407768378721890125298520628, 5844520560179427770398541645638220582941337380756659371731802396230893314325
31477098692915249873763808638423015008535735413969772997259959568864551284994, 29067580678154258083953265416370542398940454567732541470276428588835712329543
1059349083692153631918732496042514064680296201763073921681901026158826207927, 25756499640762578794544136347365872287309836838654501837185986821592054743106
3938675285756612663156729641113635266979147617218778461840233040737842042667, 9840484757447988169964440325938293891588466588619464316554429511579845007335
70015225799561139974813055124550582920081748316125836431785996552412285207725, 29834134913623974150612110278911253859346166067579550308983099982567687604067
32829070494162321094982550840734213017567930299072583294675216605522854411020, 70539180789080912214848245010341769964158904645070373584721353950778464856502
66707129222326255162131883452436222713356001594606485179601626734817740956714, 68089117322631392523121814140597022180505282306784871080380066542828814156064
59163044015366268593383821036495366670560591128055779283601414971501704007149, 57502730186215983387307071132498781679692979178226815490413598279872694794995
34394541937427235324769404845306328050225725053805391980140313930661554207038, 22774964371914884479763541375216865741943142271240329794551142320220654710596
12355375018696973860288605803457927336084006128202785849050080229846456748750, 22971715348998572306082667094830456302677713815344871583786613349798151979117
55904945328147428745533051842767240914768921747957636412366433231307785581391, 2899859145938338785547535928119485873780045690917896768250393513771434079006
67123521759938138870769620386112602550474758154916005583200114753109282840870, 46850174326825292823814335847560274695024206120579811134974844230144113825627
43644655676556469148702025055318296718477620356797480591553942522552210516988, 63068470667049855623111610805100464013903789427257025732151431582251922958223
5678486618442192972373146265134870436576078316514549976495746533541051816067, 34025756480312297561310861187919798378493267211911148559898260412574003807362
56217373402713910079553146235669691613518853540115386512824726595507910544284, 37252659562001752596917709403982239755532944346390757733060784676344310563128
70470860789796504588673509534991022133637151074533767422607560533270500775923, 50423256130588457203745830678492135834465649492132346600966917649358138567797
8353550189876380864135377797766067881266522343419636079197309377194942614010, 51345908921396601853385393108799750931250514660115016948705928451677421781521
52085824615716591840117684873231289509832438787567728237188688208342811353867, 59808704504617498564157478537314257804667457955204967524599589473314834430737
71206007142226289898978789172528188408638820115251366349768801687730226349657, 17157621219769804476429917542341736872011040192237629157553911530079673949010
29355895034914666664416704689466627981538530693233966968363079237985744443654, 24112222712478571164716434479562877802348387859813061720253942869247713008
52815674598408684935713671550104526379927848619789659594301016491742043883561, 17400818608979925560850098699827470079079329139359729869374840045086980938925
49896441335090796791881075137558869625107157136964312466037687590446397106223, 57850118081028234810036479954131791719261534738908266607495682957927041819738
9450310824378459848864861592388887514903873274938466919915385606937543575359, 5393082640436382295351378954432581029905566935220088504186857294771644863891
74966834436851351128529720986191077396449377543624992394813171912255600675696, 76260781555113487364278805605470030470711292875690049001073536277553646436960
74342073954093845906391882634715692789595160454733731932872595800485048057788, 46538382820569284826369541364543006440275143417974217648848793289812701786050
56801808064647098767917585161716334501755516852700170513016635242797803286775, 62537483656691514593230896356768887514500091554785433564974837137850571623404
22354944852572567279516786719176792120334012907233582697976350673506454817662, 41258762378108694435959050656122788768387984252909643364669411897134861215519
8851960579034369971067683392308540718975621609328800986040651843028993250813, 66939455600481109494592932470994303766570575810665530221466964764229385778210
13051592892752190104883598656026192203630562790009817514260977175274058979185, 42494366111216307258797945523953392980711312966973411843078212850093525925338
37574210241167175921279476152643257707308304253796318575332156144335134654138, 47757842239596330498379126897170225425548735454664628758876261003522928011240
74470208248398451624693768748233509534298656469240852858020066104365920064903, 66397244472480465930820816512193716081787993395560423222727414198930995362394
71211825254904926471498333134035345371772615638358036796457054966882242717142, 69848364740373457534650510389515707567377619465989917798799710039116759854991
30476349075395274522393352449954359784392581003792996408624735581166183730274, 93095295186031776290567211419168647412740302585419598580177175535181553041
56178631280860132418899067501996926461297765953953103663196339571326879749128, 42257389170693262280859471068325603066094393601803141390249298324939789527463
51835901237188118825491177349453462982633222736735163363980807908852637369610, 58519110704576489669127139157107555293937122547857761384196181678013792463147
53785329535222386689015196056421032916010827647967961583683076009041610399375, 20450959328767594349813952439670627876438633656943657979501758181059737280438
68119967207764663717943935844443600397882819189501808314413648097864488430142, 74498234678609416072802341295050869610177615319229115353484237410878494227453
25365110161182861142957693022312442855192444041719303331662625504630905534156, 20352029925541484806749645254513081564525713614100442972786976281112659871661
30048871347225335806886543526177167706964342774357034819317488396767733738287, 37870891292775410254779655482943140320618503388266655794497671408523331047651
21589674197977674791577691549903563955736987082039586686480738573443961987109, 2131385937373520878349811642998908221149323310386408612076429754055430896825
37056265018151898428232895420447261446746209033467768050448515707070714474518, 28019415063090591008711826025006078590797048464957857371559769143149467910500
71748419707783220309009592820494135834380312960463241267504434139656680513947, 26703724059686776751528087299889465197432584478820999259106269571952238975823
3361669174315271043585299240390654953982108377587660064059050379822518894541, 45702819143944961180902538736664189021370415463493520857250871145891162021680
68514901543166147280120377748827381701685925712553359988558509588108692614952, 20188466145281002270472034239394802133653791853788889083260827389220164516771
36221419610143216897597805028371353890844138864841485034862818017289129413480, 38552101202133088164347132451534267428888499223850300137088518740047288100316
22336513022542218728821878318166147256512865844249487475613511150449956016923, 69643197483870906215060283109969838444831345549311929055118474045450892214344
46011552607635291717608884346626031544014060217119132578605619489846204660472, 9503239284193962730746340246834934769692730661874996859165517816377537301511
9234223500839386986793200371083592095065490018153394049040409964535347858120, 17612573439843717913713075419524868993573683001419350609726645854050365867318
47564465742685818186413579859331483938082217229074996444334880045332177910154, 21029369594614204060219233657510164736060853496871692207225949062653794777729
43719728784389002636706475644816054307092947996073195259272283411572072944729, 16649504304362169889590916853159051216324365629843179553910694696881841752993
62203390380443102944116478347097312391789966451621940356226754829241892015483, 71988510994938480095950083757635162643326415018521958324303742353732400422545
26277225692006645296289659666589928734090632033289301130822318305465112648562, 71293442243520565326060379040480890857223226773293599147032058287272498360144
26221186687565771473694118037474680638348439613020977674400723735771852002848, 5700783982485316498922736665582807423009671632606958105719961793163551982329
68806244915629440056385715910454144571945799532941541134651367030032263466484, 25254945929247888930752452026753014336961237763949921503316216200010678676357
61893926250324723389049649503494342807599970603074659340892521767801130812196, 1117777143686783892772826133607444192102260917145513918269449573152655450987
71630949904774837944361879732759631649194147186023520769864523817643593587255, 21808862137116333622716421506575177402371601634389792637207473558725713277279
20800429537698946702357474282353828446719903637550618732874705985913631151718, 47226374674579444180874200561498344365302490229436490712522246989680521996935
22185901076886224687127826604926510467140743556864753556736792029090710553634, 18769695788746668503976195117090856437473103309808282883579486696836545539416
76630595231025396377822853620590670561474031842710423902787121947344949881256, 57364297627478807457911251415774966983184046247666034103781720724239457107720
42768129462445441682879538722224117754689933018903345908287596426303107426686, 75153631588930331708739487107385116628585745025315568470698527726037310678074
1937294349813670500821965825491763366142382176194159571152811297511294048578, 39090639866985361390762927570890607443282444001011871386190671885937907083798
23335089476202723507204265227472704874896076668396295067175421406090314421686, 8220780862894484889268390877485098854423609225242819054088418274223524663131
76522837281793977994069018564420799968806678482330256824291364849150012477490, 66219694266792768900773149385061762391632344742454811857384098540604977754769
72357184592992346899137809437001317117006520131881764221850712839845702280010, 8686172152386173715253880005639502591611781071909586634929413071002436023917
61595453435586641462875134792154185217194880310152082055523127144942955863779, 17015265780729212638926285268271925215378409325371843099457896427007227779080
1098743995010889455189103536272607428658447365995280965477080213473204412953, 147970479573620582137395584825072095264189471341764318838250057709152807013
8392010188703367646896244722345707609765467513636023946744921024416130724516, 71226156619781565153332902804956390104386618688676049831048318961718052989653
47477301439489384173634534154312300061929144215208416597784154923389844522712, 33440741744799927842013652456230503906502229120527749186543690442620953687598
48082916947293710881741771379591549398530757865847088938970851859059111341933, 29601126168917156513082948324833794975800208484948449924496121578994475235303
68817009562869800642465663731297097025858730146132057423119907823570531335419, 16640587884242810100880749496427642062725440486007167360592220867754894185675
8379582345408897952177219215161782300007296157237014545293326486891683003649, 3361479545432878788243631580231124289087757089120075257902389006807148416854
49009446410507747480797714520858744642905396016065250177601506276693281551658, 57998106657823343780598025470910128136604403073662638847435051991248603773067
48571360063097497814087989143319755220531130106628693744070875494114842987656, 31208883953638028172927876058614639751008530777312002034046792724123453969106
11283389268508581510735970625929303942230217905007590037721475344476197405281, 3992141604384764311907405201489981196458293843041813711604799023199594225859
45196931879732316993577858624441443275098134432354627728943405888762771570965, 37665528043443330355754641087366485686684760334845636312930672169752640931916
47402823085508829996168321455799608204483708357002070353806491991249602752558, 71037507807672931600478035391204910812744596358421729450640843639931458640154
66101057669236656970016650860367544093648362303746534823650676528435995288551, 45943718224725561428144253681864323392911910275226678420429055028936613389146
23556024870091111496389921880792264069233939718550916870270332922390779775428, 68292032997829297878912666875593437943633172417829891626916238221495900143586
42362085095520620264709730941852253281345809583645691687433491480949849857998, 39435343361350146233859704624606194322798813146574363270279469480955236541844
74424673389912003841546144406667909187082298589546867181812300182285845922256, 29332543197192641681366064195445776963516800349435523344616119437623458365807
13113783261672849255289668578948109518878406243464568796225692554682123864679, 53152491105009659540696266416271770124779247999957862995154570887232567570563
33059823588654110763559609837819167183296066810539649155560971061087942604571, 21932335641555044402420965569481088656976610953064167689514618727813815367575
25723555567104318572119427622275200074988529510892015539997488661134898029279, 30515603254906502286209921820061806769869817593335764028126324951841347044661
61204625127763629545073196726002237470168677597250934202006579844734709308141, 43894188504158486478549094979771586919316502890543387909657287333521342303174
33331325439453799472513146072458054185510261670008878867478595127486138964305, 26180824851845694049209360560084515835094962257740863599361391111245152503438
65670258594751094676314988983813324584034840975536787876700148981051798749643, 49574592764656450426511457314242590949467562853682111460053595125249112373770
11797134463414479161478579929956416521280812562981139705115046635864932065421, 47291159230960217761860861028346857307519502253879999643689924862815835916534
28232425561841552374067928918547067562043378769496513027142278712219652468980, 67419314577671561200800704540126855062794490430998137777044886036994047695763
392989306226025688911528872943062209112116341255891705191805690428134971411, 76496089303690938781263970623559061638430581518052433635036335690440181988510
17994612639322197163364290869513087864645276830029781293597983774089972694054, 17688474605455967249569741646147066061413527833641317833496633316379205874985
43777276341527018282831717599896901362026471267418242221802228271822796449668, 29858790252793677548325773038087344892496638913058528014297199859203623326941
20558129235152741865141658783517844980961912327295744665940154189078295138581, 48816487836359116053827947149391212537816805640815292140339035214695767831132
20895556556729723823904534444888534809535643536169374988047172197463989989849, 76545597274684717105629533769484244536628455149207393472361132090752713563267
29231291433025715981423054265042169662725984134540894077305520719053364333290, 17547337918986131194477045979896727647231136331552125878562516009437744416099
28422079472580039001982518658630358773273782556402082051428201438875288011187, 66662860875703661895660051037088256522865948073226997060431629848766503432186
30560079029086158808024664456384248885068287293419711160261200215785352344741, 21794867461266485744102016235504062530931208124077462467496887045406578368971
6852730516222568590677909452159014804309559619370734952463652791667959084648, 41713404157337406449072558685986325648218288673537946788034163503439961456757
45578490389052447705090171827945968575132070606510378080640750613594543908883, 16817267767496479966352881549947705857962335427248073322878572790779041720543
66399246197702821439890697768912386954915888984284351234523732382461004673604, 58650465723097298115565202821277329919579725661036987476851332472635608838197
22997935408234498932695497635340717876021089304339531735693374451656343752148, 70247063542947594033548570450078302276492116892943446317834307784657148988448
1401407023080950375518816272283130182146895891340948301773546583693678075853, 12114175614932523484104936347154122276126437750726337718028489472294686082436
31355790440964730523183299655270237188295240732017327808850953576965084458074, 8090099851514581171632059061732163166814674600635803511471047534076500590915
11559524585562032248947912337684646151802626706272721582870155737466619431370, 47648701003297654344996627743876920729622608837521548498493754803675083321507
2782562317868431193071055407444995131641908549236484877535232575374109835257, 15047541158704473279119171030733995386087741626281604468948136406862452636453
43281649458616599963998784173363771267111922614416150159779369837903146750733, 45759266916823718814856172334385350814504056190952521259756040793718984662101
17181578201913198394902776256599328385257270401295018387668270368232803193635, 16963086003353954224738775015008366213726207001064431772511232609293206297118
73807040268731795595119466214379312975896819021895830086954201273351129028930, 11403963117283628785660311470528967592627289334052021655938996379461325388331
43415829407127206677976485340443216023638504679141731447556629131204969135777, 42484001511547986601621262756271294163247922912170714046265414114636609932759
65440451535135965966506475374672690272288878011605287185299029771594874812738, 37765447080595758888994332808863462982781449676720391213768097451026044083439
17473392435250546403160101184233844254851549807464938753196976639264142446149, 37237029023577390941352303282849411074060695206875268922460387571220999329881
27139290747786030990507228666621736440960029587686654884452557963688459762059, 31946778794145280033731317749814953494289046191950595981871981931275427077179
10683408509411713238924246129070592799652868900348098274952982640934866737694, 24670828861568044848565464961954676442885247474907282606999695980719495586027
1979425530898455706167107180469817852683468915190465058706776824301763572224, 8100425132454726743441316375846125567208203398905056390568122432476857304312
3110652095911580543944280189966429387605361462268738784909431445521556756113, 71581852550546718751938951787750265554768304325298787090391751729560246002853
49074551070097258134410856054942744986516206339401121676328091048427811580523, 2919475109989441216572412295700461060035949899539926526343089098059587419725
41555135924299005029769264296421871486018869459664613701854352705966249630862, 46980801878605437836835116432648718636918983591339664638348238513939526955544
53409519702043671071035878826971610924814747126267680763175718251745560073835, 50391028048891887971159383941476020281717299681656891910219920126642258506388
31087470754597412620254919770345499968430722951357271540487997903619590511544, 71902817406159808263584965520753844663851351754386409905073732719776381610744
13590377469778883264407472023000827565749006824582675056803848343715128635473, 68819029570093416648824905295367453669073342753071374084033112062180358009388
47233686758568387308431752827463285006236712545200618581405187233131508889806, 62562071021964239820363669086854535144925432695374886426720685444622886680838
68798189042167073367777908444363239303583864293116769057035401171477673209759, 46753448384892302951811803815681469708818767092237343752637117660837138559435
22218057054287438832550230852979518009028445087623426246889871659841779945235, 3414159514154184030716296756689793571702907931002099481210929103334908930369
16840761782684050982113202959480505175907791210580001427288939083054705457686, 13092173036868252302673512101025311242940025003842501599596809220798073758513
7977486463659740269934647130537986463454221634286527081995912084271565018320, 3565508327292618271987892813351491119757299202139766935395016073557281184450
66449767564612679524056946004621770314131302226881494320178619750822631556667, 20268382658832455765006771876270294351406244112600570779519453030600560569877
26785814970698155840581954059501594360687983938436779709995385184372746284033, 76440680236491367263877052763102257069271043064937424407432750449096930681171
51071410688271637212420808629636450135845807258457869427230831454752214532853, 10799192835274969223342368755980146153803402509349435773500484675469842201366
63248856863603720578225043274404640549670833495826595687317243742620843965462, 71603774772144237434167968345412613514276690492598875721345194462290973796026
17360117108890533742991419407605375180015772878713970788027375480168596878083, 14035930179019473200853862369711188400896840315068695170460143096245254099857
43414132523028864874362999561653267016392661808572902410674507363369118046788, 55439951319567049590063397801254045688669951334895867748300135230841157513399
44259441821588766234443898087070260568653086634671976108063629209979771595727, 3129946155264121634730196002700368021030869966532905132102497817088046281256
74013317407951859770702602841039571198284367173287714257383651276361574647650, 58226495352216823464729588064986475927058034912798798239373899816374883556815
26469584073606774234208168838393863667560076265895718896436808062873351984501, 61437045077911891407531648809972925086563792620000179185669450943265910961164
38555079091425470218073159440489367726512473519268820829680268810364787417919, 69492187404826178560809264619787198339610085500937341875454122709602889730482
7128840496476804778635849686427235668593710675307910375920285076195778140660, 58517157560696629016298463604336252038039054294558071173846277770876709594834
44650515067184987669193354946775801091972822043008882560692779503963103319488, 76775413411400840459516087389267276112917693388722537602309641507102130407695
41126714629103013320424501187410112582852614381759912012757661521375145013648, 6522797324447090356145852538407670257356083114400891206458406998965802563597
40395072163065896776650599790958810204508315696357799570961642559007853784491, 12166210592908403599093498964221973585338501857008157762725647598607325847325
23270619667396750289103946380663144724795036716423314378659294470821484922895, 16356858821434552312532061518350776426648057264757663827071573173671509048409
69905655432953818905122580161328644646268513994825403745675119997280433377786, 64504339934545194740270085112581227250475089539112710782415115414943730223498
24568012741771251032461493000000952647152041957646257074931395462334014254244, 41782947666728328021752465649826349761569701317062137229569897193395530100045
54933802932303631240748306349139848478314070930924952879437748471955511359722, 59342330191616009927417737439733998605503928078876152168746152325373437493318
33170329512626458266605392634235370751898622836724579370455847760669665455319, 74682400868909807559228627690864084984700058819924728373714172163835085343281
5874094998513390807189482398662647211469199609929661342229745479787486753774, 2652666837213118023943912956547053139025439952965419556087832234627602857174
60065174651902371360282491629018651859076223241505082194741066648917648392550, 44517577506658497612513067783906278482116384553557895897194133048764498634027
18757564648511817806571074860728620498510204564490493238428070525800010022744, 31942869569154326121014173400414181461980840959922104742204336074360480316269
46969384596888747130624050279593318323850587660189799785502130569330554868542, 38489595508056588227749566080019449228018257233050068409369123677786601442913
59679474907867674910093311747477064794141486650589272731816214109054361826618, 3042838469325116222990975940314999146294096237600620145466034586094543198389
40681596100969303390551986459295553602594284931984945313277847173041408088561, 5742474699499251337274515837235483926202235896399781712393955351164454116937
65256611077944445243626636093765889666247162811310892769694515768157495218479, 59405772646234659453949146948122134660168408040893695384471249926343953421385
51690653684323836989431530839718406869453036659112381491603771018984895459037, 67452015372793359696281269040578067798570815680554529858689370068571176125136
73747308727488439626185082508678199730408516194653222438320991021880819572000, 48440515406016390343482840713349917549738561587322906835661403089833898838397
11913553139588188159488451223476502720126328304539657132365743417978134663095, 26002571122209190217185871703954708067518775696179280575284360133308695808424
5022341348680142381764216862904525908116542579189714693013166531252874869351, 20188618999475069079433551321966880114118133342492717844021451587973490031146
24162779780170117673759387771880168325791715563452287791490573230153750702575, 14554374747032810049790022850844088360014973698664990020112511818547484386634
44119394264153754251080231575841284609072749013220504617509347028119457824188, 26157734311350066195982351178024001313823365638470672940385333336772645391850
9879589077521648810731597399900756086880135364701057663963683901565979794564, 14636741445059724891331324781680578596727917217494491986899121033633167373179
57310138091001587327204115712594037024223712358140815029604085992906550571147, 7662871729711910422465076681000160067964341946445762752402771651402868505745
53075324680861319164627565142562781277630411041352589815457952153564897408532, 50726370188532105254424311998361086356430954760753951069943799278235750198249
61671653206192113186992171790565224713396240367722624526718565206720089988226, 56735266364462909660400629584554712042840171532195956258754343086903616545357
1685570772565491938926404081998392693219024480045161353493224958536551778368, 64950161445550865035935200438473546300812393533250774191284972257529928812639
49001622966922193795566000671281084528455868258534408590240165072601610772753, 24261030077977271037176662097527347922061486652998077773626928931818980770469
22667110726761967483246293874894622237778149036094367232827221071427437269575, 14789088647755457198292644277514017482143234723576790102791974568122136861684
36488654718453834671583636807605616995047964665226585681123037012141042771594, 21141255201993979825173999258457787990706842609682664742006507171809387083406
47660008952074085489612530742977198922054895388734235401277410493594629464705, 75292845388760453476157559883504765539367501496370090045641009124740652649892
64822803887140132089436873382323660086485360702190271023958474900946870316205, 68303161480925407173101083072087514954175206135162487598627434072671826332751
3005361984805624386796633251122359721598038177227438688977686377945364667323, 48718140405626782066202944361413078679772261943598100653200166377346160615702
66217722524481329829609011495445858655731592934003172670049857653077134849512, 51712628657924658921777840893434570485025217351902957961788724789568362779514
51885706954148953124294403952564323891109507734418501698868236701061769997855, 14886345817845279816852021497944966791491404134700903417995722980609690451650
25371788500358877441663782139812212548263513944402101628505186256861265649109, 26832399203861256012017426781011127215198902803822756390616567891694877142901
5265306282107663659143366649820169451980318260464830487148725053367811234979, 22215086900070646765280171268828554610048159016321552582589712414745931476613
62064443442542681974949665048378414616487953403470296434203051126733069362840, 63819930387032813755216811866346718672131294057207635371209012942625772478547
59650491832335700502928504128168758696566285935169734722600922430794329467262, 26586614246305411977870591926070775357986548577962092603204303128324978390563
4209936870482735229700549680970838921418524949075674809985122733220328585141, 6023282674421709094436571377611213950381027855477431198884699522485126292782
1541171051435099948920481309873390588019902713034229818429601810943117859133, 1396819094204404923545354058073041892641709935492478956284599302755531608997
31437715051737385512036572324454901573434228667623060434480946420519998384541, 67148431419742587916860497441847711019632331403575365746844550556250826576142
22082493290415150940778913229064196856074320603100758964884837778104972439361, 17438400266401277716994950105401509766668820952806784634020747611104294693140
49860143352704309742383387876289261413515672513343372989701298244653168640277, 42238631170796447642907971472794408502031680641497805508640880698801951295625
24903097587239256098880636176575986929173492581436976452499213697162177640910, 29671458938456274990028516657835811784141039424396482610444608453740740882980
6931449741244058102114674594360756827158678623276757213039133312191892514297, 42255783844354776426314901438240107351755635156283443877392344659726080065203
23225246241959494373294370464790712759263717784271499162599950929267297115500, 11959468712826201678908891478468781918758353578201597792610176469950990658246
71833280088496708842354924912128377741836204996680250491831449908146099085820, 69577967409715154167472742486551713208771280088536463142083318962673301598410
67870216443109152976056227332947638604306732744737102555557910792936423523285, 34091651761679425921768368487988189904647601977395613479075346067063531276975
1154144368665886724673432515406575324134760750242547307763822770075089055458, 42583626909923501122557072817640045113212525192860399893372446124260816450565
67706397306467444985407634254391673196319322878419030764107030825714480893251, 20091692938826483998624083866630291707694108144954172832705849601882371443467
14299891705410496284325338215527695071645210886464768666549500321717175949548, 62164095863342478916732547253545742607281377974116154742294336606814695749413
75731090298908379489582463433515137828847846681596531969576548641723182202033, 20248475562958717086337613164510940176376858694440354223939774414886010938146
75318122059694296594233929655077872036423973126608608469043394133416195572593, 73069546741229224311634749209412004889130547587037443981036170087792758907476
68311078449655469007246537125081548077264104498642347087775762384907634943505, 9703562388151855781283192299213949333760421164389182371730031702982849629232
67116115383060095632218145852283195764451268303721751192560099761378415422144, 49872833182622052444552625163791099777836336176021057105117754698392253675886
66257841698856622244093976171815660864263614895245226326777470792158061469748, 63264504859935568426535450363736246764619966140291906643751651333232646592802
16696507528767216912241769588176362688319720970447068578748518644050776323541, 36961745835437918801614188574358428832507396661989515517100783359043208814060
55852184991112912418428514305493744801044073703528315945981973644207571009705, 65324486630011941043179221287648654733522630978919841240281972097290257681868
23000972643819182010912503002879757742331502984039742300968808182871313590611, 52662555627520583509483796379656001822187626316877838677044743261760277223814
68667426357359577137800749600418550210400808246670559178768561325050403009271, 56902566454552230706481212606697833344899217798234368436826816306699364507939
59855053557294463330973539392052461090975776108352060732624060048840686842145, 47832566560940526765914123162984954931385393562865818960801737287420142524269
66156425118591519280472004688443542754389509528390976851999636209606296156565, 25407144088919137479523092324703905305446487787046006704624568250434050153654
28056448214439761121766041108212492170570064654791139450646076380577161022374, 28686872504930216490921031688815435644129172116275309543448524382232272016951
14865865758334202527686075691754401116166723835308819330585546675541447666081, 40544594669243399908956979158957839439080859287125581561225938262033448960983
45688943053522953515759540328046743305322934192990497101824948656465781236233, 20207181181536495206419317728964080611537384213896135202520762567348089118942
15379231677133535112625928672650169213850636242410874021185244946204997134664, 48358077506933742187831100959720018770578855581248798175529270854912341409963
35736016901971897666087733014010155550081518795493680844402007122322528574974, 1339174173544997450045076333772274905534389907846950797172688559572562312597
50102032533213975170093811162563265027449018142290859537116812740576081750131, 4864929196641693872524210031514144383300325818619172835655444062171828860125
58284247108934058490262587519760707867612111535438398143640109552430611305920, 9314274398278610337560132894204899530705605866896488566293472785466783516814
69105874802100107054174137312475679121945471379287591271992910305877971662258, 30632082049772036428264878168682573717066924118693593562203343519710436390791
48488525613958762225762572379602197709158732640517401181280126935014189965924, 4441190398150176643539991530146229718659816347196517543769223484289890900138
23103795271273658984724590105095846625105434854874209117614153246813414254129, 20756534882379960050051768205017558385806637503865116883877603835316782652846
13100521335411436389526652466749625121767718264534953507852083291176220931392, 62459815148301558273743150331755911815607984455298293451408692566526324564668
21061253924580408268163345751568521853283060185453724435556292075745177289998, 25466708134179237772989255274827176179787452193895713129369674856659641192400
64874725533228747455816648203056265097018463715247059654806069384004121487096, 36614326152568405074210624519597358302159477448996951597432438704466186947885
37732766106251594139490376543301876290084423644385969674475576424149997557564, 27456884117693018756921550713034526858043078401868156278305897417467523697129
64511237720994752152886493157343534372538831522802025638896077479753398337691, 41597478307864681198183814393278383993128526829680694648444374963738339070446
71069213404622603316881443722420600553701757484812264676743526773090836414155, 37270876530835249685132663569114767439198681144439576473208165198634123031548
26607245164909652451405045161462300648734775452360811657082936664244425450725, 17353727516951076345456099678479493973324520622979032610583126737988981064433
53447196782962374431057437909764140312584430269171615726101574391833624701056, 8578943676590967304769353475725638432472998286774064360632267782914819827122
64495059662972147341411048248340732938535562063477332524235728229506476189868, 56182213248040161247151281210655476889420232014840716388109275684300940814193
69580983391184571471210105670338183730011308596999726299364108399492598090274, 26253937759168605173235128665877569440531134170490653513736626631353457344422
44127965991876094917076375871621114356246015416541244790087758481012374180716, 60483925452423547181602827358184384764933194793491297759693236425957311456579
48365548698651674880220719728188410810940688079567131359903455446947508056027, 1229090255130659348229578687468814851293760224978070980911545552388218965149
41963786441409459643080878151625805110574506439506543468318623328925339765095, 72697811905963910849982721538492787548260833302697696379625617502457318111022
58459481537261256947491020055394603315088476457682207595718203051802725130267, 5570352269128577228784122219289293312966639775568402456133913456211347557575
63492261205053541851671340251590959450544549482863370023120316485655538561179, 41947131628606494619490833870919813134769082401193420846101878816563050323937
39284113198406985154444670659211448741426838569029385379143555560056629912970, 3655580948714328324830786595223443400112087776968938886087041736020437643724
43350468711708311561657157063703590939085965328868574149919959674523716421681, 41891459575931737314049665074990087955051975760695485987624908662639734239090
44762124059459065171842490112941624611007290761582840737177118958304160242463, 73030261276460047894805590473638919141249643903598277323210605969838995156209
11345788050834178326077357814949940751221389557107454876146338850472444434898, 2000719389380117837542036789753335967242819399323890182649806382662103652201
3733656191004397484060234555209533861272858170989240456466597871384617746215, 1900813856680343943649130843415230877042407923341303363492380329036394373890
45786060191858408067632360892108692375842900254772081709871104859231533766375, 25675758847378818503918545966952337359442003519276269502700318558935472037290
66666611667541803103211811628186264948131233923986726635251876514992213957198, 75976841377984447514082051781812434686331688534900677046825615034187114016019
63162326520377335704542774169057670069045328488131099432253896695563785374220, 21829349580123009489636614483908375632876145690828860666042419515196447638322
6719026990582763553516660794682379309096732869575167108811460700888640750755, 39163619987029475024219618943829187735832820377586193839410027712921015262120
48518301606670231169509748840199992504794798977923303016728582731289300930595, 15328478978693382845597581745007773447274650210496735536803597827071896911188
76113821039145885526024409164013653344874227736900586220462704972310376291898, 31407065166853116084734700522038462475606355380745205820157167760120338315365
64110547503579463272929863634491159840680185244129468948836430931729832213281, 75995723250008041534803931342701041955255057090996087113850518317558480929107
41994301727257270947920943435868704112538630583192808723184924153821253865646, 19146066194822055898265595204148274946839940108807170804574414190844660559501
27721869119675376980041762080381503256278323381400504787633198607762699053437, 22138272093595613596104550682242829028739449738843262100110699707431291648248
41119530817625774594710042606124554825888894389517977439291666044259055281166, 35090660633403041847845168171088156104519736765369204311590037473586142877522
10818261535211573076791038677838642710849138929994579288056171517127220884902, 41700777239103715026782294045887716186595338334133962738205904725398875983865
66467743663616336841135397359697779800768817419484954522496462762212941690702, 15709615335317776607648553440644157543034524354339387923158627368135147146634
41519634184041833787527871891980665940922760536858193878704016731743202409537, 29218865584012725253877342540505709492667407011222957554863150688572216670785
28088817000105857371206897140794315297592421246410646159964525660073372618773, 63324910697768006402442876013285307150093162876198647689518049939496649689761
51583513890325364341619778448247968889543426103127634787200480882271055873751, 44402919614725140303812090609667700979515870866207532734479240692153732156090
2116712369155188877402873097841867618314328145112554957425246646324825952983, 15725743911764480016690853401167546313305763462418977388084395458763035117149
27769986118626534693440670170445876431953696028675170921596304104637844756474, 55814344075138471576222890913675494222238514010466912370148839740716238013899
46826551143548895220699047035998610770061366740110895301847347242466712671495, 57459600717214250428818448533587413216229579557516935622039944083819329609198
26300936887999386091827893740041269559287193175321041668472065888297687062489, 40519007569811397957258504022847497763797023838826320224535783200470762737408
76024747819634754855870616195506314606574895485708644429166838418249014701091, 65398969391057188052707892808131156879187161818938047798046506269675035428114
3734117608775102179629650843197108418697498030900292547670831242473816914309, 2576936086329823799733700004291631415304735936883264259012996705452171222375
76223010661406165833523019705790774739661196814885855756719585527433577950548, 73882376972849936632070981488701055168627205358895962640399931903872690068071
41243920453385333086144120969366284781792331756421556042265117742475448855280, 42613032602232002874207587769921815986018521144785336517376187447232612989344
76381488648583690205358451365128123551942350590195452175029624657377045856817, 53921056647363156414596841273554739301774414097427234509985345498201882891397
48504603105175355047168527626718755564537192535715891902457459099484102164552, 41042982296998143217234562127013683409801940376290822814902048473743927625987
54553536566988686901021338848572958282931207383993500018707572593680151699121, 9393886479805202546122436891150457824902673471914033571107446216513746860655
10094591526133215067347077977137664965222039479630799847520532345395274397223, 57856172875820398771551598347328869504007911083907688957961407647069215310003
76105309992466636148435174877869485427551138269275847597333657505304050813791, 1016363478783719404573589903814095559441479374037691804688317526156701367501
68338583091346981080047648105936796955504238931805010360716053554740634051066, 4037827832278234516915848610104175570568689845264797333420552954340433265017
33475601882559955958648453506946477122526679606897597900038214176395003430502, 20905463899423016872524839439277274622458821959174317068461460107054988909388
29804108532768437868768339256187069940953650583824936793333456779531816542519, 32911797150043608422991999237863681847899824519105752794891412978533514340309
16455173757039706690227912158264497076043514908684934979816847917625280272022, 12146427481596313611497530593066139297530803193746176063070097227296705804153
6728288260948623450969486479138894894143797198824394914304390309780461982148, 19539265524132062612943030394226570905895016501810308684001920084443053693464
463701566599727114122493081706559660715639613074163957041072034154567888736, 45510590955162014335144139756775270007338721190910437745098745557579757229977
7081973774554644889264888159108579278984536948277842429653127222917549909499, 67365481972451655420354530569180560557410157136940253340332719165929861166734
52404742403788532464608405448847930440722474297144846424962916602505301309352, 55367836336372988688042192855678510330898273429353961757337931872009846809827
15146681692417553054785128614612934757541781350013471033327022323861053897732, 42971146754602232744789296266667870063047754865371544760327639444332561089639
51509938655103002310955942408859086345392609714441815006020784087302764277576, 5449218920946521024791106116024732714880082540409968547306585909326354761540
33757971974018958176797155373333202949452779922469074796329331006498761571982, 29584684482723063083950886745102215957747887215144220347066787377207114422743
29526977701494757345345719979754452074097475847327393102219731453573508916061, 69122191784225915311655553915039553739630898812229039581225500069787243207556
56472848941534937882574734446073081191658926137018196771657651624366780354792, 52464789253551970897364274387530817653645277375968367141066232895832718702584
40625846968648330419520245954751259891493287659184096898202784678694354654119, 49931672357682115401775111254108441764244696569412712506236660691944646512193
23830197573043632579909829427393852275159353071722168799948790848663250558311, 62166064255839379364981693564643733280427700053124876517814914488666545007361
61761681602587486425817327627136045214091466307265170044538841631497729700489, 55948696924422500801613539158087608010407704886850872661553539955401189712185
10081918296114524530443899528020851700383286940265037383833250323107146575965, 18179652755872336254037827322585748967568199746841952144739183489710261952332
16573690914309367613812481979644038196774551714672689755811139550422576828778, 49142758854307364545164860158771965521195871015063708148566929852828616889755
976039496892533107325553690549950035153209231924850330260154037541097521767, 67223013328214721832360188514424914210907082810946436318327679024935377009897
70205045254626325014630513143071736282816642782327978331273646729166672737363, 36888603184779810464043806379889167850346276086450190627742462204184141719052
55319443593767557681441185008934641308061021310969267609579044372362860721835, 25516270493170795171933056785489630113295433637037511048349601425487631598588
22979866570082110746312737246809480301609277111718838071414851960846577057569, 5813301694375628429245218590393015225917613692322197486087000325475872509437
629025474617602556985955314087658918234466492694580850738556068426969861256, 47948058372319481960287359881152296164993188790097145681258002639289736844077
25902352310098219486773455396360048426171264566830486357068585840543651320186, 29278943128662715486116056514585149174888863016844413673305513503333595920836
66751477693361908844777114219213930268986170795557769384801951801681924698572, 20697410158405942245211795243432178321810603336531183881482965535609106899045
26107873954849853619379305029536394507901917329522942972610852290417282694598, 36237521256720170612065703980518209436609369913370958091182005415290282792271
22121442671584484357186716368508963079660310535959286428745967784112382799593, 30880299461746001977166372550649183983544883723630608701421279730501756157058
54688242310011544285844310446818783433053326281674115168241941120213609192063, 53585130439335216554995374587266693100455740271210544654232135066170297422901
66477703335987396004602620950933716847042746928741992867162983576645985911623, 56250289152869309336424824365029383235325216711950826371610729750219322279019
17609491678627594667605145678516064367576067592365444528754766287700910396757, 33412084343124798709733030713946407770650467432073375801453898953547083399696
36137086518156694089971193647390445455230591990794410965126314854140839168635, 24098637100457148604894988475776276611137511753683325433601757680635582738530
19415719894581137747266524449611605690947566510354622098780576150878917925125, 13588424873826082101445893893996410948211511752015661504959443702175410024877
48938685497801455444644085371929133427756542000733576519667875624518793783968, 50866385473596756403656717458301961369985443562495027975399597488043942203501
45164820585652727808936918331136666142140201165831171314075221477466644053325, 29351650249202248128333641571465437843776658719628008766190249294730874760454
17906585727930822326441895561109015492151947056282638276249357334450246533926, 53673342196258158184496984899865697888715508236482082160053403112594119447419
25899546693631314446985554481724422176976891437472572308175357480028533423105, 11179103378896495930953594305463623769384083327616050206867182337787930418223
26875839091519803308122160574709875854757983720873085850163557418863485101122, 10797312628576991533298770119256113557782661980279174920924607761425726487639
50989597918670255314580636668201500592389103768546718687984387931019078696238, 60024127004581238557444583871417474879090556720715011221611366683743537754034
1165762733196928903760782869837368508726715033608902130895225160189777174443, 57519104925674299022170984361711700561773994348574341551105941604308771961501
4968559211524396033526637529543462799876033173414328519400356719891371014268, 25826825266078896665409139643644255401173285241686930655931296563503786228057
16200151617592709935519603380261376775980555045103489903850006122031251004410, 29267425031193349574901991222802856588689827691031271403743760628455609155086
14355253827835577691766200045451759176676241629968670774615082328381164977649, 14878721264479907162325189857327604326707122372961521376439091471491947631800
73410722058299927074332902766826185577864726756929378850361212876147766395795, 31518625601552694558070102941230394934147987476450503340850129655766122273824
28139793986615107386379128846612030087365571500736458393921473089200849651183, 44373066807731531874955617435397818865615336716816665863443640664407738027852
12780938954491434543837254323449445301095736759664352492050870742517430332884, 75314871332201845750421624508946566713211754785511109644188351195852627186467
22500524010645335283382132834677585738258583652401775247592607835338064266347, 23994501881807818955659974916773391173630326252611580148318627471033215529077
59707283995433935887894625647326434290718923994730909946807612907135207136776, 63806838185760102673216801152811128593888369079262558990269410995338850143438
32223183641512224739325547074668675037677252773001813346359754597441926969371, 47717952409404989170818250025636239368621378475287466832684932145924342019333
36998312934387596184657782846402407831946546278594508716337340552857710128311, 68895708697725401821097316795551876544829951730033826593259168260441717905024
54993983463655698734312337510450434079219724157124277538120526386148591776534, 23428537091773226343439543575545124767718764976073207518488739713311076379081
4255722176952211584899659584608998504869750716782317157505350813776606791342, 1551372560154647626181333272465116244032081914800689261561655742121938491674
39114854814155121498341757340313558422790734404224987146302811880159811482942, 27569478406596306608745585695936473960459522935494190082386689537044625278148
46066143666083654552872987717355030134163413091829448906812172199738531064541, 2212552071620153690879400299274649489532347912754063807274071222176528776936
10446115600164000458150014581505237808925552753461092144517299323107280160034, 46120432335340709157529757102540270871996263975706295728610185654449989940858
21387302805595112910356222312449124414939369283369879734720720682302689182571, 6974442992268027447283281530846238817982006131035239296470952513186728057981
17198939732044486556485532566430067596326081043064188584824606160740010241220, 46389999403443295259870494388468159417471830594126768508545715730657079833510
71371534542758256936665534756114919486903560606879147162751302695476751640426, 40396495114413444215967051096916585317531760307458822660469178535500830793366
35690613847526171307370223946344238120301351689101405152601388990493033960096, 26357546734747639006717222168507099168177975970098681763932541406783451180493
47721859153865024134861885296085943025282059159789414923204394288148275520774, 39050666634469661174237858252836266860057150610091171985156488515617446844471
75890861558862226400201535666920931772976563203133041511229760687136219765676, 50054824836770055559231905491048190251322785093841151009279050050100002209294
38602448334149554045540248368540879814162633530836659375133351946833696288578, 51754669738456250295499357052714214465721119312083961382269523947257629842988
18770518545335233982314381936667347400586450849901694822355931842070463639049, 65798708048371482638707710086455407691671644426429402283171666770562235794763
57904976943570644768915033340089957380647653903280353878898397795731610333491, 14655890305044942646384933965622642467990489799062107538782276459765850212506
69275297199122410530979394797235385629209299198146716368477743644619637507943, 68515399425799123906777353519577495775274869356698686183401780935311550458178
10999411681952777875542226462408288716327418044881995757437750481533193782470, 12335159649696667391926012066034189517780868695630721258159978665852615694751
30259875591569487100005094399544486852959726631377127123456854647314773699710, 40757210730533629285829797721332375326166111745899665836688919560332271039759
