Elliptic Curve: brainpoolP256r1
Field Prime: 76884956397045344220809746629001649093037950200943055203735601445031516197751
Base Point: (63243729749562333355292243550312970334778175571054726587095381623627144114786, 38218615093753523893122277964030810387585405539772602581557831887485717997975)
Polynomial Degree: 9
Polynomial Coefficients: [58, 12, 27, 59, 56, 19, 47, 63, 53, 43]
Public Key: (49220950453284737528669487654710122625362091376386111413811815803799171495498, 50593885814750009225700865643715176127275096924388762046425960388121799842580)
4367404311025275708802632173410758670666129654986740001112662982372521230272, 75834124427459197309816101952104860678707959945813684844405490700651110214815
4753298263461811952221718957879372095216944335530720250165005885199531550176, 18659744923693756684425912525117146699638288395575121247444110671539130931480
661566575057288840166735762013100513085195912536490031173376552983387355917, 75440949627264790790936349661484301963873099149122739247222898141919834022910
14641143444149274500275629535112749659204786912746875495392759070745678744557, 25060383200926464087469120406619983191058654676852746939926265431986231078828
40357477263770590897640303999638184632502357474421193614162506008285837214935, 21386360481828562367919431012629744664525730707170502987601058177220097442528
46126374436261389725662675224462104976408093433316507670678301957913831375765, 18429526843412899984427324940322821430692345515366663548919214717120387500193
6772162700794255808678279615375151505188984898519860907969711086998007471862, 25293614800316905957696434268746669127963691565189154600147943898825413405423
1201637679960979397609606995471764497625729289287369414858793540421261770075, 76077546848678974288996587524309642215080368850138589072648357754421925050278
44667184617527165374042979462588640453438503069043435149026025251360679693943, 10858828247413353740750724022938827239980323808839536285881691535841537081832
46327871814871532326978564466699678409892634499151448493736479822268502220784, 66049084281127169160502302242883944082728395050511787392890044712772142684992
25457654418226333081865483927843254647696340500791013807259988771332713534517, 37410227083295511771534888044810942942802415234770324656522724516837771157173
59412188026654536203924617316241152781431390994879377022073910992415530435728, 27326340953190398835567187770311842912703714871346341165640063082185335745546
67453867325693776297417659323767773240166966778852609945416131674453453812408, 23628520904956794508119891121603944698185592305198044846558065890475271026649
73697694816003880763050547056025006553542321335787827412684806623991819739748, 28351237813707951478131911005127124269060381149435383041508089959866360561754
17153442380840019843057866264647403093034439389117845129009597257177434260189, 75839490753731861331931230202604484881946093319503376066217940547935999288835
42783805756652555855122263074124334237383396450081736837058034056231014771074, 68285088533063193894831873422392551500302058309857521570675805745552390610188
34171756466361443235870176916199211738544508467188130568870734982880391607128, 64061313421426919013792455762358727248128312695059496029852536337434385138409
47906222873891158825874722956442787980882694211283712547383681519006811633900, 66198741712307921904193275680244933285337681131312900765369782382481923265084
37404369648378905089250630082859373766481973813002825954434072631069805224120, 10822428860372485178761727829982363829190527351160868157871601664783660131400
44647419284361964994849916484105553610705456560496243845409664211519716831532, 16215978985701875666413227599051161786210907308616959743319172747399281716156
10001613226439559418844513870668552103413031100533071526734089852740265837248, 66325175895885448149689688366097789635529298689593412568920491139073220083808
50326806857417754744737010401308566429574101475058331440422926156867262647543, 76286571642775830377943544876958820188533133483631756539694966217306886240860
706584512850818678072491447423809414146878163376708034046391165901374779399, 36103805840351797297374545501012123829456195552457336920985962957535449843985
25308320330821816815783478828503321878248853376862522793446126985714736869153, 39132510133602954883756259132127802453637796170021020980600223070129326722407
20994530640817998461019999058891463243534038908270504815600734262156085221695, 30377691366238531886290321452991939883269653487858863658959070871135102272666
11834606316465952211492356355291342707567128662636609003343761853452918902462, 62521666476460736792544408191204275421612367163996217125402681153710826214807
54022097262720543004976919776563781527112108537571047370473817595479474091148, 63926828716102981131460869904280022979561424063215768358887320738271818538481
29125666562070355357228331246389996628099426057020800948357433179486790283079, 25964690245784679933650044823754964974335902931031073440201678387488123274150
49363270075983590676338116163738074255857904750114409837269820970668099274664, 23848960724538624677477472529673097618964803059426641233901866130898776458999
5618556155503690140351831329890387402087684496743599155895795312314090263954, 50859168046262400730233082683473096692776088152213825886289854709088796366979
60824087374578419849482940711875252763812281797537296155310983780514942911594, 45256988545056583302288475292077062329911410257132356205572976448597019917215
7024820936074966997649739940744670333258841996030179777596909730457966182242, 53800696364858255354703068894465052689668999290477742551769974668468545531184
6138017214579336451517249772809992879256928383515316462557547345398295743254, 5459887026659213006506666924699380168245931586967637268088511621591530370538
65305845727899342771149896456746739097788638057321564022382685845278398862519, 13274019268558781495158479145731149203933322144358590820645990988002930763887
9180005909271200841699645605229035418993883041179710102924059158195736198298, 76501723310058496836696205975948661629743079026853775761043556558168414949570
40727248098005705311987219598574317818658778126337700591118788042111872120483, 6296747253182653581805584554736832553230347244313960000129077164359210633848
59734817195499674775832087698582181447310511302639144579314223133627092012681, 58549536322174349837673225448967148277029162433914150875549167818034099154795
33026428838303833905459949356324800478703096661069600755566139188304737754344, 1199993905743271727758124795293219048113025507218540037096570763503974155703
37176263699469702475603982538474342898675750041786211850983407720434766149121, 4510980669787587233746926138582254538825295142270164810891674779341070253522
61126929473731234840666571740022968301894118716285118548360202350130113788639, 7741754485509253443617950271220838142500714765465751736098505099545215391541
70737886518866855704757389843982837516570445796181926776096507189546835324770, 49398056492969115855333700883643319981869326098300248921335450636460647347729
48307960175130515454282833098207436515069277940353329514705976685581790246487, 61864226878190120336814937100561961035064152946589183922812431816805957123448
71967871608766502226764134641237302477807858873873384035905067100513162476655, 54439607877148501423076181508249814168638719277924276178686505899201231251411
56875087960612857285147700210402213677501136221039900505054443102845136408024, 67551077892651873040620523730980981784554033369184685447992431353445632039618
52629252726950971138584106636390847999454185476255208196193700754236344593716, 24602739508397196461100378704565312782701016414864380044818784340944573222329
39472729404981421091065535421256770259793083870059984061915877053632361804352, 4603030930143863113757248012414651462829808960936542034923729534358630164263
57949125902213343565409288465118399641469610125591283715448127755188583737964, 51021062671600266293630189960612483431171543171867921716635583652922221035070
76458142527084412677778771997055778823289774283911438257736756793643593615683, 1200244536014014302462998867547288114774124904510454751604605146205506571128
71174281884151023507302492323212372913778209858153639333102354945338662813677, 49205432011703807012701635052114761724902852332677150198189493193683000454866
57836861802253607261096350996024585913236766513890306933273883097537478715044, 6384919617217093328484159785106725375270502341911408125335027386719725028844
30828519968912066659251127519458014741618711195814561811316581072982416233381, 67025710341610574427728659885654212280141345447074191366560812796777672395814
8244147452059898071959370926763463646691045461180217290633917764725926117355, 48350054006938745987335392387495195540893422773028432523284845073861245954463
62106436139022258399353615980086829786909803847541630772463165883558448893372, 54966530296010645324431648813967094092957120366518338527205707915282782627739
33260002270692229338748905002629720814013915453294652802959979569273368807424, 75828748067401717654152738581022470106625587760105840370715616267545244229679
12073143409634974171253145137358607144859255360417605634242274311760329101139, 69574079953170339321972095074414451320623851861699434502484131229037089602558
40270003745870736947782466394402517993990503921502258503950952711501095056438, 2339420203872876060307275303120081328296739016772287548735810907425832842443
61366051332227639698580184099200509873017897855802868157562346414857160796402, 28889431078915697835380045454960094202226962519742317198068895751132072620393
68050708233629373774397912568683595025951383561942821054530355437785296145396, 66262413946890751321535671117231255810171803792186890296850542643153287305083
68396838773868180281194889021514622494370251046309941322718246739907489964171, 49718999411104338387931936764688325871113204969907225493511651832840226621399
43725845324544510207367206746632631640926284192091138996328236885273961263259, 61469213721175356558282694615146491245557974275565212196774772244048051173811
48229500437946210199002528698869964970402193359641098742359582308036862472375, 35870536596577029765205396968847290379247586519823298815143298190862974547670
55230402218084812802924990063988980019111808698922920456080644376072253717727, 15407550752941014279128023521400779954559958152444848339036554497548702547633
32070111207276843205632451302680071617840905479167774479550317535188915523933, 6978789578456701941496516053295491969584493776279000657239065036847142270008
55281055943103725649523442524099650885215066499381068724769887853263722964426, 69489325721112575262426553612057182368041418813536144591260126499105622406178
60580437755908073299667537966896685572660574869959105441257623849448613794382, 30204828063891756193639119617094466587816526383853469399351224850555603788278
71000790438701464469267058925800536259486320004927179822197909650707874965340, 75493003557292641165315704083479099854879324317328387607320676511124929559685
60949746675043622512468550085771159888132436246503882914536211742966154202073, 21246863988120420350429051985414744333863221065990626035794268688491711404178
26261094192603912680213118506506088976243678766024246933596256308637642425173, 53531083347997000083772165859870200588787032263698869963591083062083813931070
25068666205518358612331493058634727248279276445114975806527786130092296101144, 66136406518570557513436811919389147277072008574000528459623169634948679883665
33631528973953658124357061556153365027720634655754680819525299094245377459930, 48381863321714272499767339533646570384830471010978375163374109402060521769964
72445332949515211615982839563389441155105809138066834306172809838705415237196, 20811275596754658379853293554806518237065249678758480120383635653183196086385
64575900017984696881540010495747917005921072964463282003061519629746081931326, 1188281796056748033392435846038137680904701010619153443464711095624339872053
46033771573483566541174551096417547375240856830221195806800679567543147172175, 9139148336254427010158183454433535493166509621229892772948227295693505035779
32645455999762724782097059820264550374929609159925391446654810584376364531368, 41180125217576157893987751885748667342278319857068748806239083532514813099539
9196888761588550220073288056718645168363921101565789350737496467745096762741, 47770194317351432017529444165798144436682712672892579524740336168658051652303
24567494098050873326612865897688359716652512489523334622481382813549518034735, 1242380268242545910280307621286479828303180440104638232558212216549529532891
71102312422486181707601130783271779615053180487197765039747385840386784074841, 7611799863329164372462438449233833232772020430875939216810225936398204586275
46886492481322616311387659210445437223353499500211649631751991966813409678834, 35886735968047780776302040200984702817711405249278706039501705264387883208153
19505741948050537087210201317916985555555778220638212386260461803142808409158, 64250920505250653771658496057277963854652436569055955102600893594504260462694
48381521382585614079050952982092998541099192340619124174510813777942990512883, 31502277135485801739454592331785573178963409051023012089162134693547024747480
56188699718475467712120555327945017491532183976478779002483876759664453949560, 35308637398857757247576556316778945767119369732787552280463546113466480993914
69371820943831683840367072567050312225531319525923272751135067706353289032417, 52197343713307375618242963040059171883962905688576261129285418446461591085208
58357816831267266907778425384961291957187878534189935239620679176014226471879, 67656601814824010024772911328584908363176898041223706838040452288788308416511
5697562375639879476365888755559425640671672089946935208175053673541597761983, 63669180966330607233499997102338880835291471728089424679783932383237501880251
31517316772040748555138753215826284557480141681200903900117202975276371314747, 51212116307685226535920398284311801865787329140265915536648172893608527467821
56212030319106890049215350032672443055461689642153574180708210047122947871846, 73853516633933157557424077364641486509688207537280423273091043598657847179451
48340491678192124006648148324591304969908033302265104719456892388071549547949, 29026367227883565212061727713552569678714745353519782566792246819596738945702
39959397594529024937281146959388517500229719464235332347982320324289857737194, 32845316279105956325537190627482062972070866429004938757337797566380732076442
43516833290549295292760331296728031646636013275042451428721191067238213111932, 59143070763071347142895297259267641231630016251165595848079231490103016345058
51682066877546031903902413384330102925018479234972847581462864477339589122810, 53082667960216680656056274319942670218766721552283224398589824392705693059576
1827187904249307169691329805717429746961998640740580723818372074409281436856, 44043775609572522512431033913422790342134609065313282057356249961282113315705
38850400245047458442820151510891732475514338907980456622553568453637081126831, 50924189454577799940740532868536858121843978235604569259680657021004704834376
66070870587512293640711905381328904046017107105259092910268382093973953821273, 70399569481091719365754655583359276266816314501175025887678904270605669356742
13315072811442493903705014664463376447004263940400164007317096621848041488872, 30205611822581056892872521110003414707893017398297462843524956272381186800490
4913726133490905765612279969361317980782790941872241705240640452318551034755, 10706821560783792198392510046204653953532190334507794757053372499135164045515
922797237861101663287446670622516909637162463901736785878170074984313500755, 1983515340600345702475614513359455706112475563518827416277419822597757404341
12546010368069318538224111616805538417692920459790206908912155198750375925958, 22157890954501907513176418558803500864374182605120163388139158071350987570414
57375258187162163209259983920091046421949884132089730269483042059251658439566, 63761047730180078541298576985543645880657707991395945089510882732765192400761
10525417143500464015027081755452793771355811516784348178889447874666743847615, 21302786156146368648416860658351484326357876707383958082832109502519007364436
68037765821280236851213630878371650823095086266181314327335077377501166951471, 66002467802147853343041504366323832574492501019381678523629372956818327278512
2325099110745493338378924842861936174332207480890271055961246641790883141749, 36253713948269594650938461859523987489776420507774765055647400186835191552581
67815782210954030401039296488969101800148335956155499606864276377953329899574, 53352970536355842414311499213125035592505892403187314835442818459642169735357
56936384125241500446259954474501101733035334545721001841462186845681520331120, 45062165426409329791508837008605252150618627394597947346059681059135078384728
50738848523062624594086422974352619210754333633474699010040179140530402637496, 68344147676919052572850307129650747328564213733504582810059344738225854791856
34170832318963908624433489726215813886170241957390781439226507227186409218607, 61017520011094083011785912633299464036489953767346737022531521306301441393236
34554323520417466766862653673152668051739922998881137490188568871748979208129, 32496523457172522753748570339235580200375599584129659366189530073335558833604
70810283091958001361724288032221679923846679317241664671682590854347394197997, 7905896466300601124744312800615104402888744015045579335100588619255875939343
46881650201422908504897342803285284535745405640181394834314790349115830144078, 16899837767172752528433447205391216841512418265679511341993047072883427517813
25568738367901822106796041627843583340321708721860166552595076040213070851339, 5860950405959241302485364330882552346173063500618565318398948971769878891310
23979411360330749390282331263243604418890742108822489781542117171754482806531, 17537087260837957690643249412642433181743414475537094160539963961070641464342
2510852217699866434887286633673503650939129963232271543450359651136901492404, 17896896309408192798235188662990608223989658543578356322530743074087083196797
10566144574053317788501830759218480677119591114779145635796869598006915709687, 29951745338898663845774671950849112224041512298787133719557370641266690273341
62872397558589040902552378555224325274484246600568266113133256376192157510797, 73151200258750474121303232986948638580406867599245506432160539443556014546132
58393317736871385100790858017081192695498214928892353165828379594069062595752, 69656207266244848225752819723989164631240880014604503378606573438507134921008
9516079636355883318596795088500444670634515818193197161270637434892068000285, 9482050193817157735847412560010984542781092232552573302484915475735000044925
55384151951695005664780508832932027969122938568499576464242113816529791613198, 33864487384639948628511423905754057658943627601484736325559748069789162378124
17623491518435754835609814679547628183581393522740491465241930024006718169395, 44551057145141198409878713020655161628966439572046970249109304657604435927255
14926679737675215850798411141696625452677428783534410795649754157942251810894, 10936277433549606107817776412672362453777587288657866118513526436349028980662
24659337942587309529923693567391098094445577835514589081830763345311865665521, 40523626162284987794109137325330817068793136983145042734624639638904107247633
1392757845269908256570680362543835099745773690295984903422002741391681998791, 19179106742270423367788730046083236991699238347223790008162689940676170890668
60109092099346365877348234514657567892393127359071551415254921648443797002824, 30379171525199021716971477063975834857129846952146481353269263027051762209720
32668016990968747336658306120039328990958616127395358495252649526675216452736, 14168578843286168168520312236548266627824145927247702901081107765056636986598
39161908231836815146794415951376389907095738138075085465312394222059961086341, 25999885468561014425862654362893074520727564812155566625363725894381505657008
11020394731826728178883524807158389832822085235981392062673452431783801612101, 50501515646333372574179101400346854343898702261007119770415544905236035110589
22436260146319273262086687536882739158146568006946792703049526410864211236896, 11975216695525428608975039123674440706380495079905896241819512857363905487860
40870689456348936164056546679572904710896954576887697191388775838955373113542, 33562939779046371671257123804103121070093621386276160706991737860731853823012
37849059540988560687232683787894194402946314381996815022479609679410413698393, 40254065512000764103716356635780232147724453549771976106850182448840659629054
7408716692054556683940602597335337646870691203551160428943358699075032423775, 31308800850803507568838682196617752334117157708085463984619964156027405273731
22696706699311512455410757819098459452674117252712231919165003414380881128010, 9162265138324146794010947350354667380846874556764800015041832593117322978987
49819014375460343363938037628265803127836837723883074513670992006202173740024, 15424691344469735130388409887836065063373645358214773564315851595445653714213
13905517683818599268796768163596716926128998841808431029933524010530109409251, 20736006190199378111386919302427813401029064632095797506432746131958816041498
70673075742387488780745479823224516695004425881759844950093509582389993391221, 32555636838361907632026723839610813771324081897476823936648427262271283652500
31703259401632920883884400148448484593465802484985415314735387469429045402123, 65407961223427029071689349662667236803574223172987390752533673027795658050389
26306467382937110899609156697971695634645646939449066894352918010390169122768, 12734665560463768615748538497504985098504717569308329593502709106968392786975
12800055690181345269209007824210359737229918179708166159670460479545428665510, 257580635822889671346554175578625933238418597808882106791873177049029094404
32471393977004933596015865151449954999838996894589177333458621701436976911903, 30701819947741324895536227402688238656488510670190201569428872060632725658428
21362803399372150531724181207908719915009309477305324763435454011212035909509, 16662217426130891250815660446283013438868612397309176956217281811239842991680
3543007552692215845802008710016375938053217314747031472862550166051525730725, 35143056737831923295563882647135129293992613962302663691867348160965383974702
30458460586242655770791271555961553500127404238607433641836734263759631394398, 54469745325427454408650567087789659129117546575784886204423777324320947780781
63051549711391154018892826541092761368283488789170734830200211546324805678745, 25779069362307721701007332782734259794488445789758445959923915809819552301853
23232558154639750132134124704005797067658654149978679824065029834179167509115, 29614360433224538117722605632051842702648948600634090414505817624960000651510
47472255020388435144987918524567441129119883780038668517543957582259313411880, 27742665256545064158450374182073408262385996641053373575926151595525587605822
6614163896518869952558774701597875317707670774472640719774214359234907530439, 9228813293464981054814310409145730347232143573037724436098669563791928131743
63071227454219375492583627998803186435356406236676573482451661342396683627049, 4340469418341912003944695555126694586463361860896688334257070560592403035677
29035277685675652321345419033960664320090832472827706063625139235418083452464, 15509400926725825345532705018752157614724341289524504338760259520796322246557
6488923827052919660137283930331253396324724690049877346563519136202851886609, 66744506965490449591682089193517886428967517196979696430232268809430964971720
41566253236355648800441545520640921770596920951576360926608123008829993432942, 65237871825315511636363942684628656320501745637697736724022832687378648001615
50270487659879015187172836798425299877960593221155425233015771039587510080939, 43531371715065723944765976255583538513161446040376475950282186735700482064046
27640923931969412295531917783870939281489686901664436758887108762422096998228, 16410939966354172037269228902759402754542815226589802361913747630127982000536
3114928928724066931387201548856327335563752871391523602111546477810788645306, 73105779030879602511715157792244624720182746258553148024778623700426190834884
36644921864793587827167118907523196173114701482011531131232534244411679284788, 54222519503268777925778835093587202460204368405703345362560344922460328359067
12158355449388515997732956463821228091373836451438789584198087219822391248496, 28324981781311865288869629773656116679455585922953532562371800276942220561787
68050421685045212734618528843779639957110155834837711494421978766106717167034, 24001650947438278057692044493462327959344441794024341233219135632850261942916
16546166714589018419776160386455492772058557200405546015277826936772364549480, 33885171311321129122712040484359579002887480454475631002007354142877775303638
17900950562295340041085518159677258412483856932108972730004560221993238131288, 62347682667704447165195583838833121469126327982306604132709758885983008972372
47506714791095928421613567722376162198306990329789034687894343572009497786729, 19673868234732155885947677689682209079464798071723474514529491348240848031720
54233963594442105324394830919854792114000865718316799187635325653228346268372, 34384802001850155500062460421654496186379379091963475411415779835517394273323
61778076411285374264588439896243498234245180587540585484118530050238995142898, 5088064677592659879412836440240836284937568159257431028588225306097186092964
13998773903552609562536774167603685986300433312208508824848887663509091175926, 2235418061763307150771563182034230290045477481580012093722594474656065854467
14284850042180805144475214726411602591764043252682285528158312649779012631227, 34669719115345313170720213483953413440947305474867358467852496578051473525554
50858303774827505421036348713608767807715199082570066880292697515231144315083, 40040788321471699440436024351376512958494648875768492837150014834185844477267
49118879658569163244373705019801287981698057727767701892271671047769793647944, 2969213577329908202447686254778742780784293224592560212878222676228031328724
33145514654852983305617848789459799169208955399533384925719136222759843048551, 1497613847235406860723808750618331405495137783672548723021325062949927571077
26586151771595713440068092183785720700148805847478371740740891695550725155581, 430359032583977282149780707460071918469406062988041160611323103584086908027
561270541210133250314241136362687595184009613177752736280825579758687696066, 75709006786780612631764140056312179829400211630144930797868487454542511115
48618036550433875250180746103595322125101612585865395232368215342269178024248, 42968040410006621460392038483343149494312065769366582043031505992995095683635
20028605023100345902263573961970929817702275357437901557404402953024537544585, 26823746395267713056516406636730243061610749497229135277535670022375424152284
16969760315940950870068964523461204140316731141475848942564259322959048680406, 27578195162371479718739331752486328066730101980604573634700973466878608508523
12708066031727121964846500094628938344716554617324958692726122427232069776811, 21493595383065783530804054956916305635807216657485115930788481689916725511765
26215891647494828032433144625203587615502661232095342200923061201030309434206, 59216532997135139164063610730051535209745066775442333086737076401779195099122
11704469304733711327800648463813685485103644625317760890216892106843212762721, 57360236818048346066827139436903618212922755590466573937241528671259185787018
46649356742530096436331498963368304130174048962206567517969207049157483641580, 74685839079296507034412009315001561705608794095825618940585974023556767948918
42753943090855366469504803652596899444798105349333198090501027842111248610714, 60905818978456186108276972571888675486458443916131811319475891580857243719076
18435041253591493313900613931311403018620543355317899620031466751642786835454, 65467218043570819992433607273823622972967794430109639137155959831552745759500
72037007114084524865211771916820881912875773406818257916189735402621156717857, 21819834010082683706696313030154350450541858255856432128621244763883974115892
56598890257588610723669762703185383010918135612890110949261614477392331414959, 70851077001329546509423578543607832843143043689153753446366030331658162911338
549915649753781058271984517404522336169920526600670477107808281430647231308, 64049709317170940786419964454718869354064920182145123925905557956580346093911
6288918459194209397822406180553542740726354259396280449303772092273822263574, 15089086627830801887110956683561151120323299358318071219059366456195035580793
50386049842882891475016042797747046269767858102730167568883904192388437373096, 33666712022747616949668209673105547976063705420797154797984199433841502451722
60673269205844351472230159603450808575003675395771594705172460710164235226485, 26923391364878670794123523329426942448928197149815154566581651027696915226910
44574496838145013172611338702910897170103802393073232225707573863369981153220, 59468526939055515951520726886965290230696377268375046364355022713324454668205
26231162239097256822548921317144732376128746235240564797001197560134628770927, 60191478218326657670931544542826921973276946544339371785484001913591208283748
21814949162563586704601484387359205698446038416789488470090217978920268437726, 33804826824490660417883891429867396169061749896512656974487606982025423156361
20110038331104737073826758214606645260976132011126873680522977783711919186316, 20791544965592092419005710721155556791611044709226485646103898424279686348677
40698104074785764766341138630152375574851021851179931041724631083878546807103, 10919577940028256786147568762795250100731226449076831367747640538272415886727
68077647055060303308503590442978094504636683925098208602061607776070114991957, 1438929401923266238658249308667958965765469388783377017029979586602550892592
8494136319637619961947249238888220034066272702103469128074564562682244015705, 63155011943548662685129390203051030318340022002499221511222507601788059774719
15393742665566083227603691399981731744183159355239560268484875259414441449453, 13006803876829080089566156977947311464687826711100330495508062453001859397105
43147193961922151685308869231226036672832490731836607134651938777449115631468, 68335253658290648756368847419646309573206727393052414127130629456008793898357
39931640498451217023132400731780435692393048477919650177260527520992989984248, 5780819505842669715660488024286776243347149481446448589694572689881859104066
6164299587127455146554602777788343900751471551670455532679540680955976727066, 37134657902741680684362590833100521611272116095893948900739831895642394202493
53616503720677415874779615193807344625891655398209956619506701719527275388507, 9017074848400011832295738665355306908136424757101250813082203712112476862356
75142003847429023802660785260578878856209215159562922567248851773161986495563, 13688003608922470321880617345536172484902066206373427731871343816127928914676
12617152316638669007722687808526750489800554464174831867858035278915555972269, 61574159262970970087616474748571399898451959331767921994727109181222213748596
20153791708646149032363167288940516546338482084145437400036071359605155624589, 19715797547354331190632993686882431643910683419964014824302292787773611206404
34452388686693324375052090807869720760412396919395074268359787512680507396700, 32353641514415167652429793417098861439250714671235533486999043635095836470649
65395409951001528195449390409308065091649116914947903679048997376209684209978, 53767268281452656416572814978552449265880125648279955387883032915433974844964
21679436428935218922438766457698855875630442503649929626388458005977083348903, 48503250261148689408263403846173199389084163865837896622189262980244126488070
67611770115056543796841264453410554515784590771024184769069036936579492174290, 27976911064867649488314933759304150024145253726354763879128090099306916700294
32043306251765220938771839791680948359857902136649690671915470711520881110710, 61409175697465216136013484068447660733367897003172255687519020843540586023346
63403041855034441874509103056758650231006085764063443537056087771477867221074, 59684693034568530751675561728169677805869909710583053146887803582027042530559
70192907673940886368100894505405127911988441361432091959035162218121920430316, 14032911535163752327025808700157680571973297467406537573096739056219595052178
71390049776397939475923712345377481436211285581947457651294220896515037210622, 1717871591435359201029660498729079854390443660280497136117360240461907483956
46699176102592994549108460026239258129336881671435835214731030812608132220844, 65771040706522579416681660305603975946730331338532748930941449861043336202457
62076141790591853274758964826861753126123298413627997127001892901783075978667, 18174154222462060597754899765203074081866178045818671267501264274918969734347
55180910435577614165928649660823805994357062540993941000300648463120120960017, 42570317846691409748727408088502444991092749477650424026976164350075459960324
35320889977793001894803894022091373328983072106827717518487839496818307956211, 75988727291633654450452063627359760642252478747492655410235710715088846808392
70668535045091910596795174387116382023011599559794480717265664039839007088706, 63480673763775878915572383647358489210659247277656107307050258191564845364289
39982439952092997958048067542794213132363783263173793222128861407664388217128, 49331135915983932944468316302649142255260028791684170517418835721280743931479
47504272610138700728850349520490707179119278790952050969683855363691306595154, 12305672464012324931262236498789042616001612349555048595609535724609541516720
58082058669837390243025563157239783153079165867011817695748386343739222361806, 52100450730666181606981668067342553381787643680371380076564530478783682787826
5639738825558709809834673201543161942820694524853349401110136117381470422959, 19421051385921318858375602518951195167391592354905879120428221114108130140505
2265579508230456093594137340696774737490408032212472894765318924110782074172, 26697294996074937489529921725962019956345616653424725722506629736549962805839
42535897206619264810799458416119631915208415963714072693282898940170018166687, 18477948534870780179564274415200674490716621176660933763347313985214280565533
27014844728918163443780418871688215034507115723974931633050604530150980162143, 71505443465571862562722719021906940603466818000863364401980330708878547004356
20285400085070295973273533534961300947715947676277351733129958727526221799455, 74100913757959988487872740030882531959536991437932893043990360517168449894164
24192345216854456893558893771220914172762508029652906293216726824854420762164, 66607513782662790926859905224028155240880328864633027175077935763332278676830
20959847168949268664508832511265554010568522931783260117206301949866402956815, 24953225748575575057864627600931610984253825574650008580936857510895138052220
32929700944038688249405123322153367778667239318472518582676917498003180897840, 50784765977427776727998343163510852350908644633202503613221517599269422768607
21614804091105777522036742889085291106854373079121864551619205796355885027978, 26142599580498716216412084523637064624775428567319131241272587655635538324051
31278403162469722628530921749892732424828423709866536846212651790459767308163, 19801191673588622855210653673219704351353984347542482548353412266080637200394
70146635918555372621708366612677774708433364797975169898574747914760291437122, 31297936966917813509885601699192990755023197129290009175934724916039474451523
54714278852625435319873895086361482787747272255457987856607763166904178085452, 61615159172033182869089084773436953362094900832213314487491174949283039156107
74883946927355785793472680766650198407883364451120894493570087375504590341962, 47381840420249734237044429838075972293025950795628802912655027639192315195378
74028778672980659136832484800897411291842750837683129714770504182775547878430, 25819022559583000174251560806663852203347297264274399004023119119999255362590
646155636282056694331305148855736418346520028110385440874721986917540976023, 25447072010140402043517182872553210048023214879876990157636312597670891862864
11851451497577867325805999807812006897196212279040130543621509685045460980568, 42876014145017262120916203739621899729386471739432584957222538900467495918057
17711357858840707032972698278736236248024253116538619107960054278175162013054, 4661522100334480682576385109055431496887316505176161832814150919026056261950
63518559212914686720922904484491771719689137265329191138503885020622652299006, 17808954836830478003253332078087261863514965285205280998486550024071399768837
62129105260369240835489717694839725236693143465847119558946306241250059254486, 5819678434190293991263022144500578256310751688069031529085805500647705703103
64661596825451236564359507664642226337746835034645110149634018108155060207428, 73871867027136415362681285902847595061016906194513164648581632390278034753250
24375814303400987193890817424485770081139683024614657675338739295936747349638, 41049568159027653555867054185091584250112697795540649904443957930229341057663
53126219484033057776749614469574173825819461063176878885612566184785728406163, 45571384316459368454434705146640404805607131741925987186871712248584353482181
35148603177885957589917359423646871613589389691571884954152325349358281937214, 23637148605212343681351059954935377197549386724408366554412448604435498152548
12703297081992837559795788236876187824934283789915074514100561991236669780852, 22091703325363546274717712794916621497861124501936334679042639740077516660347
11905878976041419335538516793446016617095778456560947961842382122953474799090, 28435045870301465375451431339954499249043993499944508797801980255301638000638
19649921582230115144515316128705016384087030408612414577894800765047278368204, 19727952648652941110332864256876121852719097655012414291262903490161770663553
58237518053042370043356589127166745019128816704152045704085533516762003199209, 57857916725932790598856363478138619655587313759979895481309071268399907760747
26767650821481095175895775900128391325426118271720574657023925050143915550521, 45892488054351748225155969324153190155383439263384023055424091563021220859196
29113127797827807159556508324583820587207251063150485727771850206845911113420, 42306204047540823017999248236579871070173553733852441150829974920063457340026
59981407689269855366140365976167150638571865976961476757427124704767451943116, 26385124559839357167275856930663926660319479477485634792486953587263001251330
41929765025050525107746980262412407810903783879257186875937404376321227599310, 8700929911737438717437473110732755350480338371325386384571875848092424699646
9538223163848941936296660116647594208480195845024516175988236451489360751087, 61782693267150757948493619681261484573789688793018508178613613212649969428471
43717431232769014709098151864802514775454140311387383625488228950946783607185, 9870622766703732065622444994100122845642892842407104818984995349789245286737
55600070273770591662181885284347152270162476382507002613141614370703250792467, 20479776541003145947687008574353048779450086163200657357929514350742446836616
27600737204134735514994005082868484610352571517457013270935715974773390306353, 10000050019595562940600015970535572567996116576805464443522728165925988469424
4935558363215669725886582328601033866330440206193487314471177827637838370437, 37470705328592029531699637091057558475109472107194528499914747600797031885990
25399607654101101020706108510502941239502341900760312898947962378274447555471, 60077629905834879220702073487459945622827652783593070130732498890363321408810
75753028167705208321326799548411075304874549113570596605045807002188336021004, 15113435816995730461699579683598848671817772324232092816752420291504534462403
48011114784636097047949587887303157856286029515909969832543609942079249078063, 34799419637646224137948434273966485092977501735238715676386340958444608612921
64994840147148608143587983249539181765332771882988528729017613170852162154792, 42596747232267452269311900952147302728393995395035786607925674901176959409334
71551903779689535947402018856916696048807186836031983966076687357726719457854, 21811617270860929988767906961727538401699225109246401532185814735454067145991
11272546597816185213987928652093298511853148261318767158633968219176038570517, 75723416483759587485689889822051276973286285985963464173524963559123997423053
17143054632820397589327611797220428755974052439211381373449073265794046364234, 13690827698137040429731836857892064707117586434643230827688530121845025198333
68358619576452067617907211325222950464301850562522404232317293878063853936247, 63642923064431681163685067502933917688413399226662642757623366793799641510563
4017813008772164055320161576856830904195434969608692519516660305293064434958, 68000900705749206015343685559854244205035095134593349116657241222814861162999
21988665992729127237417332543286825250051170918698943500760970940587221498845, 43227245983648046852514300387678689132912102201986010077879351299538174606049
33142414219718713116931376835488828174092716631821087782847905943481140816623, 16926943154610825213201055178275311277730308116093817860183523194952120245095
74424416784074907018158291417516081776140005661428951661538474495561479415725, 32258098192711939400586394383287669264361170773924927170114869752661298469607
64021970671930134786648455393261393914534413043949536701197803469960161238655, 33235380485269706244588072744885019152374250544738055071854030770420387510295
2530640935011980636510411895318988654907326098752118957745148456704370567991, 42758186269091446464202629659567207384239864733820579001137088395501719828088
66439471384059497857645469801979599626993192442045198063333537266099090030773, 17979995990981756109370193657181670299425614432910264134652748249376862855429
20750568225499885126486938912364319536014881516529045679541917827378182454653, 4617827940444329735508324995230719317594932487997615235537025038871821297251
7550721553770580876029102682119776220489475527030724427090128246811858930096, 62629880235936338231956829051941561735214782408708854153392835808299994029961
30830029442565852350684922504414322640949624063112454432915311695944833017780, 59766361740746765519797815607697657081247099141970177168811461025782202812493
50958477092553416837678938737506638319189984014622167197600097399581682555021, 13893409335664018132205360925455052896588490413141558478396362094920718138480
19637515117515306519826725953563801910784913354250884898634883185105484763434, 49579847284383166318902121940574391497023323783948350892208385929735529366004
31340649144346010055609045187121151553684507166287940637577718673284502712265, 6575351444091948100829883276546461900816754052916408682753674622852477938892
30088232783963576018281858782642590057511299956640215431932548447617353949749, 48056993499749991874045992418517477300320993688836234821304334432118848171390
26132365879170165534466641758173953976769917079591200767869158691204900354294, 45468423424443218367542652212544565913344070891364200131860498728769718162241
57003527471337445511747599981546125888024785480252575972912137679807106281168, 33946039781284936279636354487162986962047052764880290053223296165178401926563
21080748744468792215947088354014126116071576636102939287297969473225088458491, 464480758692517616602917167179297241178351181786786728712357036771204360468
24918747043385508371592053927585937532402659124015304175814831513124961596424, 42349836313984889348868402429927457096808915335974181332645075520843450401026
50889952857461540894404145842546661884455933064021524771517816148770741769191, 26222302720223314737958945678943829000952261445365422009995563187005909838068
66088679849179924784077185590045139623952254621294660885192295581795616624642, 38107512122794993240742286950523897940705075454325679591723889660052792868451
72516576332636706400518548712980104387228338145639512009885518775005247136216, 31357525501339132507247354643435740860450987295161749139649344799373408714987
13991949754286449488220054013677423593947824375221717279775548011235788000548, 9134546828380275986428004323348043268985738120916323538582307043167905007405
30477109076020668285423278932931599466087542441187785596892565085030867695871, 2150696409325325356619767187535228908195746636702945321612246078195392039199
49021884299735308177189658653197306621017834390830546072838139890424537192797, 64095224583030822285436775723426611440825748072912192240568546759206936166921
59768666426173782407952626944864037433300070836698061720578243014540516360658, 24679721118322700494271007437743672405362209892777570377250652596147239554578
60273943470971675898492832513588251005168333328571322127998627021098779954063, 8872029256136369614746253724375371567142255721823427945766372992245867458860
10457131654726708928077148568888897045502642883976207868720932578459549060699, 8868843197069219521046391105547102282001422019291191737467856097363882514477
7977266985300877749501106357628031231368041996247568277643210475754826768152, 58029133691112278899641330102474980639487608708180063126724098699208950372639
61910074960478456290060400503087792244528597596083134999001295413033929699628, 19613124188900357728132540766909776063174599422593367824805879132803289927019
32502003760590394980903278267167243589161159474631106280857285439387346886415, 75160667205438697556585920780994120712950777314045033653646333791573651707198
2610433756285417158279652939315747457084736528153071708465755157298502156968, 18167866382799085933742303694494801356199462679873193615288084387993230561605
31740897106657281671457278535627160185256506238520995773318318240659003463982, 25021094086102631627106094407750688517366325253906910225287331729726042805163
65465050093578752592092276955753423149894729185965661907137249506541346688892, 49551265615281823742955102279523962268567521023439130370688186618318151857104
9685847439598111017011052961061856097770270215095646777655145023614346738646, 7250499143968725728007580370779392930596587906208679573893757339201654986472
48972649281446184346488988841615381397191013513398089010085835424465467771569, 40048722199276962326574568785117280957953819342694354674633196322618233810711
72142093742487728912166868212370485416202499144496440234422409606417265377277, 20322587066096451058333258308266483877922943152542682007519386888793852622012
50973492994788549264182466133661018281922081557680652238680613216208434826124, 70283048143787953980138817045578131150417813410972378017254292335415806937080
16916048678510740222978009820174153067103227883727567569359483182873172076486, 44289381710169850553475998444483507568478729990167652592566676153026338200572
8770268423090300140005849541816249616262970104509855081160287605842612967666, 19889167679958638441139240564616067127091238112140554311908721782089885940714
25914111386044335292191583207252457407034807694169821674223376996658549939487, 41683371927869003359770002600093454805737363122187057726968507519867383186475
52418690367936415631007821839711455712986674818988856657113646117642820695693, 60338049253874350141863091572759017515408530092345619944587045050953021526728
24502648091032078478341140481298942406354869569731330034816464444052031936081, 38728992073074512116540571704503748313567799479140202303427687461410935291300
8641718558962564863877852251108601991259783568690450936204507240625472703491, 52266592262889925896128211698879482432641773025816876826800688781599455834102
11343336931035143146576431118943416690664164452270091109688181075851167323306, 35851975494732714833615369147826710769884567854946939683972737260338255786339
17663006145055713381735261930525258530725297065435884617364262293494322797514, 74041512512904322340666084538786909450532899061405231900564333418215519418218
66410913847579541046813845220890721827705916736156873797809264664378643443738, 7329262223573203349775712342921413609018685109876777716658930819214623569175
9874850336951913228244664269395210605509842135248055558796642416180745529338, 2524751282817023503283044156490148301722274311053241725326331028515737789595
179224837447646242622959031946584948097453168674415689759016990826532843670, 8612616678760899532131832046063814569753518822931071389763185310986334962116
2799977380349719980060850705648079261426155816335822004631720834444413599922, 24395591304900868522735130695873340126878991774542069927277725677640145580893
15591548767512671624154684711376259382127986435043570130567821260371836662313, 8766075982339825165867583464469362506976609850995380992537984114617515678488
45304412246066383484164248428257025836149049820209583775878309091582768918606, 57402265714119800910550796751459344486825831962376422609124964717573578885642
25607735349627690160026636046489682264836531582744314774782984556373280728430, 49911534597695786402543027127812530616982849777037597192763558744175091562771
67465561245306752841269658478657873158825445414729287871063837677409431153925, 30173934117553209200146255644528762569593247549805532052714399237408004663846
35790340301767048456431365226501112705256953763086301701871495764690704657265, 11069643107849853687377082096761271713568513426903215925028530540409288607396
23120839568620568563402469721821338435822132246077700903657594285472933273918, 55244586139764953686998151178235712259668330171446246165465659462536565913811
26125816376829982670087465991815173846460071015251338674854799604968084039383, 61331018884052164269313847595056411700615639180449689945530654646595884930419
76273528634510577082870365381014684667613966961157115239721741838575955058149, 69434078315131479757971856154716335280235051535182113305938968072872726247939
40917978428969126670586079507863848857278476951750585883267224645354952920277, 71969471951498120311255955347371768604862446416364629271050676160879045316134
12650593368537148129044012198211724479382734868637722682926175550254668281099, 14889165729757827771815528823657401766881949124781630257839340945241845686642
3428764950324535838107111365451041177042112407959884383165186843160616727961, 49649838866095390992439361303178434691549799662200991985403977094999639615704
36111137878494237214784726303462994800294890886271176927837016368020065721074, 70149153744470016874898454433191667297116615939661754393077123806727897277923
7336022369545525924446978058357014738911738969126634272809808196169255756985, 14207202622649036551508967145053682219300190581539630980613992963678311247748
52907355157063159480112131100517911276438963353016469157397820138614253703034, 39546725177254904302069268495638311180962159024535683194999275156822208897704
5091945183405528297840650801559333370799556218567202981691978935008709355485, 67832131156010193630429920161563040904900106155591964066178665771075822777603
27177504818707906119526950655722953520738149525423002758601803882973037749081, 21048839724894150314285835874334542507821640071983748225425643239138892551548
4558432403638385067114485631439817708584471760957250490011378399625823816013, 11192641435717272035752672389061271192235724009644620399082800531297585643543
46083300487399617460758763116786063551615969792665189630701883587213778052621, 12807584057958425955316932209817500130281756615334238717076935559506508945423
56321508604361563064795064245902239091288137329761786261575575380657848171762, 51011408125440351830179588925380084368578002713821517142462147838736615916023
37805379808233405397135271801894814938312069803007680699476642680619081376449, 25141919226407074167001848607008200265228281460409266821804797273965036680471
18725904781968034282735433241002958511249983359546663740526695106193928389032, 25970341257359379760221122440845741294340068367727561444843952511954214676395
41221313240969541167614181819025588574858525336040708148439533770481709810069, 9924154281165587548095121741032321536956111401289701153440227964150959195376
39346432606957296476898714953325209597144453730329115832620172901755853011223, 35402549418362998858882288080475834346330673087254931116633370306459505326100
26011189845416092604481091446120404159477084143059989213514078920731703976952, 21515771076737976930524452400323768322683759470974799812239878886321023071694
65749266344646852433057976198570370102624871061166001059812186300837257729028, 48625355952354425918064162253940298899171998721211252419201466266817936929172
3735145064647980346628591020051391057232769087684503499333385159608955990288, 55285356930959127951039795047224545679571689782908166628148953756008415104368
61763097001131285741884032492434818345818920669144423209915898947181295343085, 54944840169573115548498546766770553502046796374811157887840837356907134731984
1443921088343425255549168037757702067500879431159407441866808204126192724327, 21539335148023597164327963749094203004280555776258091073942005556396215093630
55791479855561344812534305731463861376382434059263216108601885197024219950615, 49236402312630909298368277828799437358366500108246177581480097663992661573789
65340710468266278027169430773932946545244547465288336739071510174585635613597, 4184294500548766031532750022489278482180407934824524172851013231430169173629
17112012171308945604979092790536868865529709225580317884530858663494071511115, 37698392038297910974193270577216438409799190134678897575809633631756626875277
74827994432924996503023143299699319278259390691653975270532068005285459377425, 4282337229994728094668043159773767757578004748151097289347578887557422290204
44859231341447550669026066269961502204186089277013207483039808188646311090216, 48475975331414219551217371744531698129020913446156875153036248409909100493224
54041026701209612546475373425356724616761444270800378456412639299823254439766, 71729854065999224726961996751071671583096573416455752091087156120279157208282
70186404363545195128373334407625348531621516572849330687355977510258358890498, 38626244336447000407563923197598836491978558377973906822563378536503104659914
21319449774716849770937288436683260813131249199950445400035926751219716165383, 66430187696281557728310165356184629462121453691084644934909495380809225889529
27420362294055234120365093370161566002888414736760790015699153239030660930506, 75725225446188485092778072643532046053048067985234882657099786342522279822989
9983453148262570291073592054797980287012838377158001400769134869832270710092, 60494765265654018882025152051679691404016019450972771676831178897764432385720
4672759042494878135564673760247263618580260128066520423913248316609609045430, 133560862964918805139108438270035951675594220133316896765620984620295352614
62520390965108746222936560708841448561085672721694384355199268338822017254395, 57641201450243526687519243165917832660745940521521142603729866096183989864011
59352705466985942190606920745835084531077506607620710369740939315277211402486, 36594423048125313982413385739028528183075878570726993290173566274535907208822
71020378251675190582824826181121294120014912878836035234310747667823629109491, 71803107991528157708674031354866531068850103195613772182629158987274630859081
74238843167056144514762876436350607607715806297900512629967523039035650652741, 62160339876516536226939124467692121038134724557790857509645033026975469601786
33810859989750646926499837541645853684872600062253757743116460112948958563115, 73813499064372605854156209083148422526303954915354900371946988597914147475305
38564415151066951406110266197008490533651684144293266096102022344640680964725, 26228990276084156235412223653736429573479513081143991932053233879481758998460
58134425928243668687868327116135618493078402325434628513086017066818915331869, 33144945462611520102662272841208702543493741561489454054787922169788244326503
45660881867023601365454619806837649758502770101191421814159589639341111620114, 13403813240444970241839652119192827786159818693233370856429291118791203402705
56904009277390891327326711488674294823299052986084989849525897065856392737913, 31985530417105014417616584407552751768679947984030728087585057020944724243477
4630998374403675225146399091558291232579610214812084659185274832602408472498, 40848492939312041012917675057745310380168906441986911588834338697371075331102
27173684596054852982555473460186441056143087586846955160432266476663989425652, 6321346320385407795136788183117538560014792759714597654611350583524192315
10833547321155657854069484692562633736458936451878439018907321257843744098727, 68872265325085470592806966935889496820322992599778890616312288877503093470047
57166078962046330334192966879510683162307912066301873076634742918793319223879, 36640286134517861995647214276916692938847619643245682591883102484102543785022
46932498578579578434349663243823886840600296882976171536057359594584710552351, 29214059814089366082972978401542488305019957101995986811253674484325414855051
68026844307148847716356124326242324984009923320129054269192196975753685356022, 1603307706292094121687088940357517972855366748343985157123933637367972058514
20097145802029380238550504883134309844579576972419676423883595218953898111582, 62050297842962891189295497253702824149172882197445576475697916403490773922337
65077550450354147963107177579686133127829866086827883576825334691789032888078, 5335644492477160830425905662157921408827447472574044411153031920742702129351
75328268110810548075114245302228285919968621591314941944804408636848974276581, 32487997303431882187833770854698440370601249170773189442571893443916834327078
71162423576194488554401313398664884148304461537442507483584265727387214927332, 44127197974371211287651021801674669914429982887020044737509701898125610846776
48566952661389457492777196845989153184635112166877054513808191528175897848254, 10481652016300863204326524646889540721409136917235747318841578152587556944492
48421844019558034743700178833931567443999354243202233183247911067880417777341, 9429910645596263461199692011488399531752794260467340746512290298336510194762
18973975163170383107680616894637630154314575786170337176201338977902948349568, 46622519747114855321018962976750030884146226785949263817780031547142765123571
71766679303837898208827024653145290835970329044102705842280184229267345185331, 70169623650802856878717408900910206995310571766057880616289523391066513595694
9434350320192205753967388534127518452428999887066063922033450998124994366589, 29473660675744529079894668076904154508989234157092208262347607108055188865129
15435414506460343369360468480055499098305765964392924509454370342986292645311, 39289165084636888815010805324475618266479329425205981050922892637061260106724
30331247600501996780652251288337798741920254584022547440819796961166422840170, 12564794102332095079129134024160180661574386346448281616273780379326256331286
4431933632671257523568040686015983368883717305546914144529748494707499047471, 30095705818598285802075860503411231223576251046779921047679610438628073517243
35242119297087766265089060595258096542683680870693770416441834519988934035022, 60211511064293408505368746036104886673234171116488058234751846452816137054237
17341036915832816085680965987784378501270792565624714049619318625765776850859, 9379989038937908817860106839728780689427453051608967284785998622360667665497
72769980285167731066162665224388537922860879087396876316079289809056950871957, 59733231047011156559357418764318627351070865546209796756507423707999260302891
62241174136959365214982159938935824555794965994246435423255619297461122759890, 75798114577435525363672780382517613594503946614320108484094774033876190658344
43985300395259629625295583733230454679148209625413399968836452262675727376087, 48480757064787197349515415568459185262136670867507380227046387943173788153302
11497537771009103388994465411220996768352855318196917546359139772392938380867, 67800426827458955771311248957730061858724344119754947272763511576184597494720
36776864422843381208167465120945720847061985171169721050563127991765560477027, 69415906565424940196629660929715354578903593824556585733255560967576902658254
65012917300355520762080487957569399977005967982929505737795065592478900254570, 45922199135941886092038598688831876028203228074997370215124562280126444959748
59840054800256761262826770330277060485041192108353122164725309494962679110597, 10114533471456860463647457025910343743068742975221967310311364235156008753226
38145745774835268626639058282437847299835448448555461245010290641296937417138, 33446350639438338831957569411782864007424840151191715987143046843231672405738
33002333941283995095994297502386295035375185113153279338160314130160576175792, 24122096074762891582014498910884112186667916416950662306396570619730996439640
14218082897491355723325355672918653242000836198709413834311535379938059262752, 18091863917568484787988171992189750016532986357758606973001842304786120524603
61097345187229472959625344436974596212057111925062492128830378109919942802763, 59652485701679107204481688855389940538077464799216949466696607772507947943948
53370408422040293662620245151392657281933558501105429700038652301795401347951, 19801882523792397392718106943891223951740131257092034849640562538846374490742
61172846858047496293556647243093675129059624525328268446781147028241946008209, 26766142014793190672705242737137386180434946788448205825318526091843140121147
44523565560576813455438638177889865382051617351530968928942674627133590028918, 66325373719659559400633472916596338318273169129778390122144645764003953325022
8699554451840296018467448182419598185084146825812347302948879268538003713295, 70267332320584968006973093790416771428301451579368176749506301714827303806401
7905600573429080675696296176417483981822169012133340154110391128963807676350, 25472463067915115249167066952385408786151296420956032726181948696843827382176
52110551996190811677299557919449808263663102821915620287530751941529701112484, 36615271941083207789063001208441976265609854441386315203834862603391817436342
62536480178516052400154258014970798255432705270669827296224736659694458163846, 17469567581860377167490044988744766059606407114528955124986263498549879600246
48172939526159851972416383784440928066470058756402724301305759553395662668496, 1770859433422358077522760087506848865131456205258143940403403731218335058588
27324266700419014965609802436289329392150142322653701005627630118674684923965, 22281081079590222486139735219484411381286051681594681263770532550772594988881
47293867391308128429009033389307401250297043223512438197619121553440973439295, 53925166199636338546294084705603414601002225163701671599775484310120511993515
18454766491061063144246481239541849936546498563720413695009522104241993205371, 43849235994747977447349372777508116882168386510881340418411152149952243231481
24969038164704855719407732623533411911324682261535316906845500475449797370875, 8113955217965131026651760551166105068097609626183737672524427784071041985304
75252499202737187818546245182153511320688636419590876659207801755006512226202, 59130334059986053057792970011317508034242102095407589251099755474480437969937
75457219682682974932637571340180881590300250389731858459612272884071422480084, 36985895485116011234535797002023537426162095352348631416494313843089684597660
64468387431415193762788820556397571195868343561869908825375123818412949115560, 19096769842279520858329384112319801948984854424751960084770712208221235755007
14580317930593569694452056476056198205933309844010240656682787068137778722427, 4633312129355029608115575480062617213307829047478671428219447297179668468914
34192470544799766456724308083793130178386134545266503170226770968883996793149, 32523922671303257712874406361620909755370345537664108342140248732348423834639
38611137896559820133374672888786029975858703424234424958659005154274170818649, 29238446536375776766512426679045404174796634635361021486161141683391647877241
906151065458091233083322753150283671269576586848367687479641016034130454819, 72232960152221240041005956205200738635550963059870790187134230039524798226623
1811349317715037280772488393729920205351289456617316569835438030796980477553, 8828031759469870323478537478879164775526600445773454187885796803737441123254
27716683148381271590413285870087157042767383196142359091214490555354163574349, 27554784914686334296772857816630176816976733109149916290308870484528038790466
3666193158580767970429423532474013790405998986703998109048173460961513990187, 75728400000449900898446701258196202629911194802623003059522357506434698996540
51321634755214077222704644518276360105211012848189639733404562924697846029138, 76512879973061092861606377821861775054327293909920106953568728773298286652761
76187663253394082767974146770519956669314070993655894218112267193969999570088, 50497636371547215634035013551211465145628878329459053985271460121842225178122
58892725221182803426612862577279397197133546632760542722176449500236276548173, 72196674296299092297508315163802009668630827000415888311977676905464656789014
31689802271131442519640774876394833588666165032777013682335871096497514948664, 47080181522339835739049877896930228088413267517377463288877140813571692706984
27394909303181448492554712964338303716466049636974212397872805132382890267664, 11810548930988172887350460041889027841630329832732838374497816061820940463213
42078563395596864711984871787931304010081930941794093174692656850573935849148, 64261538267618075482203548742697257140866279083329123045135202015594858382351
35280395393622553083437114454114129760210623822290217092707883337089802364461, 10472987231084019805500711033096591149765539527141120777699277847449363603832
32277315851039225657651350362423922758545669525069309874535934291555448976687, 49758029687315055205578058392819650273023505355690118186466311593355946651309
758741089236287521025853011375418521024109163647651824368443145887470638974, 33400075326279821831361170060818550594619527292639894653786252617427628184951
5963840823333639420347748815851591217499650364327938701567093070487389557885, 19419302502923635150545944098736108829056785864459358804944292502311878875346
44062327010266661946610735676401570006270129644602938014385556541634982514965, 11209939349115532648358411927504060839491857020631325453183079593610132557251
18907019373068986124748256891657114039586299249408356225515180272101612149080, 63596735199792243795565185799200251838402517876056713368439465170609108804827
66363935944843921578919125402809914247552004791526627758963635353956415206578, 23080076024773575240533270353953159462818484173050307066348380673813027119905
20010855240964809683963177424404433827840678709718385247209764595753788350051, 10708397630478900513242992643841141015641189590424975522193182689334975436217
28764054491717869487208536276616560453338197830791996134522243293991199901362, 68584214952477627358906146533432725423214619001483583043185121491337758200397
35783594348319708441263909771075314128963714451885350280993020166108559917671, 45445929056983077457345870900359275392563597569147140572459253600037010929453
59075297841633544283956792436244550970705983185606407307061940839250242603751, 20897746799292231213829689516307357353815719309118688934868650796650772477633
7263081768693198161379764165908184841003163933750433162401233571206206568207, 62715790185257426145001960587309079338474878529105912323474800339710391224872
42200738967008765540030281371412264182420254943772186150384513674642445822029, 43624847977812044588339920837388589478023483252284485558738628263091278586791
61919583678050508868735241615728340810905182772056867862594715723299793820237, 40400546557287564902967222792588872783804241438895844196090112899614771145367
60347746599373270879418803584792730440197478057466628574728478707455528480497, 10769227482090994564052310795245728680043540482953239710779042504724325561014
1827546763827997430278253961160558009963270571412383433501062539143361650479, 11739621084143987137879188195299641473416623425249816526029835159237581328799
37799325963049963344632338334367325598308871088050474609452404164791434917090, 57184420057301434781229332535543397798654368154112065074671098924015836615311
24685939278981373904411328861506773869201766552622722376266064711251759391412, 58793616434749842740439887399589698688701320496711389449913132563131386964689
33344286242990598249897584466472155978390851775556833926728168271314356549579, 43668530777427980771207229293017795692179982430123188228470796494588841848213
2193206818694234966912174194711674503316346317639830572921544329804668515272, 34563279501834149859912217566866533252652384700360081478848411863809766793016
3599845289411695731363641648710769696362250055666113374652336129656968764077, 47811786514112730025320559714394501596120420787986149917715702483117094390747
62225900073059649471911466278716364569165837480218116860143247966726012439454, 47986608335496706061551462073375770020752846835584553591785338950151769464739
53054946876393835847245864629566406423387863742892544142474836953460303248255, 53304373827063057797820894956720408306326277776688780548426872802383364339076
75630310653102457369723376922708432104875774338029540126764633638915488562814, 30831051430420079959755585434205136363690504378297875039619088505788621453926
40713858906388353140462692053992285050336109939438034525777908098908280953989, 73267637092684965909798678616416802898694601059347144302144695848662765617377
8396613221858105024256296791978782921371318777645466423654933873991057745435, 43576519921383635885121889876646010150607337110390042112068349538353050853297
72527625020994238722974390816532227977858938575366590789013254570023337597740, 69166923997454061502899667242364032509347165045465309299949915664980222794491
72022478212702133532994703171303687488709016356335540008658876203604193989359, 74969761451325751842718080071555219786290804491949956457602534198965573578340
65143241559367829009712025797728729857842619926412442088625297302879777435461, 26033454901181238040631096932619819875304985615947383921153856469991653349642
20026882489068448009106585757567589340241130734127610002339804985736783155130, 54902923079920729557561076392618484628937463789977643695915311886563359204017
63081696415776451860094076744435877440051309893494610204212964770089994897383, 2747135837394845957403192667833789410422178503556765360388751450925837889818
74334533620238808864492095988456845657335611285466183179320689146356560954167, 30059652796199874858290343438315693982509843820215777036967649210242696708779
26468727029577360242885128354983268085216899586181648875923013535167427789962, 17630500601358688862589449605719926067309328034318959332911106696459769254734
8643648115590607720474163698306835889417742612770646156581847715107975747747, 58317901664561987223967184010087235486838918284380310756672165647912981454811
34370133061029999284144100243753955687550393203504302140008377147893262585633, 20132009717471241466841715880563775504159924801319607716737070044284684458694
14814388052212143400422071612059587106537801583300712824008305462954420383849, 22404134036626880375001255694783549676008563006394701851726826452682852788818
2509916542068411956352025550276767777584782858124099093275506779752535533601, 61762355811117918463858746367334643710093536844262340462419763582387454185474
11272013622469082598509854019907471293493651260266382015882126164768091090024, 55485754591284892360496192383172245333545040252277277495305110474908217663302
4843966324619881766239048918295330614957171356056706090735733553292267156166, 65647054717200430768713203353405313874598091943426213591529383839727365686426
67128180348541824489388771825248499713575272626244013409628350537448967589644, 51233272013806269385532001612929229692388003491221696001997588789403982554889
74393160469513143425144960036531866700172215923129289091441956026907428379665, 3219174035066379091089086203795701318423440562758993426518180888471625066394
63528535707554433056429364599648646884357007738297631171919088131088000171024, 45178782739806952861555407322913232873989767875948120817517426187200643008584
16532098121922999422159179637366802287382612632466160103926341148218726273361, 66760047634431213818685490735126419344715912459916656553842908357726459774573
48596203231510480473903652502126784534396954117052108853778885026032801264963, 21489059198225448462602327015946248729116725173315256118326608864498673370278
42040225663458561671136504391611481167628084288288052141439563833572236929612, 47717459876873682068506281401496194498001117416946809709772708055181266333211
8940310598105270076455959254790350146653007956536403344666592219653602878516, 570778862484668896869774648828709074050588136632323892142268013270550874333
38775021764451897494720304696155211996675422966973791782054436366760057236935, 13032611134915945310725295303738320099454843107736796894025773458756615655092
16964183821092149427510650540754657564828173003705418035205240554507786815137, 74578621926753785811112736753555335086751222341287358003099164605837868509813
6623476445241026336764635769403827327303692535071947739549518773852349092121, 11574106145026643238691074227713353445985204362856761673115751199306675116611
43113637729762112567306456329457226031317020445606125395583956693976727015891, 43244569730155116424932339915173211430712855662036860201944052930019831377822
71242408124772509346706875296702646744245988882468043268557970556905775699451, 46681471307543398953842290252170590577635980621541797491106433945847242548384
57110424745960654491639397662019475576771116464431668172060906186967923391734, 20218675015039209749589585626579618180511143028005851065055674929505426981423
61735106205392200411252078536792415194104443386795606979102911319181828154147, 2827792952817544204746742439228353514882088685342903024375012355388315671031
22097348623126484505739665851423992349777884475431223899545046354591601445204, 71583116707747814780281708970705755169175302602011413024684170404627798867269
20052579875912445527512545562462689938682407147256243846603168340008865291512, 16119016662352488808695371128741502075313222213449339823419455157876832460334
31114531177969757995861244813935889431800729156167359209398630635275700982346, 73046797130305386366999806912707211884007726750450201581522458150248657503397
23149759656443085162148004549479436946993282111200546201623927982299533568548, 9926185964571714296718652811007308510420633984931247300495606930693987502690
66655689587103897275848637966627355762705699063141846717768824527107672213520, 63591818657832322222927298425380029037847437325652631553321586689695254675583
15338556419544464885143906055543693969709708537739153937512706768391697341794, 15829333818393622837107590235876953705099461316773390417019235316562652099958
61567312944164715970989785512996614730405004482872281972217983399146049881077, 30867907375687107720896018962877471363514432543410226247433333630615443647393
66142347686311425266386305128766650436065877617502554722514266479198192880040, 8730077165431642909151720852047834284232201617121681173720074472575576541175
71985405663272067219529502620494746028596794452416156118155945009829313460312, 13092663564066898063326258447558460474807999424503669332416120556082775972821
48003111141810898520673088180266047710486930015398871159225276228031026387408, 12303204169515192117470313843637983048175926794042388319490859451411106379691
24060679610094397845907309175600573158605204958199731581566292740227471520601, 68629086812398098894717862517343809977931861331910662081164157628367375881777
61018012901916077727843723210645152437852539753078243261527148055526409682901, 4588744762211063915829720101481873356745471780525653103756625456513953249243
18286328007453239963179196585830120476265520711292741283499082192555696634846, 18817348783839856137629819015317524632529113823810081030686027144551424857849
29591458389176393881302269355440452558746336983883447757259785098164044745638, 52949273696248692360246915445475008661600627324268473561348459091368178647351
19609015542571413627498257015528543821110825737152848877346867479346878233020, 33449928328361290094148742706946428405733848578010605631168545150136401516485
58674464104147990831799410287173387409675942489507314636452629830703024480474, 70895996357145688976244526980396588065816529307839927229545705056995775804114
57517354021561199191688514198930360669848061527195439951034063812704835663115, 41377897804281843882184050897625652888052323693864597444290827415738000754474
18367271110317166484374858385876246489030598815594231554478102474300107269781, 76612202456701038645252369406354262754700662503815414499633520950400033577192
52087239929976651265962871955749915361888535496650411110620539966822649700907, 16579296812983190506662704022616053818575689313035554598568565289766329204196
32966286559851829533675035594022205404271602179408749254940970474508784416677, 2514673585942539185230337890287470482681103319506174750766928781559378254268
64969083659298860666772890028329033550746403073343557632942713853457238855958, 40894240403652835573142384021928492453728822886048996448116183575574229558851
44987891694382622687311724637239443470527192226557611403743440403354489977218, 14520571562051091203005243342082449983755720610214114720066278445451288903937
19688735176848191111219271213811381276537314041604418806633550379959041582146, 51321479279801590531401589437759336895098807496147564169829953380780565182027
17141873455096044527461296500079013392856816731985419075711374132378125995359, 54111176957653966674352622491623761625938716850023227247696221124496488436763
57954721003608363054786338090271305068785193171369709239302432340293421479828, 48569116620841131422014140753698091718091477157380528889746724990535607346019
30059015799395621289167496487625976099525380617822974121975307625902508861603, 46138886622586105409335832927952830631305537890685644441639308335887565566755
20949195559343691762899713040966288884952228273294338164442059311970868266173, 46512053716125302780739528237049788617315995436695549995450733767341625107962
16337636755858017688458693073506580984607584454987230092514148771727686722162, 38406526883746549037899979516677808409990295383025302518826881069161120529404
7108565410785980544981477696334811050965750483005962115520482424947773197487, 35347978924150499719381608540155234746839075644807646090727163751284758000561
34403457093501566210263734065508706450940940535723915523065916254689049347282, 64580732905819748071075786369972948755320477662877789255604670251208150734324
13539751159377464252804705870746979736731761519293389660674727312527134938217, 44498462829067995692159184910487803517444708177834725590347087651432410008069
47135982922574327082464725193977161589113988263288742954911411613081389831893, 31594316271329695755089079041956693736528467188162555521644323226148020210463
59607518523841524593059401006178146240140241600331252360911820680999195665091, 51929528163496308412495221501936506471044314336067200478079694404975891448527
37985868436195819455809095713615442275439723733230324555106310812375385221973, 31878942811037443456170539250561988185362605329850810808745877026907468330186
7071069850208921096625946838834360136236809158624335376483085019744109561942, 68119507343529165893341550507954812483980802472623247184718199499704282065764
13260783103102528761995932680014035658009890842766036317809290647241965338082, 54559713808334763560628804527129018438849366053051832532319857321591478777247
27335302246505585564669099661451166461099121021659379340607315889050946253010, 17789958365843084564889805009148009254492997119000911479640662321124595926196
56917736075247618665095712721418536617818550255788507347821306163153613100531, 15764829084513667754981702479876854228554208769102564858393378165081203665274
54715721469761751461714752272693651544414957979426987591709768690312313844340, 71742363957545837470877320008877290370295224907008581219615259131586281559468
42466489842430816537163521642300553398598441846866415676213714458740738898997, 11258019991493729710885374621800052160978361245366476810489411097167687608716
51730854433730424869295012518867612460073581272566215627366380705216379782579, 11289998106673190321921750596695263426588983527345293218861047384340335001421
44873594423181999131106274486244718488653660977140468979605515928157859701647, 29261528002893611924979207925164534051689775311691857879599337414071747592643
27828057895459815759401591657436897984612126793706822936728029829435864138629, 532087787387446884530595957249543043168051389060398438114223928935555408047
36834017136989410567985131311211469712821051407414985366206280672830532229706, 4873942982626312049373959293190142016177921511669036304252685115356530679532
3073918509763707031096274755277774496880662205314121242419105274995203541116, 61758168948950337636031245666864485826227804541127793951494498638085105278578
46186679593546567255703611638955540508643613959433937645751993397332820710236, 41996671373076231847862109163997508141139670326057325735991085726644932240298
30165104422084826193994610839650163604312442469347348841632713238856883466008, 68689186105391379097156833754161099350622683771275415524281806388191923405187
49548791205816372394120942413039582751254843387109831300166911315267053438546, 30700597394662967518811949756330554029967863606321328212454656923031798796668
2362303038968263402017419290018577355743238204324823991807100411207497329839, 50407549043432113693996791446649809693854013237208232599383150832222355790170
16622624358731556340357082123812936593837943727174791922053671444721372572912, 57081492536206225127104791153362643249604827978413990076251616828605866613448
59689826089800264126349834621654342131273714364757067849951042397913713891619, 26592356356654273901506237582021301530933327697418750147800928429660193025497
22576028513095342167430624536694055172297610071047330289705648562170487504576, 52425469494897096284139820573919275380321752877072316505813605259380000252594
76375527358460026276904655905266259456082792585694065155669309157586139069959, 28375558062353052435767260971653194460158370534405827816390684110911121299926
67022311650360699889758080239734192391216181089232825386227320143175033611396, 20928880481128736848471645114145499082404415272982110584574640583018452982823
27984355105359036692428255951971695319658756562497292669832526581681340420686, 63120823280518059388698350893970508763523370585297846098426235794206474896175
7903079718391285236472691134890132910243934916074573542524320290310681137258, 74496353111761154520498443032419286204356863568021061897396424043352356614680
25913005272055581391479798148013615821923545492022829679825948729627395143358, 74638277657098192272486406705337061255674810459105993524238261012956403464434
9010471627666711953222041898482925258417960834940382719370141764430278664060, 65512994590642285204012008665853626977906885493762144595860501822624867855126
26005460768581338777509032647683212160241505629337292521947047069858273557543, 53767921799125789707669634042265097371143837287533375597032871025164415900673
63404829003850786195196252989226382807977931568351931807900445678910295725900, 61319524881988125384091410693225641659889941461338115757292349579272506852799
39959942069595252481633924516090674536082913269660573580883014682008154236144, 73589183190727079743717427341428494264044342042515564863252182282900068745009
15402537208146344711104527095036496367488368161300834423991304324880711298539, 38554276353390246838498731078243435277705732614445258733813306669147965734935
7531360558397978253013921301351475347467873381995322288391837882978179825821, 1485398146321069517214212381726754983299898469652712744062630044378474869239
4153975176549381231994068156746590727842170279865972322478288346795350924389, 11706180630417393773705562632227253471115987715468548101883097058137274869801
38697416186788281437385369147385875445048260163660915726923805626186710818902, 21611643951958878012682703685445903853815661800959356040680774036267374509079
44442990794145414078625662802857928960465344293717828637972412216762639625460, 61599998874843964293158007684666548348558361141783650705961003591140163657397
68872145604044715414941306869357533020516373574043409738510257667187124182767, 26051518494221397379233570474041426929657825983776143263379786404810119064244
60088591852882396560336231871875826079558196247605504514320972959405749336650, 7672610195237783681523821775358201015291627286495843244430513893544674165236
16305368483372520790053834211654157155942279855452933761413918460350606359407, 66655850849893481840922914829363247229922813694729598346759129388402461485698
6732414538383541643621977332179425687207439480635634487555808548695049273846, 38461053977558830994356346607937738414709618087225675781079300878528122054914
2813975446360700170976337719936858172061722995844349575321029278131508927425, 8988304709200104569923918400429259196429446154199133950573601109303844181837
3366430235943336584471254974979828386708972145483711327479676089402618563878, 9537850551457839012390933426086701018924479176720339352544105053350202416088
23553656441074014943250748413615061587968697748199154403770100799476392932823, 47302481044766451960897096304380897651700039331590219129373759289203342797981
21986431182104702636800494826354998998361488856724417862594491846808394363022, 12319160147518401935231732918444143015708931884833990554570620078130002131587
18989876896427583616048770241736615358211568550123802576000467261156253043639, 52696779290622401844840199672270350683753449623612577374530405127575590950486
64445505126111520220799376771681494496456086407633917227613681435993361310693, 72765917471914243229375686725771383347750911807033190400249455904351239473360
57350252870845856139592306402123866636383298653627960576561585013952896231326, 244415927111319280233682734555394123588814234209104887987483364263763420711
14278313039467320202480656343727208740585510261394729410485340556266209251874, 463829846477304162835794265204466932063072689656290077666760935057228477376
69233076173898512818905828307556426743428196973805242671146436887011691943360, 21422992241582536465614674041592048909248481727579193992671538300551665704743
10404074401206095559233292955182637475699389618733892648957776534349502379059, 19264265004389249072228090048476205869257372735317000961664218749260124898262
66094870743064475440502028142071069906843535121880134466843607059693435771832, 64085459573310775765113416798610258973315580682237925654732899235184457369392
53112839601567484483370605415835486309168771335165687622766923146467560058019, 74258642179135673924270368235382039363110375305298670525388595494601844544245
59841245992528435625016641743456783130230933862797586588899076591906275980738, 65470886815349869115564717449787247252441499460725968709241295078824414542737
17517354388036850733205593195117590852011855704956711546686205047756553798024, 67834659220536134399001165144057175856820570632680032696778104758887367782372
57384815454444786751408048140090264193348278083671910246204423309450675765966, 46370393761862166844021350177296398540466125193375885832846280603210404398606
25491956428048893126232633499648403755972057358588122510452056432601204780079, 7805398808028021920222298375141724482186149614136871127170881638388096511727
40666259804632018538806121691847886282170869459565008254149590360497455096511, 39367426996268332297250776536451216361880486250830680204771603575346323834954
17262172750121512935225508896437214377693914918221220117791286398833426032511, 76033410904108708630849022368978475907220675348221827313862525983215010855157
25285615054709652745410373367648279872505621004434234010981434323679303516957, 76640408324047572413623655674780603747996390494028544133249718648986972931831
21623053089367619674839782061116924748811100649451070608678254034303770954941, 69006532900447024961583029835020120706394799625239156572363200401190569623535
41532235807643639524213302485335224574811720197872958319299507713155906455819, 16032581499811847244038139159592252563104568376749852866467168614739311967019
58164963419173971832826023443552137722307725701888431407164034667547469597605, 60140817243482208794078556714415223081600595631890837997860561640232786114679
29930321722617471821255774937113390453209559649691507637201588252493280690374, 26333404123964802149898001292273223346178046854958018399415899957335262111376
48879729338109829039859403579556503315596063946619810650135364657369950173146, 25560088361958965857814209472949045699547002424833292301908446640774919069307
37840918638939406967403878965085946055003618216496043460398453944856092628122, 20849944029816330430080864281246627093094923812503845217501799819487233180567
24401838025369450362044148281875772935416270738985105359383962187604240489410, 14384152180562472508938972645791589160627982691168817401673982652107137311064
50493876346944897121179409494415388857536638155467981933677532573545395178524, 57892604758215159126856246669533114606652951086556210206537144279740296264889
26662673166332251855412949244445054457924056011158336714692658918906874668787, 39664692225341915730173771068329700798315589863705464744934999956609762531189
20288883778289511130703656344912360961874837959294706377997439084675501154559, 70263124173950867328609183790421356547087114089898442909875114585966955903642
14564006363930372007798263701567595125368560794055192287894488547882585140717, 70481921814724109065770558714657641841986958710834034366152464692803992966885
57712911981712797262961763009962903682937957401279189528212040560052508941781, 23315836983810415282869405962104285686329725103654390230429378782296761210800
36308288257314228419285705159777929047426892488302090831455972219860015791911, 75267330614326031481364223925515753521556084698236821129502524778510646217010
76401363073006426223728836502199855492595701360800911871190429969104485425544, 14503827637553726044386330674936983191818936504723264105680589065290487743298
67636738160865224771778240015277328795516165770630774212722465354382561100763, 64627547440883464185992560172013129249835009405781716065545162869645448728586
23056885089723848037317786793591800350669445250362800679948123580694605862625, 26954979488443624102019536621017217392911815099716354908450917521973412809243
53827845844381760589755494273447378023273030388780304618691483285167201932443, 50293565292100817780037410887406279293485369822422751331854515056656114182398
68695343164455369979869753672744529617451091445342406403955220465068417689063, 68265257691436657805123323516944928514430328229361717184064515104094888077872
17487301227291760003353375138320827149865570756846263108832008158482301889640, 37062808286861006987180241593982481110635461462504921646780490418309179498104
72736487734465455847876159410858651219390931440039704592519559095432911245242, 66052673115400618552679267418948695590342374774881582217781866219336639555801
68681842812497675237168475846744648387814568723320504495056790587363418132791, 14669516570089542803423699067956978577664079692499814208266783288300264754879
61057310718607503094421808885984345085734994280069781580554676433960950237291, 70700233193394657319186012962228840339834268062179903891178249212677901022499
57484090071426106817031448555864224922400447143572677023621926730822534659142, 37489095328717947663907432856872938362652787555683445797709986812277667647796
59928380099983163071680350799177596307976887093421357804141902448754329650478, 38081050245493303544056416173037132945611820068801427927071001458371867837998
16044838604606953585333900090973902027680439059364315338776058177314637233376, 38392865509694731278211826587500807794196082846609063539381272334471629301786
3570938917875735752243471981942924954815774079527554831993223060203454186754, 21013597775898744459961422208790147090651907149058841696438155760245602109597
28938974084983312510022915002366061514609993482179549467259685117300512282528, 35373775928563598223820228712825309021358333540948426684448307873787206930492
20287801418270231276551285809318703933652275309951541469214358884834581199023, 13622427147687839330490842478614910356887352602880379056080639875364930896978
59746464005685914294801605429130010596751336370656834735540524724486468950380, 1842728205550815951589637815700353791891696134557473863894797566527482164475
59384693961126452954275905312727072873010655087009298539795452691169292560088, 34685893178263621014145202481972188339487136113184969850093885760460720109854
67783559191912678840842796449661796817553623200659740875530909146561649485473, 26012951728723217608652425480880236667552284831312502551706701042624315144603
20296452859291427410054655941723915363195616552255286889314606097183712095866, 49343170666676849898178864274736529446095189482952512561839565532008811777871
3210775522815288718749640887134444063791292042220138802979047297515792518538, 23786064076761116600464949244326915493446319690933891552327188189537236538428
23686207765359137822751754810589041376585805304156694775144714641984513297821, 51178380778343797181527194662700679793955019762751375989387568317494411633420
58279177691814559790466770416022796828117459900765942778820220814949346305032, 55336792623313642659515700771092816923541241841514077604990501458298350920330
62517916647125911667738006227607853234234037570617551129453097367675532118202, 53040952508613386949088911460992249001835869356336107992549667050011996303187
62938892908610858054439216278216121677195886554068487905023691220349459339773, 10427734220029917785704586919770959896457891381775261315869371857008092262500
34686634662310414463735958918791860799186206259652602914754765130377371581169, 57689264477555665879036538863598982432164974858822559590484411180695245327953
7179100652157101189458501371364389194198551036511725082157971806262911508502, 31521244742228100280310456800760791386546298567867449345073145721443869096318
15236087680904686884671960198100942272257540390967715118859746422455845632497, 67876436418367402675330541068330259448179897634386634239661770228777533696023
18292254927965067942568419159605629168991482430812931121231036342137005811464, 30436715816061520807112861239532168343400179981000423875422230600616940192574
56544574779378983450493756741378277681449524272756370480856368802298739748358, 39782960699948717119002495035810641533913948060555741315830910671559487081406
53769706483776878550064121060041503436341378522764555208325226514944935409757, 74935148192986329009106136211324858746446746582115683116106908469795771445961
46248110428414051996390761652019929954588756047030020431419773559183902850428, 66422265061639230646892133586793946237127661217812455116347559374518420306712
8247297609002272898132596943192468796019848813544707349279560287925591067272, 45836273018620386773017531754252155025462129618181329091097071407885134536041
27627327665373197749815065686749686311329259166666367842178128066644141656762, 52997616806604467292816271450315636263135471102261991959978213607683710784406
13051845658339166631675137223904477579396983087853840209787010317738233542447, 22995648565167611790969198052330052977338426413454413879952918985519318185439
57694026043487865892054289792401414704239630775985880872793527027757728728366, 36374487665298421651147626489424021805968188834685702080192944204508990955926
74377311777393338471726083681463186469002615511404887141895179806991153666682, 63853417541576816890497132609112203216648878714926544768061631889888415537676
55234971110432616805825096032935659631378805098339452020733218383713349740243, 35626569756838340499608749744913319922833675394490800418028020585672609420368
37252516277048996415527066926591028109748548820924394059146398029075988569498, 28358529142573863229131079524315860834786160310999235737962569060591809832651
29919477941802847435958479058892302303219216551673682453132393760092263361454, 74650274192697233318194310254336872252936854415372563017054503007695702637903
32388807870437156806442858377318196398309472325906243183088482610350967553184, 71403499881955040398342755781371560072241226670748577397557414765985737891383
51625264314726813737883767444687439497599413765937596350784024758057484904995, 40769304825467984677607683546338319771298969655691429291853378811004151676808
28252352613940273678136095433513689019236657332886358615412227536425390977114, 19863411631965606863290211028757187254161302946762029952018039407353404369340
50906825328174513321134381970419954419207109063478977024791263137036212487334, 26217654740709339383589261524670988264852410903435186152126152662335258360113
65614333159930710668845143104732348668665761223315085645582074650615916156523, 4571576034454798578808263355462777245050896945042659031741460784348009455944
13571926415558189766294012081109162768582305356396652096314664660260675243278, 50237222991720125938859164051440207010907574293111982513522044392672604902294
31441638436888485653142380773735908761262986006741936221976897503750515958609, 55634420965518943729218826093428886367721807354694000637533974448331103407539
31784687409317465505018807834110552738040715683561643140666956136745889616071, 15996775932501865432831110081985967858666535928325354764683937551629925884289
6315791718411709324039366646819142908180963561720600441748866937331636178730, 54677433097445874943340406528587683326874467517864769111625104477545236440837
70702267279976886894883557120219086474770219716479939360419547933105801930764, 32679363215016125450214404940195497984354316565878616382184301820084243685233
14706149636895473982745193528010551527937530998665026341964870963122992818965, 30068621449016960683372766483033296112651118895441707093164779826186101266666
70877770297688730973901194194833339071428312606559210803651112825801821858581, 36001669262545254356611582050948369766146630180878434862087530687960570315861
48437474207957934145875872718091095686985213324609280234684136556413046347857, 14626099911931853997307983274808234657347193372071408004717812301189941215853
67928002708560096321695391862890572619049239069227151461785662156159828862344, 1389683457308972074789888225354039420888335073002896899088154216513294602926
75664366405641328922937117280209453640197507430211220507025931989200568699461, 57972396097038807190551089616804572394291556125441769563875122823359948437946
11129745240576853524361752007206266357910687087878917529668697629765707317783, 6889699216788901439966257613469097932128758555365584249258583492265956335994
55909941939888505209997738207767006662235846831497533562915284966974154424207, 52579599518944023027455508069229937747098344384199206025937196665450478160641
23147398177751906833235282242898614392959405913880229837498761582023418675025, 46022739580237512303406299460415684704406848465987074949178318203438885018719
42020599335083559433608572128321370546049565756804766440957437901391021931309, 21345266471005137368487696707419381002930285210469831821652435187592660238461
5188514211622016123340956268558592209122711621564912189032375850196728405149, 74266073440640265064361577286000041363938821205584469352118538546138808160582
6250479324853977207089087594044671112988651228586514876320157963141678955404, 13697238154320539258894311042770374972584433741146232511367712763224297669130
51980001076674695850824912173717887782282551990188602520521563224269167663016, 3297928779983022966434149308481725942206948364113999720186452443252599955860
75503097955943422532576857611445177046866433845839615079952281718463554434261, 33628168211205864531919061132736917267696692105376113594206306402266941282792
68218057090871232533554945881881762518359875433774375047208611447705524134673, 49130258323124793090926047418492792772850425130254129262106662702704425813761
66704935006476382131072276339626519179495179609659433443525337950327794195383, 71352475459278751159924665693498837540955652493536639418935383110909231196176
62381184407688201285996936624520218928157959796106444714345427299003179513066, 21219069068213137169123505037589784222585805805634024982595535389305152943645
58778443072247666180183581580881895214020222320697850988786215625654565822151, 27107101694213389583823195516328296777965593006366006805430775455249310395315
59584607448794348993708001588974019979278663207113865170530816658069234946670, 9141611450203588586640481525548460641185927865272568932116358146572271244869
70511503456225028980896805213730101451821621258863218524769989497010148390059, 1051609771865912935861399751959534622234338651491226565780448301641454869846
47792229056351121211467980428954678443550402193482897593310353157902859049964, 64937864394130782536836986977395028103381923344638665745058794102987878820864
16499514464537236409083030879082430969586465881614561291612336861017311165713, 37024173508680203661045638639876153193709269821233358725733262383460255455447
73550914602093527454951884271804986818775406194428612513394742219789277581, 52318253748979233410949014496237855146141447680841722773029322227960817517403
18104279366995951978920458027728976064188026285159555998570067362726945964842, 2195811392647665751893694436485240469734022043665741945880715475694098825913
57735692760544896425080733076574964900914314182780415448529581798217673265357, 11240946323784174067945917321037308633784979537538090405659524270180048932691
30553830238919125229460786877441884101280506804987474061376268017098150877452, 27087984218801018262226210454969895340198099642528647967322901223258093287819
27546328998779598374013906868240709774525666470009544053965521061097183267853, 30535516150256343528046189689336188171682733402769859114781443269027332476019
33281418714218096316268941036833032139230489827005072245604555104822152105643, 54288858180757158663183627117583488099526465250769487835746925335909566833066
57069607023225835562826727584283554625127195594880539678929755872561597332104, 57642629611503947320275595269337330422232402643427251654633394395802292585932
21920508480306236960667619206669304514141793955571719451733320154486621642710, 37680361149424535918994244511954907353169350226996299134831899690275868903565
20508870644221084040546518068883105718948556663688783285284572388365646059010, 47739772565485920247875916058174273833747039164083855111625506613047729304608
32749172723358774900390511605395722180981143905990262781430993942872479481336, 44019038150397991501213584170414613627730324985053648197222863194511342266462
65088790229336214261886444746547609475034843952298908334610043535792961198135, 34201062900402598137795654387731100462899040921939807735226484312299780291054
6765690574653504683952728074564781216622661855741467346675740987687441938501, 48526135735937589900561096719797220563926825527995921849678002728174451531489
15550734769261527101256461477263533159608102607685936619593695913883021091557, 26516871391132283300927189613593837473047271385094410626154049040821079681298
70312372957842831946642736942013462046050801866189227966887337220165294438668, 56647835124754586189882802476949207729381237010589054922331410305032502510506
11271170004535546173131654193919405416738359729558755612304658242030345675431, 45024902343709974767516649967732753772019997539869991572618021563650065698616
73494464130323170572400276065766484343537020332641773912562527882463385886444, 58888372964050097054402703052510665721141657005605339692641578625534445357672
37922433204316833747915614841738284401185856586496414667867557358768353065371, 30821908791112157753140585261269136504313101616272987623880931986936767861085
21532177604080531548028526445181765595472281737749364426582177676161946456458, 36327726094098452169467644162170720213889916887845289100466553920871260495781
25569682434629704806244999179720030778531227942687755296232440475148674858525, 21947970550806762905360641552855930448373002190988108168590362737724202837056
13395289450129293753256672183857332787498939719239604087370807745845453339289, 1302911093158581055992108632958005255893478711633827383535221709845049963207
65349752897336735418572370372348042363502191802851770998658937042173048983291, 13901362623868847435985874555875114842506344508710003220682553335610613709556
27020732170115270968053672677294756754955959519872951793207695350203532655616, 47928036540816222076564924059102856289434944804580108246271213586037273195697
50588418793731664667154845085496414685142974784283497236309854424944577205289, 19433907013347455632025322594784814644268893198691183549131231832535111319842
16144633736410227386794388688087216886642933149204966122016119506893717521658, 24648889537035167566363406999441573046227627215761152744395428644206744970226
29701797721777218755040844180993624987829820195467459466630290279117452431462, 359105747028984047415093666239356616886054719215668188563523452076459730005
30623384887782457415595016748273724479466267523581857020392104797601023904353, 76216464422643631145100219331850256568057192109584349293013109316398572919403
47054876717915804930766471291863652896450095212085112319580336327864993398007, 16553088505107173950801840866174427406905234773125810974644426828136347753057
38310422241723452758887637942830302504672048533247679269748442393679046978528, 37574932142875734126716250097779913113779238087237590911462187571787274499052
37949457958953373739658722221884755721704915318595297326416554346701668656224, 6251588116004511705813998714420522429352368094504893300721526735675803826496
66071743283862140079910853223716802741486739658426560502094554933373588174759, 65421045990894799163500836499080536668786656282491974134892498002870150931296
57247910667131229081560625776321643843864248701098112800797596020094337217223, 19238459703079586828986605397945085794751226368884969363123777945454529377412
15167782781212610898340359187740805608499786400850435493093137597114915278775, 59021993880715030846220172810929631758728824323298711158247924300962147324163
52618721727624406518947764594704979568378951628693997592560291092000875750294, 52429792732046165240664260561900417488703026366985113760345405816222528812010
67677693905336254730601365002243759204182529677531968713142686650405252793131, 45352819386132304970696021610655707368776802148932207223093700632565221281318
21131088074791491797029652330132755007675232053357177751667678471602662839570, 2057082095902174112795147752259837923496837426449394048205414696267776240583
7042029244554973372402192311070383133965019706487932969802252475702554042785, 30988335828482510272415024627590796110219910686708845791160262364575221634545
42178776536112277354017622175552078949200745544660313946548325573561293692943, 9781282519086930510417165371564259260937282372940286260671172471492468924110
54737162628775362593987392675407659645361767274021757203297363100220619676880, 75704231209985598646105782699202133634380365620407366888135428594621920677986
31256610133065833838084069432658977955819458824863624053587957494347714393812, 74407820042538066752413522044097246842835365766292272710460162593499796774705
28722834255073159576535799326174036889251397623887128828687609110130942044366, 26415703247605486582509690112209951936155153455552742764628189167258254738205
25600592327402290491297194711023680303299897146768752968156864897441385255941, 63129140734476875487621157722278091452236395464840936166544180271180955068461
29127866201080265493888604538694148978994420541137941425260345499952541678266, 2864962717269361174503264567541827035511582366494523841078840597748596552716
47786990431820073470888870036952536715773423377998790099293973424718773290529, 71593412971252820015690922581025336918509533347683885692606716524051722647638
59119294619786437520969248445974216396592594031439477935965553670142157369023, 34259659553367241183110403044106096521094759958875276926392220073730761959312
63432906421918661999310292205343145297012460372252685235201747357450818754512, 57556194372944753866679614146241353041764938489636526157193658219302383828029
26742227713250254970430399324981168278968270470461752891674878519211129367821, 6712542066847467605940633989374083054698844686610763380588301396755312365754
31311764109026804949065490642382555862453785225977789074907169957829590058708, 10873239384526390652078545158528059519439878377805850350354694834354515538587
18329391078667763683492390370911403736479329736239244948245643521532097615593, 1161399362727656727715069899585389399844348121275638377660224203505716004735
71385843712883627893351247443265772098682922645435478701721461517457011649761, 20619188806535301687119567999785539096975362431533496402402742917157754701124
46747034349605984185599630042505836475265476206306151529701594992590331441121, 57429997575893064079345731869505651736994395666030821861556977605792279630181
36116350181454636033740312571105864461342188949199850398439483747042012161859, 29160114159931984736059287554083487328715908179854721278503076112773093790004
5395664662952638169759519695381033400945183704654058031246840625647380377010, 36215351021444764634587452238158016998302617558324692658781408399737105949459
6386420124462125557142030573708618059742373578744424975289266662503782607256, 57259131767318716193589577540976498305304555415572930007387001860573083269352
53348153260636618654504152914009368557924034597875444640817447569202978926928, 23961210511133846041771483463730734850700234805872668990545338931583043723160
62364200795998723328100318168674760190471992939416017695853990952171823104130, 36436845187903958948774364852198229547284796912672673560967343833439098555086
76675117477501475619309321807692540350176359369788136203296786883068264851822, 17010468123164976309963042394404552530179543695025392074464347104377736632384
16177595833071653112780517927886099346928475546832029738467334744228399616464, 33192790270716756212370034453785844720401614069567667037466559270748067124613
21724297877072644184730142739031846660332841142560757093056160746879406626268, 11244779290778205858545285413894346527531176355061263694172760883402945355501
29647112448584745256291985399070666629794671440637766792229493918270627918016, 58811893667999327825840467448007429627972867676875715067106515070716387582390
5514552847858894432176490709685697382403097573354069786850505787749579980648, 17246500801905481654493375780164805545322768946431064911115833455448193282859
58886357920015163214005419651850873147116458040746196474375758003253996719449, 63312095067936772994144559891555795888077813123031333743890413231684554431006
6640178729743250825775379756720753346606601419310087836008330665987552727916, 58204339484720466984735139499088385731785276444809863992520947682580622844119
27229131333105510450478040317987460280366071750469419524194484652335880676348, 17880508067746862286314481614072696529823534736916623841753525907176821460372
62066415189639914116541950803691878316397679529456390074819419157057651057361, 7998624092155665153385205305029326557598773084285745780668128223783603746210
33597523897403347301489382413010537799303263163708169962188880969578801039225, 34918122252668676117402591824262071797353010531072956834416438997611470747662
75906995621317887626047380895147917366287376404381593343575115605883455632826, 69502479457702824217234100519653408425186212445822729051155513778044563889411
8384475576686584681381405440085238802727120105944772510855996625836760471776, 38076579034275156331779026315061352123509216561009497738915642868806334035693
7992233631253363438478932427162600319540419868706217195175448329360406952279, 70196627575590318238818575658575538143468916093217532308273144621080840495549
63776169582144197386184784194816600963267367825906643366734532394865100290940, 20287637307539845657050605386667974288187062013986558198377093806396246762921
41265627867209800159334201475736596633115093679155586164204574931427025686724, 50651530955089063802894118872221372473020326445600579531006414162394985424830
37725826734791443496511328844738601274545546981962558708807704178815914004740, 34114685275329739288027038665602082444420359620506005666893895430751085226766
31008243252714928595824372092343758159896547800985713417948194623553697527700, 72748913780779826006219725628733697454201376345002789306963659325942356182330
7805126563869480670767514588319128607997367755199235507105360926670877508462, 75671937598039534861538024739736321895767083071219021053125445661042280790669
49667133187038717533565372865024280011598901878453371387028701536575370897407, 2657976617738651016742489486241529778660573742147906204079428860426830620873
75774053100597574169370654837941598332028380230666223419122323618267750050898, 57267609707670771781578900435461209672645007903465950612439655135686739443749
14644633390890062433441953190341677977428648892284353470325944551767646272251, 37568222861311896495903734834920614205598070665903273506496150793146864927963
36165042452827683286134089771476292163982498810949517250161315443036987981755, 34647293678007026946466642154313786050682701249343611965417599573904655095777
19195923820889875563456072517447439870588020520903081955355972711111183804530, 11817455562765570963035419572318407264886780496380640754234949165596273064164
35473197126096081674636804214117253473155194567106124997486487179540128123251, 41584777457428583316030910933376063963508508680471101009293387970788272187110
35560101370875520537532498010027355716037267398317657044607230541163171742793, 61697815724957404011959037396282025584109533919203569851923071084645443888382
57511280883348140339265574771421134312023985613805543841951817731042324588534, 59181039666096291819892534061742754811263452357926933129520843703877825433060
9932148869519177133742062484871910735971247083356679199214254898332936327418, 50592690967437515808877952833445630183277993327820456018919333990716710055915
20904814200434948627776717636310993402215005007001086723845375464598960968808, 11246854352555521874787892656525303933680270009652502358415810177282715267823
24606000986847241653197862218308812776130534926029487047060254824917290985937, 38255365984840601744384583495519129767059525109250464445971292447146809138262
38120663024818386527435383230316022243099457253981078971697277173526897937338, 34233683112012252968790241562712507754875537141562941155005422052964297013401
14626302794323659287540531594801422498759679399603597993879031917267042263820, 50777847233139600361047559248281897441395858400732971625836363731533517816717
35652861888229897589987186280468191218248652209350244363334790165073495503407, 29263661003997335518163897936168727537884976895514614118208725130921262692366
75586484564850770225329134094328811560021139601245130412002395802512159848375, 7700709833019934407347507387458381690543645225769448783440475290350331969957
8016218212222074750834163490408144159596737961816152937644902919962115022493, 31207413303406769578015854988646404223937394985716239129152647940074561228130
75451324979997362401058586972793840453218821106868739590014149522518871212147, 45672672635436528596707240324680340066118668753907680257191704958200937075898
11239402976775105172078977554488398095488755350495838477519919394845640359327, 62879537404617692493609610103210210330607491674094190520285771085642225775463
64623334526377911020557239122661093170743300050764247320884427419346938614868, 15816699705151358508099720511868550997173671826777162703859275922611578179902
10815899508209540754103683130833352740291137788894164944425469471286313065732, 76234170026785856337785841480455096307290955318568716208987929966260326021648
72014570490498225729752799502865747537224130134293834820533313345408062680250, 29821487071439780557605927216381559571153797097445536665224014323379975336802
779629782202305226297602926030498612194708744037985217814342817162100419210, 49995447152706761292311220819497202804830087289445964326659889760718198879416
65732400178182703954073534555978137870158372675451032870014823951561331687456, 53862473369624104995200806577524304740989729663731564683798117509062503630900
